[178, 46, 64, 140, 183, 36, 29, 133, 180, 79, 19, 37, 107, 20, 45, 24, 8, 26, 175, 179, 73, 164, 59, 185, 88, 42, 184, 158, 49, 163, 162, 53, 172, 138, 54, 152, 23, 17, 161, 150, 199, 129, 43, 101, 91, 118, 35, 77, 154, 12, 186, 125, 62, 30, 194, 155, 47, 109, 41, 119, 124, 63, 13, 117, 181, 82, 5, 3, 86, 113, 167, 132, 198, 130, 156, 171, 70, 160, 0, 94, 31, 166, 135, 98, 157, 2, 52, 169, 38, 39, 116, 193, 25, 74, 126, 123, 187, 78, 112, 80]
[4, 196, 66, 197, 69, 148, 189, 110, 67, 188, 72, 84, 121, 92, 10, 141, 9, 122, 89, 173, 11, 97, 28, 7, 27, 128, 90, 96, 75, 58, 174, 106, 34, 60, 93, 177, 144, 65, 32, 14, 111, 127, 50, 120, 146, 81, 108, 1, 15, 105, 139, 182, 102, 76, 104, 44, 16, 191, 40, 147, 95, 136, 18, 134, 159, 143, 192, 103, 21, 22, 87, 170, 142, 176, 190, 153, 115, 51, 195, 56, 33, 6, 83, 57, 168, 114, 71, 145, 151, 165, 137, 85, 48, 68, 149, 100, 55, 99, 61, 131]
40375

[43, 129, 18, 199, 101, 147, 40, 191, 16, 12, 109, 81, 146, 32, 41, 119, 124, 13, 63, 181, 117, 184, 42, 88, 86, 59, 164, 73, 179, 175, 26, 70, 160, 11, 173, 31, 166, 174, 58, 135, 75, 98, 96, 90, 128, 27, 157, 10, 92, 121, 84, 188, 193, 66, 196, 4, 131, 61, 55, 80, 178, 46, 140, 64, 123, 126, 187, 78, 112, 99, 25, 67, 9, 141, 0, 89, 20, 107, 45, 8, 24, 168, 57, 83, 6, 185, 195, 115, 176, 142, 54, 103, 143, 76, 104, 17, 44, 35, 91, 118]
[51, 163, 49, 158, 105, 139, 182, 102, 15, 1, 108, 82, 113, 167, 132, 65, 3, 5, 14, 111, 127, 120, 155, 50, 194, 47, 30, 62, 125, 186, 154, 77, 95, 136, 150, 134, 161, 23, 152, 159, 192, 22, 21, 170, 87, 172, 138, 190, 153, 162, 53, 114, 71, 36, 183, 79, 29, 74, 100, 149, 68, 133, 180, 19, 37, 151, 145, 33, 56, 93, 177, 144, 198, 130, 156, 171, 34, 60, 106, 97, 94, 28, 7, 2, 72, 52, 169, 148, 69, 197, 38, 39, 116, 189, 110, 122, 165, 85, 48, 137]
40554

[86, 113, 167, 132, 3, 5, 82, 181, 13, 124, 119, 81, 120, 155, 47, 109, 41, 108, 1, 16, 191, 40, 147, 43, 101, 91, 199, 129, 134, 136, 161, 17, 23, 159, 143, 192, 21, 22, 87, 170, 142, 103, 54, 152, 104, 76, 102, 182, 139, 105, 158, 49, 163, 115, 162, 53, 114, 140, 64, 123, 79, 19, 37, 85, 48, 133, 180, 29, 74, 61, 131, 4, 197, 69, 148, 52, 84, 7, 98, 28, 135, 166, 174, 106, 11, 160, 70, 34, 171, 156, 130, 198, 144, 65, 56, 33, 168, 6, 83, 57]
[137, 165, 107, 151, 145, 71, 36, 183, 126, 100, 149, 68, 25, 99, 55, 80, 178, 112, 78, 187, 46, 172, 138, 190, 153, 176, 15, 44, 95, 18, 150, 118, 35, 77, 154, 12, 186, 125, 62, 30, 194, 50, 127, 146, 111, 14, 32, 63, 117, 184, 88, 42, 51, 195, 185, 59, 164, 73, 177, 93, 179, 175, 60, 26, 8, 24, 45, 173, 97, 31, 58, 75, 96, 90, 128, 27, 157, 2, 10, 92, 121, 72, 169, 38, 66, 196, 193, 39, 116, 189, 188, 110, 67, 9, 122, 141, 94, 0, 89, 20]
39234

[63, 5, 3, 82, 181, 184, 42, 88, 59, 185, 195, 83, 6, 33, 56, 164, 73, 93, 179, 175, 60, 34, 171, 106, 174, 166, 58, 135, 75, 7, 98, 96, 90, 128, 27, 157, 2, 137, 85, 48, 67, 188, 52, 169, 189, 116, 39, 38, 148, 69, 197, 66, 196, 4, 68, 74, 29, 79, 126, 123, 187, 78, 112, 80, 178, 46, 140, 183, 36, 71, 114, 176, 142, 87, 22, 21, 103, 54, 76, 104, 152, 23, 17, 44, 95, 136, 118, 35, 16, 191, 77, 62, 30, 47, 120, 109, 41, 119, 13, 124]
[113, 167, 144, 65, 132, 86, 117, 105, 139, 182, 102, 158, 49, 163, 115, 51, 57, 168, 145, 37, 19, 180, 133, 165, 151, 107, 20, 89, 45, 24, 8, 26, 177, 198, 130, 156, 70, 160, 11, 173, 0, 94, 97, 31, 28, 10, 92, 121, 84, 72, 141, 122, 9, 110, 193, 131, 61, 55, 99, 25, 149, 100, 64, 172, 138, 190, 53, 162, 153, 170, 192, 143, 159, 161, 134, 18, 150, 91, 199, 129, 43, 101, 147, 40, 186, 125, 12, 154, 15, 1, 108, 194, 155, 50, 127, 111, 14, 146, 81, 32]
40662

[2, 10, 92, 157, 27, 128, 90, 96, 75, 98, 7, 28, 31, 106, 11, 70, 26, 60, 34, 171, 156, 175, 179, 56, 33, 45, 145, 122, 141, 84, 121, 72, 52, 169, 148, 69, 197, 38, 39, 116, 193, 66, 196, 4, 131, 61, 55, 99, 25, 68, 149, 19, 79, 126, 123, 64, 46, 172, 142, 163, 49, 158, 102, 76, 15, 41, 108, 1, 154, 104, 17, 44, 95, 136, 150, 18, 199, 101, 147, 40, 191, 16, 186, 125, 62, 30, 47, 194, 155, 50, 127, 111, 82, 181, 88, 42, 115, 51, 114, 71]
[151, 37, 107, 165, 137, 85, 48, 67, 9, 188, 189, 110, 133, 180, 29, 74, 100, 80, 178, 112, 78, 187, 140, 183, 36, 138, 190, 153, 53, 162, 176, 184, 117, 105, 139, 182, 54, 103, 170, 87, 22, 21, 192, 143, 159, 152, 23, 161, 134, 129, 43, 91, 118, 35, 77, 12, 109, 119, 124, 13, 63, 32, 81, 120, 146, 14, 5, 3, 86, 113, 167, 132, 65, 144, 198, 130, 177, 93, 73, 164, 59, 185, 195, 6, 83, 57, 168, 24, 8, 160, 173, 89, 20, 0, 97, 166, 174, 58, 135, 94]
40220

[73, 144, 65, 132, 167, 113, 86, 88, 117, 181, 82, 32, 146, 120, 62, 125, 186, 12, 154, 77, 16, 191, 43, 129, 134, 159, 143, 54, 190, 153, 115, 195, 185, 51, 114, 46, 187, 78, 112, 178, 80, 55, 99, 25, 61, 131, 4, 196, 66, 39, 38, 197, 69, 148, 169, 52, 72, 9, 110, 188, 189, 116, 193, 68, 149, 100, 74, 29, 180, 79, 19, 37, 151, 107, 165, 137, 48, 85, 20, 94, 0, 89, 145, 45, 24, 8, 160, 70, 26, 60, 175, 179, 93, 130, 198, 177, 56, 6, 83, 57]
[184, 42, 59, 164, 33, 168, 53, 162, 176, 163, 142, 170, 103, 192, 21, 22, 87, 138, 172, 71, 36, 183, 140, 64, 123, 126, 133, 67, 122, 141, 84, 121, 92, 10, 2, 157, 27, 128, 90, 96, 98, 7, 75, 135, 58, 174, 166, 31, 28, 97, 173, 11, 106, 34, 171, 156, 3, 5, 14, 111, 127, 50, 155, 194, 30, 47, 109, 41, 81, 63, 13, 124, 119, 108, 1, 15, 104, 44, 35, 40, 147, 101, 199, 18, 150, 91, 118, 95, 136, 161, 17, 23, 152, 76, 102, 49, 158, 139, 182, 105]
38362

[167, 113, 132, 65, 144, 156, 171, 106, 174, 166, 58, 135, 75, 96, 90, 128, 27, 98, 7, 94, 141, 122, 9, 188, 148, 69, 38, 39, 116, 189, 110, 67, 165, 137, 85, 48, 180, 133, 68, 149, 99, 55, 80, 112, 178, 46, 36, 71, 114, 53, 162, 176, 142, 102, 76, 152, 23, 17, 161, 95, 136, 150, 91, 118, 77, 154, 12, 186, 125, 109, 41, 119, 124, 81, 194, 155, 50, 127, 111, 14, 5, 3, 82, 181, 88, 42, 57, 83, 6, 168, 33, 24, 8, 60, 34, 198, 73, 164, 59, 86]
[182, 104, 44, 35, 16, 191, 40, 147, 43, 129, 101, 199, 18, 134, 159, 143, 54, 103, 192, 22, 21, 170, 87, 138, 172, 183, 140, 64, 187, 78, 123, 126, 79, 19, 37, 29, 74, 100, 25, 61, 193, 131, 4, 196, 66, 197, 169, 52, 72, 84, 121, 92, 10, 157, 2, 28, 31, 97, 0, 89, 20, 107, 151, 145, 45, 160, 173, 11, 70, 26, 175, 179, 93, 130, 177, 56, 185, 195, 51, 115, 153, 190, 163, 49, 158, 184, 117, 13, 63, 32, 146, 120, 47, 30, 62, 108, 1, 15, 139, 105]
38221

[184, 49, 158, 105, 139, 182, 102, 76, 15, 108, 109, 41, 119, 13, 63, 81, 127, 111, 14, 5, 3, 86, 113, 167, 132, 177, 93, 60, 34, 156, 171, 106, 11, 31, 166, 174, 58, 135, 75, 7, 98, 96, 90, 128, 27, 157, 10, 2, 89, 45, 24, 145, 107, 165, 151, 123, 187, 78, 112, 25, 4, 131, 61, 99, 55, 80, 178, 46, 64, 140, 172, 183, 36, 71, 168, 162, 51, 115, 176, 54, 103, 21, 192, 143, 159, 152, 23, 104, 17, 161, 95, 136, 134, 18, 199, 129, 43, 101, 91, 150]
[163, 42, 117, 124, 1, 77, 44, 35, 118, 147, 40, 191, 16, 154, 12, 186, 125, 62, 30, 47, 194, 50, 155, 120, 146, 32, 82, 181, 88, 65, 144, 198, 130, 73, 164, 59, 185, 195, 57, 83, 6, 56, 179, 175, 26, 70, 160, 173, 0, 94, 97, 28, 92, 121, 84, 72, 141, 9, 67, 122, 20, 8, 33, 37, 19, 79, 29, 180, 133, 137, 85, 48, 110, 188, 52, 169, 148, 69, 197, 38, 39, 189, 116, 66, 196, 193, 68, 149, 100, 74, 126, 114, 53, 153, 190, 138, 87, 22, 170, 142]
41537

[87, 172, 138, 142, 176, 190, 153, 53, 162, 195, 185, 114, 36, 71, 24, 8, 45, 145, 137, 85, 48, 67, 9, 188, 110, 133, 180, 37, 19, 79, 183, 140, 64, 187, 78, 112, 68, 193, 196, 66, 197, 69, 148, 52, 72, 84, 121, 92, 10, 157, 27, 75, 135, 58, 174, 166, 31, 106, 70, 26, 175, 179, 93, 60, 34, 171, 156, 65, 132, 167, 113, 59, 86, 3, 5, 82, 181, 117, 105, 23, 17, 44, 35, 91, 101, 147, 43, 129, 199, 150, 18, 134, 161, 159, 143, 192, 103, 170, 21, 22]
[168, 6, 33, 56, 177, 130, 198, 144, 73, 164, 83, 57, 51, 115, 163, 42, 88, 184, 49, 158, 139, 182, 102, 76, 104, 15, 119, 124, 13, 63, 41, 109, 81, 32, 14, 111, 127, 146, 120, 155, 50, 194, 47, 30, 62, 125, 186, 12, 108, 1, 154, 77, 16, 191, 40, 118, 136, 95, 152, 54, 46, 80, 178, 123, 126, 29, 74, 149, 100, 55, 99, 25, 61, 131, 4, 39, 38, 169, 141, 122, 20, 0, 94, 2, 128, 90, 96, 98, 7, 28, 97, 173, 11, 160, 89, 107, 151, 165, 189, 116]
41375

[4, 131, 61, 25, 100, 74, 29, 133, 180, 79, 36, 71, 168, 151, 165, 137, 85, 48, 67, 193, 196, 66, 39, 116, 189, 38, 197, 69, 148, 169, 52, 72, 84, 121, 92, 10, 94, 0, 97, 173, 11, 160, 70, 45, 24, 8, 33, 177, 132, 167, 113, 86, 82, 181, 117, 119, 124, 13, 63, 81, 109, 41, 108, 1, 15, 12, 154, 77, 191, 40, 147, 43, 129, 199, 101, 91, 150, 18, 134, 161, 104, 76, 49, 163, 42, 195, 185, 162, 53, 153, 190, 170, 21, 22, 172, 46, 178, 187, 123, 126]
[68, 110, 188, 9, 141, 2, 157, 27, 128, 90, 96, 75, 98, 7, 28, 135, 58, 174, 166, 31, 106, 89, 20, 122, 107, 37, 19, 145, 26, 175, 179, 93, 60, 34, 171, 156, 130, 198, 144, 65, 3, 5, 32, 14, 111, 127, 146, 120, 155, 50, 194, 47, 30, 62, 125, 186, 16, 44, 35, 118, 136, 95, 17, 23, 152, 159, 143, 192, 103, 54, 102, 182, 139, 105, 158, 184, 88, 59, 164, 73, 56, 6, 83, 57, 51, 115, 176, 142, 87, 138, 114, 183, 140, 64, 78, 112, 80, 55, 99, 149]
38802

[119, 41, 109, 47, 30, 62, 125, 186, 12, 154, 1, 15, 76, 104, 191, 40, 147, 43, 129, 199, 101, 136, 95, 17, 23, 152, 143, 170, 87, 190, 153, 162, 53, 71, 19, 79, 180, 29, 74, 61, 131, 4, 196, 66, 116, 189, 188, 110, 67, 9, 122, 141, 2, 10, 157, 98, 7, 28, 31, 106, 11, 173, 160, 70, 8, 24, 26, 175, 60, 34, 171, 156, 179, 93, 177, 65, 132, 3, 5, 14, 111, 127, 50, 194, 155, 120, 82, 181, 88, 42, 195, 185, 51, 115, 163, 49, 158, 184, 117, 124]
[193, 68, 149, 25, 99, 55, 100, 112, 80, 178, 78, 187, 126, 123, 64, 46, 140, 183, 36, 114, 172, 138, 176, 142, 54, 103, 21, 22, 192, 159, 161, 134, 18, 150, 91, 118, 35, 44, 16, 77, 108, 81, 146, 32, 63, 13, 105, 139, 182, 102, 57, 83, 6, 168, 56, 73, 164, 59, 86, 113, 167, 144, 198, 130, 33, 45, 145, 37, 151, 107, 165, 133, 48, 85, 137, 20, 89, 0, 94, 97, 166, 174, 58, 135, 75, 96, 90, 128, 27, 92, 121, 84, 72, 52, 169, 148, 69, 197, 38, 39]
38658

[55, 80, 178, 112, 78, 140, 183, 36, 114, 153, 176, 142, 54, 163, 42, 184, 49, 158, 105, 139, 182, 102, 76, 104, 23, 17, 44, 95, 136, 18, 150, 91, 40, 191, 16, 77, 186, 125, 12, 154, 1, 108, 119, 117, 181, 82, 3, 88, 195, 185, 59, 164, 73, 198, 130, 177, 56, 6, 83, 57, 168, 145, 45, 24, 8, 33, 175, 60, 34, 70, 11, 106, 174, 58, 75, 98, 7, 94, 0, 89, 20, 122, 141, 9, 67, 188, 52, 169, 148, 69, 39, 189, 116, 193, 4, 131, 61, 68, 25, 99]
[90, 96, 128, 27, 157, 10, 92, 121, 72, 84, 2, 28, 135, 166, 31, 97, 173, 160, 26, 179, 93, 132, 167, 113, 86, 51, 115, 162, 53, 71, 74, 29, 133, 180, 79, 19, 37, 151, 107, 165, 137, 85, 48, 110, 38, 197, 66, 196, 149, 100, 126, 123, 64, 187, 46, 172, 138, 190, 87, 170, 22, 21, 103, 192, 143, 159, 152, 161, 134, 199, 129, 43, 147, 101, 118, 35, 15, 124, 13, 63, 41, 109, 81, 146, 120, 47, 62, 30, 194, 155, 50, 127, 111, 14, 32, 5, 65, 144, 156, 171]
40516

[79, 19, 71, 114, 138, 172, 140, 64, 123, 126, 187, 78, 112, 100, 149, 68, 74, 29, 133, 180, 37, 151, 107, 165, 137, 85, 48, 67, 110, 189, 116, 131, 4, 196, 66, 197, 69, 148, 72, 84, 141, 122, 20, 89, 173, 97, 28, 7, 27, 128, 90, 96, 75, 31, 11, 160, 70, 156, 130, 65, 3, 5, 32, 146, 47, 30, 62, 125, 186, 16, 191, 40, 147, 118, 17, 23, 152, 159, 143, 54, 103, 192, 21, 22, 87, 170, 142, 102, 15, 1, 108, 117, 56, 93, 179, 26, 8, 24, 145, 45]
[134, 199, 129, 43, 101, 91, 150, 18, 136, 95, 35, 44, 77, 154, 12, 109, 41, 119, 124, 13, 63, 81, 120, 155, 194, 50, 127, 111, 14, 82, 181, 86, 113, 167, 132, 144, 198, 177, 73, 164, 59, 185, 195, 88, 42, 115, 51, 57, 83, 6, 33, 175, 60, 34, 171, 106, 174, 166, 58, 135, 98, 157, 10, 92, 121, 2, 94, 0, 9, 188, 52, 169, 38, 39, 193, 61, 25, 99, 55, 80, 178, 46, 183, 36, 168, 53, 162, 153, 190, 176, 163, 184, 49, 158, 105, 139, 182, 76, 104, 161]
40115

[0, 89, 20, 122, 141, 84, 121, 72, 52, 169, 148, 69, 197, 38, 39, 193, 99, 55, 100, 68, 110, 67, 133, 48, 85, 137, 165, 151, 168, 33, 93, 177, 59, 115, 176, 142, 87, 22, 21, 170, 103, 192, 143, 54, 163, 49, 158, 105, 139, 182, 102, 76, 104, 134, 129, 43, 147, 40, 191, 15, 1, 108, 186, 125, 62, 30, 47, 194, 50, 155, 120, 127, 111, 3, 65, 144, 198, 130, 156, 171, 34, 60, 70, 160, 11, 173, 106, 174, 58, 75, 96, 128, 27, 90, 98, 7, 135, 166, 31, 97]
[56, 179, 175, 26, 8, 24, 45, 145, 107, 94, 28, 2, 157, 10, 92, 9, 188, 189, 116, 66, 196, 4, 131, 61, 25, 149, 74, 29, 180, 37, 19, 79, 126, 123, 64, 187, 78, 112, 80, 178, 46, 140, 183, 172, 138, 159, 152, 23, 17, 161, 95, 136, 150, 18, 199, 101, 91, 118, 35, 44, 16, 77, 154, 12, 109, 41, 119, 124, 117, 184, 42, 195, 185, 88, 181, 13, 63, 81, 146, 32, 14, 5, 82, 86, 113, 167, 132, 164, 73, 83, 57, 51, 162, 53, 153, 190, 114, 36, 71, 6]
39286

[54, 103, 170, 138, 172, 183, 140, 46, 178, 80, 100, 149, 74, 29, 133, 165, 107, 151, 37, 168, 57, 83, 6, 56, 175, 8, 24, 45, 145, 20, 197, 69, 148, 169, 52, 72, 84, 121, 92, 157, 27, 128, 90, 96, 75, 174, 106, 97, 173, 11, 70, 26, 60, 34, 171, 156, 179, 93, 177, 130, 198, 144, 65, 132, 167, 3, 5, 14, 111, 127, 146, 120, 47, 125, 186, 191, 40, 147, 43, 129, 199, 101, 150, 18, 134, 161, 15, 119, 124, 13, 181, 88, 117, 184, 42, 176, 142, 163, 49, 158]
[68, 25, 99, 55, 61, 131, 4, 196, 66, 193, 110, 85, 137, 48, 180, 19, 79, 126, 123, 112, 78, 187, 64, 36, 71, 114, 53, 162, 115, 153, 190, 87, 22, 21, 192, 143, 159, 152, 23, 76, 102, 182, 139, 105, 108, 1, 104, 17, 95, 136, 91, 118, 35, 44, 16, 77, 154, 12, 62, 30, 194, 50, 155, 109, 41, 63, 81, 32, 82, 86, 113, 73, 164, 59, 185, 195, 51, 33, 160, 89, 0, 94, 31, 166, 58, 135, 28, 98, 7, 2, 10, 141, 122, 9, 67, 188, 189, 116, 39, 38]
40506

[166, 174, 58, 31, 28, 7, 98, 135, 75, 96, 2, 122, 48, 133, 180, 29, 79, 19, 37, 20, 89, 0, 94, 97, 173, 11, 8, 24, 179, 93, 177, 73, 164, 59, 185, 195, 42, 184, 139, 182, 102, 15, 13, 63, 81, 194, 30, 47, 108, 1, 77, 191, 40, 147, 101, 118, 159, 143, 192, 103, 170, 21, 22, 87, 190, 153, 162, 53, 57, 168, 46, 187, 78, 112, 178, 80, 55, 99, 100, 149, 25, 61, 131, 4, 196, 66, 39, 116, 189, 38, 197, 69, 148, 169, 92, 10, 157, 27, 90, 128]
[138, 172, 114, 71, 36, 183, 140, 64, 123, 126, 74, 68, 193, 188, 52, 72, 121, 84, 141, 9, 67, 110, 85, 137, 165, 107, 151, 145, 45, 160, 106, 70, 26, 175, 60, 34, 171, 156, 130, 198, 144, 65, 132, 167, 3, 5, 14, 111, 127, 50, 155, 120, 146, 32, 82, 181, 117, 88, 86, 113, 56, 33, 6, 83, 51, 115, 163, 49, 158, 105, 124, 119, 41, 109, 62, 125, 186, 12, 154, 104, 76, 23, 17, 44, 16, 35, 95, 136, 18, 150, 91, 199, 43, 129, 134, 161, 152, 54, 142, 176]
39807

[148, 69, 197, 66, 196, 39, 116, 189, 188, 110, 67, 9, 141, 122, 20, 85, 149, 100, 112, 78, 187, 64, 114, 53, 162, 115, 176, 54, 103, 192, 143, 159, 152, 161, 134, 129, 43, 147, 191, 16, 77, 154, 12, 186, 125, 109, 120, 81, 41, 119, 124, 88, 195, 185, 59, 164, 73, 113, 167, 132, 65, 144, 198, 130, 177, 175, 26, 33, 168, 71, 36, 123, 126, 74, 29, 79, 19, 37, 151, 107, 145, 45, 89, 97, 31, 166, 58, 135, 28, 7, 2, 157, 10, 92, 121, 84, 72, 52, 169, 38]
[82, 181, 86, 3, 5, 14, 111, 127, 50, 155, 194, 47, 30, 62, 108, 1, 15, 104, 17, 44, 35, 40, 101, 199, 18, 150, 91, 118, 136, 95, 23, 76, 102, 182, 139, 105, 158, 49, 163, 142, 170, 21, 22, 87, 153, 190, 138, 172, 183, 140, 46, 178, 80, 55, 99, 25, 61, 131, 4, 193, 68, 133, 180, 48, 137, 165, 24, 8, 160, 11, 173, 0, 94, 27, 128, 90, 96, 98, 75, 174, 106, 70, 34, 171, 156, 60, 179, 93, 56, 6, 83, 57, 51, 42, 184, 117, 13, 63, 32, 146]
38088

[160, 106, 31, 28, 7, 98, 75, 96, 90, 128, 2, 141, 9, 133, 180, 29, 74, 149, 68, 193, 39, 38, 148, 69, 197, 66, 196, 4, 131, 61, 25, 80, 112, 78, 178, 46, 187, 64, 140, 172, 22, 21, 192, 159, 161, 134, 136, 95, 118, 91, 150, 18, 199, 129, 43, 101, 147, 40, 191, 16, 35, 44, 17, 23, 152, 104, 76, 102, 170, 87, 138, 114, 168, 6, 83, 57, 51, 53, 162, 115, 42, 88, 32, 111, 14, 5, 3, 113, 167, 132, 65, 144, 56, 33, 24, 145, 151, 107, 45, 8]
[116, 110, 67, 122, 20, 94, 0, 89, 165, 85, 48, 137, 37, 19, 79, 100, 99, 55, 126, 123, 183, 36, 71, 153, 190, 176, 142, 103, 143, 54, 163, 49, 158, 139, 182, 105, 184, 117, 13, 124, 119, 41, 109, 108, 1, 15, 77, 154, 12, 186, 125, 62, 30, 47, 194, 155, 50, 127, 146, 120, 81, 63, 181, 82, 86, 195, 185, 59, 164, 73, 177, 198, 130, 156, 171, 34, 60, 93, 179, 175, 26, 70, 11, 173, 97, 166, 174, 58, 135, 27, 157, 10, 92, 121, 84, 72, 52, 169, 188, 189]
37948

[65, 144, 132, 88, 117, 181, 82, 3, 5, 14, 111, 127, 50, 155, 146, 32, 13, 124, 119, 41, 109, 12, 125, 186, 191, 40, 147, 43, 101, 18, 150, 136, 95, 17, 104, 49, 163, 195, 185, 6, 83, 57, 168, 51, 115, 162, 53, 153, 190, 170, 21, 22, 87, 172, 46, 80, 55, 99, 25, 68, 61, 196, 66, 197, 69, 148, 38, 116, 189, 188, 107, 145, 45, 24, 8, 175, 130, 156, 171, 34, 60, 26, 70, 160, 11, 173, 94, 0, 89, 20, 141, 2, 28, 135, 75, 58, 174, 166, 31, 106]
[79, 19, 180, 133, 29, 74, 149, 100, 112, 178, 78, 187, 126, 123, 64, 140, 183, 36, 138, 142, 103, 192, 143, 159, 161, 134, 129, 199, 91, 118, 35, 44, 16, 77, 154, 15, 1, 108, 62, 30, 47, 194, 120, 81, 63, 86, 113, 167, 59, 42, 184, 158, 105, 139, 182, 102, 76, 23, 152, 54, 176, 114, 71, 33, 56, 164, 73, 198, 177, 93, 179, 97, 7, 98, 96, 90, 128, 27, 157, 10, 92, 121, 84, 72, 52, 169, 39, 4, 131, 193, 110, 67, 9, 122, 85, 48, 137, 165, 151, 37]
41319

[142, 163, 49, 158, 139, 182, 105, 184, 42, 51, 115, 162, 53, 114, 71, 151, 165, 9, 67, 110, 189, 39, 196, 66, 197, 69, 148, 38, 72, 84, 121, 92, 10, 2, 157, 27, 128, 90, 96, 98, 7, 75, 58, 174, 166, 31, 94, 0, 89, 145, 45, 24, 8, 175, 156, 130, 198, 177, 59, 86, 181, 82, 3, 5, 14, 146, 120, 81, 125, 186, 16, 191, 40, 147, 101, 150, 18, 134, 161, 104, 76, 23, 152, 159, 192, 21, 22, 87, 138, 172, 178, 78, 187, 126, 123, 64, 140, 153, 176, 190]
[179, 93, 56, 6, 83, 57, 185, 195, 88, 117, 13, 63, 32, 111, 127, 50, 155, 194, 47, 30, 62, 109, 41, 119, 124, 108, 1, 12, 154, 77, 44, 35, 118, 43, 129, 199, 91, 136, 95, 17, 15, 102, 54, 143, 103, 170, 46, 80, 112, 55, 99, 25, 61, 131, 4, 193, 116, 188, 169, 52, 141, 122, 20, 107, 37, 19, 79, 180, 133, 137, 85, 48, 68, 149, 100, 74, 29, 183, 36, 168, 33, 26, 70, 160, 11, 173, 97, 28, 135, 106, 60, 34, 171, 144, 65, 132, 167, 113, 164, 73]
39852

[134, 18, 150, 101, 147, 40, 191, 16, 35, 95, 136, 161, 17, 104, 23, 152, 159, 143, 192, 103, 49, 182, 139, 105, 41, 12, 186, 125, 62, 30, 47, 109, 63, 181, 32, 111, 14, 5, 3, 82, 86, 113, 167, 164, 73, 130, 177, 56, 93, 179, 175, 60, 106, 11, 173, 151, 165, 107, 89, 0, 94, 28, 7, 98, 90, 128, 27, 2, 141, 188, 38, 39, 131, 193, 116, 189, 110, 180, 79, 29, 74, 149, 100, 126, 187, 78, 112, 80, 178, 46, 140, 36, 71, 114, 172, 138, 87, 22, 21, 170]
[122, 9, 67, 20, 160, 70, 34, 171, 156, 198, 144, 65, 132, 59, 185, 195, 42, 88, 117, 13, 124, 119, 81, 146, 127, 120, 155, 50, 194, 154, 77, 43, 129, 199, 91, 118, 44, 1, 108, 15, 102, 76, 54, 142, 163, 158, 184, 115, 176, 190, 153, 162, 53, 183, 64, 123, 19, 168, 51, 57, 83, 6, 33, 26, 8, 24, 45, 145, 37, 137, 85, 48, 133, 68, 25, 99, 55, 61, 4, 196, 66, 197, 69, 148, 169, 52, 72, 84, 121, 92, 10, 157, 96, 75, 135, 58, 174, 166, 31, 97]
42600

[153, 190, 142, 170, 21, 87, 138, 114, 183, 64, 123, 126, 19, 37, 151, 107, 165, 137, 48, 85, 20, 122, 9, 67, 110, 68, 149, 100, 112, 80, 55, 99, 4, 196, 66, 116, 189, 141, 92, 10, 157, 2, 28, 31, 106, 11, 70, 179, 167, 113, 82, 181, 88, 42, 184, 158, 49, 102, 182, 139, 105, 119, 81, 146, 127, 120, 155, 50, 194, 47, 30, 62, 109, 41, 108, 12, 125, 186, 147, 43, 129, 199, 136, 118, 44, 77, 154, 1, 15, 104, 23, 152, 159, 143, 103, 54, 163, 176, 162, 53]
[93, 56, 33, 26, 175, 60, 34, 171, 156, 130, 177, 198, 144, 65, 132, 3, 5, 14, 111, 32, 63, 13, 124, 117, 86, 164, 73, 59, 185, 195, 115, 51, 57, 83, 6, 168, 71, 36, 79, 74, 29, 133, 180, 145, 45, 24, 8, 160, 173, 89, 0, 94, 97, 166, 174, 58, 135, 75, 7, 98, 96, 90, 128, 27, 121, 84, 72, 52, 169, 188, 148, 69, 197, 38, 39, 193, 131, 61, 25, 187, 78, 178, 46, 140, 172, 22, 192, 134, 18, 150, 91, 101, 40, 191, 16, 35, 95, 161, 17, 76]
41974

[80, 178, 112, 78, 46, 140, 64, 187, 123, 151, 107, 20, 122, 9, 116, 189, 188, 84, 121, 10, 157, 28, 31, 174, 106, 97, 94, 0, 173, 11, 160, 70, 34, 60, 93, 179, 175, 26, 8, 45, 24, 33, 56, 6, 83, 57, 59, 73, 164, 86, 185, 195, 162, 53, 168, 71, 36, 183, 172, 103, 143, 152, 23, 17, 134, 18, 150, 91, 118, 101, 199, 129, 43, 147, 40, 77, 1, 108, 15, 182, 119, 124, 13, 63, 41, 109, 81, 120, 146, 14, 32, 82, 181, 117, 184, 158, 49, 163, 142, 138]
[85, 48, 137, 165, 37, 19, 79, 114, 153, 190, 87, 170, 21, 22, 192, 159, 161, 136, 95, 35, 191, 16, 44, 104, 76, 154, 12, 186, 125, 62, 30, 47, 194, 155, 50, 127, 111, 5, 3, 113, 167, 132, 65, 144, 198, 156, 171, 130, 177, 88, 42, 105, 139, 102, 54, 176, 115, 51, 145, 89, 141, 2, 7, 135, 166, 58, 75, 98, 96, 90, 128, 27, 92, 72, 52, 169, 148, 69, 197, 38, 39, 193, 66, 196, 4, 131, 61, 25, 99, 55, 100, 126, 74, 29, 180, 133, 149, 68, 110, 67]
42539

[23, 152, 76, 102, 182, 139, 192, 21, 22, 87, 170, 142, 176, 153, 114, 183, 64, 187, 123, 126, 74, 29, 79, 19, 37, 137, 85, 48, 68, 61, 131, 4, 196, 66, 193, 39, 116, 189, 110, 67, 9, 141, 2, 157, 27, 128, 90, 96, 98, 75, 58, 174, 106, 160, 45, 145, 107, 151, 168, 83, 6, 56, 93, 177, 130, 198, 144, 65, 132, 167, 113, 73, 164, 59, 86, 63, 41, 109, 155, 50, 194, 30, 62, 12, 154, 108, 1, 15, 77, 44, 16, 191, 40, 101, 199, 91, 118, 35, 17, 104]
[127, 111, 14, 5, 32, 81, 119, 124, 13, 181, 82, 3, 88, 42, 195, 185, 179, 175, 156, 171, 34, 60, 26, 70, 11, 173, 0, 94, 97, 31, 166, 135, 28, 7, 10, 92, 121, 84, 72, 52, 169, 148, 69, 197, 38, 188, 122, 20, 89, 165, 180, 133, 149, 25, 99, 55, 100, 78, 112, 80, 178, 46, 140, 36, 71, 24, 8, 33, 57, 51, 115, 162, 53, 190, 172, 138, 163, 49, 158, 184, 117, 105, 54, 103, 143, 159, 161, 95, 136, 150, 18, 134, 129, 43, 147, 186, 125, 47, 120, 146]
39622

[196, 66, 197, 69, 148, 38, 169, 52, 67, 165, 107, 89, 0, 94, 2, 10, 157, 7, 28, 31, 97, 173, 11, 60, 34, 171, 156, 130, 198, 177, 56, 6, 83, 57, 195, 185, 59, 164, 88, 117, 181, 82, 63, 13, 124, 119, 41, 81, 146, 120, 109, 47, 155, 50, 194, 30, 62, 125, 186, 12, 154, 108, 1, 15, 77, 16, 191, 40, 147, 101, 18, 150, 95, 104, 76, 102, 182, 139, 105, 184, 42, 115, 51, 168, 114, 183, 36, 71, 37, 19, 79, 74, 149, 100, 55, 80, 178, 112, 78, 187]
[46, 140, 64, 123, 126, 29, 180, 133, 68, 25, 99, 61, 131, 4, 193, 39, 116, 189, 188, 110, 48, 85, 137, 151, 145, 45, 24, 8, 160, 20, 122, 9, 141, 72, 84, 121, 92, 27, 128, 90, 96, 98, 75, 135, 58, 166, 174, 106, 70, 26, 33, 175, 179, 93, 73, 144, 65, 132, 167, 113, 86, 3, 5, 14, 111, 127, 32, 158, 49, 163, 54, 103, 143, 152, 23, 17, 44, 35, 118, 91, 199, 43, 129, 134, 136, 161, 159, 192, 22, 21, 170, 142, 176, 162, 53, 153, 190, 138, 172, 87]
39782

[154, 12, 186, 125, 62, 30, 47, 194, 155, 50, 127, 146, 111, 14, 32, 5, 3, 82, 88, 59, 164, 73, 177, 156, 171, 179, 93, 56, 33, 94, 128, 27, 157, 10, 92, 121, 84, 72, 122, 107, 165, 37, 19, 79, 137, 85, 48, 67, 110, 189, 116, 148, 69, 197, 66, 196, 4, 131, 61, 25, 99, 55, 80, 178, 112, 78, 187, 46, 140, 183, 114, 51, 162, 53, 172, 138, 190, 153, 176, 163, 158, 105, 139, 182, 102, 76, 15, 108, 1, 44, 35, 118, 95, 136, 91, 199, 129, 43, 147, 191]
[167, 113, 86, 181, 63, 81, 120, 109, 41, 77, 16, 40, 101, 150, 18, 134, 161, 17, 23, 152, 104, 119, 124, 13, 117, 184, 49, 54, 143, 159, 192, 103, 21, 22, 87, 170, 142, 115, 42, 195, 185, 6, 83, 57, 168, 71, 36, 64, 123, 126, 180, 133, 29, 74, 100, 149, 68, 193, 39, 38, 169, 52, 188, 9, 141, 2, 90, 96, 98, 7, 28, 135, 75, 58, 174, 166, 31, 97, 106, 11, 173, 0, 89, 20, 151, 145, 45, 24, 8, 160, 70, 26, 175, 60, 34, 130, 198, 144, 65, 132]
38581

[7, 98, 75, 96, 90, 128, 27, 157, 10, 92, 121, 141, 20, 107, 151, 165, 122, 52, 169, 148, 69, 197, 38, 39, 193, 4, 131, 61, 68, 25, 99, 55, 126, 123, 140, 114, 153, 190, 87, 22, 192, 143, 159, 161, 134, 18, 150, 91, 118, 40, 191, 16, 35, 44, 23, 152, 76, 15, 1, 108, 12, 109, 194, 155, 50, 127, 111, 14, 5, 32, 146, 81, 41, 119, 124, 63, 13, 117, 184, 158, 49, 163, 42, 181, 82, 3, 65, 144, 177, 93, 179, 56, 6, 83, 57, 33, 160, 11, 173, 106]
[101, 136, 95, 17, 104, 102, 182, 105, 139, 54, 103, 21, 170, 142, 176, 115, 51, 162, 53, 138, 172, 183, 36, 71, 168, 175, 26, 8, 24, 45, 145, 37, 19, 79, 180, 29, 74, 78, 187, 64, 46, 178, 80, 112, 100, 149, 133, 48, 137, 85, 110, 116, 196, 66, 189, 188, 67, 9, 72, 84, 2, 28, 135, 58, 174, 166, 31, 97, 94, 0, 89, 70, 60, 34, 171, 156, 130, 198, 132, 167, 113, 86, 164, 73, 59, 185, 195, 88, 120, 47, 30, 62, 125, 186, 154, 77, 147, 43, 129, 199]
40337

[10, 2, 90, 128, 27, 157, 92, 121, 84, 72, 52, 169, 188, 189, 116, 193, 68, 149, 100, 99, 55, 78, 187, 138, 87, 170, 21, 22, 192, 103, 54, 163, 49, 102, 76, 104, 17, 161, 95, 136, 134, 129, 43, 147, 101, 199, 18, 150, 91, 118, 35, 44, 40, 191, 16, 77, 154, 62, 30, 109, 108, 41, 119, 15, 182, 158, 184, 59, 65, 144, 198, 156, 171, 34, 60, 93, 56, 6, 83, 51, 57, 33, 45, 145, 137, 85, 48, 67, 122, 20, 89, 0, 94, 173, 97, 31, 75, 7, 98, 96]
[71, 168, 114, 172, 46, 178, 80, 112, 126, 123, 64, 140, 183, 36, 79, 19, 37, 151, 107, 165, 133, 180, 29, 74, 25, 61, 131, 4, 196, 66, 197, 69, 148, 38, 39, 110, 9, 141, 28, 135, 58, 166, 174, 106, 11, 160, 70, 8, 24, 26, 175, 179, 130, 177, 73, 164, 185, 195, 42, 88, 86, 113, 167, 132, 3, 5, 14, 111, 127, 50, 194, 155, 146, 32, 82, 181, 117, 139, 105, 124, 13, 63, 81, 120, 47, 125, 186, 12, 1, 23, 152, 159, 143, 142, 176, 190, 153, 53, 162, 115]
39582

[1, 16, 191, 40, 147, 43, 129, 199, 101, 91, 150, 18, 136, 95, 118, 35, 44, 17, 23, 152, 54, 87, 46, 187, 100, 149, 68, 25, 61, 193, 39, 116, 189, 188, 110, 67, 9, 141, 2, 128, 90, 96, 98, 75, 135, 58, 174, 166, 31, 106, 60, 179, 93, 56, 175, 26, 70, 160, 173, 0, 122, 85, 48, 137, 71, 114, 53, 115, 51, 57, 83, 59, 164, 73, 132, 167, 113, 86, 181, 82, 3, 5, 32, 146, 14, 111, 127, 50, 155, 194, 47, 30, 62, 186, 125, 41, 13, 124, 119, 108]
[89, 20, 165, 133, 180, 29, 74, 78, 112, 178, 80, 55, 99, 131, 4, 196, 66, 38, 197, 69, 148, 169, 52, 72, 84, 121, 92, 10, 157, 27, 7, 28, 94, 97, 11, 34, 171, 156, 130, 177, 198, 144, 65, 185, 195, 88, 42, 163, 49, 158, 139, 182, 102, 76, 104, 15, 105, 184, 117, 63, 81, 120, 109, 12, 154, 77, 161, 134, 159, 143, 103, 192, 22, 21, 170, 142, 176, 162, 153, 190, 138, 172, 36, 183, 140, 64, 123, 126, 79, 19, 37, 151, 107, 145, 45, 24, 8, 33, 6, 168]
39397

[179, 93, 175, 60, 26, 70, 160, 0, 94, 97, 7, 98, 75, 96, 90, 128, 27, 157, 84, 169, 189, 116, 39, 66, 196, 4, 131, 193, 61, 74, 29, 180, 133, 48, 85, 137, 165, 122, 20, 145, 45, 24, 71, 36, 187, 78, 112, 80, 178, 46, 114, 168, 6, 185, 88, 117, 184, 163, 142, 103, 192, 159, 161, 136, 18, 150, 91, 199, 101, 147, 40, 44, 17, 23, 152, 104, 76, 102, 182, 139, 105, 15, 154, 12, 186, 125, 1, 108, 41, 109, 81, 146, 127, 111, 5, 3, 167, 177, 56, 33]
[132, 65, 144, 198, 130, 156, 171, 34, 8, 79, 19, 37, 151, 107, 89, 173, 11, 106, 31, 166, 174, 58, 135, 28, 2, 10, 92, 121, 72, 52, 148, 69, 197, 38, 188, 110, 141, 9, 67, 68, 25, 99, 55, 100, 149, 126, 123, 64, 140, 183, 172, 138, 87, 22, 21, 170, 176, 190, 153, 53, 162, 115, 51, 57, 83, 195, 42, 158, 49, 54, 143, 134, 129, 43, 118, 95, 35, 16, 191, 77, 124, 13, 119, 62, 30, 47, 194, 50, 155, 120, 14, 32, 63, 181, 82, 86, 113, 73, 164, 59]
41044

[7, 98, 96, 90, 128, 27, 157, 2, 10, 92, 121, 84, 72, 52, 169, 189, 116, 39, 66, 196, 4, 131, 61, 68, 149, 100, 112, 80, 178, 78, 64, 36, 71, 168, 57, 185, 195, 42, 184, 117, 105, 182, 76, 104, 152, 23, 17, 161, 136, 95, 118, 35, 44, 77, 186, 125, 1, 108, 109, 62, 47, 120, 146, 32, 86, 113, 167, 132, 164, 73, 177, 198, 130, 93, 179, 175, 26, 70, 106, 31, 166, 174, 58, 75, 135, 28, 94, 20, 165, 137, 85, 48, 133, 180, 29, 79, 19, 37, 89, 0]
[15, 16, 191, 40, 147, 43, 129, 199, 101, 91, 150, 18, 134, 159, 102, 139, 158, 49, 88, 59, 56, 6, 83, 51, 115, 162, 53, 153, 190, 176, 163, 142, 170, 103, 54, 143, 192, 21, 22, 87, 138, 172, 114, 183, 140, 46, 187, 123, 126, 74, 55, 99, 25, 193, 38, 197, 69, 148, 188, 110, 67, 9, 141, 122, 107, 151, 145, 45, 24, 8, 33, 160, 173, 97, 11, 60, 34, 171, 156, 144, 65, 3, 5, 82, 181, 13, 63, 81, 14, 111, 127, 50, 155, 194, 30, 12, 154, 41, 124, 119]
39131

[2, 7, 28, 135, 58, 174, 166, 31, 97, 94, 0, 173, 11, 160, 70, 8, 45, 89, 20, 151, 37, 145, 24, 33, 56, 177, 93, 179, 175, 26, 60, 34, 171, 156, 130, 198, 113, 86, 185, 195, 6, 83, 57, 168, 51, 115, 176, 54, 152, 23, 104, 76, 102, 182, 117, 88, 181, 82, 5, 32, 146, 127, 120, 81, 63, 13, 124, 119, 41, 108, 1, 154, 12, 62, 125, 186, 77, 191, 40, 16, 44, 35, 118, 95, 136, 161, 192, 87, 172, 80, 112, 55, 99, 193, 116, 189, 169, 52, 72, 84]
[50, 111, 14, 3, 167, 132, 65, 144, 73, 164, 59, 106, 75, 98, 96, 90, 128, 27, 157, 10, 92, 121, 141, 122, 9, 67, 107, 165, 137, 85, 48, 110, 188, 38, 148, 69, 197, 39, 66, 196, 4, 131, 61, 25, 68, 149, 100, 74, 29, 133, 180, 19, 79, 126, 123, 64, 187, 78, 178, 46, 140, 183, 36, 71, 114, 138, 190, 153, 53, 162, 42, 184, 105, 139, 158, 49, 163, 142, 170, 22, 21, 103, 143, 159, 134, 150, 18, 129, 43, 147, 101, 199, 91, 17, 15, 109, 47, 30, 194, 155]
39868

[46, 140, 183, 36, 71, 64, 123, 126, 187, 78, 55, 99, 61, 131, 4, 197, 69, 148, 169, 52, 188, 9, 67, 48, 85, 137, 165, 107, 20, 89, 0, 94, 28, 98, 7, 2, 157, 27, 128, 90, 96, 75, 58, 166, 174, 106, 156, 130, 177, 198, 144, 65, 132, 167, 113, 86, 13, 63, 32, 14, 146, 81, 41, 108, 1, 125, 186, 16, 191, 40, 101, 199, 150, 91, 118, 35, 17, 104, 15, 139, 158, 184, 42, 195, 185, 51, 115, 162, 53, 153, 190, 176, 142, 54, 103, 143, 192, 21, 22, 87]
[159, 152, 23, 76, 102, 182, 105, 119, 124, 117, 49, 163, 170, 138, 172, 114, 168, 57, 83, 6, 33, 175, 26, 8, 24, 45, 145, 19, 79, 29, 74, 112, 178, 80, 100, 25, 149, 68, 193, 196, 66, 38, 39, 116, 189, 110, 133, 180, 37, 151, 122, 141, 72, 84, 121, 92, 10, 135, 31, 97, 173, 11, 160, 70, 34, 171, 60, 179, 93, 56, 73, 164, 59, 88, 181, 82, 3, 5, 111, 127, 50, 194, 30, 62, 47, 155, 120, 109, 12, 154, 77, 44, 147, 43, 129, 134, 18, 136, 95, 161]
39290

[78, 187, 123, 112, 80, 178, 46, 172, 138, 170, 103, 23, 17, 95, 136, 150, 91, 118, 35, 44, 186, 125, 62, 30, 47, 194, 50, 127, 111, 14, 32, 13, 124, 119, 41, 15, 182, 139, 105, 158, 49, 163, 42, 195, 51, 115, 153, 190, 114, 168, 24, 8, 175, 179, 73, 164, 59, 185, 86, 82, 5, 3, 113, 167, 132, 65, 144, 198, 177, 130, 156, 174, 166, 135, 28, 98, 7, 2, 157, 10, 92, 121, 84, 72, 141, 122, 9, 67, 110, 188, 66, 196, 4, 131, 68, 48, 85, 133, 180, 29]
[31, 58, 75, 96, 90, 128, 27, 52, 169, 148, 69, 197, 38, 39, 189, 116, 193, 61, 25, 99, 55, 100, 149, 74, 126, 64, 140, 87, 22, 21, 192, 143, 159, 161, 134, 18, 199, 129, 43, 101, 147, 40, 191, 16, 77, 154, 12, 1, 108, 109, 155, 120, 146, 81, 63, 181, 88, 184, 117, 102, 76, 104, 152, 54, 142, 176, 162, 53, 57, 83, 6, 56, 93, 33, 71, 36, 183, 79, 19, 37, 137, 165, 107, 151, 145, 20, 89, 0, 94, 97, 173, 11, 160, 45, 26, 60, 171, 34, 70, 106]
40561

[46, 187, 64, 123, 100, 74, 29, 180, 133, 165, 137, 85, 48, 68, 61, 193, 131, 4, 196, 66, 197, 69, 52, 72, 84, 2, 96, 98, 7, 28, 141, 9, 122, 20, 89, 97, 106, 34, 60, 179, 93, 56, 73, 164, 59, 113, 86, 181, 63, 81, 120, 146, 32, 5, 14, 111, 127, 50, 155, 194, 30, 125, 186, 12, 154, 77, 16, 44, 35, 95, 17, 104, 76, 23, 152, 159, 143, 192, 103, 54, 49, 158, 139, 15, 1, 108, 41, 119, 124, 88, 51, 115, 170, 21, 22, 87, 162, 53, 168, 114]
[160, 11, 173, 0, 94, 31, 166, 174, 58, 135, 75, 90, 128, 27, 157, 10, 92, 121, 169, 148, 38, 39, 116, 189, 188, 110, 67, 149, 25, 99, 55, 80, 178, 112, 78, 126, 79, 19, 71, 36, 183, 140, 172, 138, 190, 153, 176, 142, 163, 42, 184, 117, 105, 182, 102, 161, 134, 18, 150, 136, 118, 91, 199, 129, 43, 101, 147, 40, 191, 62, 47, 109, 13, 82, 3, 167, 132, 65, 144, 198, 156, 171, 130, 177, 185, 195, 57, 83, 6, 33, 175, 26, 70, 8, 24, 45, 145, 107, 151, 37]
41046

[185, 88, 42, 54, 103, 192, 143, 159, 152, 23, 161, 134, 199, 129, 43, 101, 147, 40, 15, 105, 117, 63, 81, 146, 32, 5, 82, 3, 198, 130, 156, 171, 34, 60, 175, 26, 106, 31, 166, 174, 58, 75, 96, 90, 128, 27, 157, 10, 92, 121, 84, 72, 52, 169, 148, 38, 39, 4, 131, 193, 67, 9, 122, 20, 89, 0, 94, 173, 11, 160, 137, 48, 133, 180, 19, 79, 29, 74, 149, 68, 61, 25, 99, 55, 100, 78, 112, 80, 178, 46, 138, 190, 153, 162, 57, 83, 6, 168, 33, 56]
[49, 158, 184, 139, 182, 102, 76, 104, 17, 95, 136, 18, 150, 91, 118, 35, 44, 16, 191, 77, 154, 12, 186, 125, 62, 30, 194, 155, 50, 127, 111, 14, 120, 47, 109, 1, 108, 41, 119, 124, 13, 181, 86, 113, 167, 132, 65, 144, 177, 179, 70, 97, 28, 135, 98, 7, 2, 141, 188, 69, 197, 66, 196, 116, 189, 110, 85, 165, 107, 151, 37, 145, 45, 24, 8, 93, 73, 164, 59, 195, 51, 115, 53, 114, 71, 36, 183, 123, 126, 187, 64, 140, 172, 87, 22, 21, 170, 142, 176, 163]
39220

[148, 69, 197, 66, 196, 4, 131, 193, 116, 110, 48, 137, 37, 19, 79, 71, 126, 123, 187, 100, 149, 68, 61, 25, 99, 55, 80, 46, 140, 54, 159, 161, 95, 136, 18, 150, 91, 199, 129, 43, 101, 147, 40, 191, 16, 44, 17, 104, 15, 154, 12, 186, 125, 62, 30, 47, 109, 117, 158, 184, 42, 88, 195, 185, 113, 167, 132, 65, 144, 198, 130, 177, 93, 60, 34, 156, 171, 106, 174, 166, 58, 75, 96, 90, 128, 27, 11, 160, 70, 45, 145, 89, 20, 122, 141, 9, 67, 188, 52, 169]
[56, 73, 164, 59, 86, 181, 82, 3, 5, 32, 14, 111, 146, 127, 50, 194, 155, 120, 81, 63, 13, 124, 119, 41, 108, 1, 77, 35, 118, 134, 192, 143, 152, 23, 76, 102, 182, 139, 105, 49, 163, 115, 51, 162, 53, 153, 190, 176, 142, 103, 21, 22, 170, 87, 138, 172, 114, 36, 183, 64, 178, 112, 78, 74, 29, 133, 180, 151, 107, 165, 85, 189, 39, 38, 72, 84, 121, 92, 10, 157, 2, 7, 98, 28, 135, 31, 97, 173, 94, 0, 24, 8, 26, 175, 179, 33, 6, 83, 57, 168]
39422

[104, 17, 95, 136, 91, 199, 150, 18, 134, 129, 43, 101, 147, 40, 191, 16, 77, 154, 12, 186, 125, 62, 30, 47, 194, 155, 50, 127, 111, 5, 3, 59, 175, 70, 11, 173, 20, 107, 165, 122, 141, 2, 27, 157, 10, 92, 121, 84, 72, 9, 67, 48, 133, 29, 74, 100, 149, 68, 61, 25, 99, 55, 80, 178, 112, 78, 187, 140, 183, 36, 71, 168, 114, 172, 138, 192, 143, 103, 54, 142, 176, 115, 51, 195, 185, 88, 117, 13, 124, 119, 41, 109, 108, 1, 15, 182, 139, 105, 49, 163]
[73, 177, 198, 130, 156, 171, 34, 60, 179, 93, 56, 6, 83, 57, 33, 26, 8, 24, 45, 160, 106, 97, 31, 166, 174, 58, 135, 75, 98, 96, 90, 128, 7, 28, 94, 0, 89, 145, 151, 137, 85, 110, 188, 189, 116, 39, 38, 169, 52, 148, 69, 197, 66, 196, 4, 131, 193, 180, 37, 19, 79, 126, 123, 64, 46, 87, 22, 21, 170, 190, 153, 53, 162, 42, 184, 158, 102, 76, 23, 152, 159, 161, 118, 35, 44, 81, 120, 146, 14, 32, 63, 181, 82, 86, 113, 167, 132, 65, 144, 164]
38795

[152, 104, 76, 102, 15, 109, 30, 62, 125, 186, 191, 16, 35, 118, 95, 136, 134, 161, 17, 23, 159, 143, 54, 103, 192, 21, 22, 87, 138, 190, 114, 71, 36, 183, 172, 140, 64, 187, 46, 178, 78, 112, 80, 55, 99, 100, 149, 74, 29, 126, 123, 79, 19, 37, 189, 39, 38, 197, 69, 148, 84, 121, 92, 27, 128, 90, 28, 135, 58, 166, 31, 97, 94, 0, 89, 173, 11, 70, 34, 171, 156, 130, 198, 177, 93, 56, 33, 6, 195, 185, 144, 65, 132, 167, 113, 86, 42, 115, 142, 170]
[26, 8, 24, 160, 106, 174, 75, 96, 98, 7, 157, 10, 2, 141, 72, 52, 169, 188, 9, 122, 20, 67, 110, 116, 193, 66, 196, 4, 131, 61, 25, 68, 133, 180, 48, 85, 137, 165, 107, 151, 145, 45, 168, 83, 57, 51, 162, 53, 153, 176, 163, 184, 49, 158, 105, 139, 182, 44, 91, 150, 18, 199, 101, 129, 43, 147, 40, 77, 154, 12, 1, 108, 41, 119, 124, 13, 63, 81, 47, 194, 50, 155, 120, 146, 127, 111, 14, 32, 5, 3, 82, 181, 117, 88, 59, 164, 73, 179, 175, 60]
40178

[19, 79, 126, 123, 78, 187, 64, 183, 36, 71, 138, 87, 22, 21, 192, 159, 161, 134, 199, 101, 40, 16, 35, 44, 104, 102, 182, 139, 105, 124, 119, 120, 81, 63, 13, 117, 184, 158, 49, 163, 176, 153, 53, 162, 115, 59, 132, 65, 144, 198, 130, 177, 93, 179, 56, 6, 83, 57, 33, 24, 45, 8, 26, 70, 160, 11, 106, 97, 173, 20, 122, 67, 9, 141, 90, 128, 27, 157, 84, 148, 69, 197, 39, 189, 116, 66, 196, 4, 131, 193, 61, 149, 74, 29, 133, 180, 37, 137, 85, 48]
[18, 129, 43, 147, 191, 77, 154, 12, 186, 125, 62, 30, 47, 194, 155, 50, 127, 111, 146, 32, 14, 5, 3, 82, 86, 113, 167, 164, 73, 156, 171, 34, 60, 175, 145, 151, 165, 107, 89, 0, 94, 31, 166, 174, 58, 135, 28, 75, 96, 98, 7, 2, 10, 92, 121, 72, 52, 169, 38, 188, 110, 68, 25, 99, 55, 100, 112, 80, 178, 46, 140, 172, 170, 103, 143, 54, 142, 190, 114, 168, 51, 185, 195, 42, 88, 181, 41, 109, 108, 1, 15, 76, 152, 23, 17, 95, 136, 118, 91, 150]
39397

[132, 65, 167, 113, 86, 3, 111, 127, 120, 155, 50, 194, 30, 186, 16, 191, 40, 147, 101, 43, 129, 199, 91, 118, 95, 136, 161, 23, 17, 77, 1, 108, 109, 32, 82, 181, 158, 49, 103, 170, 87, 46, 123, 64, 140, 183, 36, 71, 168, 57, 83, 6, 56, 93, 33, 24, 145, 20, 122, 9, 188, 189, 116, 39, 193, 68, 61, 131, 4, 196, 66, 197, 69, 148, 38, 169, 52, 72, 157, 27, 128, 90, 96, 75, 58, 166, 174, 106, 97, 173, 11, 160, 70, 60, 34, 171, 156, 130, 198, 144]
[117, 184, 42, 195, 185, 51, 115, 162, 53, 153, 190, 138, 172, 114, 151, 107, 165, 137, 85, 48, 37, 19, 79, 180, 133, 29, 74, 126, 187, 78, 178, 80, 112, 100, 55, 99, 25, 149, 110, 67, 141, 84, 121, 92, 10, 2, 7, 98, 28, 135, 31, 94, 0, 89, 45, 8, 26, 175, 179, 177, 73, 164, 59, 88, 5, 14, 146, 81, 47, 62, 125, 12, 154, 44, 35, 150, 18, 134, 159, 152, 104, 76, 54, 143, 192, 22, 21, 142, 176, 163, 105, 139, 182, 102, 15, 41, 119, 124, 13, 63]
39894

[157, 2, 72, 52, 169, 38, 148, 69, 197, 66, 196, 39, 189, 110, 9, 67, 48, 68, 149, 25, 99, 112, 78, 187, 64, 140, 183, 36, 71, 114, 53, 162, 115, 176, 142, 153, 190, 138, 172, 87, 170, 21, 22, 192, 161, 134, 18, 150, 91, 199, 129, 43, 101, 147, 40, 191, 16, 104, 76, 102, 139, 182, 15, 41, 108, 1, 154, 12, 186, 125, 109, 120, 146, 32, 5, 132, 65, 144, 198, 130, 177, 167, 113, 59, 33, 26, 70, 160, 11, 173, 28, 135, 58, 75, 7, 98, 96, 90, 27, 128]
[107, 165, 122, 141, 10, 92, 121, 84, 188, 116, 193, 4, 131, 61, 55, 80, 178, 46, 123, 126, 100, 74, 29, 133, 85, 137, 180, 79, 19, 37, 151, 145, 45, 8, 24, 168, 6, 83, 57, 51, 195, 185, 88, 42, 184, 117, 105, 158, 49, 163, 54, 103, 143, 159, 152, 23, 17, 95, 136, 118, 35, 44, 77, 62, 30, 47, 194, 155, 50, 127, 111, 14, 81, 63, 119, 124, 13, 181, 82, 3, 86, 164, 73, 56, 93, 179, 175, 60, 34, 156, 171, 106, 174, 166, 31, 97, 94, 0, 89, 20]
38060

[152, 23, 143, 192, 46, 178, 80, 112, 74, 29, 68, 25, 61, 131, 4, 193, 39, 116, 189, 110, 188, 72, 84, 121, 92, 10, 98, 7, 28, 135, 58, 174, 166, 31, 106, 160, 70, 26, 175, 60, 34, 171, 156, 198, 144, 65, 132, 167, 113, 93, 179, 56, 33, 8, 45, 89, 0, 20, 122, 67, 133, 180, 79, 126, 123, 64, 140, 163, 49, 158, 184, 117, 181, 82, 3, 5, 32, 146, 120, 62, 125, 186, 12, 154, 77, 1, 15, 182, 102, 76, 17, 161, 95, 136, 150, 18, 199, 101, 91, 118]
[138, 172, 87, 170, 142, 176, 190, 153, 53, 162, 115, 51, 83, 6, 57, 114, 183, 36, 71, 168, 24, 145, 151, 107, 165, 85, 48, 137, 37, 19, 187, 78, 100, 149, 99, 55, 196, 66, 38, 197, 69, 148, 169, 52, 9, 141, 94, 2, 157, 27, 128, 90, 96, 75, 97, 173, 11, 130, 177, 73, 164, 86, 59, 185, 195, 42, 88, 63, 81, 14, 111, 127, 50, 155, 194, 30, 47, 109, 108, 41, 119, 124, 13, 105, 139, 104, 44, 35, 16, 191, 40, 147, 43, 129, 134, 159, 54, 103, 21, 22]
41235

[8, 24, 33, 160, 11, 173, 94, 10, 92, 157, 27, 128, 90, 96, 75, 58, 166, 31, 97, 70, 60, 34, 171, 156, 198, 144, 65, 132, 167, 113, 73, 164, 59, 86, 3, 82, 181, 124, 119, 146, 32, 5, 14, 111, 127, 120, 125, 12, 154, 1, 108, 41, 15, 102, 76, 104, 17, 40, 147, 43, 129, 18, 150, 134, 161, 159, 143, 103, 142, 163, 42, 195, 185, 51, 115, 162, 53, 57, 168, 71, 36, 64, 100, 61, 193, 116, 131, 4, 196, 66, 197, 69, 148, 72, 121, 84, 165, 107, 145, 45]
[67, 9, 188, 52, 169, 38, 39, 189, 110, 68, 149, 25, 99, 55, 126, 123, 187, 78, 112, 80, 178, 46, 140, 183, 114, 190, 153, 176, 138, 172, 87, 170, 21, 22, 192, 54, 49, 158, 105, 139, 182, 152, 23, 95, 136, 91, 199, 101, 118, 35, 44, 16, 191, 77, 186, 62, 30, 194, 50, 155, 47, 109, 81, 63, 13, 117, 184, 88, 83, 6, 56, 177, 130, 93, 179, 175, 26, 106, 174, 135, 28, 98, 7, 2, 141, 122, 20, 0, 89, 151, 37, 19, 79, 180, 137, 85, 48, 133, 29, 74]
40341

[45, 8, 89, 20, 94, 27, 128, 90, 28, 106, 11, 70, 60, 34, 171, 156, 179, 93, 56, 73, 164, 113, 167, 132, 144, 65, 5, 14, 111, 146, 32, 82, 181, 13, 105, 15, 1, 12, 154, 77, 191, 40, 35, 118, 95, 136, 18, 150, 91, 199, 101, 147, 43, 129, 134, 161, 17, 104, 76, 102, 182, 139, 49, 158, 117, 88, 195, 185, 6, 83, 57, 51, 138, 172, 114, 36, 183, 140, 123, 126, 100, 99, 25, 149, 74, 79, 19, 37, 165, 137, 85, 48, 110, 116, 189, 188, 52, 169, 148, 69]
[72, 84, 121, 92, 10, 157, 2, 7, 98, 96, 75, 135, 58, 174, 166, 31, 97, 0, 173, 160, 26, 175, 130, 198, 177, 59, 86, 3, 63, 81, 120, 127, 50, 155, 194, 47, 30, 62, 109, 41, 119, 124, 108, 125, 186, 16, 44, 23, 152, 159, 192, 143, 54, 163, 184, 42, 115, 162, 53, 153, 190, 176, 142, 103, 21, 22, 170, 87, 46, 178, 80, 55, 61, 131, 4, 196, 66, 197, 38, 39, 193, 68, 133, 180, 29, 112, 78, 187, 64, 71, 168, 33, 24, 145, 151, 107, 67, 9, 141, 122]
41521

[151, 37, 19, 79, 100, 99, 55, 80, 112, 187, 126, 123, 172, 138, 53, 162, 51, 115, 153, 87, 170, 21, 22, 192, 103, 54, 76, 104, 152, 23, 161, 95, 136, 91, 101, 147, 40, 191, 16, 77, 186, 125, 109, 120, 81, 41, 117, 158, 49, 184, 42, 195, 88, 181, 82, 5, 3, 132, 65, 144, 177, 93, 56, 6, 83, 57, 33, 145, 45, 24, 8, 70, 160, 11, 173, 28, 7, 98, 75, 96, 27, 157, 2, 10, 92, 121, 9, 188, 66, 196, 4, 131, 61, 25, 149, 68, 85, 137, 165, 107]
[106, 174, 58, 90, 128, 135, 166, 31, 97, 94, 0, 89, 20, 122, 141, 84, 72, 52, 169, 148, 69, 197, 38, 39, 193, 116, 189, 110, 67, 48, 133, 180, 29, 74, 78, 178, 46, 64, 140, 183, 36, 71, 168, 114, 190, 142, 143, 159, 134, 129, 43, 199, 18, 150, 118, 35, 44, 17, 15, 1, 108, 154, 12, 62, 30, 47, 194, 155, 50, 127, 146, 111, 14, 32, 63, 13, 124, 119, 105, 139, 182, 102, 163, 176, 185, 59, 86, 113, 167, 164, 73, 198, 130, 156, 171, 34, 60, 179, 175, 26]
39047

[171, 156, 34, 60, 70, 11, 173, 97, 94, 0, 122, 141, 2, 7, 28, 135, 58, 75, 98, 96, 90, 128, 27, 157, 10, 92, 121, 84, 72, 52, 169, 148, 69, 197, 38, 39, 193, 66, 196, 4, 131, 61, 55, 99, 25, 68, 85, 137, 165, 107, 151, 37, 74, 149, 100, 126, 123, 187, 64, 140, 183, 36, 71, 145, 45, 26, 175, 6, 83, 51, 115, 162, 176, 143, 159, 136, 150, 18, 101, 147, 40, 191, 16, 15, 105, 117, 88, 86, 113, 167, 132, 144, 65, 3, 82, 181, 5, 32, 14, 111]
[118, 91, 199, 43, 129, 134, 161, 17, 104, 23, 152, 76, 102, 182, 139, 54, 103, 192, 21, 22, 87, 170, 142, 163, 49, 158, 184, 42, 195, 185, 57, 168, 114, 53, 153, 190, 138, 172, 46, 178, 80, 112, 78, 79, 19, 180, 29, 133, 48, 67, 110, 116, 189, 188, 9, 20, 89, 31, 166, 174, 106, 160, 8, 24, 33, 56, 179, 93, 177, 130, 198, 73, 164, 59, 13, 124, 119, 41, 108, 1, 109, 63, 81, 120, 146, 127, 50, 155, 194, 47, 30, 62, 125, 186, 12, 154, 77, 44, 35, 95]
39677

[7, 75, 31, 97, 94, 0, 141, 122, 20, 89, 173, 11, 160, 8, 24, 45, 145, 151, 107, 165, 133, 180, 29, 74, 68, 149, 100, 126, 123, 187, 64, 183, 36, 114, 51, 115, 42, 195, 185, 59, 164, 73, 93, 177, 198, 144, 65, 132, 86, 88, 184, 117, 124, 119, 108, 1, 44, 35, 118, 91, 150, 18, 136, 95, 17, 54, 103, 192, 22, 21, 170, 87, 138, 172, 140, 46, 80, 178, 78, 112, 55, 99, 25, 61, 131, 4, 193, 39, 38, 169, 52, 72, 121, 92, 157, 27, 128, 90, 96, 98]
[84, 148, 69, 197, 66, 196, 116, 189, 188, 110, 9, 67, 48, 85, 137, 37, 19, 79, 71, 53, 162, 153, 190, 176, 142, 163, 49, 158, 105, 139, 182, 102, 15, 76, 104, 23, 152, 143, 159, 161, 134, 129, 43, 199, 101, 147, 40, 191, 16, 77, 154, 12, 186, 125, 62, 30, 47, 194, 50, 155, 109, 41, 81, 120, 146, 127, 111, 14, 5, 32, 63, 13, 181, 82, 3, 113, 167, 130, 156, 171, 34, 60, 175, 179, 56, 6, 83, 57, 168, 33, 26, 70, 106, 174, 166, 58, 135, 28, 2, 10]
36919

[57, 83, 6, 33, 56, 177, 130, 175, 26, 8, 70, 160, 11, 106, 174, 166, 31, 94, 122, 52, 169, 188, 189, 116, 39, 38, 148, 69, 197, 66, 196, 4, 131, 99, 55, 100, 74, 29, 48, 85, 137, 165, 37, 19, 79, 126, 187, 78, 112, 80, 178, 46, 172, 138, 87, 170, 142, 102, 76, 152, 23, 104, 17, 134, 18, 150, 199, 129, 43, 147, 101, 91, 118, 35, 44, 16, 40, 191, 77, 186, 125, 62, 12, 154, 1, 108, 41, 119, 86, 113, 167, 73, 164, 59, 185, 195, 51, 115, 53, 162]
[190, 176, 153, 114, 168, 71, 36, 183, 140, 64, 123, 149, 68, 25, 61, 193, 110, 67, 9, 141, 72, 84, 121, 92, 10, 2, 157, 27, 128, 90, 96, 75, 98, 7, 28, 135, 58, 97, 173, 0, 89, 20, 107, 133, 180, 151, 145, 45, 24, 179, 93, 60, 34, 171, 156, 198, 144, 65, 132, 3, 5, 82, 181, 13, 124, 63, 81, 146, 32, 14, 111, 127, 50, 194, 155, 120, 47, 30, 109, 15, 95, 136, 161, 159, 143, 192, 22, 21, 103, 54, 49, 158, 139, 182, 105, 117, 88, 42, 184, 163]
38302

[170, 21, 22, 87, 190, 153, 162, 53, 114, 71, 36, 183, 140, 64, 46, 178, 80, 112, 78, 187, 123, 126, 100, 149, 74, 29, 133, 180, 79, 19, 37, 20, 141, 84, 121, 92, 10, 2, 7, 98, 75, 135, 58, 174, 166, 31, 97, 8, 33, 168, 115, 51, 179, 93, 177, 198, 113, 86, 42, 184, 163, 49, 158, 105, 117, 119, 124, 13, 63, 81, 120, 155, 194, 30, 125, 186, 12, 154, 1, 77, 191, 40, 147, 43, 101, 18, 150, 136, 95, 161, 17, 104, 76, 23, 152, 159, 192, 143, 54, 103]
[68, 25, 99, 55, 193, 39, 116, 189, 110, 67, 9, 122, 85, 48, 137, 165, 107, 151, 145, 45, 24, 26, 175, 56, 6, 83, 57, 73, 164, 59, 185, 195, 88, 181, 41, 109, 108, 15, 182, 139, 176, 172, 138, 142, 102, 44, 35, 134, 129, 199, 91, 118, 16, 62, 47, 50, 127, 111, 14, 146, 32, 5, 82, 3, 167, 132, 65, 144, 130, 156, 171, 34, 60, 70, 160, 106, 11, 173, 89, 0, 94, 28, 96, 90, 128, 27, 157, 72, 188, 52, 169, 148, 69, 197, 38, 66, 196, 4, 131, 61]
39901

[115, 153, 53, 162, 51, 57, 83, 6, 195, 185, 59, 86, 113, 167, 132, 65, 164, 73, 156, 171, 70, 160, 11, 97, 96, 90, 128, 27, 157, 2, 94, 0, 188, 52, 169, 197, 66, 196, 4, 131, 61, 68, 29, 180, 133, 165, 107, 145, 45, 24, 8, 33, 93, 56, 168, 123, 64, 172, 138, 87, 22, 21, 170, 54, 49, 158, 184, 117, 119, 124, 13, 63, 109, 47, 62, 12, 154, 77, 191, 40, 147, 43, 101, 118, 95, 136, 18, 150, 91, 199, 129, 134, 161, 104, 76, 15, 102, 182, 139, 105]
[36, 71, 114, 190, 176, 142, 103, 192, 159, 35, 16, 44, 17, 23, 152, 143, 163, 42, 88, 181, 82, 32, 81, 41, 108, 1, 125, 186, 30, 194, 50, 155, 120, 146, 127, 111, 14, 5, 3, 144, 198, 130, 177, 179, 175, 26, 60, 34, 106, 31, 166, 174, 58, 135, 75, 98, 7, 28, 173, 89, 20, 122, 141, 10, 92, 121, 84, 72, 9, 67, 110, 189, 116, 38, 148, 69, 39, 193, 25, 99, 55, 100, 149, 74, 48, 85, 137, 151, 37, 19, 79, 126, 187, 78, 112, 80, 178, 46, 140, 183]
40320

[155, 194, 50, 127, 111, 14, 5, 3, 82, 181, 32, 146, 81, 63, 13, 124, 105, 182, 139, 158, 49, 163, 57, 83, 185, 195, 42, 88, 86, 113, 59, 164, 73, 177, 93, 179, 56, 6, 33, 26, 8, 24, 45, 20, 89, 0, 94, 28, 7, 2, 10, 92, 141, 122, 9, 84, 72, 52, 188, 110, 189, 66, 196, 4, 131, 61, 68, 67, 48, 85, 137, 133, 180, 29, 79, 19, 37, 165, 107, 151, 145, 71, 36, 183, 140, 172, 87, 143, 159, 161, 136, 95, 17, 104, 76, 102, 15, 109, 47, 120]
[16, 191, 40, 147, 43, 129, 101, 199, 134, 18, 150, 91, 118, 35, 44, 23, 152, 77, 186, 125, 30, 62, 12, 154, 1, 108, 41, 119, 117, 184, 54, 103, 192, 22, 21, 170, 142, 176, 153, 53, 162, 115, 51, 168, 114, 190, 138, 46, 178, 80, 112, 78, 187, 64, 123, 126, 74, 149, 100, 55, 99, 25, 193, 116, 39, 38, 197, 69, 148, 169, 121, 157, 27, 128, 90, 96, 98, 75, 135, 58, 174, 166, 31, 97, 106, 11, 173, 160, 70, 175, 60, 34, 171, 156, 130, 198, 144, 65, 132, 167]
40344

[127, 111, 14, 146, 81, 120, 155, 50, 194, 47, 30, 62, 125, 186, 16, 191, 40, 147, 43, 134, 159, 143, 54, 103, 192, 170, 190, 153, 115, 51, 57, 168, 8, 160, 173, 89, 165, 85, 48, 137, 37, 180, 133, 29, 74, 68, 25, 61, 131, 4, 196, 66, 197, 69, 148, 38, 39, 189, 188, 169, 52, 121, 92, 10, 141, 122, 20, 0, 94, 7, 28, 97, 11, 70, 34, 60, 175, 179, 93, 56, 177, 198, 144, 65, 132, 167, 113, 86, 164, 73, 59, 185, 82, 181, 13, 124, 63, 32, 5, 3]
[45, 24, 19, 79, 123, 126, 100, 149, 99, 55, 80, 112, 78, 178, 46, 187, 64, 140, 183, 36, 71, 114, 172, 138, 22, 21, 87, 53, 162, 176, 142, 152, 23, 76, 104, 17, 161, 95, 136, 91, 150, 18, 129, 199, 101, 118, 35, 44, 77, 154, 12, 109, 41, 119, 108, 1, 15, 102, 182, 139, 105, 117, 88, 184, 158, 49, 163, 42, 195, 83, 6, 33, 26, 130, 156, 171, 106, 31, 166, 174, 58, 135, 75, 98, 96, 90, 128, 27, 157, 2, 84, 72, 116, 193, 110, 67, 9, 107, 151, 145]
39960

[7, 10, 92, 121, 84, 72, 122, 20, 89, 107, 151, 180, 133, 68, 193, 116, 189, 39, 148, 69, 197, 66, 196, 4, 131, 61, 25, 99, 55, 112, 140, 183, 36, 71, 168, 33, 6, 83, 57, 51, 115, 162, 176, 49, 158, 184, 105, 139, 182, 102, 76, 17, 161, 136, 150, 18, 129, 43, 147, 40, 118, 95, 35, 16, 191, 186, 125, 109, 41, 119, 63, 32, 5, 3, 82, 86, 113, 167, 132, 65, 144, 177, 56, 93, 179, 175, 60, 34, 26, 8, 24, 45, 145, 106, 174, 166, 58, 75, 135, 28]
[50, 155, 194, 47, 30, 62, 12, 154, 77, 44, 101, 199, 91, 134, 159, 143, 152, 23, 104, 15, 1, 108, 124, 13, 117, 42, 163, 54, 142, 170, 103, 192, 21, 22, 87, 138, 190, 153, 53, 114, 172, 46, 80, 178, 78, 187, 64, 123, 126, 100, 149, 74, 29, 79, 19, 37, 165, 137, 85, 48, 67, 110, 188, 38, 169, 52, 9, 141, 2, 157, 27, 128, 90, 96, 98, 31, 97, 94, 0, 173, 11, 160, 70, 171, 156, 130, 198, 73, 164, 59, 185, 195, 88, 181, 81, 120, 127, 111, 14, 146]
38733

[187, 78, 112, 178, 80, 55, 99, 61, 131, 4, 196, 66, 197, 69, 148, 193, 68, 25, 100, 149, 74, 29, 79, 180, 133, 48, 85, 137, 165, 107, 151, 145, 89, 0, 94, 28, 7, 98, 128, 90, 96, 75, 58, 135, 97, 173, 11, 160, 70, 45, 24, 8, 26, 60, 171, 156, 177, 93, 179, 175, 56, 73, 164, 59, 88, 32, 14, 111, 127, 50, 155, 194, 47, 30, 62, 125, 186, 12, 41, 119, 124, 1, 154, 77, 95, 136, 161, 17, 23, 152, 143, 192, 103, 54, 142, 176, 190, 138, 172, 46]
[49, 158, 163, 170, 87, 22, 21, 159, 134, 18, 150, 118, 91, 199, 129, 43, 101, 147, 40, 191, 16, 35, 44, 104, 76, 15, 108, 109, 120, 146, 81, 63, 13, 181, 82, 5, 3, 86, 113, 167, 132, 65, 144, 198, 130, 34, 106, 174, 166, 31, 20, 122, 67, 9, 141, 2, 27, 157, 10, 92, 121, 84, 72, 52, 169, 188, 38, 39, 116, 189, 110, 37, 19, 126, 123, 64, 140, 183, 36, 71, 114, 153, 53, 162, 115, 51, 168, 33, 6, 83, 57, 185, 195, 42, 184, 117, 105, 139, 182, 102]
38213

[177, 198, 144, 65, 132, 167, 113, 82, 14, 111, 120, 47, 62, 12, 154, 77, 44, 35, 118, 91, 199, 43, 129, 18, 150, 136, 95, 161, 17, 23, 152, 104, 109, 41, 119, 117, 105, 158, 49, 184, 163, 54, 143, 103, 138, 172, 190, 153, 176, 51, 195, 185, 57, 168, 71, 36, 64, 187, 78, 123, 126, 79, 29, 74, 100, 25, 61, 131, 4, 196, 66, 169, 52, 72, 84, 121, 92, 10, 157, 27, 128, 90, 96, 2, 141, 122, 20, 45, 160, 11, 106, 70, 26, 175, 179, 60, 34, 171, 156, 130]
[38, 148, 69, 197, 39, 189, 116, 193, 68, 149, 99, 55, 80, 112, 178, 46, 140, 183, 114, 53, 162, 115, 42, 88, 181, 63, 13, 124, 108, 1, 15, 76, 102, 182, 139, 142, 170, 87, 22, 21, 192, 159, 134, 101, 147, 40, 191, 16, 186, 125, 30, 194, 155, 50, 127, 146, 81, 32, 5, 3, 86, 59, 164, 73, 93, 56, 6, 83, 33, 8, 24, 145, 151, 37, 19, 180, 133, 48, 85, 137, 165, 107, 89, 0, 173, 97, 31, 166, 174, 58, 135, 75, 98, 7, 28, 94, 9, 67, 110, 188]
39168

[186, 62, 30, 120, 146, 32, 3, 65, 144, 132, 164, 73, 177, 198, 130, 93, 179, 175, 156, 171, 34, 60, 26, 70, 160, 173, 11, 106, 174, 58, 75, 7, 98, 96, 90, 128, 27, 157, 92, 121, 84, 141, 122, 20, 89, 107, 151, 165, 137, 85, 48, 29, 74, 67, 9, 38, 148, 69, 197, 66, 196, 61, 68, 149, 25, 99, 55, 100, 112, 80, 178, 183, 36, 71, 45, 24, 8, 33, 56, 6, 185, 88, 158, 49, 163, 153, 190, 87, 170, 103, 152, 23, 17, 104, 76, 15, 124, 119, 108, 125]
[133, 110, 188, 189, 116, 193, 131, 4, 39, 169, 52, 72, 10, 2, 28, 135, 166, 31, 97, 94, 0, 145, 168, 114, 57, 83, 59, 167, 113, 86, 181, 82, 5, 14, 111, 127, 50, 155, 194, 47, 109, 41, 81, 63, 13, 1, 12, 154, 77, 44, 35, 95, 136, 118, 16, 191, 40, 147, 43, 129, 199, 101, 91, 150, 18, 134, 161, 159, 192, 22, 21, 142, 176, 54, 143, 102, 182, 139, 105, 117, 184, 42, 195, 51, 115, 162, 53, 138, 172, 140, 46, 78, 187, 64, 123, 126, 79, 19, 37, 180]
40192

[83, 57, 168, 114, 172, 138, 87, 103, 143, 159, 161, 35, 44, 77, 1, 108, 109, 62, 30, 47, 127, 111, 14, 81, 63, 13, 117, 124, 119, 41, 15, 102, 182, 139, 105, 158, 49, 54, 163, 42, 51, 195, 185, 59, 132, 65, 144, 198, 177, 130, 156, 171, 34, 60, 179, 175, 8, 24, 45, 145, 151, 37, 19, 79, 180, 133, 29, 71, 36, 183, 64, 187, 80, 55, 61, 131, 4, 193, 169, 52, 72, 84, 121, 92, 10, 7, 135, 58, 174, 166, 31, 97, 94, 122, 20, 89, 0, 173, 11, 160]
[2, 157, 27, 128, 90, 96, 75, 98, 28, 106, 70, 26, 33, 6, 56, 93, 73, 164, 167, 113, 86, 88, 184, 181, 82, 3, 5, 32, 146, 120, 155, 50, 194, 125, 186, 12, 154, 16, 191, 40, 147, 43, 129, 199, 101, 91, 150, 18, 134, 136, 118, 95, 17, 104, 76, 23, 152, 192, 22, 21, 170, 142, 176, 190, 153, 115, 162, 53, 140, 46, 178, 112, 78, 123, 126, 74, 149, 100, 99, 25, 68, 48, 137, 107, 165, 85, 110, 189, 116, 196, 66, 197, 69, 148, 38, 39, 188, 67, 9, 141]
39702

[199, 101, 129, 43, 147, 35, 118, 95, 136, 91, 150, 18, 134, 161, 23, 159, 192, 143, 152, 76, 104, 15, 119, 81, 120, 146, 32, 63, 13, 124, 105, 139, 117, 184, 42, 163, 176, 115, 162, 53, 153, 190, 172, 140, 178, 78, 187, 183, 36, 114, 71, 79, 180, 133, 151, 107, 20, 165, 137, 85, 110, 189, 188, 72, 84, 141, 94, 28, 7, 98, 27, 128, 90, 96, 75, 58, 174, 175, 60, 34, 171, 156, 130, 198, 181, 82, 5, 14, 111, 127, 50, 155, 194, 47, 30, 62, 125, 186, 191, 40]
[149, 68, 100, 25, 61, 131, 4, 196, 66, 193, 116, 39, 38, 197, 69, 148, 169, 52, 121, 92, 10, 157, 2, 135, 166, 31, 97, 106, 70, 26, 33, 57, 83, 6, 56, 179, 93, 177, 144, 65, 132, 3, 86, 113, 167, 73, 164, 59, 88, 185, 195, 51, 168, 145, 45, 24, 8, 160, 11, 173, 0, 89, 122, 9, 67, 48, 37, 19, 29, 74, 126, 123, 64, 138, 142, 49, 158, 102, 182, 41, 109, 108, 1, 12, 154, 77, 16, 44, 17, 54, 103, 170, 21, 22, 87, 46, 80, 112, 55, 99]
41863

[9, 122, 141, 94, 28, 7, 98, 106, 60, 34, 171, 156, 130, 198, 177, 73, 144, 65, 132, 167, 113, 86, 88, 3, 5, 14, 32, 146, 111, 127, 50, 155, 194, 186, 16, 44, 35, 118, 91, 129, 134, 161, 17, 104, 15, 41, 119, 124, 13, 158, 49, 163, 54, 170, 87, 142, 176, 153, 190, 114, 36, 71, 168, 57, 83, 6, 56, 33, 24, 145, 37, 19, 79, 183, 140, 123, 126, 100, 149, 68, 25, 61, 193, 116, 131, 4, 196, 66, 197, 69, 148, 188, 67, 48, 85, 137, 133, 180, 29, 74]
[150, 136, 95, 23, 159, 192, 22, 21, 103, 143, 152, 76, 102, 182, 139, 105, 184, 42, 51, 115, 162, 53, 138, 172, 46, 64, 187, 78, 112, 178, 80, 55, 99, 110, 189, 39, 38, 169, 52, 72, 84, 121, 92, 10, 2, 157, 27, 128, 90, 96, 75, 135, 58, 174, 166, 31, 97, 173, 11, 70, 160, 0, 89, 20, 107, 165, 151, 45, 8, 26, 175, 179, 93, 164, 59, 185, 195, 117, 181, 82, 63, 81, 120, 109, 108, 1, 47, 30, 62, 125, 12, 154, 77, 191, 40, 147, 43, 101, 199, 18]
38911

[75, 98, 7, 28, 135, 58, 174, 166, 31, 97, 106, 11, 70, 26, 175, 93, 177, 144, 65, 132, 167, 113, 86, 3, 5, 14, 111, 127, 120, 155, 50, 194, 47, 30, 62, 125, 186, 12, 109, 41, 81, 63, 13, 124, 119, 117, 105, 182, 102, 76, 104, 17, 95, 136, 134, 192, 87, 138, 172, 46, 178, 80, 112, 78, 187, 64, 140, 183, 114, 53, 162, 115, 51, 57, 168, 71, 36, 79, 29, 180, 133, 48, 137, 85, 110, 189, 188, 67, 9, 122, 20, 141, 84, 121, 92, 157, 27, 128, 90, 96]
[123, 126, 74, 68, 149, 100, 55, 99, 25, 61, 131, 4, 196, 66, 193, 116, 39, 38, 197, 69, 148, 169, 52, 72, 10, 2, 94, 0, 89, 173, 160, 8, 24, 45, 145, 151, 107, 165, 37, 19, 33, 83, 6, 56, 179, 60, 34, 171, 156, 130, 198, 73, 164, 59, 82, 32, 146, 181, 88, 185, 195, 42, 184, 163, 49, 158, 139, 15, 1, 108, 154, 77, 16, 191, 40, 44, 35, 118, 101, 147, 43, 129, 199, 91, 150, 18, 161, 23, 152, 159, 143, 103, 54, 176, 153, 190, 142, 170, 21, 22]
37867

[50, 194, 155, 120, 127, 111, 14, 32, 5, 82, 63, 109, 41, 119, 105, 139, 182, 102, 158, 49, 163, 42, 195, 83, 6, 56, 73, 164, 113, 167, 132, 65, 144, 198, 156, 171, 106, 174, 75, 96, 90, 128, 27, 7, 28, 94, 89, 145, 37, 19, 79, 29, 180, 133, 48, 67, 9, 52, 169, 66, 196, 4, 131, 25, 99, 55, 126, 187, 78, 112, 80, 178, 46, 140, 183, 36, 172, 138, 176, 142, 21, 22, 192, 143, 159, 161, 134, 150, 18, 129, 199, 118, 35, 16, 191, 154, 12, 186, 125, 30]
[81, 146, 3, 86, 181, 13, 124, 117, 184, 88, 185, 59, 177, 130, 93, 179, 175, 33, 57, 168, 45, 24, 8, 26, 60, 34, 70, 160, 11, 173, 0, 97, 31, 166, 58, 135, 98, 157, 10, 92, 121, 84, 2, 20, 107, 151, 165, 137, 85, 122, 141, 72, 188, 110, 189, 116, 38, 148, 69, 197, 39, 193, 61, 68, 149, 100, 74, 123, 64, 71, 114, 53, 162, 51, 115, 153, 190, 87, 170, 103, 54, 152, 23, 17, 104, 76, 15, 108, 1, 77, 44, 95, 136, 91, 101, 43, 147, 40, 62, 47]
41875

[5, 14, 111, 127, 50, 155, 194, 47, 30, 62, 1, 108, 109, 81, 120, 146, 32, 86, 164, 73, 59, 88, 42, 184, 117, 105, 182, 15, 104, 17, 40, 147, 43, 101, 199, 129, 134, 192, 22, 21, 142, 176, 115, 51, 33, 8, 24, 45, 145, 89, 20, 107, 180, 123, 64, 140, 172, 46, 178, 80, 112, 78, 187, 126, 74, 29, 133, 48, 67, 110, 188, 189, 116, 39, 38, 148, 169, 52, 72, 84, 121, 92, 10, 7, 28, 135, 31, 97, 94, 0, 173, 11, 106, 160, 70, 26, 175, 179, 93, 65]
[163, 49, 158, 139, 102, 76, 54, 103, 143, 159, 152, 23, 161, 95, 136, 18, 150, 91, 118, 35, 44, 16, 191, 77, 154, 12, 186, 125, 41, 119, 124, 13, 63, 181, 82, 3, 132, 167, 113, 185, 195, 57, 83, 6, 56, 177, 144, 198, 130, 156, 171, 34, 60, 174, 166, 58, 75, 98, 96, 90, 128, 27, 157, 2, 141, 122, 9, 69, 197, 66, 196, 4, 131, 193, 61, 25, 99, 55, 100, 149, 68, 85, 137, 165, 151, 37, 19, 79, 183, 36, 71, 168, 114, 138, 87, 170, 190, 153, 53, 162]
39145

[86, 3, 5, 32, 146, 14, 111, 127, 50, 194, 155, 120, 81, 63, 13, 117, 184, 163, 49, 158, 139, 182, 105, 124, 119, 41, 109, 47, 30, 62, 108, 1, 12, 154, 77, 191, 40, 147, 101, 43, 129, 199, 91, 150, 18, 136, 95, 161, 17, 104, 23, 54, 142, 176, 162, 53, 115, 51, 195, 185, 57, 168, 71, 36, 183, 140, 46, 64, 123, 187, 78, 112, 178, 80, 55, 99, 25, 100, 126, 79, 151, 145, 45, 70, 106, 174, 58, 75, 98, 96, 90, 128, 27, 157, 84, 72, 52, 169, 38, 188]
[132, 167, 113, 73, 164, 59, 6, 83, 114, 172, 138, 87, 22, 21, 192, 134, 118, 35, 44, 16, 186, 125, 15, 102, 76, 152, 159, 143, 103, 170, 190, 153, 42, 88, 181, 82, 65, 144, 198, 177, 130, 156, 171, 34, 60, 26, 175, 179, 93, 56, 33, 24, 8, 160, 11, 173, 97, 31, 166, 135, 7, 28, 0, 94, 2, 10, 92, 121, 141, 9, 67, 122, 20, 89, 107, 165, 137, 85, 48, 180, 133, 110, 189, 116, 39, 148, 69, 197, 66, 196, 4, 131, 193, 61, 68, 149, 74, 29, 19, 37]
41456

[82, 88, 185, 59, 56, 175, 26, 70, 160, 11, 106, 174, 75, 7, 98, 96, 90, 128, 27, 157, 121, 84, 72, 52, 169, 67, 107, 151, 145, 45, 24, 6, 83, 57, 195, 42, 163, 176, 190, 153, 115, 51, 162, 53, 114, 71, 37, 19, 79, 112, 80, 46, 22, 21, 192, 152, 23, 104, 17, 161, 95, 136, 18, 150, 91, 118, 35, 77, 154, 12, 186, 125, 62, 30, 47, 194, 50, 155, 120, 127, 146, 81, 63, 13, 124, 119, 41, 109, 108, 1, 15, 102, 182, 139, 105, 158, 49, 184, 117, 181]
[164, 167, 113, 86, 32, 111, 14, 5, 3, 132, 65, 144, 198, 130, 156, 171, 34, 60, 8, 20, 89, 0, 94, 173, 97, 31, 166, 58, 135, 28, 2, 10, 92, 141, 9, 122, 165, 137, 85, 48, 180, 29, 74, 133, 110, 188, 189, 116, 39, 38, 148, 69, 197, 66, 196, 4, 131, 193, 61, 55, 99, 25, 68, 149, 100, 126, 123, 78, 178, 187, 64, 140, 183, 36, 172, 87, 170, 103, 143, 159, 134, 199, 129, 43, 101, 147, 40, 191, 16, 44, 76, 54, 142, 138, 168, 33, 179, 93, 177, 73]
39326

[56, 6, 83, 57, 168, 71, 36, 145, 33, 93, 179, 175, 26, 70, 173, 97, 31, 166, 28, 94, 0, 141, 9, 188, 169, 39, 4, 131, 61, 193, 116, 189, 110, 67, 122, 165, 137, 85, 48, 133, 180, 37, 19, 79, 126, 123, 187, 178, 46, 64, 140, 172, 138, 87, 170, 53, 162, 115, 163, 49, 158, 184, 117, 105, 139, 182, 102, 76, 104, 17, 23, 152, 143, 192, 159, 161, 136, 95, 118, 35, 186, 125, 12, 154, 1, 108, 63, 181, 82, 3, 132, 65, 144, 198, 177, 130, 156, 60, 34, 171]
[73, 164, 167, 113, 86, 59, 185, 195, 51, 42, 88, 5, 14, 111, 127, 146, 32, 81, 120, 155, 50, 194, 47, 30, 62, 109, 41, 119, 13, 124, 15, 77, 44, 16, 191, 40, 147, 43, 129, 199, 101, 91, 150, 18, 134, 22, 21, 103, 54, 142, 176, 153, 190, 114, 183, 29, 74, 78, 112, 80, 55, 99, 25, 100, 149, 68, 196, 66, 38, 197, 69, 148, 52, 72, 84, 121, 92, 10, 2, 157, 27, 128, 90, 96, 98, 7, 75, 135, 58, 174, 106, 11, 160, 8, 24, 45, 89, 20, 151, 107]
40133

[153, 190, 114, 71, 36, 46, 178, 80, 112, 78, 187, 74, 29, 133, 180, 37, 151, 107, 165, 137, 85, 48, 68, 61, 193, 116, 39, 197, 69, 148, 38, 188, 169, 52, 72, 84, 121, 92, 10, 157, 27, 135, 58, 31, 94, 0, 173, 160, 70, 26, 60, 34, 171, 156, 130, 177, 198, 144, 73, 164, 59, 88, 163, 42, 195, 185, 83, 6, 33, 24, 45, 145, 168, 57, 51, 115, 162, 53, 176, 142, 54, 152, 23, 104, 76, 49, 158, 105, 15, 12, 154, 77, 16, 91, 150, 18, 192, 21, 22, 87]
[134, 199, 101, 129, 43, 147, 40, 191, 186, 125, 62, 30, 47, 194, 155, 50, 127, 111, 146, 32, 14, 5, 3, 65, 132, 167, 113, 86, 82, 181, 63, 13, 124, 119, 81, 120, 109, 41, 108, 1, 117, 184, 139, 182, 102, 17, 44, 35, 118, 95, 136, 161, 159, 143, 103, 170, 138, 172, 183, 140, 64, 123, 126, 79, 19, 122, 20, 89, 8, 56, 93, 179, 175, 11, 97, 106, 174, 166, 28, 7, 98, 75, 96, 90, 128, 2, 141, 9, 67, 110, 189, 66, 196, 4, 131, 55, 99, 25, 149, 100]
41803

[103, 21, 170, 142, 176, 115, 153, 190, 114, 36, 183, 140, 46, 80, 178, 78, 112, 100, 74, 29, 180, 133, 149, 25, 99, 55, 131, 4, 196, 66, 116, 189, 188, 110, 9, 122, 141, 2, 157, 27, 128, 90, 96, 98, 7, 75, 58, 174, 166, 31, 135, 28, 94, 97, 106, 34, 171, 156, 130, 198, 177, 93, 179, 33, 8, 24, 45, 145, 107, 137, 85, 48, 37, 71, 168, 6, 83, 57, 51, 42, 163, 49, 54, 161, 150, 199, 129, 43, 147, 101, 91, 118, 35, 40, 191, 16, 77, 1, 108, 15]
[89, 20, 10, 92, 121, 84, 72, 52, 169, 148, 69, 197, 38, 39, 193, 61, 68, 67, 165, 151, 19, 79, 126, 123, 187, 64, 172, 138, 53, 162, 87, 22, 192, 143, 159, 134, 18, 136, 95, 44, 17, 23, 152, 104, 76, 102, 182, 139, 105, 158, 184, 117, 119, 124, 13, 63, 32, 146, 81, 41, 109, 154, 12, 186, 125, 62, 30, 47, 194, 50, 155, 120, 127, 111, 14, 5, 3, 82, 181, 88, 86, 113, 167, 132, 65, 144, 73, 164, 59, 185, 195, 56, 175, 60, 26, 70, 160, 11, 173, 0]
38424

[79, 19, 37, 145, 70, 160, 11, 173, 97, 106, 31, 166, 174, 58, 135, 28, 7, 98, 75, 96, 90, 128, 27, 157, 94, 0, 20, 122, 141, 9, 52, 169, 148, 38, 39, 189, 110, 137, 165, 107, 151, 133, 180, 123, 64, 140, 172, 138, 190, 153, 53, 162, 115, 163, 184, 158, 139, 182, 49, 54, 103, 170, 87, 22, 21, 192, 143, 152, 23, 17, 12, 186, 125, 62, 109, 41, 119, 124, 13, 63, 81, 32, 82, 181, 88, 86, 59, 164, 73, 167, 132, 65, 144, 156, 171, 34, 60, 56, 168, 71]
[161, 134, 159, 142, 176, 42, 195, 185, 51, 83, 6, 57, 114, 36, 183, 46, 178, 80, 112, 78, 187, 126, 100, 55, 99, 25, 68, 149, 74, 29, 48, 85, 67, 188, 116, 193, 61, 131, 4, 196, 66, 197, 69, 72, 84, 121, 92, 10, 2, 89, 45, 24, 8, 33, 26, 175, 179, 93, 177, 130, 198, 113, 3, 5, 14, 111, 146, 127, 50, 155, 194, 30, 47, 120, 117, 105, 102, 76, 104, 15, 1, 108, 154, 77, 16, 191, 40, 147, 43, 129, 199, 101, 91, 150, 18, 136, 95, 118, 35, 44]
39078

[23, 152, 143, 103, 142, 176, 114, 71, 36, 183, 123, 126, 100, 149, 189, 116, 39, 38, 197, 69, 148, 169, 52, 188, 110, 9, 141, 72, 84, 121, 92, 10, 7, 28, 135, 174, 106, 11, 173, 89, 122, 67, 48, 85, 137, 133, 180, 29, 79, 19, 37, 151, 107, 145, 45, 8, 24, 168, 57, 83, 33, 26, 60, 175, 179, 93, 177, 167, 113, 86, 88, 42, 117, 184, 163, 49, 158, 76, 102, 182, 139, 105, 119, 124, 63, 32, 146, 81, 120, 47, 109, 108, 12, 154, 77, 44, 35, 118, 95, 17]
[170, 54, 104, 15, 1, 41, 13, 181, 82, 3, 5, 14, 111, 127, 50, 155, 194, 30, 62, 125, 186, 16, 191, 40, 147, 43, 129, 199, 101, 91, 150, 18, 136, 134, 161, 159, 192, 21, 22, 87, 138, 190, 153, 53, 162, 115, 51, 195, 185, 6, 56, 59, 164, 73, 132, 65, 144, 198, 130, 156, 171, 34, 70, 160, 97, 31, 166, 58, 75, 98, 96, 90, 128, 27, 157, 2, 94, 0, 20, 165, 74, 68, 193, 66, 196, 4, 131, 61, 25, 99, 55, 80, 178, 112, 78, 187, 64, 46, 172, 140]
38778

[163, 42, 88, 185, 195, 51, 57, 33, 26, 175, 93, 177, 130, 198, 144, 65, 132, 167, 113, 3, 5, 82, 181, 124, 119, 81, 120, 155, 50, 194, 47, 30, 62, 109, 108, 1, 15, 182, 102, 76, 104, 154, 12, 125, 186, 77, 44, 16, 191, 40, 147, 101, 199, 43, 129, 18, 150, 134, 159, 143, 54, 103, 87, 138, 172, 140, 64, 123, 187, 46, 80, 178, 78, 112, 193, 39, 38, 188, 141, 2, 157, 28, 94, 0, 173, 11, 89, 20, 122, 107, 151, 165, 137, 180, 79, 19, 71, 168, 162, 115]
[37, 145, 45, 24, 8, 70, 160, 97, 31, 166, 135, 7, 98, 27, 128, 90, 96, 75, 58, 174, 106, 34, 171, 156, 60, 179, 56, 6, 83, 59, 73, 164, 86, 117, 13, 63, 32, 14, 111, 127, 146, 41, 105, 139, 184, 158, 49, 152, 23, 17, 35, 118, 91, 136, 95, 161, 192, 22, 21, 170, 142, 176, 190, 153, 53, 114, 36, 183, 126, 74, 29, 133, 48, 85, 67, 9, 10, 92, 121, 84, 72, 52, 169, 148, 69, 197, 66, 196, 4, 131, 116, 189, 110, 68, 149, 25, 61, 99, 55, 100]
40937

[40, 147, 101, 199, 18, 150, 136, 161, 95, 35, 44, 17, 104, 23, 152, 76, 15, 41, 109, 81, 119, 124, 13, 63, 32, 14, 5, 3, 86, 113, 167, 198, 130, 177, 93, 179, 175, 26, 24, 8, 160, 11, 173, 97, 28, 7, 98, 75, 96, 90, 128, 27, 94, 0, 89, 20, 45, 145, 151, 37, 100, 149, 68, 61, 25, 99, 55, 123, 64, 71, 168, 57, 83, 6, 56, 185, 195, 42, 51, 115, 162, 53, 153, 190, 114, 138, 87, 170, 21, 22, 192, 159, 143, 103, 54, 142, 176, 163, 102, 182]
[181, 82, 146, 111, 127, 120, 155, 50, 194, 47, 30, 62, 125, 186, 191, 43, 129, 134, 91, 118, 16, 77, 154, 12, 1, 108, 105, 139, 158, 49, 184, 117, 88, 59, 164, 73, 132, 65, 144, 156, 171, 34, 60, 106, 174, 166, 58, 135, 31, 70, 33, 36, 183, 140, 172, 46, 178, 80, 112, 78, 187, 126, 79, 19, 74, 29, 180, 133, 48, 85, 137, 165, 107, 67, 9, 122, 141, 2, 157, 10, 92, 121, 84, 72, 52, 169, 188, 110, 189, 116, 193, 39, 38, 148, 69, 197, 66, 196, 4, 131]
41621

[67, 9, 141, 157, 27, 128, 90, 96, 75, 135, 58, 174, 166, 31, 28, 98, 7, 94, 0, 89, 173, 11, 160, 70, 45, 145, 24, 8, 26, 60, 175, 179, 93, 144, 65, 132, 3, 5, 14, 111, 32, 82, 181, 63, 109, 47, 62, 125, 186, 12, 108, 119, 124, 13, 117, 105, 15, 1, 154, 77, 118, 91, 101, 199, 150, 18, 134, 161, 54, 103, 192, 21, 22, 87, 170, 142, 190, 153, 162, 53, 71, 36, 183, 140, 46, 187, 64, 123, 68, 61, 131, 4, 196, 66, 38, 39, 116, 189, 110, 188]
[16, 30, 194, 155, 50, 127, 146, 120, 81, 41, 182, 139, 158, 184, 88, 86, 113, 167, 73, 164, 59, 185, 195, 42, 115, 51, 57, 83, 6, 33, 56, 177, 198, 130, 156, 171, 34, 106, 97, 2, 10, 92, 121, 84, 72, 52, 169, 148, 69, 197, 193, 25, 99, 55, 80, 178, 112, 78, 126, 100, 149, 74, 29, 133, 180, 79, 19, 37, 137, 48, 85, 122, 20, 107, 165, 151, 168, 114, 172, 138, 176, 163, 49, 102, 76, 104, 152, 143, 159, 23, 17, 44, 35, 95, 136, 129, 43, 147, 40, 191]
39062

[79, 133, 68, 149, 99, 55, 80, 112, 78, 187, 126, 123, 64, 51, 115, 162, 53, 153, 190, 176, 142, 170, 87, 22, 21, 192, 103, 54, 152, 23, 161, 95, 118, 35, 44, 104, 76, 102, 182, 139, 105, 158, 117, 119, 124, 13, 63, 81, 109, 41, 77, 16, 40, 191, 186, 30, 50, 127, 111, 14, 132, 65, 144, 198, 130, 177, 175, 26, 70, 160, 11, 106, 174, 135, 7, 28, 31, 94, 122, 9, 141, 10, 92, 121, 72, 148, 69, 197, 38, 116, 189, 110, 67, 48, 85, 137, 165, 151, 37, 19]
[154, 108, 1, 15, 17, 136, 91, 101, 147, 43, 129, 199, 150, 18, 134, 159, 143, 138, 172, 114, 71, 36, 183, 140, 46, 178, 180, 29, 74, 100, 25, 61, 193, 131, 4, 196, 66, 39, 188, 169, 52, 84, 2, 157, 27, 128, 90, 96, 98, 75, 58, 166, 97, 173, 0, 89, 20, 107, 145, 45, 24, 8, 33, 168, 57, 83, 6, 195, 185, 59, 56, 93, 179, 60, 34, 171, 156, 73, 164, 167, 113, 86, 88, 42, 163, 49, 184, 181, 82, 3, 5, 32, 146, 120, 155, 194, 47, 62, 125, 12]
39129

[128, 27, 90, 96, 75, 58, 174, 166, 31, 135, 98, 7, 122, 20, 45, 24, 8, 33, 57, 83, 6, 56, 179, 93, 177, 130, 198, 3, 5, 14, 111, 127, 32, 146, 120, 47, 30, 81, 63, 119, 124, 13, 181, 82, 88, 163, 49, 158, 105, 139, 182, 102, 15, 161, 134, 159, 103, 54, 142, 176, 115, 51, 162, 53, 168, 71, 36, 183, 140, 64, 187, 123, 126, 100, 149, 74, 29, 133, 180, 79, 19, 37, 137, 85, 48, 189, 116, 193, 61, 131, 4, 197, 69, 148, 38, 169, 52, 72, 84, 157]
[107, 165, 151, 145, 173, 11, 106, 160, 70, 26, 175, 60, 34, 171, 156, 73, 164, 144, 65, 132, 167, 113, 86, 59, 185, 195, 42, 184, 117, 1, 108, 41, 109, 155, 50, 194, 62, 125, 186, 12, 154, 77, 16, 191, 40, 147, 101, 43, 129, 199, 91, 150, 18, 136, 95, 118, 35, 44, 17, 104, 76, 23, 152, 143, 192, 22, 21, 170, 87, 138, 190, 153, 114, 172, 46, 80, 178, 78, 112, 55, 99, 25, 68, 196, 66, 39, 188, 110, 67, 9, 141, 121, 92, 10, 2, 28, 97, 94, 0, 89]
38629

[47, 109, 81, 41, 119, 124, 117, 181, 82, 88, 195, 185, 57, 83, 6, 33, 56, 73, 164, 59, 86, 113, 167, 132, 65, 144, 198, 130, 177, 93, 179, 175, 26, 70, 106, 31, 28, 2, 121, 84, 72, 52, 169, 148, 38, 39, 116, 193, 4, 131, 61, 55, 99, 25, 68, 149, 100, 74, 180, 137, 165, 151, 107, 122, 20, 89, 145, 37, 19, 79, 123, 64, 140, 176, 163, 49, 158, 76, 104, 44, 35, 118, 40, 191, 16, 77, 1, 108, 154, 12, 186, 125, 62, 30, 194, 155, 50, 127, 146, 120]
[135, 58, 174, 166, 97, 94, 0, 173, 11, 160, 60, 34, 171, 156, 3, 5, 14, 111, 32, 63, 13, 15, 102, 182, 139, 105, 184, 42, 51, 115, 162, 53, 153, 190, 142, 54, 103, 143, 159, 152, 23, 17, 161, 95, 136, 18, 150, 91, 101, 147, 43, 129, 199, 134, 192, 22, 21, 170, 87, 138, 172, 114, 168, 24, 8, 45, 71, 36, 183, 46, 178, 80, 112, 78, 187, 126, 29, 133, 48, 85, 110, 189, 196, 66, 197, 69, 188, 67, 9, 141, 92, 10, 157, 7, 98, 75, 96, 90, 128, 27]
38848

[168, 37, 19, 79, 29, 74, 68, 149, 100, 55, 99, 25, 61, 193, 131, 4, 196, 66, 197, 69, 148, 84, 121, 92, 10, 2, 157, 27, 128, 90, 96, 31, 106, 171, 156, 130, 198, 144, 65, 132, 167, 113, 86, 82, 3, 5, 14, 111, 127, 81, 109, 41, 119, 124, 139, 182, 102, 76, 104, 154, 12, 125, 186, 77, 16, 191, 40, 147, 43, 129, 136, 95, 17, 23, 152, 143, 21, 22, 172, 140, 64, 123, 183, 36, 71, 114, 190, 153, 176, 142, 103, 54, 163, 49, 158, 184, 42, 162, 53, 57]
[97, 166, 174, 58, 135, 75, 98, 7, 28, 94, 0, 173, 11, 160, 70, 26, 34, 60, 175, 179, 93, 177, 73, 164, 59, 56, 33, 6, 83, 51, 115, 195, 185, 88, 117, 105, 15, 1, 108, 13, 63, 181, 32, 146, 120, 155, 50, 194, 47, 30, 62, 44, 35, 118, 91, 101, 199, 150, 18, 134, 161, 159, 192, 170, 87, 138, 46, 178, 80, 112, 78, 187, 126, 180, 133, 48, 85, 137, 165, 151, 107, 67, 110, 188, 189, 116, 39, 38, 169, 52, 72, 141, 9, 122, 20, 89, 145, 45, 24, 8]
38502

[173, 11, 97, 94, 0, 89, 20, 107, 151, 71, 53, 162, 115, 51, 42, 195, 185, 6, 33, 175, 60, 34, 171, 156, 130, 198, 3, 14, 111, 127, 146, 32, 63, 13, 124, 119, 117, 105, 182, 139, 158, 49, 102, 12, 62, 125, 186, 16, 35, 95, 136, 150, 18, 134, 161, 17, 104, 23, 152, 159, 143, 192, 22, 87, 46, 78, 187, 180, 133, 48, 137, 85, 9, 67, 110, 189, 116, 38, 197, 69, 148, 169, 52, 72, 157, 27, 128, 90, 96, 75, 98, 7, 28, 135, 58, 174, 166, 31, 106, 160]
[80, 112, 123, 126, 29, 74, 100, 55, 99, 25, 149, 68, 61, 193, 131, 4, 196, 66, 39, 188, 84, 121, 92, 10, 2, 141, 122, 165, 79, 19, 37, 145, 45, 24, 8, 70, 26, 179, 93, 56, 177, 73, 164, 144, 65, 132, 167, 113, 86, 181, 82, 5, 81, 109, 120, 155, 50, 194, 47, 30, 191, 40, 147, 101, 43, 129, 199, 91, 118, 44, 77, 154, 108, 41, 1, 15, 76, 54, 103, 21, 170, 142, 190, 153, 176, 163, 184, 88, 59, 83, 57, 168, 114, 138, 172, 36, 183, 140, 64, 178]
40016

[130, 156, 171, 34, 60, 33, 24, 8, 89, 0, 94, 173, 11, 106, 174, 58, 75, 96, 90, 128, 27, 157, 10, 92, 121, 141, 122, 9, 188, 39, 66, 196, 4, 131, 193, 61, 25, 100, 149, 74, 29, 180, 133, 85, 137, 165, 37, 19, 79, 126, 123, 140, 183, 36, 71, 168, 114, 53, 162, 42, 88, 184, 158, 49, 163, 176, 153, 190, 87, 22, 21, 192, 161, 95, 136, 18, 134, 129, 43, 147, 186, 125, 12, 108, 1, 15, 104, 76, 102, 182, 139, 105, 117, 124, 13, 181, 82, 3, 86, 113]
[41, 81, 120, 146, 127, 111, 14, 5, 32, 63, 119, 152, 54, 142, 115, 51, 57, 83, 6, 56, 195, 185, 59, 164, 73, 167, 132, 65, 144, 198, 177, 93, 179, 175, 26, 70, 160, 45, 145, 151, 107, 20, 97, 31, 166, 135, 28, 98, 7, 2, 84, 72, 52, 169, 148, 69, 197, 38, 116, 189, 110, 67, 48, 68, 99, 55, 80, 178, 112, 78, 187, 64, 46, 172, 138, 170, 103, 143, 159, 23, 17, 118, 91, 150, 199, 101, 40, 35, 44, 16, 191, 77, 154, 62, 30, 194, 50, 155, 47, 109]
38625

[104, 76, 102, 182, 139, 105, 158, 49, 163, 142, 170, 21, 22, 87, 138, 172, 36, 71, 145, 151, 107, 165, 37, 19, 79, 126, 78, 112, 80, 55, 99, 100, 149, 25, 61, 193, 131, 4, 196, 66, 197, 69, 148, 38, 110, 67, 9, 141, 94, 173, 11, 160, 70, 26, 175, 177, 144, 65, 132, 167, 113, 73, 56, 33, 168, 6, 83, 57, 162, 115, 51, 195, 185, 88, 42, 184, 117, 63, 81, 120, 155, 50, 194, 47, 109, 41, 108, 1, 15, 16, 191, 40, 147, 101, 43, 129, 199, 91, 17, 23]
[187, 64, 123, 74, 29, 180, 133, 68, 116, 39, 189, 188, 169, 52, 72, 84, 121, 92, 10, 2, 157, 27, 128, 90, 96, 98, 7, 28, 135, 75, 58, 174, 166, 31, 106, 97, 0, 89, 20, 122, 85, 48, 137, 45, 24, 8, 179, 93, 60, 34, 171, 156, 130, 198, 164, 59, 86, 124, 119, 13, 181, 82, 3, 5, 14, 32, 146, 111, 127, 30, 62, 125, 186, 12, 154, 77, 44, 35, 118, 95, 136, 150, 18, 134, 161, 152, 159, 143, 192, 103, 54, 176, 190, 153, 53, 114, 183, 140, 46, 178]
36661

[32, 5, 3, 86, 113, 167, 132, 65, 144, 198, 130, 156, 171, 34, 174, 166, 58, 135, 28, 7, 98, 75, 96, 157, 10, 92, 121, 84, 72, 9, 67, 122, 94, 0, 173, 89, 20, 133, 180, 29, 74, 68, 193, 66, 196, 4, 131, 99, 55, 126, 123, 71, 168, 6, 83, 57, 51, 185, 195, 42, 115, 162, 172, 138, 87, 170, 142, 54, 103, 143, 159, 134, 129, 199, 18, 150, 91, 118, 35, 44, 154, 12, 186, 125, 62, 30, 47, 194, 155, 50, 127, 111, 14, 146, 120, 81, 109, 41, 13, 63]
[59, 164, 73, 177, 56, 33, 8, 24, 45, 145, 107, 165, 85, 48, 137, 151, 37, 19, 79, 64, 140, 183, 36, 114, 53, 153, 190, 176, 163, 184, 49, 158, 105, 139, 182, 102, 15, 117, 88, 82, 181, 124, 119, 108, 1, 77, 16, 191, 40, 147, 43, 101, 136, 95, 161, 17, 104, 76, 23, 152, 192, 21, 22, 46, 178, 80, 112, 78, 187, 100, 149, 25, 61, 116, 189, 39, 38, 197, 69, 148, 169, 52, 188, 110, 141, 2, 27, 128, 90, 31, 97, 106, 11, 160, 70, 26, 60, 175, 93, 179]
38634

[6, 56, 33, 37, 19, 79, 29, 74, 100, 112, 178, 80, 55, 99, 25, 61, 131, 4, 196, 66, 197, 69, 148, 38, 39, 189, 48, 85, 137, 122, 141, 121, 92, 10, 157, 27, 128, 90, 28, 135, 166, 31, 94, 0, 70, 26, 175, 73, 164, 167, 113, 86, 117, 105, 119, 124, 13, 32, 146, 120, 47, 30, 62, 186, 125, 41, 108, 1, 12, 154, 191, 40, 147, 91, 118, 95, 136, 150, 18, 134, 161, 17, 104, 102, 76, 23, 152, 143, 54, 163, 142, 176, 153, 190, 138, 114, 53, 162, 115, 51]
[46, 140, 172, 87, 170, 22, 21, 103, 192, 159, 129, 43, 101, 199, 35, 44, 16, 77, 15, 182, 139, 158, 49, 184, 42, 88, 195, 185, 59, 82, 181, 63, 81, 109, 194, 155, 50, 127, 111, 14, 5, 3, 132, 65, 144, 198, 177, 130, 156, 171, 34, 60, 93, 179, 8, 24, 45, 145, 20, 89, 173, 160, 11, 97, 106, 174, 58, 75, 96, 98, 7, 2, 84, 72, 52, 169, 188, 9, 67, 110, 116, 193, 68, 149, 133, 180, 165, 107, 151, 83, 57, 168, 71, 36, 183, 64, 123, 126, 187, 78]
40377

[187, 78, 112, 178, 80, 55, 99, 193, 116, 189, 169, 52, 72, 84, 141, 122, 2, 7, 75, 58, 31, 97, 173, 11, 160, 70, 8, 26, 175, 56, 33, 168, 71, 36, 183, 114, 190, 153, 53, 162, 115, 51, 42, 88, 181, 82, 3, 5, 14, 111, 127, 146, 32, 41, 108, 12, 154, 1, 15, 104, 76, 102, 182, 139, 105, 117, 184, 158, 49, 163, 176, 142, 170, 103, 54, 143, 152, 23, 17, 44, 35, 118, 91, 150, 18, 199, 101, 43, 129, 134, 136, 95, 161, 159, 192, 21, 22, 87, 46, 64]
[77, 16, 191, 40, 147, 186, 125, 109, 119, 124, 13, 195, 185, 59, 164, 73, 6, 83, 57, 138, 172, 140, 123, 126, 74, 29, 79, 19, 37, 180, 133, 48, 85, 137, 165, 107, 151, 145, 24, 45, 89, 0, 94, 20, 9, 67, 110, 68, 149, 100, 25, 61, 131, 4, 196, 66, 197, 69, 148, 38, 39, 188, 121, 92, 10, 157, 27, 128, 90, 96, 98, 28, 135, 166, 174, 106, 171, 34, 60, 179, 93, 177, 130, 156, 198, 144, 65, 132, 167, 113, 86, 63, 81, 120, 155, 50, 194, 47, 30, 62]
38390

[158, 76, 104, 17, 44, 16, 191, 40, 35, 118, 95, 136, 161, 23, 152, 22, 21, 103, 54, 49, 42, 88, 185, 195, 51, 115, 162, 53, 153, 190, 138, 172, 114, 168, 71, 36, 183, 140, 64, 46, 178, 112, 80, 55, 99, 25, 61, 131, 4, 196, 66, 197, 69, 148, 39, 193, 116, 189, 110, 67, 9, 141, 2, 157, 7, 98, 135, 28, 94, 0, 89, 20, 145, 45, 70, 60, 34, 171, 156, 130, 164, 59, 86, 3, 111, 127, 50, 194, 47, 30, 62, 125, 186, 108, 41, 81, 63, 13, 124, 119]
[163, 184, 117, 181, 82, 5, 14, 32, 146, 120, 155, 109, 1, 105, 139, 182, 102, 15, 12, 154, 77, 147, 43, 129, 199, 101, 91, 150, 18, 134, 159, 143, 192, 170, 87, 142, 176, 57, 83, 6, 56, 73, 113, 167, 132, 65, 144, 198, 177, 93, 179, 175, 26, 33, 24, 8, 160, 11, 173, 97, 106, 31, 166, 174, 58, 75, 96, 90, 128, 27, 10, 92, 121, 84, 72, 52, 169, 38, 188, 122, 107, 151, 165, 137, 85, 48, 133, 180, 37, 19, 79, 126, 123, 187, 78, 74, 29, 68, 149, 100]
39664

[44, 35, 17, 104, 76, 102, 182, 139, 158, 49, 54, 138, 172, 46, 178, 80, 112, 100, 149, 25, 61, 193, 116, 39, 38, 189, 188, 84, 121, 92, 10, 157, 27, 128, 90, 96, 75, 58, 174, 166, 97, 173, 94, 0, 89, 20, 107, 151, 145, 37, 165, 137, 85, 48, 110, 68, 133, 180, 29, 74, 140, 183, 36, 71, 168, 114, 176, 163, 88, 164, 73, 132, 167, 113, 86, 181, 82, 3, 5, 32, 14, 111, 127, 146, 63, 13, 124, 119, 41, 1, 108, 109, 81, 120, 155, 50, 194, 47, 30, 62]
[70, 160, 11, 106, 31, 135, 28, 98, 7, 2, 72, 52, 169, 148, 69, 197, 66, 196, 4, 131, 99, 55, 78, 187, 64, 123, 126, 79, 19, 67, 9, 141, 122, 45, 24, 8, 26, 175, 179, 93, 177, 56, 33, 6, 83, 57, 51, 115, 162, 53, 153, 190, 142, 170, 87, 22, 21, 103, 192, 143, 159, 152, 23, 161, 95, 136, 150, 18, 134, 129, 199, 91, 118, 101, 43, 147, 40, 191, 16, 77, 154, 186, 125, 12, 15, 105, 117, 184, 42, 195, 185, 59, 65, 144, 198, 130, 156, 171, 34, 60]
37873

[71, 36, 168, 114, 153, 53, 162, 115, 51, 42, 163, 142, 170, 87, 22, 21, 192, 161, 136, 91, 199, 129, 43, 101, 147, 40, 191, 16, 118, 35, 44, 124, 119, 41, 109, 81, 120, 146, 111, 14, 32, 63, 13, 117, 158, 184, 88, 181, 82, 113, 167, 132, 65, 144, 198, 177, 56, 179, 93, 130, 156, 171, 34, 60, 175, 26, 70, 160, 106, 174, 166, 58, 135, 75, 7, 2, 94, 0, 122, 141, 9, 67, 188, 148, 69, 197, 66, 196, 4, 68, 37, 19, 79, 126, 123, 78, 112, 178, 187, 64]
[74, 29, 180, 133, 149, 100, 25, 193, 116, 189, 110, 20, 89, 173, 11, 97, 31, 28, 98, 96, 90, 128, 27, 157, 10, 92, 121, 84, 72, 52, 169, 38, 39, 131, 61, 99, 55, 80, 46, 140, 183, 172, 138, 190, 176, 54, 103, 143, 159, 134, 18, 150, 95, 17, 104, 23, 152, 76, 102, 49, 105, 139, 182, 15, 108, 1, 77, 154, 12, 186, 125, 62, 30, 47, 194, 155, 50, 127, 5, 3, 86, 164, 73, 59, 185, 195, 57, 83, 6, 33, 8, 24, 45, 145, 151, 107, 165, 137, 85, 48]
38430

[126, 180, 133, 48, 165, 107, 151, 145, 45, 70, 160, 11, 173, 89, 0, 94, 97, 106, 31, 166, 174, 58, 75, 135, 28, 7, 98, 96, 90, 128, 27, 157, 2, 10, 92, 121, 84, 72, 141, 20, 122, 9, 188, 52, 169, 148, 69, 197, 38, 39, 116, 193, 131, 61, 25, 99, 55, 80, 178, 46, 138, 176, 142, 170, 21, 22, 192, 143, 159, 152, 23, 15, 186, 125, 62, 30, 194, 47, 109, 119, 124, 13, 63, 86, 113, 167, 132, 65, 144, 198, 177, 73, 164, 59, 185, 51, 115, 114, 183, 123]
[76, 104, 17, 161, 134, 18, 150, 199, 129, 43, 147, 101, 91, 136, 95, 118, 35, 44, 40, 191, 16, 77, 154, 12, 1, 108, 41, 81, 32, 146, 120, 155, 50, 127, 111, 14, 5, 3, 82, 181, 117, 184, 105, 139, 182, 102, 158, 49, 163, 54, 103, 87, 172, 140, 64, 187, 78, 112, 100, 149, 74, 29, 68, 4, 196, 66, 189, 110, 67, 85, 137, 37, 19, 79, 36, 71, 24, 8, 26, 60, 34, 171, 156, 130, 93, 179, 175, 56, 33, 168, 6, 83, 57, 53, 162, 153, 190, 42, 88, 195]
37813

[118, 147, 40, 191, 16, 77, 186, 125, 12, 154, 1, 108, 109, 194, 155, 50, 127, 111, 14, 32, 146, 81, 41, 119, 117, 115, 51, 57, 83, 6, 168, 33, 8, 24, 45, 145, 160, 11, 173, 97, 28, 7, 98, 75, 96, 27, 157, 2, 10, 92, 121, 84, 72, 52, 169, 148, 69, 197, 66, 196, 4, 131, 39, 38, 188, 122, 20, 89, 107, 165, 137, 85, 48, 68, 149, 100, 19, 79, 126, 123, 187, 64, 140, 183, 172, 138, 87, 170, 190, 153, 53, 162, 176, 142, 103, 54, 76, 44, 35, 95]
[105, 124, 13, 63, 120, 47, 30, 62, 15, 104, 17, 136, 91, 101, 43, 129, 199, 150, 18, 134, 161, 23, 152, 159, 143, 192, 21, 22, 114, 71, 36, 46, 178, 78, 112, 80, 55, 99, 25, 61, 193, 116, 189, 110, 133, 74, 29, 180, 37, 151, 67, 9, 141, 0, 94, 128, 90, 135, 58, 174, 166, 31, 106, 70, 26, 175, 60, 34, 171, 156, 130, 198, 177, 93, 179, 56, 195, 185, 59, 164, 73, 144, 65, 132, 167, 113, 86, 3, 5, 82, 181, 88, 42, 184, 163, 49, 158, 139, 102, 182]
38717

[195, 185, 59, 56, 33, 168, 71, 36, 183, 140, 46, 64, 123, 100, 55, 99, 25, 68, 67, 9, 110, 189, 116, 39, 38, 169, 52, 72, 84, 121, 92, 10, 141, 122, 94, 0, 89, 20, 137, 165, 107, 151, 145, 24, 8, 26, 175, 179, 93, 177, 130, 198, 144, 113, 86, 3, 5, 82, 181, 63, 13, 124, 119, 41, 108, 1, 47, 155, 50, 194, 30, 62, 125, 186, 40, 147, 101, 43, 129, 134, 161, 159, 143, 192, 22, 21, 142, 190, 153, 176, 163, 158, 139, 182, 105, 184, 51, 57, 83, 6]
[191, 35, 118, 91, 199, 18, 150, 136, 95, 23, 152, 76, 102, 49, 54, 103, 170, 87, 138, 172, 178, 80, 112, 78, 187, 126, 74, 149, 61, 193, 131, 4, 196, 66, 197, 69, 148, 188, 85, 48, 133, 180, 29, 79, 19, 37, 45, 70, 160, 11, 173, 97, 135, 28, 2, 157, 27, 128, 90, 96, 98, 7, 75, 58, 174, 166, 31, 106, 60, 34, 171, 156, 65, 132, 167, 164, 73, 114, 53, 162, 115, 42, 88, 117, 32, 14, 111, 127, 146, 120, 81, 109, 12, 154, 77, 15, 104, 17, 44, 16]
38993

[179, 93, 175, 60, 34, 198, 144, 65, 132, 164, 59, 88, 184, 158, 104, 17, 44, 77, 1, 41, 119, 124, 81, 120, 155, 50, 194, 47, 30, 62, 125, 186, 12, 154, 16, 191, 40, 147, 101, 199, 43, 129, 134, 18, 150, 91, 118, 35, 95, 136, 161, 159, 143, 192, 170, 87, 142, 115, 42, 195, 185, 51, 114, 46, 64, 187, 78, 112, 178, 80, 55, 131, 4, 196, 66, 193, 68, 149, 180, 133, 48, 85, 2, 10, 92, 157, 27, 128, 90, 96, 98, 75, 135, 58, 166, 174, 106, 31, 28, 7]
[61, 116, 189, 39, 38, 197, 69, 148, 169, 52, 72, 121, 84, 141, 122, 20, 89, 0, 94, 97, 173, 11, 160, 70, 26, 171, 156, 130, 177, 73, 56, 6, 83, 57, 53, 162, 153, 190, 176, 163, 49, 117, 86, 113, 167, 3, 82, 181, 13, 63, 32, 5, 14, 111, 127, 146, 109, 108, 15, 182, 105, 139, 102, 76, 23, 152, 54, 103, 21, 22, 138, 172, 140, 183, 36, 71, 168, 33, 8, 24, 45, 145, 151, 107, 165, 67, 9, 188, 110, 137, 37, 19, 79, 29, 74, 126, 123, 100, 99, 25]
40075

[104, 17, 154, 77, 16, 191, 40, 118, 91, 101, 147, 43, 129, 199, 134, 54, 190, 153, 162, 53, 114, 140, 178, 78, 187, 126, 123, 64, 183, 36, 71, 168, 57, 83, 6, 56, 160, 11, 173, 97, 89, 20, 107, 151, 165, 137, 85, 68, 25, 61, 131, 193, 116, 189, 39, 38, 197, 69, 148, 169, 52, 72, 84, 121, 92, 27, 128, 90, 96, 98, 7, 75, 135, 58, 174, 166, 31, 106, 70, 26, 175, 179, 93, 177, 144, 65, 132, 82, 181, 13, 124, 119, 105, 182, 139, 184, 88, 195, 185, 59]
[138, 172, 46, 80, 112, 74, 29, 149, 100, 55, 99, 4, 196, 66, 188, 110, 9, 141, 2, 10, 157, 28, 94, 0, 122, 67, 48, 133, 180, 79, 19, 37, 145, 45, 24, 8, 33, 60, 34, 171, 156, 130, 198, 73, 164, 167, 113, 86, 3, 5, 14, 111, 146, 127, 50, 155, 120, 81, 32, 63, 117, 42, 51, 115, 176, 142, 163, 49, 158, 102, 108, 41, 109, 47, 194, 30, 62, 125, 186, 12, 1, 15, 76, 152, 23, 44, 35, 150, 18, 136, 95, 161, 159, 143, 192, 103, 170, 87, 22, 21]
40850

[134, 161, 159, 143, 192, 22, 21, 170, 87, 190, 153, 162, 53, 114, 168, 71, 36, 183, 140, 64, 123, 126, 187, 78, 112, 178, 80, 100, 25, 131, 4, 193, 39, 38, 69, 148, 110, 67, 133, 180, 48, 85, 137, 165, 107, 122, 9, 141, 121, 92, 10, 2, 157, 27, 128, 90, 96, 75, 98, 7, 28, 135, 58, 174, 166, 94, 0, 89, 20, 33, 6, 185, 195, 88, 42, 184, 49, 54, 103, 104, 15, 119, 41, 81, 120, 109, 62, 125, 186, 12, 154, 108, 1, 44, 35, 118, 91, 150, 18, 136]
[117, 124, 13, 63, 32, 146, 14, 111, 127, 50, 155, 194, 47, 30, 77, 16, 191, 40, 147, 43, 129, 199, 101, 95, 17, 23, 152, 76, 102, 163, 176, 142, 138, 172, 46, 55, 99, 61, 196, 66, 197, 169, 52, 72, 84, 188, 189, 116, 68, 149, 74, 29, 79, 19, 37, 151, 145, 45, 24, 8, 160, 11, 173, 97, 31, 106, 70, 26, 175, 60, 34, 171, 156, 130, 93, 179, 56, 177, 198, 144, 65, 132, 167, 113, 3, 5, 82, 181, 86, 164, 73, 59, 83, 57, 51, 115, 158, 139, 182, 105]
38992

[92, 121, 141, 122, 20, 0, 89, 145, 151, 107, 165, 137, 85, 48, 189, 116, 193, 4, 131, 61, 68, 25, 99, 55, 80, 178, 112, 78, 126, 123, 187, 46, 172, 138, 142, 176, 163, 49, 158, 139, 182, 102, 76, 104, 17, 134, 129, 43, 101, 147, 40, 191, 154, 12, 186, 125, 62, 30, 47, 194, 155, 50, 127, 146, 120, 81, 109, 108, 41, 119, 82, 181, 117, 184, 42, 190, 153, 53, 168, 57, 83, 6, 56, 93, 156, 171, 34, 60, 26, 70, 106, 174, 75, 96, 90, 128, 27, 157, 2, 10]
[95, 136, 161, 159, 192, 21, 22, 87, 170, 103, 54, 143, 152, 23, 15, 105, 88, 86, 164, 73, 59, 185, 195, 51, 115, 162, 114, 183, 140, 64, 36, 71, 37, 19, 79, 180, 133, 29, 74, 100, 149, 196, 66, 39, 38, 197, 69, 148, 169, 52, 72, 84, 188, 110, 67, 9, 94, 28, 7, 98, 135, 58, 166, 31, 97, 173, 11, 160, 45, 24, 8, 33, 175, 179, 177, 130, 198, 144, 65, 132, 167, 113, 3, 5, 14, 111, 32, 63, 13, 124, 1, 77, 16, 44, 35, 118, 91, 199, 150, 18]
37976

[70, 106, 31, 166, 135, 28, 97, 173, 11, 160, 8, 24, 45, 145, 107, 9, 67, 110, 38, 69, 197, 39, 193, 68, 149, 100, 78, 112, 80, 178, 46, 87, 170, 142, 190, 153, 176, 163, 184, 158, 49, 102, 54, 103, 143, 152, 23, 17, 161, 95, 136, 101, 199, 129, 43, 147, 40, 191, 16, 44, 77, 154, 12, 186, 125, 47, 120, 81, 109, 41, 63, 32, 146, 127, 111, 14, 5, 3, 82, 86, 113, 167, 132, 65, 144, 73, 164, 59, 115, 162, 53, 51, 57, 83, 6, 33, 26, 34, 60, 175]
[2, 94, 0, 89, 20, 122, 141, 169, 148, 52, 72, 84, 121, 92, 10, 157, 27, 128, 90, 96, 98, 7, 75, 58, 174, 171, 156, 130, 198, 177, 93, 179, 56, 185, 195, 42, 88, 117, 181, 13, 124, 119, 155, 50, 194, 30, 62, 108, 1, 15, 105, 139, 182, 76, 104, 35, 118, 91, 150, 18, 134, 159, 192, 21, 22, 138, 172, 114, 168, 71, 36, 183, 140, 64, 187, 123, 126, 79, 19, 37, 151, 165, 137, 85, 48, 133, 180, 29, 74, 55, 99, 25, 61, 131, 4, 196, 66, 116, 189, 188]
38926

[140, 123, 126, 180, 133, 29, 74, 149, 100, 55, 99, 25, 131, 4, 196, 66, 197, 69, 148, 38, 169, 52, 141, 0, 173, 97, 94, 27, 128, 90, 96, 75, 58, 174, 106, 70, 26, 60, 34, 171, 156, 130, 198, 177, 56, 33, 145, 107, 151, 37, 19, 79, 36, 71, 168, 114, 53, 57, 83, 6, 185, 113, 167, 132, 144, 65, 5, 14, 111, 32, 82, 181, 13, 124, 119, 41, 63, 81, 109, 44, 35, 16, 191, 40, 147, 43, 129, 199, 101, 91, 150, 18, 134, 159, 143, 192, 103, 21, 22, 172]
[68, 61, 193, 39, 116, 189, 188, 72, 84, 121, 92, 10, 157, 2, 7, 98, 28, 135, 166, 31, 11, 160, 175, 179, 93, 73, 164, 59, 86, 3, 146, 120, 127, 50, 155, 194, 47, 30, 62, 125, 186, 12, 154, 77, 1, 108, 15, 117, 88, 195, 51, 115, 42, 184, 49, 158, 105, 139, 182, 102, 76, 104, 17, 95, 118, 136, 161, 23, 152, 54, 170, 87, 142, 163, 176, 162, 153, 190, 138, 46, 178, 80, 112, 78, 187, 64, 183, 24, 8, 45, 89, 20, 122, 165, 137, 85, 48, 67, 9, 110]
40523

[152, 23, 17, 44, 35, 95, 136, 18, 150, 91, 118, 191, 16, 77, 186, 125, 109, 62, 30, 47, 120, 155, 194, 50, 127, 111, 14, 32, 5, 82, 3, 198, 130, 177, 73, 164, 59, 42, 163, 162, 53, 114, 36, 71, 168, 6, 70, 160, 89, 20, 0, 94, 173, 11, 106, 97, 31, 166, 174, 58, 75, 135, 28, 7, 98, 96, 90, 128, 27, 157, 84, 148, 69, 197, 188, 110, 48, 133, 180, 29, 74, 149, 68, 25, 99, 55, 100, 126, 123, 64, 187, 78, 46, 172, 138, 87, 22, 21, 192, 159]
[183, 140, 178, 80, 112, 79, 19, 37, 137, 85, 61, 193, 131, 4, 196, 66, 116, 189, 39, 38, 169, 52, 72, 121, 92, 10, 2, 141, 122, 9, 67, 165, 107, 151, 145, 45, 24, 8, 26, 33, 56, 93, 179, 175, 60, 34, 171, 156, 144, 65, 132, 167, 113, 86, 88, 181, 146, 81, 63, 13, 124, 119, 41, 105, 15, 1, 108, 12, 154, 40, 147, 43, 129, 101, 199, 134, 161, 104, 76, 102, 182, 139, 49, 158, 117, 184, 195, 185, 83, 57, 51, 115, 153, 190, 176, 142, 54, 143, 103, 170]
39209

[153, 54, 103, 159, 134, 129, 199, 91, 150, 18, 136, 95, 17, 104, 76, 102, 182, 15, 1, 108, 154, 12, 30, 47, 194, 155, 50, 127, 111, 146, 120, 81, 109, 41, 119, 105, 139, 158, 49, 163, 42, 88, 59, 164, 73, 167, 132, 65, 144, 198, 156, 171, 34, 106, 31, 135, 28, 2, 10, 92, 84, 141, 173, 11, 20, 122, 9, 188, 38, 66, 196, 4, 131, 61, 25, 100, 74, 29, 133, 180, 123, 64, 79, 19, 37, 151, 145, 45, 160, 70, 60, 93, 56, 6, 83, 114, 36, 172, 138, 190]
[148, 69, 197, 169, 52, 72, 121, 157, 27, 128, 90, 96, 98, 7, 75, 58, 174, 166, 97, 94, 0, 89, 107, 165, 137, 85, 48, 67, 110, 189, 116, 39, 193, 68, 149, 99, 55, 126, 187, 78, 112, 80, 178, 46, 140, 183, 71, 168, 57, 51, 115, 162, 53, 176, 142, 170, 87, 22, 21, 192, 143, 152, 23, 161, 118, 101, 43, 147, 40, 191, 16, 35, 44, 77, 186, 125, 62, 14, 5, 32, 63, 13, 124, 117, 184, 181, 82, 3, 113, 86, 185, 195, 33, 24, 8, 26, 175, 179, 130, 177]
41659

[46, 172, 138, 87, 170, 103, 143, 159, 23, 152, 54, 142, 176, 115, 51, 162, 53, 71, 37, 19, 79, 29, 74, 126, 187, 78, 112, 178, 80, 55, 99, 25, 61, 193, 39, 157, 27, 128, 90, 96, 98, 7, 75, 135, 58, 166, 174, 106, 11, 20, 107, 151, 145, 24, 60, 34, 171, 156, 130, 198, 144, 65, 177, 179, 93, 73, 164, 163, 49, 117, 181, 5, 32, 63, 13, 124, 119, 41, 12, 154, 77, 16, 44, 35, 95, 118, 91, 101, 199, 129, 18, 150, 136, 161, 17, 104, 76, 102, 139, 182]
[36, 183, 140, 64, 123, 100, 149, 68, 133, 180, 48, 85, 137, 165, 122, 67, 110, 189, 116, 131, 4, 196, 66, 197, 69, 148, 38, 169, 52, 188, 9, 141, 72, 84, 121, 92, 10, 2, 28, 31, 97, 173, 94, 0, 89, 45, 8, 160, 70, 26, 175, 56, 33, 168, 57, 83, 6, 195, 185, 59, 86, 113, 167, 132, 3, 82, 88, 42, 184, 158, 105, 15, 1, 108, 109, 81, 120, 146, 14, 111, 127, 50, 155, 194, 47, 30, 62, 125, 186, 191, 40, 147, 43, 134, 192, 22, 21, 190, 153, 114]
40684

[28, 7, 98, 96, 75, 135, 58, 174, 166, 31, 97, 94, 0, 89, 45, 160, 173, 11, 106, 70, 177, 167, 113, 59, 185, 195, 42, 158, 105, 139, 182, 15, 1, 108, 155, 50, 194, 30, 186, 191, 16, 44, 35, 118, 43, 129, 134, 161, 17, 104, 76, 23, 152, 159, 143, 54, 103, 192, 21, 22, 172, 138, 190, 53, 162, 115, 51, 57, 168, 71, 36, 183, 64, 187, 78, 178, 46, 80, 112, 126, 79, 19, 149, 68, 61, 131, 4, 193, 110, 67, 9, 188, 39, 196, 66, 197, 69, 148, 169, 141]
[5, 3, 82, 181, 32, 14, 111, 127, 146, 120, 81, 41, 119, 124, 63, 13, 117, 184, 88, 86, 132, 65, 144, 198, 130, 156, 171, 34, 60, 26, 175, 179, 93, 56, 73, 164, 83, 6, 33, 8, 24, 145, 37, 137, 165, 151, 107, 20, 122, 2, 90, 128, 27, 157, 10, 92, 121, 84, 72, 52, 38, 116, 189, 85, 48, 133, 180, 29, 74, 100, 25, 99, 55, 123, 140, 114, 153, 176, 87, 170, 142, 163, 49, 102, 95, 136, 18, 150, 91, 199, 101, 147, 40, 77, 154, 12, 125, 62, 47, 109]
40322

[172, 138, 87, 22, 21, 170, 142, 163, 105, 139, 182, 102, 15, 76, 152, 159, 23, 104, 17, 161, 134, 18, 150, 91, 199, 129, 43, 101, 147, 40, 191, 16, 77, 154, 1, 108, 109, 194, 155, 50, 127, 111, 14, 5, 32, 63, 181, 82, 3, 86, 164, 73, 56, 8, 24, 45, 160, 11, 173, 89, 0, 94, 97, 31, 166, 135, 28, 121, 84, 141, 122, 20, 107, 165, 151, 145, 37, 19, 79, 180, 133, 189, 116, 193, 66, 196, 4, 131, 61, 55, 99, 25, 68, 149, 74, 29, 126, 123, 64, 46]
[90, 128, 27, 96, 98, 7, 75, 58, 174, 106, 70, 26, 175, 179, 93, 177, 60, 34, 171, 156, 130, 198, 144, 65, 132, 167, 113, 59, 185, 195, 51, 115, 42, 88, 184, 49, 158, 117, 13, 124, 119, 41, 81, 146, 120, 47, 30, 62, 125, 186, 12, 44, 35, 118, 95, 136, 143, 192, 103, 54, 176, 190, 153, 162, 53, 57, 83, 6, 33, 168, 114, 71, 36, 183, 140, 187, 78, 178, 80, 112, 100, 48, 137, 85, 110, 188, 39, 38, 197, 69, 148, 169, 52, 72, 92, 10, 157, 2, 9, 67]
38504

[20, 107, 151, 165, 137, 85, 48, 133, 29, 74, 126, 187, 100, 149, 68, 110, 67, 122, 9, 188, 169, 38, 39, 193, 61, 25, 99, 55, 80, 112, 78, 178, 46, 159, 152, 76, 104, 23, 161, 95, 136, 134, 18, 150, 101, 199, 129, 43, 147, 40, 191, 186, 125, 62, 30, 194, 155, 47, 109, 41, 13, 63, 181, 117, 158, 184, 88, 195, 185, 59, 86, 113, 167, 132, 65, 144, 164, 73, 198, 130, 156, 171, 34, 60, 175, 106, 174, 166, 135, 98, 7, 28, 94, 0, 89, 173, 11, 160, 8, 45]
[42, 163, 49, 102, 182, 139, 105, 124, 119, 15, 17, 91, 118, 35, 44, 16, 77, 154, 12, 1, 108, 81, 146, 120, 50, 127, 111, 14, 32, 5, 82, 3, 177, 93, 179, 56, 33, 6, 83, 57, 51, 115, 162, 53, 114, 168, 71, 36, 19, 37, 145, 24, 26, 70, 97, 31, 58, 75, 96, 90, 128, 27, 157, 2, 10, 92, 121, 84, 72, 141, 52, 148, 69, 197, 66, 196, 4, 131, 116, 189, 180, 79, 123, 64, 140, 183, 172, 138, 190, 153, 176, 142, 54, 103, 143, 192, 22, 21, 170, 87]
40220

[49, 158, 184, 105, 139, 182, 1, 108, 41, 109, 47, 30, 194, 155, 50, 127, 120, 146, 111, 14, 32, 5, 3, 88, 42, 195, 185, 59, 113, 167, 132, 65, 144, 198, 130, 177, 93, 179, 156, 171, 34, 60, 26, 70, 160, 173, 89, 20, 0, 94, 31, 166, 28, 7, 98, 90, 128, 27, 2, 122, 110, 189, 116, 39, 193, 61, 25, 100, 149, 68, 48, 85, 137, 165, 107, 151, 145, 45, 24, 8, 33, 51, 115, 162, 53, 153, 190, 176, 142, 163, 54, 143, 159, 152, 161, 95, 17, 23, 76, 102]
[135, 75, 96, 157, 10, 92, 121, 84, 72, 141, 9, 67, 37, 19, 79, 74, 29, 180, 133, 188, 52, 169, 148, 69, 197, 38, 66, 196, 4, 131, 99, 55, 126, 123, 64, 187, 78, 112, 80, 178, 46, 140, 183, 36, 71, 168, 114, 172, 138, 87, 22, 21, 170, 103, 192, 134, 18, 150, 136, 118, 91, 101, 199, 129, 43, 147, 40, 35, 44, 16, 191, 77, 104, 15, 154, 12, 186, 125, 62, 81, 63, 13, 124, 119, 117, 181, 82, 86, 164, 73, 57, 83, 6, 56, 175, 106, 11, 97, 174, 58]
37801

[77, 154, 12, 62, 30, 47, 194, 50, 127, 111, 146, 81, 32, 14, 5, 3, 167, 113, 164, 73, 132, 65, 144, 198, 177, 130, 156, 171, 34, 60, 179, 93, 56, 33, 24, 45, 20, 89, 94, 2, 90, 128, 27, 121, 84, 72, 52, 169, 148, 69, 197, 38, 39, 188, 9, 122, 67, 110, 189, 116, 193, 25, 112, 78, 187, 64, 71, 168, 57, 83, 6, 195, 88, 117, 184, 158, 49, 182, 139, 105, 13, 124, 119, 41, 15, 95, 136, 150, 18, 134, 161, 54, 142, 190, 153, 176, 163, 42, 51, 115]
[11, 173, 0, 97, 106, 160, 70, 26, 175, 8, 145, 107, 151, 37, 19, 79, 126, 123, 140, 183, 36, 114, 53, 162, 185, 59, 86, 82, 181, 63, 120, 155, 109, 108, 1, 125, 186, 16, 191, 40, 147, 43, 129, 199, 101, 91, 118, 35, 44, 17, 23, 104, 76, 102, 152, 159, 143, 192, 103, 170, 21, 22, 87, 138, 172, 46, 178, 80, 55, 99, 61, 131, 4, 66, 196, 68, 149, 100, 74, 29, 180, 133, 48, 85, 137, 165, 141, 92, 10, 157, 7, 98, 96, 75, 135, 28, 31, 166, 174, 58]
40696

[136, 161, 159, 192, 87, 138, 172, 46, 178, 80, 112, 100, 149, 68, 110, 188, 189, 116, 39, 38, 197, 69, 148, 169, 52, 72, 84, 121, 92, 157, 27, 128, 90, 96, 98, 28, 8, 24, 45, 145, 89, 20, 122, 85, 48, 137, 165, 107, 151, 37, 19, 79, 74, 126, 36, 71, 114, 53, 162, 51, 168, 57, 83, 6, 113, 167, 132, 198, 144, 65, 3, 82, 13, 124, 102, 76, 104, 17, 15, 119, 81, 120, 155, 50, 194, 47, 30, 62, 77, 16, 44, 35, 118, 91, 150, 18, 199, 43, 129, 134]
[175, 60, 34, 171, 156, 130, 177, 73, 164, 59, 86, 88, 184, 117, 181, 5, 14, 111, 127, 146, 32, 63, 41, 109, 108, 1, 154, 12, 125, 186, 191, 40, 147, 101, 95, 23, 152, 182, 139, 105, 158, 49, 42, 185, 195, 115, 163, 54, 143, 103, 21, 22, 170, 142, 176, 153, 190, 183, 140, 64, 123, 187, 78, 55, 99, 25, 61, 131, 4, 196, 66, 193, 29, 180, 133, 67, 9, 141, 10, 2, 7, 75, 135, 58, 174, 166, 31, 106, 97, 94, 0, 173, 11, 160, 70, 26, 33, 56, 93, 179]
39247

[10, 157, 7, 135, 58, 174, 166, 31, 106, 97, 173, 11, 160, 70, 26, 33, 6, 83, 57, 195, 185, 59, 164, 56, 93, 179, 175, 60, 130, 198, 144, 65, 132, 167, 113, 86, 181, 82, 3, 5, 111, 127, 50, 120, 146, 81, 109, 41, 108, 154, 77, 118, 91, 101, 199, 18, 150, 136, 161, 104, 76, 102, 49, 158, 184, 42, 163, 54, 103, 192, 22, 21, 170, 87, 138, 172, 46, 178, 80, 112, 78, 183, 36, 71, 168, 24, 8, 45, 145, 9, 67, 110, 188, 197, 69, 148, 72, 84, 121, 92]
[51, 114, 140, 64, 187, 123, 126, 79, 19, 29, 74, 149, 100, 55, 99, 25, 68, 61, 131, 4, 196, 66, 193, 116, 189, 39, 38, 169, 52, 141, 2, 27, 128, 90, 96, 75, 98, 28, 94, 0, 122, 137, 85, 48, 133, 180, 37, 151, 165, 107, 20, 89, 34, 171, 156, 177, 73, 88, 117, 13, 63, 32, 14, 155, 194, 47, 30, 62, 125, 186, 12, 1, 119, 124, 105, 139, 182, 15, 16, 191, 40, 147, 43, 129, 134, 95, 35, 44, 17, 23, 152, 159, 143, 142, 176, 190, 153, 53, 162, 115]
38617

[105, 182, 139, 158, 142, 176, 114, 71, 36, 183, 140, 79, 19, 37, 180, 133, 48, 85, 137, 151, 107, 165, 9, 148, 69, 197, 66, 196, 4, 131, 193, 116, 110, 68, 61, 25, 99, 55, 80, 46, 87, 170, 22, 21, 103, 54, 143, 192, 159, 152, 23, 161, 134, 18, 150, 91, 118, 77, 154, 186, 125, 109, 81, 120, 146, 32, 3, 86, 113, 167, 132, 65, 144, 198, 130, 160, 11, 173, 94, 0, 45, 8, 26, 175, 179, 93, 73, 59, 185, 195, 88, 42, 184, 117, 13, 63, 124, 119, 108, 41]
[84, 72, 52, 169, 38, 39, 189, 188, 67, 29, 74, 149, 100, 112, 178, 78, 187, 64, 123, 126, 145, 24, 33, 56, 6, 83, 57, 168, 172, 138, 190, 153, 53, 162, 51, 115, 163, 49, 102, 76, 104, 17, 95, 136, 101, 199, 129, 43, 147, 40, 191, 16, 35, 44, 15, 1, 12, 62, 30, 47, 194, 155, 50, 127, 111, 14, 5, 82, 181, 164, 177, 156, 171, 34, 60, 70, 106, 174, 166, 58, 75, 96, 90, 128, 27, 157, 92, 121, 10, 2, 7, 98, 28, 135, 31, 97, 89, 20, 122, 141]
40103

[84, 72, 52, 169, 148, 69, 197, 38, 39, 116, 189, 110, 67, 165, 137, 85, 48, 133, 180, 29, 74, 68, 149, 100, 112, 178, 78, 187, 64, 140, 183, 172, 138, 170, 103, 54, 152, 23, 17, 161, 134, 136, 95, 118, 91, 150, 18, 199, 129, 43, 101, 147, 40, 191, 16, 154, 12, 186, 125, 62, 30, 47, 120, 81, 15, 102, 182, 139, 105, 158, 184, 42, 88, 86, 113, 167, 132, 65, 144, 198, 130, 8, 24, 145, 151, 107, 89, 0, 94, 173, 97, 31, 166, 58, 135, 28, 98, 7, 2, 121]
[61, 131, 4, 196, 66, 193, 188, 9, 122, 20, 141, 92, 10, 157, 27, 128, 90, 96, 75, 174, 106, 11, 160, 70, 45, 37, 19, 79, 126, 123, 36, 71, 114, 168, 57, 83, 6, 33, 56, 93, 179, 175, 26, 60, 34, 171, 156, 177, 73, 164, 59, 185, 195, 51, 115, 162, 53, 153, 190, 176, 142, 163, 49, 117, 119, 124, 13, 63, 32, 181, 82, 3, 5, 14, 111, 146, 127, 50, 155, 194, 109, 41, 108, 1, 77, 35, 44, 104, 76, 159, 143, 192, 21, 22, 87, 46, 80, 55, 99, 25]
36634

[161, 17, 23, 104, 76, 102, 182, 139, 21, 22, 172, 46, 178, 80, 112, 78, 187, 126, 100, 55, 99, 61, 131, 4, 196, 66, 116, 189, 39, 38, 169, 52, 72, 84, 121, 92, 157, 27, 128, 90, 96, 98, 28, 97, 173, 33, 6, 83, 57, 145, 20, 107, 151, 37, 165, 137, 85, 48, 133, 180, 123, 64, 114, 190, 153, 115, 42, 88, 184, 158, 117, 181, 50, 155, 194, 47, 30, 62, 125, 186, 12, 154, 77, 16, 191, 40, 44, 35, 95, 118, 91, 101, 147, 43, 199, 18, 150, 136, 134, 129]
[49, 105, 15, 124, 13, 63, 119, 41, 1, 108, 109, 81, 120, 146, 32, 127, 111, 14, 5, 3, 82, 86, 59, 164, 73, 113, 167, 132, 65, 144, 198, 177, 130, 156, 171, 34, 60, 70, 160, 11, 106, 31, 166, 174, 58, 135, 75, 7, 2, 10, 141, 9, 188, 148, 69, 197, 193, 25, 149, 68, 110, 67, 122, 94, 0, 89, 45, 24, 8, 26, 175, 179, 93, 56, 185, 195, 51, 162, 53, 168, 71, 36, 183, 19, 79, 29, 74, 140, 138, 87, 170, 192, 159, 152, 143, 103, 54, 142, 176, 163]
40422

[146, 111, 127, 50, 155, 194, 30, 62, 12, 154, 1, 108, 109, 120, 81, 41, 119, 105, 139, 182, 15, 35, 101, 43, 129, 199, 91, 150, 18, 134, 136, 95, 17, 104, 76, 49, 163, 42, 115, 176, 170, 87, 138, 53, 162, 51, 195, 185, 88, 86, 164, 73, 93, 179, 33, 168, 71, 36, 123, 187, 126, 149, 68, 61, 131, 193, 116, 189, 39, 197, 69, 148, 38, 188, 110, 122, 145, 45, 24, 8, 97, 31, 28, 7, 98, 75, 135, 58, 166, 174, 106, 34, 171, 156, 130, 198, 65, 3, 5, 14]
[4, 25, 99, 55, 100, 78, 112, 80, 178, 46, 64, 140, 183, 114, 172, 22, 21, 103, 192, 143, 159, 161, 118, 147, 40, 191, 16, 44, 77, 186, 125, 47, 32, 82, 181, 63, 13, 124, 117, 184, 158, 102, 23, 152, 54, 142, 190, 153, 57, 83, 6, 56, 59, 113, 167, 132, 144, 177, 60, 175, 26, 70, 160, 11, 173, 94, 0, 89, 20, 107, 165, 151, 37, 19, 79, 74, 29, 180, 133, 137, 85, 48, 67, 9, 141, 2, 96, 90, 128, 27, 157, 10, 92, 121, 84, 72, 52, 169, 196, 66]
40333

[103, 192, 143, 159, 161, 134, 129, 43, 147, 101, 199, 18, 150, 91, 118, 136, 95, 154, 12, 1, 108, 109, 41, 119, 124, 63, 32, 146, 111, 14, 5, 3, 82, 181, 176, 190, 153, 53, 162, 115, 195, 185, 59, 164, 56, 6, 33, 26, 70, 160, 11, 173, 97, 31, 58, 75, 96, 90, 128, 94, 0, 89, 20, 165, 137, 85, 110, 188, 52, 169, 148, 69, 197, 38, 66, 196, 4, 131, 61, 149, 100, 74, 29, 180, 37, 19, 79, 126, 123, 187, 178, 46, 140, 114, 172, 138, 87, 170, 22, 21]
[65, 132, 167, 113, 73, 177, 93, 179, 175, 8, 24, 45, 145, 107, 151, 168, 57, 83, 86, 88, 184, 117, 13, 81, 120, 127, 50, 155, 194, 47, 30, 62, 125, 186, 77, 16, 191, 40, 35, 44, 17, 23, 152, 104, 15, 105, 139, 182, 102, 76, 54, 142, 163, 49, 158, 42, 51, 71, 36, 183, 64, 78, 112, 80, 55, 99, 25, 193, 39, 116, 189, 68, 133, 48, 67, 9, 122, 141, 72, 84, 121, 92, 10, 2, 157, 27, 98, 7, 28, 135, 166, 174, 106, 60, 34, 171, 156, 130, 198, 144]
38536

[84, 121, 72, 188, 189, 4, 131, 193, 110, 67, 48, 85, 137, 37, 19, 79, 126, 123, 187, 78, 178, 46, 64, 140, 183, 36, 71, 114, 190, 153, 162, 53, 57, 83, 6, 164, 167, 113, 86, 59, 185, 195, 42, 184, 54, 103, 170, 87, 138, 172, 22, 21, 192, 143, 44, 35, 147, 40, 191, 16, 77, 154, 186, 125, 30, 194, 50, 155, 120, 127, 111, 14, 5, 82, 3, 132, 65, 144, 156, 171, 34, 93, 56, 0, 94, 31, 166, 174, 58, 135, 28, 7, 98, 75, 96, 90, 128, 27, 157, 92]
[43, 129, 101, 199, 18, 150, 91, 118, 95, 136, 134, 161, 17, 104, 23, 159, 152, 76, 102, 15, 1, 12, 62, 47, 109, 108, 41, 119, 124, 13, 63, 81, 146, 32, 181, 117, 105, 182, 139, 158, 49, 163, 142, 176, 115, 51, 168, 33, 8, 24, 45, 145, 89, 20, 107, 151, 165, 133, 180, 29, 74, 100, 112, 80, 55, 99, 149, 68, 25, 61, 196, 66, 116, 39, 38, 197, 69, 148, 169, 52, 9, 122, 141, 10, 2, 97, 106, 11, 173, 160, 70, 26, 60, 175, 179, 130, 198, 177, 73, 88]
40473

[160, 70, 26, 34, 171, 156, 56, 6, 83, 57, 168, 71, 114, 190, 153, 53, 162, 51, 195, 185, 88, 42, 115, 176, 142, 163, 184, 117, 181, 13, 63, 81, 120, 47, 109, 108, 1, 15, 182, 102, 76, 152, 23, 17, 35, 118, 95, 136, 161, 159, 143, 54, 103, 192, 22, 21, 170, 87, 138, 172, 183, 140, 64, 46, 80, 55, 99, 149, 68, 74, 79, 19, 37, 151, 107, 165, 188, 189, 116, 4, 196, 66, 39, 38, 197, 69, 148, 169, 52, 122, 94, 28, 7, 98, 75, 58, 174, 166, 31, 106]
[112, 178, 78, 187, 126, 123, 36, 49, 158, 139, 105, 124, 119, 41, 104, 134, 18, 150, 91, 101, 199, 129, 43, 147, 40, 191, 16, 44, 77, 154, 12, 186, 125, 62, 30, 194, 155, 50, 127, 111, 14, 146, 32, 5, 3, 82, 86, 113, 167, 132, 65, 144, 59, 164, 73, 177, 198, 130, 60, 175, 179, 93, 33, 8, 24, 45, 145, 180, 29, 133, 48, 85, 137, 20, 89, 0, 173, 11, 97, 135, 96, 90, 128, 27, 157, 2, 10, 92, 121, 84, 72, 141, 9, 67, 110, 193, 131, 61, 25, 100]
38549

[152, 159, 143, 142, 176, 162, 53, 114, 183, 140, 64, 178, 80, 112, 78, 187, 123, 126, 74, 29, 180, 133, 137, 165, 107, 89, 20, 122, 9, 110, 189, 116, 193, 39, 169, 52, 141, 72, 84, 121, 92, 10, 2, 157, 27, 128, 90, 96, 28, 94, 0, 11, 106, 160, 70, 26, 175, 130, 198, 177, 185, 184, 158, 105, 139, 182, 102, 76, 104, 15, 1, 108, 109, 120, 146, 14, 111, 127, 50, 155, 194, 47, 30, 62, 125, 186, 12, 154, 40, 147, 43, 101, 199, 18, 150, 136, 95, 161, 17, 23]
[86, 113, 167, 132, 65, 144, 73, 164, 59, 56, 93, 179, 60, 34, 156, 171, 174, 58, 75, 98, 7, 135, 166, 31, 97, 173, 145, 45, 24, 8, 33, 6, 168, 71, 36, 79, 19, 37, 151, 85, 48, 67, 188, 38, 148, 69, 197, 66, 196, 4, 131, 61, 25, 68, 149, 100, 99, 55, 46, 172, 138, 190, 153, 115, 51, 57, 83, 195, 42, 163, 49, 54, 103, 170, 87, 22, 21, 192, 134, 129, 91, 118, 35, 44, 16, 191, 77, 41, 81, 32, 5, 3, 82, 181, 63, 13, 124, 119, 117, 88]
37832

[193, 39, 116, 189, 9, 141, 2, 128, 90, 7, 28, 135, 166, 174, 106, 160, 33, 6, 83, 163, 49, 158, 184, 42, 195, 185, 59, 164, 73, 113, 86, 181, 82, 3, 5, 32, 14, 111, 127, 146, 120, 81, 63, 13, 124, 119, 108, 125, 186, 12, 154, 77, 1, 15, 105, 139, 182, 102, 76, 104, 17, 95, 91, 199, 101, 147, 43, 129, 134, 161, 23, 152, 159, 143, 192, 103, 21, 22, 170, 87, 138, 172, 114, 183, 64, 187, 123, 126, 79, 19, 37, 165, 137, 85, 48, 61, 131, 4, 66, 196]
[84, 72, 52, 169, 148, 69, 197, 38, 188, 110, 67, 133, 180, 29, 74, 100, 149, 68, 25, 99, 55, 80, 112, 78, 178, 46, 140, 36, 71, 168, 179, 93, 177, 56, 57, 51, 115, 162, 53, 153, 190, 176, 142, 54, 136, 18, 150, 118, 35, 44, 16, 191, 40, 62, 30, 194, 50, 155, 47, 109, 41, 117, 88, 167, 132, 65, 144, 198, 130, 156, 171, 34, 60, 175, 26, 70, 8, 24, 45, 145, 151, 107, 122, 20, 89, 0, 94, 173, 11, 97, 31, 58, 75, 98, 96, 27, 157, 10, 92, 121]
37378

[99, 55, 80, 178, 46, 64, 140, 190, 153, 176, 142, 152, 23, 104, 17, 161, 95, 44, 35, 118, 91, 101, 40, 191, 16, 77, 154, 109, 81, 63, 119, 41, 108, 1, 15, 76, 102, 182, 184, 42, 115, 162, 53, 51, 195, 185, 59, 86, 113, 167, 132, 65, 144, 164, 73, 177, 198, 130, 156, 171, 34, 60, 175, 179, 93, 56, 6, 83, 57, 168, 33, 8, 24, 45, 36, 183, 79, 180, 133, 48, 85, 137, 165, 122, 94, 90, 128, 2, 141, 9, 67, 188, 148, 69, 38, 189, 110, 68, 149, 100]
[112, 25, 61, 193, 116, 39, 131, 4, 196, 66, 197, 169, 52, 72, 84, 121, 92, 10, 157, 27, 96, 98, 7, 28, 135, 75, 58, 174, 166, 31, 106, 11, 160, 70, 26, 88, 117, 124, 13, 181, 82, 3, 5, 14, 32, 146, 111, 127, 120, 155, 50, 194, 47, 30, 62, 125, 186, 12, 147, 43, 129, 199, 18, 150, 136, 134, 159, 143, 54, 139, 105, 158, 49, 163, 103, 192, 22, 21, 170, 87, 138, 172, 114, 71, 145, 89, 173, 97, 0, 20, 107, 151, 37, 19, 29, 74, 126, 123, 187, 78]
39590

[190, 115, 51, 59, 164, 73, 144, 65, 132, 167, 113, 86, 181, 108, 1, 12, 191, 40, 147, 43, 129, 101, 199, 134, 18, 150, 35, 44, 104, 163, 170, 21, 22, 87, 138, 172, 183, 37, 180, 133, 137, 85, 48, 67, 9, 110, 189, 116, 193, 68, 149, 25, 99, 55, 61, 131, 4, 196, 66, 197, 169, 72, 121, 92, 2, 7, 98, 28, 135, 58, 166, 31, 97, 173, 94, 0, 89, 107, 165, 151, 145, 160, 11, 70, 60, 34, 171, 156, 130, 198, 177, 93, 179, 175, 26, 33, 168, 53, 162, 153]
[76, 102, 182, 139, 105, 158, 49, 184, 117, 124, 119, 41, 13, 63, 81, 109, 125, 186, 62, 30, 47, 120, 155, 194, 50, 127, 111, 146, 32, 14, 5, 3, 82, 88, 42, 195, 185, 57, 83, 6, 56, 106, 174, 75, 96, 90, 128, 27, 157, 10, 84, 52, 148, 69, 38, 39, 188, 141, 122, 20, 45, 8, 24, 71, 36, 64, 187, 123, 126, 79, 19, 29, 74, 100, 78, 112, 80, 178, 46, 140, 114, 176, 142, 54, 103, 192, 143, 159, 152, 23, 17, 161, 95, 136, 91, 118, 16, 77, 154, 15]
39971

[57, 168, 71, 89, 0, 94, 2, 90, 128, 27, 157, 188, 110, 67, 9, 85, 48, 133, 180, 29, 74, 112, 80, 178, 78, 187, 140, 183, 36, 114, 153, 190, 142, 54, 103, 143, 152, 104, 76, 102, 182, 139, 49, 163, 176, 53, 162, 115, 51, 185, 195, 42, 88, 86, 73, 177, 34, 171, 156, 130, 198, 3, 5, 14, 111, 127, 146, 32, 63, 13, 124, 119, 41, 108, 109, 120, 155, 50, 194, 125, 186, 154, 77, 191, 40, 147, 16, 44, 35, 118, 95, 136, 150, 18, 134, 129, 43, 101, 199, 91]
[135, 58, 174, 166, 31, 28, 7, 98, 75, 96, 10, 92, 121, 84, 72, 141, 122, 20, 107, 151, 165, 137, 37, 19, 79, 149, 68, 189, 116, 39, 38, 169, 52, 148, 69, 197, 66, 196, 4, 131, 193, 61, 25, 99, 55, 100, 126, 123, 64, 46, 172, 138, 87, 170, 21, 22, 192, 159, 23, 161, 17, 15, 105, 158, 184, 117, 1, 12, 62, 30, 47, 81, 181, 82, 113, 167, 132, 65, 144, 164, 59, 83, 6, 56, 93, 179, 33, 145, 45, 24, 8, 26, 175, 60, 70, 160, 11, 173, 97, 106]
40970

[8, 24, 33, 56, 73, 164, 59, 117, 105, 182, 15, 102, 139, 158, 49, 163, 143, 159, 23, 95, 136, 150, 18, 199, 101, 91, 118, 35, 44, 1, 108, 41, 119, 124, 13, 63, 81, 146, 3, 65, 144, 198, 177, 130, 156, 171, 34, 60, 160, 11, 173, 0, 94, 97, 31, 58, 75, 98, 10, 92, 121, 84, 72, 148, 69, 38, 39, 116, 189, 188, 110, 9, 67, 68, 149, 25, 100, 74, 19, 79, 126, 123, 78, 187, 64, 140, 183, 36, 71, 138, 87, 170, 21, 22, 192, 103, 162, 53, 114, 168]
[193, 61, 99, 55, 80, 112, 178, 46, 172, 190, 153, 51, 115, 176, 142, 54, 152, 76, 104, 17, 161, 134, 129, 43, 147, 40, 191, 16, 77, 154, 12, 186, 125, 62, 30, 194, 47, 109, 120, 155, 50, 127, 111, 14, 32, 5, 82, 181, 184, 42, 88, 86, 113, 167, 132, 185, 195, 57, 83, 6, 93, 179, 175, 26, 70, 106, 174, 166, 135, 28, 7, 96, 90, 128, 27, 157, 2, 20, 89, 45, 145, 151, 37, 180, 29, 133, 48, 85, 137, 165, 107, 122, 141, 52, 169, 197, 66, 196, 131, 4]
39319

[159, 143, 192, 103, 21, 22, 170, 87, 138, 172, 183, 140, 46, 64, 123, 187, 78, 112, 178, 80, 55, 99, 74, 133, 137, 85, 48, 189, 116, 39, 38, 169, 52, 72, 84, 121, 92, 157, 27, 128, 90, 96, 98, 7, 75, 106, 160, 45, 145, 107, 165, 151, 57, 83, 185, 59, 164, 73, 177, 130, 198, 144, 65, 132, 167, 113, 86, 88, 105, 15, 1, 41, 119, 124, 13, 63, 120, 155, 50, 194, 47, 30, 62, 186, 16, 44, 35, 191, 40, 147, 43, 129, 199, 136, 95, 161, 17, 104, 23, 152]
[190, 153, 176, 142, 54, 163, 49, 158, 139, 182, 102, 76, 134, 18, 150, 91, 101, 118, 77, 154, 12, 125, 108, 109, 81, 32, 146, 127, 111, 14, 5, 3, 82, 181, 117, 184, 42, 195, 51, 115, 162, 53, 114, 168, 71, 36, 79, 19, 37, 24, 8, 33, 6, 56, 93, 179, 175, 156, 171, 34, 60, 26, 70, 11, 173, 94, 97, 31, 166, 174, 58, 135, 28, 2, 10, 141, 9, 188, 148, 69, 197, 66, 196, 4, 131, 193, 61, 25, 100, 149, 68, 110, 67, 122, 0, 89, 20, 180, 29, 126]
39359

[7, 98, 28, 135, 106, 160, 145, 45, 24, 8, 26, 179, 93, 56, 185, 59, 164, 73, 65, 132, 167, 113, 86, 82, 181, 117, 105, 139, 182, 102, 76, 15, 1, 108, 41, 63, 32, 14, 111, 146, 127, 50, 155, 194, 30, 62, 12, 154, 77, 16, 191, 40, 147, 101, 199, 91, 150, 18, 136, 161, 17, 23, 152, 159, 143, 192, 103, 54, 163, 51, 115, 176, 142, 138, 172, 46, 187, 78, 112, 178, 80, 55, 99, 100, 149, 68, 193, 197, 69, 148, 169, 52, 72, 84, 141, 122, 19, 79, 71, 36]
[128, 27, 90, 96, 75, 58, 174, 166, 31, 97, 173, 11, 70, 34, 171, 156, 130, 198, 144, 177, 60, 175, 33, 6, 168, 114, 190, 153, 162, 53, 57, 83, 195, 42, 88, 3, 5, 81, 120, 47, 186, 125, 109, 119, 124, 13, 184, 158, 49, 104, 44, 35, 95, 118, 43, 129, 134, 22, 21, 170, 87, 183, 140, 64, 123, 126, 29, 74, 25, 61, 131, 4, 196, 66, 38, 39, 116, 189, 188, 110, 67, 9, 165, 137, 85, 48, 133, 180, 37, 151, 107, 20, 89, 0, 94, 157, 92, 121, 10, 2]
41531

[1, 108, 41, 109, 81, 63, 13, 124, 119, 117, 88, 42, 115, 51, 195, 185, 198, 130, 177, 93, 179, 56, 33, 70, 106, 174, 166, 135, 98, 7, 28, 173, 107, 165, 137, 9, 141, 2, 27, 157, 10, 92, 121, 84, 72, 52, 169, 188, 39, 38, 148, 69, 197, 66, 196, 4, 131, 55, 78, 187, 64, 140, 183, 36, 71, 19, 37, 151, 145, 45, 8, 24, 168, 6, 83, 57, 53, 162, 176, 142, 192, 143, 159, 152, 44, 35, 118, 150, 18, 199, 101, 147, 40, 191, 16, 30, 155, 127, 50, 194]
[111, 146, 120, 47, 62, 125, 186, 12, 154, 77, 15, 104, 17, 95, 136, 91, 43, 129, 134, 161, 23, 76, 102, 182, 139, 105, 158, 49, 184, 163, 54, 103, 170, 21, 22, 87, 172, 138, 190, 153, 114, 46, 178, 80, 112, 123, 126, 79, 180, 85, 48, 133, 29, 74, 68, 149, 100, 99, 25, 61, 193, 116, 189, 110, 67, 122, 20, 89, 0, 94, 128, 90, 96, 75, 58, 31, 97, 11, 160, 26, 175, 60, 34, 171, 156, 144, 65, 132, 167, 113, 73, 164, 59, 86, 181, 82, 3, 5, 32, 14]
39095

[53, 162, 115, 153, 190, 176, 142, 163, 152, 23, 95, 35, 125, 62, 30, 194, 50, 155, 47, 109, 13, 63, 81, 120, 127, 111, 14, 146, 32, 5, 3, 82, 181, 117, 184, 42, 88, 195, 185, 86, 113, 167, 132, 65, 144, 198, 130, 60, 70, 160, 11, 173, 97, 166, 58, 75, 7, 98, 96, 90, 128, 27, 157, 2, 10, 92, 121, 84, 72, 52, 169, 188, 68, 149, 193, 196, 4, 131, 61, 25, 99, 55, 80, 112, 100, 74, 29, 133, 180, 79, 19, 37, 24, 8, 26, 175, 6, 83, 57, 51]
[114, 183, 36, 71, 168, 33, 56, 59, 164, 73, 177, 93, 179, 156, 171, 34, 106, 174, 135, 28, 31, 94, 0, 89, 45, 145, 151, 165, 107, 20, 122, 141, 9, 67, 38, 148, 69, 197, 66, 39, 116, 189, 110, 85, 137, 48, 126, 123, 64, 187, 78, 178, 46, 140, 172, 87, 22, 21, 170, 103, 54, 143, 192, 159, 161, 136, 118, 101, 199, 91, 150, 18, 134, 129, 43, 147, 40, 191, 16, 44, 77, 186, 12, 154, 1, 108, 41, 119, 124, 15, 17, 104, 76, 102, 182, 139, 105, 158, 49, 138]
38826

[98, 7, 28, 157, 27, 128, 90, 96, 75, 135, 31, 97, 45, 24, 19, 79, 180, 48, 67, 9, 84, 72, 52, 169, 188, 189, 116, 133, 29, 68, 193, 66, 196, 4, 131, 61, 25, 100, 99, 55, 112, 80, 46, 178, 78, 187, 64, 183, 36, 71, 168, 6, 83, 57, 51, 162, 115, 42, 158, 139, 182, 102, 54, 143, 159, 161, 134, 18, 136, 95, 35, 16, 186, 125, 62, 109, 47, 30, 194, 120, 81, 41, 119, 124, 13, 63, 32, 5, 181, 82, 3, 132, 65, 144, 198, 34, 106, 174, 166, 58]
[179, 93, 175, 60, 171, 156, 130, 177, 56, 33, 8, 26, 70, 160, 11, 173, 0, 94, 2, 10, 92, 121, 141, 122, 20, 89, 145, 37, 151, 107, 165, 137, 85, 110, 38, 148, 69, 197, 39, 149, 74, 126, 123, 140, 114, 172, 138, 87, 22, 21, 192, 103, 170, 142, 190, 153, 53, 176, 163, 49, 105, 15, 104, 76, 152, 23, 17, 44, 118, 91, 150, 101, 199, 129, 43, 147, 40, 191, 77, 154, 12, 155, 50, 127, 111, 14, 146, 108, 1, 117, 184, 88, 195, 185, 59, 86, 113, 167, 164, 73]
41389

[156, 171, 34, 60, 106, 174, 58, 75, 96, 90, 128, 27, 92, 10, 157, 98, 7, 11, 70, 160, 89, 20, 189, 116, 39, 193, 66, 196, 4, 131, 61, 68, 149, 37, 71, 36, 183, 114, 162, 115, 51, 57, 83, 6, 33, 56, 73, 164, 86, 181, 13, 63, 109, 41, 119, 124, 117, 184, 163, 87, 170, 103, 54, 152, 23, 44, 35, 95, 136, 91, 101, 147, 40, 191, 16, 77, 154, 186, 125, 62, 30, 194, 155, 120, 81, 146, 32, 82, 132, 65, 144, 198, 130, 177, 93, 179, 175, 26, 8, 24]
[45, 145, 151, 107, 0, 94, 173, 97, 31, 166, 135, 28, 2, 121, 84, 72, 52, 169, 148, 69, 197, 38, 188, 110, 67, 9, 141, 122, 165, 137, 85, 48, 133, 180, 29, 74, 100, 25, 99, 55, 80, 178, 112, 78, 187, 123, 126, 79, 19, 64, 46, 140, 172, 138, 22, 21, 192, 143, 159, 161, 134, 150, 18, 129, 43, 199, 118, 17, 104, 76, 102, 49, 158, 105, 139, 182, 15, 1, 108, 12, 47, 50, 127, 111, 14, 5, 3, 167, 113, 59, 185, 195, 88, 42, 176, 142, 190, 153, 53, 168]
40478

[46, 172, 183, 36, 71, 168, 57, 51, 53, 162, 115, 195, 185, 42, 184, 117, 158, 49, 163, 176, 142, 54, 143, 152, 23, 17, 44, 35, 16, 186, 125, 12, 1, 15, 104, 76, 102, 182, 139, 105, 119, 41, 108, 109, 120, 47, 62, 30, 194, 155, 50, 127, 111, 5, 3, 113, 167, 132, 65, 144, 177, 93, 179, 8, 24, 45, 160, 31, 58, 75, 96, 90, 128, 27, 157, 2, 10, 92, 121, 84, 72, 141, 94, 0, 133, 29, 74, 67, 110, 188, 189, 193, 68, 149, 100, 126, 123, 78, 112, 178]
[146, 81, 154, 77, 191, 40, 147, 101, 43, 129, 199, 91, 118, 95, 136, 150, 18, 134, 161, 159, 192, 103, 21, 22, 170, 87, 138, 190, 153, 114, 83, 6, 33, 56, 175, 26, 145, 151, 107, 165, 137, 85, 48, 180, 37, 19, 79, 140, 64, 187, 80, 55, 99, 25, 61, 131, 4, 196, 66, 116, 39, 38, 197, 69, 148, 169, 52, 9, 122, 20, 89, 173, 11, 97, 28, 7, 98, 135, 166, 174, 106, 70, 60, 34, 171, 156, 130, 198, 73, 164, 59, 86, 88, 82, 181, 13, 124, 63, 32, 14]
38753

[45, 24, 8, 70, 26, 60, 34, 171, 56, 42, 163, 49, 158, 184, 88, 86, 113, 167, 132, 3, 5, 14, 111, 127, 146, 82, 181, 41, 109, 62, 125, 186, 12, 154, 108, 1, 77, 40, 147, 43, 101, 118, 17, 104, 76, 54, 103, 142, 176, 153, 115, 51, 162, 53, 64, 187, 78, 123, 126, 149, 131, 4, 196, 66, 197, 69, 148, 38, 39, 110, 68, 74, 29, 180, 133, 165, 107, 0, 97, 11, 106, 31, 166, 174, 58, 75, 135, 28, 7, 98, 96, 90, 128, 27, 157, 92, 121, 10, 2, 94]
[112, 100, 55, 99, 25, 61, 193, 116, 189, 188, 169, 52, 72, 84, 141, 9, 67, 122, 20, 89, 173, 160, 145, 151, 137, 85, 48, 37, 19, 79, 71, 168, 57, 83, 6, 33, 175, 179, 93, 177, 130, 156, 198, 144, 65, 73, 164, 59, 185, 195, 117, 105, 139, 182, 102, 15, 119, 124, 13, 63, 32, 81, 120, 155, 50, 194, 47, 30, 191, 16, 44, 35, 95, 136, 18, 150, 91, 199, 129, 134, 161, 23, 152, 159, 143, 192, 22, 21, 170, 87, 172, 138, 190, 114, 36, 183, 140, 46, 178, 80]
39383

[47, 155, 194, 30, 12, 154, 1, 108, 41, 119, 124, 105, 182, 15, 77, 191, 16, 35, 118, 91, 150, 18, 95, 17, 104, 23, 152, 54, 103, 170, 87, 21, 22, 46, 123, 126, 100, 25, 61, 193, 131, 4, 196, 66, 39, 38, 197, 69, 148, 72, 121, 84, 188, 189, 116, 68, 74, 29, 133, 180, 79, 19, 37, 137, 48, 85, 122, 141, 2, 10, 92, 157, 7, 98, 135, 174, 106, 11, 70, 26, 60, 34, 171, 56, 33, 53, 162, 115, 42, 88, 195, 185, 59, 73, 164, 86, 14, 111, 127, 50]
[13, 63, 81, 109, 125, 186, 62, 120, 146, 32, 5, 3, 82, 181, 113, 167, 132, 65, 144, 198, 156, 130, 177, 93, 179, 175, 160, 173, 97, 31, 166, 58, 75, 96, 90, 128, 27, 28, 94, 0, 89, 20, 45, 8, 24, 145, 151, 107, 165, 67, 9, 52, 169, 110, 149, 99, 55, 80, 178, 112, 78, 187, 64, 140, 183, 36, 71, 168, 6, 83, 57, 51, 153, 190, 176, 142, 163, 49, 158, 184, 117, 139, 102, 76, 44, 40, 147, 101, 43, 129, 199, 134, 136, 161, 159, 143, 192, 138, 172, 114]
41390

[38, 39, 110, 67, 48, 85, 137, 89, 0, 94, 28, 7, 2, 157, 27, 128, 90, 96, 98, 75, 135, 58, 174, 166, 31, 97, 106, 175, 179, 177, 93, 8, 24, 45, 145, 151, 37, 36, 71, 57, 83, 6, 59, 164, 73, 113, 167, 132, 3, 5, 32, 81, 109, 47, 62, 77, 16, 191, 40, 147, 101, 91, 150, 136, 95, 161, 23, 152, 102, 182, 139, 105, 117, 13, 124, 119, 1, 108, 41, 63, 181, 82, 86, 88, 42, 184, 158, 49, 163, 138, 172, 46, 178, 25, 4, 196, 66, 197, 148, 69]
[72, 121, 92, 10, 84, 52, 169, 188, 189, 116, 193, 131, 61, 68, 149, 100, 99, 55, 80, 112, 78, 187, 126, 123, 64, 140, 183, 114, 51, 185, 195, 115, 162, 53, 153, 190, 176, 142, 54, 103, 170, 87, 22, 21, 192, 143, 159, 134, 18, 199, 129, 43, 118, 35, 44, 17, 104, 76, 15, 154, 12, 186, 125, 30, 194, 50, 155, 120, 146, 127, 111, 14, 65, 144, 198, 130, 156, 171, 34, 60, 70, 11, 173, 160, 26, 56, 33, 168, 19, 79, 74, 29, 180, 133, 165, 107, 20, 122, 9, 141]
39831

[59, 185, 195, 42, 163, 115, 51, 162, 53, 114, 71, 45, 145, 151, 107, 165, 137, 48, 133, 180, 29, 126, 123, 64, 36, 183, 140, 178, 80, 112, 149, 68, 25, 61, 193, 131, 4, 196, 66, 197, 69, 148, 38, 39, 116, 189, 110, 9, 141, 122, 20, 94, 28, 7, 98, 135, 31, 97, 160, 70, 26, 33, 168, 57, 83, 6, 56, 73, 164, 113, 167, 3, 5, 32, 63, 109, 108, 1, 62, 125, 186, 12, 154, 77, 44, 35, 118, 95, 136, 161, 159, 192, 21, 22, 87, 170, 103, 54, 49, 158]
[91, 199, 101, 147, 43, 129, 18, 150, 134, 17, 23, 152, 143, 142, 176, 153, 190, 138, 172, 46, 187, 78, 55, 99, 100, 74, 79, 19, 37, 85, 67, 188, 169, 52, 72, 84, 121, 92, 10, 2, 157, 27, 128, 90, 96, 75, 58, 166, 174, 106, 11, 173, 0, 89, 24, 8, 175, 60, 34, 171, 156, 179, 93, 177, 130, 198, 144, 65, 132, 86, 88, 184, 117, 105, 139, 182, 102, 76, 104, 15, 41, 119, 124, 13, 181, 82, 14, 111, 127, 146, 81, 120, 155, 50, 194, 47, 30, 16, 191, 40]
37993

[49, 163, 114, 36, 71, 145, 45, 24, 8, 160, 11, 173, 2, 94, 0, 89, 20, 137, 85, 48, 37, 19, 79, 64, 140, 46, 80, 55, 196, 66, 197, 169, 52, 72, 121, 92, 27, 128, 90, 96, 98, 75, 174, 106, 175, 179, 93, 60, 34, 171, 156, 130, 198, 177, 56, 195, 185, 59, 164, 73, 144, 65, 132, 167, 113, 86, 181, 82, 3, 5, 32, 14, 111, 127, 146, 120, 81, 63, 13, 124, 108, 1, 77, 16, 191, 40, 147, 43, 101, 91, 136, 95, 44, 104, 15, 182, 139, 105, 158, 102]
[110, 67, 9, 122, 141, 84, 10, 157, 7, 28, 135, 58, 166, 31, 97, 70, 26, 33, 168, 6, 83, 57, 51, 115, 42, 88, 184, 117, 119, 41, 109, 155, 50, 194, 47, 30, 62, 125, 186, 12, 154, 35, 118, 150, 18, 199, 129, 134, 161, 17, 23, 152, 76, 54, 103, 143, 159, 192, 21, 22, 87, 170, 142, 176, 162, 53, 153, 190, 138, 172, 183, 151, 107, 165, 133, 180, 29, 74, 126, 123, 187, 78, 178, 112, 100, 99, 25, 149, 68, 61, 131, 4, 193, 116, 189, 39, 38, 69, 148, 188]
38768

[16, 191, 40, 147, 118, 91, 199, 101, 43, 129, 18, 150, 136, 95, 161, 17, 104, 76, 15, 1, 108, 41, 119, 124, 13, 105, 182, 139, 158, 49, 54, 103, 170, 87, 190, 153, 162, 53, 114, 71, 46, 178, 80, 112, 100, 149, 74, 29, 37, 145, 45, 11, 173, 89, 20, 107, 151, 165, 137, 85, 68, 25, 61, 131, 4, 196, 66, 197, 69, 148, 38, 39, 189, 141, 92, 10, 157, 27, 128, 90, 96, 98, 7, 75, 106, 130, 198, 167, 181, 63, 32, 146, 50, 155, 194, 47, 30, 62, 186, 125]
[174, 166, 31, 97, 94, 0, 160, 70, 8, 24, 26, 60, 34, 171, 156, 175, 179, 93, 56, 33, 168, 57, 83, 6, 59, 164, 73, 177, 144, 65, 132, 113, 86, 82, 3, 5, 14, 111, 127, 120, 81, 109, 12, 154, 77, 44, 35, 134, 192, 143, 159, 152, 23, 102, 117, 184, 88, 185, 195, 51, 115, 42, 163, 176, 142, 21, 22, 138, 172, 36, 183, 140, 64, 123, 126, 187, 78, 55, 99, 193, 116, 110, 67, 48, 133, 180, 79, 19, 122, 9, 188, 169, 52, 72, 84, 121, 2, 28, 135, 58]
40126

[177, 198, 130, 156, 171, 34, 60, 70, 106, 31, 166, 174, 58, 135, 75, 98, 7, 28, 2, 121, 84, 72, 52, 169, 188, 110, 67, 68, 149, 100, 112, 80, 178, 78, 64, 36, 71, 19, 37, 151, 165, 107, 145, 45, 24, 8, 26, 175, 179, 93, 56, 6, 83, 57, 51, 162, 53, 153, 190, 176, 142, 103, 192, 143, 159, 161, 134, 129, 43, 118, 35, 44, 104, 76, 102, 15, 12, 186, 125, 62, 30, 47, 194, 50, 155, 120, 146, 127, 111, 82, 132, 65, 144, 73, 164, 59, 185, 195, 42, 88]
[180, 79, 133, 48, 137, 85, 9, 122, 141, 92, 10, 157, 27, 128, 90, 96, 97, 94, 0, 20, 89, 173, 11, 160, 33, 168, 115, 163, 49, 158, 184, 117, 13, 181, 86, 113, 167, 3, 5, 14, 32, 81, 63, 124, 119, 41, 109, 108, 1, 154, 77, 16, 191, 40, 147, 101, 199, 91, 150, 18, 136, 95, 17, 23, 152, 182, 105, 139, 54, 170, 21, 22, 87, 138, 172, 114, 183, 140, 46, 187, 123, 126, 55, 99, 25, 61, 131, 4, 196, 66, 197, 69, 148, 38, 39, 189, 116, 193, 74, 29]
38081

[107, 151, 165, 67, 9, 84, 121, 141, 122, 20, 89, 0, 94, 31, 166, 174, 97, 173, 11, 160, 70, 60, 34, 171, 156, 130, 198, 144, 65, 132, 167, 113, 86, 181, 82, 3, 5, 14, 111, 127, 146, 81, 120, 155, 50, 194, 47, 30, 62, 12, 108, 1, 154, 77, 16, 44, 35, 118, 101, 147, 43, 129, 199, 136, 95, 161, 17, 104, 15, 102, 182, 139, 105, 158, 49, 163, 176, 172, 46, 80, 112, 61, 131, 193, 68, 149, 74, 123, 64, 71, 168, 114, 190, 153, 59, 164, 73, 177, 93, 8]
[187, 78, 178, 140, 183, 36, 79, 19, 37, 145, 45, 24, 33, 6, 83, 57, 51, 115, 162, 53, 138, 87, 22, 21, 170, 142, 103, 192, 159, 143, 54, 76, 152, 23, 134, 18, 150, 91, 40, 191, 186, 125, 109, 41, 119, 124, 13, 63, 32, 117, 184, 42, 88, 195, 185, 56, 179, 175, 26, 106, 58, 75, 135, 28, 7, 98, 96, 90, 128, 27, 157, 2, 10, 92, 72, 52, 169, 148, 69, 197, 38, 66, 196, 4, 39, 116, 189, 188, 110, 85, 137, 48, 133, 180, 29, 25, 99, 55, 100, 126]
39374

[58, 75, 98, 7, 135, 166, 174, 106, 70, 26, 175, 179, 177, 73, 164, 167, 113, 86, 59, 185, 195, 88, 181, 82, 5, 14, 111, 127, 81, 63, 109, 125, 12, 154, 77, 16, 191, 40, 147, 101, 17, 23, 152, 76, 104, 15, 102, 182, 139, 49, 163, 54, 103, 192, 21, 22, 87, 170, 142, 176, 190, 138, 172, 46, 80, 55, 99, 100, 149, 68, 25, 61, 131, 4, 197, 69, 148, 39, 189, 110, 85, 48, 133, 180, 37, 19, 79, 123, 64, 183, 36, 71, 168, 6, 33, 24, 8, 0, 94, 31]
[34, 171, 156, 60, 160, 11, 173, 97, 28, 96, 90, 128, 27, 157, 2, 10, 92, 121, 84, 72, 141, 52, 169, 38, 66, 196, 193, 116, 188, 67, 9, 122, 20, 89, 45, 145, 151, 107, 165, 137, 29, 74, 126, 112, 178, 78, 187, 140, 114, 153, 53, 162, 115, 51, 57, 83, 56, 93, 42, 184, 158, 105, 117, 13, 124, 119, 41, 108, 1, 143, 159, 161, 134, 129, 43, 199, 91, 150, 18, 136, 95, 118, 35, 44, 186, 62, 30, 47, 194, 50, 155, 120, 146, 32, 3, 132, 65, 144, 198, 130]
39558

[114, 71, 36, 123, 187, 78, 112, 55, 99, 25, 61, 131, 4, 196, 66, 197, 69, 52, 72, 121, 84, 141, 122, 48, 133, 29, 180, 20, 89, 0, 94, 2, 7, 98, 28, 135, 58, 166, 31, 97, 173, 168, 33, 56, 175, 26, 60, 34, 171, 156, 65, 3, 14, 111, 127, 146, 109, 47, 62, 186, 191, 40, 147, 43, 129, 199, 101, 118, 35, 16, 77, 154, 12, 1, 108, 41, 15, 182, 139, 105, 184, 158, 49, 163, 176, 142, 54, 103, 143, 192, 22, 21, 170, 87, 190, 153, 115, 51, 53, 162]
[145, 24, 8, 45, 151, 107, 165, 85, 137, 37, 19, 79, 126, 74, 68, 149, 100, 80, 178, 46, 64, 140, 183, 172, 138, 159, 161, 134, 18, 150, 91, 136, 95, 23, 152, 102, 76, 104, 17, 44, 125, 30, 194, 50, 155, 120, 81, 63, 32, 5, 82, 181, 13, 124, 119, 117, 88, 42, 195, 185, 57, 83, 6, 73, 164, 59, 86, 113, 167, 132, 144, 198, 130, 177, 93, 179, 70, 160, 11, 106, 174, 75, 96, 90, 128, 27, 157, 10, 92, 9, 67, 110, 188, 189, 116, 193, 39, 38, 148, 169]
40810

[77, 16, 191, 40, 147, 101, 43, 129, 199, 91, 136, 95, 161, 159, 143, 192, 103, 21, 22, 170, 142, 176, 115, 51, 195, 185, 57, 168, 71, 36, 183, 140, 46, 64, 123, 126, 187, 78, 112, 178, 80, 100, 74, 29, 79, 19, 37, 180, 133, 193, 131, 4, 196, 66, 188, 121, 92, 10, 157, 27, 128, 90, 96, 58, 174, 166, 31, 106, 177, 73, 164, 59, 132, 167, 113, 86, 88, 42, 184, 117, 119, 124, 13, 63, 32, 14, 111, 146, 81, 120, 47, 62, 109, 41, 108, 1, 154, 186, 125, 12]
[134, 18, 150, 118, 35, 44, 17, 23, 152, 54, 87, 138, 172, 114, 53, 162, 153, 190, 163, 49, 158, 105, 139, 182, 102, 76, 104, 15, 30, 194, 155, 50, 127, 5, 181, 82, 3, 65, 144, 198, 130, 156, 171, 34, 60, 70, 160, 11, 173, 97, 28, 135, 75, 98, 7, 2, 94, 0, 89, 20, 122, 9, 141, 84, 72, 52, 169, 148, 69, 197, 38, 39, 189, 116, 61, 55, 99, 25, 149, 68, 110, 67, 48, 85, 137, 165, 107, 151, 145, 45, 24, 8, 26, 175, 33, 83, 6, 56, 93, 179]
38895

[196, 66, 197, 69, 148, 38, 169, 52, 121, 92, 10, 2, 157, 27, 128, 90, 96, 98, 7, 75, 58, 166, 31, 97, 173, 70, 26, 60, 34, 171, 156, 175, 179, 93, 56, 177, 130, 198, 144, 65, 132, 167, 113, 73, 164, 59, 86, 3, 32, 146, 120, 81, 63, 13, 82, 181, 117, 184, 49, 158, 105, 124, 119, 41, 109, 108, 1, 154, 12, 125, 186, 77, 104, 17, 136, 91, 150, 18, 134, 159, 143, 103, 192, 22, 21, 170, 87, 176, 153, 114, 168, 24, 8, 45, 71, 112, 80, 55, 99, 61]
[68, 110, 193, 131, 4, 39, 116, 189, 188, 72, 84, 141, 9, 67, 122, 107, 151, 165, 137, 85, 48, 79, 19, 37, 145, 20, 89, 0, 94, 28, 135, 174, 106, 11, 160, 33, 6, 83, 57, 185, 195, 88, 5, 14, 111, 127, 50, 155, 194, 47, 30, 62, 16, 44, 35, 191, 40, 147, 43, 129, 199, 101, 118, 95, 161, 23, 152, 76, 15, 139, 182, 102, 54, 142, 163, 42, 51, 115, 162, 53, 190, 138, 172, 36, 183, 140, 46, 178, 78, 187, 64, 123, 126, 100, 25, 149, 74, 29, 180, 133]
39097

[31, 135, 28, 7, 98, 75, 58, 166, 174, 106, 26, 175, 179, 73, 164, 167, 113, 86, 117, 13, 63, 81, 146, 111, 127, 120, 155, 50, 194, 47, 30, 62, 109, 125, 186, 12, 154, 77, 191, 16, 44, 35, 118, 40, 147, 101, 43, 129, 199, 18, 150, 91, 95, 136, 134, 161, 17, 163, 42, 88, 185, 195, 51, 115, 162, 53, 153, 190, 138, 172, 46, 178, 80, 112, 19, 37, 151, 107, 165, 141, 84, 121, 72, 52, 169, 148, 69, 197, 38, 39, 116, 193, 4, 131, 61, 25, 99, 55, 100, 149]
[183, 36, 71, 168, 114, 140, 64, 187, 78, 123, 126, 79, 137, 85, 48, 133, 180, 29, 74, 68, 196, 66, 189, 188, 110, 67, 9, 122, 20, 145, 24, 8, 45, 89, 0, 94, 2, 10, 92, 157, 27, 128, 90, 96, 97, 173, 11, 160, 70, 60, 34, 171, 156, 130, 198, 177, 93, 56, 33, 6, 83, 57, 59, 144, 65, 132, 3, 82, 181, 5, 14, 32, 124, 119, 41, 108, 1, 15, 182, 139, 105, 184, 158, 49, 102, 76, 104, 23, 152, 159, 143, 54, 176, 142, 103, 192, 22, 21, 170, 87]
39006

[13, 63, 81, 14, 111, 127, 50, 155, 194, 47, 30, 62, 125, 186, 12, 154, 191, 40, 147, 43, 129, 199, 101, 150, 18, 134, 161, 17, 23, 152, 54, 103, 170, 87, 142, 176, 115, 162, 53, 138, 172, 140, 46, 80, 178, 78, 187, 126, 123, 36, 71, 168, 6, 33, 8, 24, 45, 145, 180, 133, 29, 74, 149, 68, 25, 61, 193, 116, 189, 39, 169, 52, 188, 141, 94, 97, 106, 60, 34, 171, 156, 130, 198, 73, 164, 185, 195, 42, 88, 105, 139, 182, 102, 76, 104, 15, 108, 41, 119, 124]
[16, 44, 77, 1, 109, 120, 146, 32, 5, 3, 82, 181, 117, 184, 158, 49, 163, 51, 57, 83, 59, 86, 113, 167, 132, 65, 144, 177, 56, 93, 179, 175, 26, 70, 160, 11, 173, 89, 107, 165, 151, 37, 19, 79, 137, 85, 48, 110, 67, 9, 122, 20, 0, 31, 166, 174, 58, 135, 75, 96, 90, 128, 27, 98, 7, 28, 2, 157, 10, 92, 121, 84, 72, 148, 69, 197, 38, 66, 196, 4, 131, 99, 55, 100, 112, 64, 183, 114, 153, 190, 21, 22, 192, 143, 159, 95, 136, 91, 118, 35]
37415

[41, 119, 13, 63, 32, 146, 127, 111, 14, 5, 3, 82, 181, 86, 113, 167, 59, 185, 195, 168, 71, 36, 64, 79, 19, 29, 74, 100, 149, 68, 193, 116, 189, 110, 151, 145, 45, 0, 94, 97, 28, 135, 98, 7, 141, 122, 9, 188, 38, 148, 69, 197, 39, 66, 196, 4, 131, 61, 25, 99, 55, 126, 123, 187, 78, 112, 80, 178, 46, 87, 170, 103, 54, 142, 176, 115, 51, 163, 49, 158, 105, 139, 182, 102, 76, 104, 15, 77, 16, 44, 35, 118, 91, 40, 191, 186, 12, 154, 1, 108]
[90, 128, 27, 96, 75, 58, 174, 166, 31, 106, 11, 173, 160, 70, 26, 175, 60, 34, 171, 156, 130, 177, 198, 144, 65, 132, 73, 164, 88, 42, 184, 117, 124, 109, 81, 120, 155, 50, 194, 47, 30, 62, 125, 147, 101, 199, 43, 129, 134, 18, 150, 136, 95, 161, 17, 23, 152, 159, 143, 192, 21, 22, 138, 172, 140, 183, 114, 190, 153, 162, 53, 57, 83, 6, 56, 93, 179, 33, 8, 24, 37, 180, 133, 48, 85, 137, 165, 107, 89, 20, 67, 169, 52, 72, 84, 121, 2, 157, 10, 92]
38312

[190, 163, 49, 76, 152, 23, 17, 104, 15, 1, 108, 62, 30, 47, 194, 155, 50, 127, 120, 81, 63, 32, 146, 111, 14, 5, 3, 86, 82, 181, 13, 124, 119, 117, 195, 185, 59, 164, 73, 167, 198, 130, 156, 171, 34, 106, 174, 166, 58, 135, 75, 96, 90, 128, 27, 157, 72, 52, 169, 148, 69, 197, 38, 66, 196, 39, 116, 189, 110, 67, 9, 2, 7, 98, 70, 26, 83, 57, 168, 71, 79, 19, 37, 107, 165, 137, 85, 48, 133, 180, 126, 123, 64, 140, 183, 36, 114, 53, 162, 153]
[22, 21, 103, 170, 87, 138, 51, 115, 176, 142, 54, 143, 192, 159, 161, 134, 150, 18, 129, 43, 101, 199, 91, 136, 95, 118, 35, 44, 147, 40, 191, 16, 77, 154, 12, 186, 125, 109, 41, 105, 182, 102, 139, 158, 184, 42, 88, 113, 132, 65, 144, 177, 60, 175, 179, 93, 56, 6, 33, 8, 24, 45, 145, 151, 160, 11, 173, 97, 31, 28, 94, 0, 89, 20, 122, 141, 10, 92, 121, 84, 188, 193, 4, 131, 61, 68, 149, 29, 74, 100, 25, 99, 55, 80, 112, 78, 187, 178, 46, 172]
39920

[16, 191, 40, 44, 35, 118, 136, 95, 17, 104, 76, 102, 54, 103, 21, 22, 170, 142, 190, 153, 176, 163, 49, 158, 139, 182, 105, 119, 124, 13, 117, 184, 42, 195, 51, 115, 162, 53, 114, 19, 79, 180, 133, 29, 74, 126, 100, 25, 61, 193, 131, 4, 197, 69, 148, 92, 10, 2, 157, 27, 128, 90, 96, 75, 58, 166, 31, 97, 173, 11, 160, 0, 89, 20, 107, 165, 85, 48, 137, 37, 168, 33, 175, 177, 132, 167, 113, 3, 5, 32, 14, 111, 146, 127, 50, 30, 125, 186, 154, 77]
[152, 23, 15, 1, 108, 41, 63, 81, 120, 155, 194, 47, 62, 109, 12, 147, 101, 43, 129, 199, 91, 150, 18, 134, 161, 159, 143, 192, 87, 138, 172, 46, 178, 80, 112, 78, 187, 123, 64, 140, 183, 36, 71, 57, 83, 6, 56, 179, 93, 73, 164, 59, 185, 88, 181, 82, 86, 65, 144, 198, 130, 156, 171, 34, 60, 26, 8, 24, 45, 145, 151, 67, 9, 188, 110, 68, 149, 99, 55, 196, 66, 39, 116, 189, 38, 169, 52, 72, 121, 84, 141, 122, 94, 28, 7, 98, 135, 174, 106, 70]
41559

[169, 52, 72, 121, 92, 10, 2, 141, 9, 122, 20, 107, 165, 137, 133, 180, 79, 71, 36, 190, 153, 176, 142, 163, 184, 42, 88, 73, 93, 179, 175, 26, 70, 106, 31, 135, 7, 98, 75, 58, 166, 174, 171, 156, 177, 86, 181, 82, 3, 5, 14, 111, 127, 146, 32, 63, 13, 124, 119, 81, 120, 155, 50, 194, 47, 30, 62, 125, 186, 154, 77, 16, 95, 136, 161, 17, 23, 152, 143, 103, 87, 46, 80, 178, 78, 187, 29, 74, 100, 149, 68, 61, 193, 116, 189, 39, 38, 148, 69, 197]
[140, 112, 55, 99, 25, 131, 4, 196, 66, 110, 48, 85, 67, 188, 84, 157, 27, 128, 90, 96, 28, 97, 94, 0, 89, 173, 11, 160, 60, 34, 130, 198, 144, 65, 132, 167, 113, 164, 59, 185, 195, 56, 33, 6, 83, 57, 51, 115, 162, 53, 114, 168, 24, 8, 45, 145, 151, 37, 19, 126, 123, 64, 183, 172, 138, 170, 54, 102, 182, 139, 105, 49, 158, 117, 15, 1, 108, 41, 109, 12, 191, 40, 147, 101, 43, 129, 199, 134, 18, 150, 91, 118, 35, 44, 104, 76, 159, 192, 21, 22]
41239

[61, 149, 100, 112, 80, 178, 46, 140, 64, 74, 29, 180, 133, 48, 85, 137, 122, 20, 89, 107, 165, 151, 145, 45, 24, 8, 26, 175, 33, 56, 164, 59, 42, 51, 115, 163, 176, 142, 87, 22, 21, 170, 103, 54, 102, 15, 76, 104, 17, 161, 134, 199, 129, 43, 101, 147, 40, 191, 16, 186, 62, 30, 47, 109, 81, 124, 13, 63, 32, 146, 120, 155, 194, 50, 127, 111, 14, 5, 82, 3, 132, 65, 144, 156, 171, 34, 60, 11, 31, 166, 174, 58, 135, 28, 84, 169, 66, 196, 4, 131]
[185, 73, 177, 93, 179, 70, 160, 173, 97, 94, 0, 141, 9, 67, 68, 126, 123, 187, 78, 55, 99, 25, 193, 116, 189, 110, 188, 39, 38, 197, 69, 148, 52, 72, 121, 92, 10, 2, 157, 27, 128, 90, 96, 98, 7, 75, 106, 130, 198, 167, 113, 86, 88, 184, 49, 158, 139, 182, 105, 117, 181, 119, 41, 108, 1, 154, 12, 125, 77, 44, 35, 118, 91, 150, 18, 136, 95, 23, 152, 159, 143, 192, 190, 153, 162, 53, 114, 138, 172, 183, 36, 71, 79, 19, 37, 168, 57, 83, 6, 195]
41037

[67, 110, 188, 189, 116, 39, 193, 25, 99, 55, 100, 149, 74, 29, 79, 19, 37, 36, 71, 168, 33, 26, 106, 31, 135, 98, 75, 58, 166, 174, 156, 130, 177, 198, 144, 65, 132, 167, 113, 164, 86, 3, 5, 63, 81, 120, 155, 50, 194, 47, 109, 108, 41, 119, 13, 124, 15, 1, 147, 43, 101, 199, 91, 150, 18, 129, 134, 17, 104, 76, 102, 182, 139, 105, 117, 181, 88, 42, 184, 158, 49, 163, 176, 162, 153, 190, 142, 103, 143, 159, 192, 22, 21, 170, 87, 140, 64, 187, 126, 123]
[122, 141, 9, 52, 169, 38, 148, 69, 197, 66, 196, 4, 131, 61, 68, 133, 180, 48, 85, 137, 165, 107, 151, 145, 45, 24, 8, 175, 56, 6, 83, 57, 51, 115, 53, 114, 183, 78, 112, 80, 178, 46, 172, 138, 54, 152, 23, 161, 136, 95, 118, 35, 44, 40, 191, 16, 77, 154, 12, 186, 125, 62, 30, 146, 127, 111, 14, 32, 82, 195, 185, 59, 73, 93, 179, 60, 171, 34, 70, 160, 11, 173, 97, 28, 7, 96, 90, 128, 27, 157, 92, 121, 72, 84, 10, 2, 94, 0, 20, 89]
40267

[198, 130, 177, 144, 65, 132, 86, 82, 181, 117, 13, 124, 119, 109, 47, 30, 62, 191, 16, 44, 35, 40, 147, 101, 43, 129, 134, 17, 23, 152, 76, 104, 15, 102, 182, 139, 105, 158, 49, 163, 54, 103, 170, 87, 138, 172, 46, 80, 178, 78, 112, 61, 196, 66, 189, 116, 193, 68, 126, 183, 36, 71, 145, 151, 107, 20, 89, 173, 0, 94, 141, 84, 92, 10, 2, 7, 98, 96, 75, 135, 58, 174, 166, 31, 97, 11, 160, 45, 24, 8, 33, 56, 93, 179, 175, 26, 60, 34, 156, 171]
[165, 122, 9, 67, 110, 131, 4, 39, 38, 197, 69, 148, 188, 169, 52, 72, 121, 157, 27, 128, 90, 28, 106, 70, 73, 164, 59, 113, 167, 3, 5, 14, 111, 127, 50, 194, 155, 120, 146, 32, 81, 63, 41, 108, 1, 154, 12, 125, 186, 77, 95, 118, 91, 199, 18, 150, 136, 161, 159, 143, 192, 22, 21, 142, 176, 190, 153, 53, 162, 115, 51, 195, 42, 184, 88, 185, 6, 83, 57, 168, 114, 140, 64, 123, 187, 55, 99, 25, 100, 149, 74, 29, 79, 19, 37, 180, 133, 137, 85, 48]
39446

[164, 59, 42, 163, 162, 53, 114, 140, 64, 79, 19, 37, 151, 107, 89, 173, 97, 166, 174, 58, 135, 75, 96, 90, 128, 27, 157, 2, 165, 137, 85, 48, 180, 133, 68, 189, 116, 193, 131, 61, 25, 100, 126, 123, 187, 78, 112, 80, 178, 46, 22, 192, 134, 129, 43, 101, 199, 91, 150, 18, 136, 161, 23, 152, 159, 54, 49, 158, 105, 139, 182, 15, 1, 108, 125, 186, 62, 30, 47, 194, 50, 155, 120, 81, 13, 124, 117, 88, 86, 132, 65, 144, 177, 93, 60, 34, 171, 156, 130, 198]
[71, 36, 183, 172, 87, 170, 21, 103, 143, 104, 17, 95, 118, 147, 40, 35, 44, 16, 191, 77, 154, 12, 109, 41, 119, 76, 102, 184, 195, 185, 82, 181, 63, 146, 127, 111, 14, 32, 5, 3, 167, 113, 73, 56, 179, 175, 26, 70, 160, 11, 106, 31, 28, 7, 98, 10, 92, 121, 84, 72, 141, 94, 0, 20, 122, 9, 67, 110, 188, 39, 38, 169, 52, 148, 69, 197, 66, 196, 4, 55, 99, 149, 74, 29, 145, 45, 24, 8, 33, 168, 6, 83, 57, 51, 115, 153, 190, 176, 142, 138]
41228

[148, 69, 197, 66, 196, 4, 131, 116, 189, 110, 67, 9, 141, 122, 20, 107, 165, 137, 85, 48, 19, 79, 74, 149, 100, 126, 123, 187, 64, 140, 183, 36, 114, 172, 138, 190, 142, 170, 87, 22, 21, 192, 134, 129, 43, 147, 101, 199, 118, 35, 44, 16, 186, 125, 109, 81, 146, 127, 111, 14, 32, 5, 3, 82, 181, 13, 124, 119, 41, 108, 1, 15, 182, 139, 105, 184, 88, 42, 115, 51, 195, 185, 59, 164, 113, 167, 156, 171, 26, 8, 24, 45, 97, 28, 2, 10, 72, 52, 169, 38]
[37, 151, 145, 89, 0, 94, 173, 11, 160, 70, 60, 34, 106, 31, 166, 174, 58, 135, 75, 7, 98, 96, 90, 128, 27, 157, 92, 121, 84, 188, 39, 193, 61, 55, 99, 25, 68, 133, 180, 29, 78, 112, 80, 178, 46, 71, 168, 33, 175, 179, 93, 56, 6, 83, 57, 53, 162, 153, 176, 163, 49, 158, 102, 76, 104, 17, 23, 152, 54, 103, 143, 159, 161, 95, 136, 18, 150, 91, 40, 191, 77, 154, 12, 62, 30, 47, 194, 50, 155, 120, 63, 117, 86, 132, 65, 144, 198, 130, 177, 73]
39344

[148, 169, 188, 141, 2, 157, 27, 128, 90, 96, 75, 174, 106, 70, 26, 34, 60, 175, 179, 93, 56, 53, 162, 115, 51, 59, 73, 177, 198, 167, 113, 3, 5, 14, 146, 81, 120, 30, 62, 125, 186, 12, 154, 108, 1, 77, 44, 35, 118, 91, 150, 18, 199, 43, 129, 134, 17, 23, 152, 102, 182, 139, 105, 158, 49, 184, 163, 142, 176, 153, 190, 114, 36, 183, 140, 64, 46, 178, 80, 112, 78, 187, 123, 126, 180, 133, 29, 74, 149, 100, 55, 99, 25, 68, 61, 193, 39, 38, 69, 197]
[6, 33, 8, 24, 45, 145, 151, 107, 165, 137, 48, 85, 20, 122, 9, 67, 110, 189, 116, 131, 4, 196, 66, 52, 72, 84, 121, 92, 10, 98, 7, 28, 135, 58, 166, 31, 97, 94, 0, 89, 173, 11, 160, 171, 156, 130, 144, 65, 132, 164, 83, 57, 185, 195, 42, 88, 86, 82, 181, 117, 13, 63, 32, 111, 127, 50, 155, 194, 47, 109, 41, 119, 124, 15, 76, 104, 16, 191, 40, 147, 101, 136, 95, 161, 159, 143, 54, 103, 192, 22, 21, 170, 87, 138, 172, 71, 79, 19, 37, 168]
38560

[46, 64, 140, 183, 172, 138, 190, 153, 87, 170, 103, 54, 143, 152, 23, 104, 17, 44, 16, 77, 154, 12, 1, 15, 76, 102, 182, 139, 124, 119, 41, 108, 109, 155, 120, 32, 5, 3, 82, 181, 86, 113, 167, 59, 164, 73, 177, 198, 130, 156, 60, 26, 8, 24, 45, 89, 0, 94, 173, 11, 160, 106, 97, 31, 166, 174, 58, 75, 135, 28, 7, 98, 96, 90, 128, 27, 157, 10, 92, 121, 72, 148, 69, 197, 38, 193, 133, 48, 85, 137, 165, 107, 37, 19, 79, 126, 123, 187, 178, 80]
[2, 84, 52, 169, 188, 141, 20, 122, 9, 67, 110, 189, 116, 39, 66, 196, 4, 131, 61, 25, 68, 149, 100, 99, 55, 112, 78, 74, 29, 180, 151, 145, 70, 34, 171, 144, 65, 132, 88, 42, 184, 163, 49, 158, 105, 117, 13, 63, 81, 146, 14, 111, 127, 50, 194, 47, 30, 62, 125, 186, 191, 40, 147, 35, 118, 91, 199, 101, 43, 129, 134, 18, 150, 136, 95, 161, 159, 192, 22, 21, 142, 176, 115, 51, 162, 53, 114, 36, 71, 168, 57, 83, 6, 195, 185, 56, 33, 175, 93, 179]
39157

[198, 130, 156, 171, 70, 160, 11, 173, 97, 31, 75, 7, 98, 96, 90, 128, 27, 157, 2, 94, 20, 122, 169, 148, 69, 38, 39, 4, 131, 193, 110, 67, 85, 137, 165, 107, 151, 37, 19, 79, 24, 8, 26, 56, 73, 164, 59, 86, 3, 82, 181, 63, 81, 109, 41, 108, 1, 15, 104, 76, 102, 49, 158, 117, 184, 51, 115, 162, 153, 190, 138, 87, 22, 21, 170, 142, 176, 54, 143, 161, 95, 118, 35, 44, 16, 186, 125, 62, 30, 47, 194, 50, 155, 120, 146, 127, 111, 14, 5, 32]
[45, 106, 174, 166, 58, 135, 28, 0, 89, 145, 71, 36, 114, 53, 168, 33, 93, 179, 175, 60, 34, 177, 144, 65, 132, 167, 113, 6, 83, 57, 185, 195, 88, 42, 163, 152, 23, 17, 182, 139, 105, 13, 124, 119, 12, 154, 77, 191, 40, 147, 43, 129, 199, 101, 91, 150, 18, 136, 134, 159, 192, 103, 172, 46, 178, 80, 55, 99, 61, 196, 66, 197, 52, 72, 84, 121, 92, 10, 141, 9, 188, 189, 116, 68, 25, 100, 149, 48, 133, 180, 29, 74, 112, 78, 187, 126, 123, 64, 140, 183]
42821

[1, 108, 15, 76, 152, 23, 161, 159, 192, 143, 54, 103, 170, 21, 22, 87, 142, 176, 190, 138, 172, 46, 178, 80, 112, 78, 187, 19, 37, 137, 85, 48, 133, 180, 29, 74, 100, 55, 99, 25, 61, 193, 67, 9, 27, 128, 90, 98, 7, 31, 173, 11, 160, 70, 33, 168, 6, 83, 57, 162, 115, 51, 195, 185, 164, 59, 42, 163, 49, 117, 13, 81, 146, 111, 127, 50, 194, 155, 120, 47, 30, 62, 12, 154, 77, 191, 40, 35, 118, 95, 136, 134, 18, 150, 91, 101, 199, 129, 43, 147]
[24, 45, 145, 71, 53, 153, 114, 36, 183, 140, 64, 123, 126, 79, 151, 107, 165, 149, 68, 131, 4, 196, 66, 197, 69, 148, 38, 39, 116, 189, 110, 188, 169, 52, 72, 84, 121, 92, 10, 157, 96, 75, 58, 174, 166, 135, 28, 2, 141, 122, 20, 89, 0, 94, 97, 106, 60, 34, 171, 156, 130, 177, 198, 144, 65, 132, 167, 113, 181, 82, 3, 5, 14, 32, 63, 124, 119, 41, 109, 125, 186, 16, 44, 17, 104, 102, 182, 139, 105, 158, 184, 88, 86, 73, 56, 93, 179, 175, 26, 8]
38877

[68, 149, 126, 123, 140, 183, 114, 190, 87, 22, 21, 170, 103, 192, 161, 134, 136, 95, 118, 91, 150, 18, 199, 101, 129, 43, 147, 40, 35, 44, 15, 76, 102, 49, 163, 176, 153, 53, 162, 115, 42, 117, 181, 82, 13, 124, 119, 41, 63, 32, 146, 127, 111, 14, 5, 3, 86, 113, 167, 164, 59, 57, 83, 6, 93, 179, 175, 70, 160, 11, 106, 174, 166, 58, 135, 75, 96, 90, 128, 27, 98, 7, 28, 31, 97, 173, 20, 122, 148, 69, 197, 66, 196, 4, 131, 61, 193, 39, 116, 189]
[71, 36, 168, 51, 195, 185, 88, 184, 158, 105, 139, 182, 1, 108, 109, 81, 120, 155, 50, 194, 47, 30, 62, 125, 186, 12, 154, 77, 191, 16, 17, 104, 23, 152, 159, 143, 54, 142, 138, 172, 46, 64, 187, 78, 112, 178, 80, 55, 99, 25, 100, 74, 29, 133, 180, 79, 19, 37, 137, 85, 48, 67, 110, 188, 38, 169, 52, 9, 141, 72, 84, 121, 92, 10, 157, 2, 94, 0, 89, 107, 165, 151, 145, 33, 56, 73, 132, 65, 144, 198, 177, 130, 156, 171, 34, 60, 26, 8, 24, 45]
38331

[27, 128, 90, 94, 0, 173, 11, 97, 106, 160, 70, 26, 6, 83, 57, 195, 185, 59, 164, 73, 113, 3, 5, 14, 32, 82, 181, 117, 105, 182, 102, 76, 152, 23, 17, 104, 1, 108, 109, 41, 119, 124, 81, 120, 155, 47, 62, 125, 12, 154, 161, 136, 134, 159, 192, 21, 22, 87, 170, 142, 176, 190, 153, 115, 51, 162, 53, 114, 168, 71, 36, 183, 123, 126, 187, 46, 178, 100, 99, 25, 149, 68, 133, 180, 48, 85, 137, 165, 151, 107, 89, 20, 122, 67, 9, 141, 121, 92, 10, 157]
[65, 132, 167, 86, 88, 42, 184, 13, 63, 146, 111, 127, 50, 194, 30, 186, 16, 191, 40, 147, 101, 199, 43, 129, 18, 150, 91, 118, 95, 35, 44, 77, 15, 139, 158, 49, 163, 54, 143, 103, 138, 172, 140, 64, 79, 19, 37, 29, 74, 78, 112, 80, 55, 61, 131, 4, 193, 110, 188, 189, 116, 39, 196, 66, 197, 69, 148, 38, 169, 52, 72, 84, 2, 28, 135, 7, 98, 96, 75, 58, 174, 166, 31, 145, 45, 24, 8, 33, 56, 177, 93, 179, 175, 60, 34, 171, 156, 130, 198, 144]
38865

[27, 157, 128, 90, 96, 75, 58, 166, 174, 106, 70, 26, 60, 175, 179, 93, 56, 6, 83, 57, 185, 195, 88, 59, 164, 73, 132, 167, 113, 86, 3, 5, 14, 111, 127, 50, 194, 30, 125, 186, 191, 16, 44, 35, 118, 40, 147, 43, 129, 199, 101, 91, 136, 161, 17, 104, 15, 154, 12, 1, 108, 109, 41, 119, 117, 184, 42, 153, 190, 168, 33, 24, 71, 79, 126, 123, 64, 187, 78, 178, 112, 100, 149, 133, 137, 85, 48, 67, 110, 188, 9, 122, 20, 141, 2, 10, 92, 121, 72, 84]
[165, 151, 107, 89, 0, 94, 173, 160, 8, 45, 145, 37, 19, 180, 29, 74, 68, 193, 116, 189, 39, 38, 169, 52, 148, 69, 197, 66, 196, 4, 131, 61, 25, 99, 55, 80, 46, 140, 183, 36, 114, 51, 115, 162, 53, 172, 138, 87, 170, 21, 22, 192, 143, 103, 54, 142, 176, 163, 49, 158, 105, 139, 182, 102, 76, 23, 152, 159, 134, 18, 150, 95, 77, 62, 47, 155, 120, 146, 32, 81, 63, 124, 13, 181, 82, 65, 144, 198, 177, 130, 156, 171, 34, 11, 97, 31, 135, 98, 7, 28]
39675

[92, 10, 94, 0, 160, 26, 33, 56, 179, 93, 73, 164, 59, 185, 195, 42, 184, 117, 13, 181, 82, 3, 5, 32, 14, 111, 127, 146, 81, 120, 155, 50, 194, 125, 186, 12, 154, 77, 191, 16, 44, 35, 136, 18, 150, 91, 199, 101, 43, 129, 134, 17, 76, 102, 182, 139, 105, 158, 49, 163, 54, 103, 170, 21, 22, 87, 172, 138, 190, 153, 53, 162, 115, 51, 57, 83, 6, 168, 71, 36, 140, 46, 178, 100, 149, 74, 29, 133, 67, 110, 116, 193, 131, 4, 196, 66, 197, 72, 84, 121]
[109, 62, 30, 47, 63, 124, 119, 41, 15, 104, 23, 152, 88, 86, 113, 167, 132, 65, 144, 198, 177, 130, 156, 171, 34, 60, 175, 70, 11, 173, 97, 106, 31, 166, 174, 58, 135, 28, 7, 98, 75, 96, 90, 128, 27, 157, 2, 141, 52, 169, 148, 69, 38, 39, 189, 188, 9, 122, 20, 89, 45, 8, 24, 145, 151, 107, 165, 137, 85, 48, 37, 19, 79, 180, 68, 61, 25, 99, 55, 80, 112, 78, 187, 126, 123, 64, 183, 114, 176, 142, 192, 143, 159, 161, 95, 118, 147, 40, 1, 108]
37228

[154, 12, 186, 125, 62, 109, 41, 119, 124, 13, 63, 81, 120, 155, 47, 30, 194, 50, 127, 146, 111, 14, 32, 5, 3, 132, 65, 144, 177, 93, 179, 70, 173, 0, 94, 97, 31, 166, 174, 58, 75, 7, 2, 10, 92, 121, 84, 72, 188, 110, 189, 38, 148, 69, 197, 66, 196, 4, 131, 61, 68, 74, 79, 19, 37, 85, 67, 9, 141, 122, 20, 89, 24, 33, 168, 71, 36, 114, 57, 83, 6, 42, 88, 184, 139, 182, 108, 1, 44, 95, 118, 91, 101, 199, 129, 18, 150, 136, 161, 17]
[172, 46, 178, 187, 78, 112, 80, 55, 99, 25, 193, 116, 39, 169, 52, 157, 27, 128, 90, 96, 98, 28, 135, 106, 11, 160, 8, 45, 145, 151, 107, 165, 137, 48, 133, 180, 29, 149, 100, 126, 123, 64, 140, 183, 138, 190, 153, 53, 162, 115, 51, 195, 185, 59, 164, 73, 56, 175, 26, 60, 34, 171, 156, 130, 198, 167, 113, 86, 82, 181, 117, 105, 15, 77, 191, 16, 35, 40, 147, 43, 134, 159, 152, 23, 104, 76, 102, 158, 49, 163, 176, 142, 54, 143, 192, 103, 170, 21, 22, 87]
38697

[100, 99, 55, 80, 112, 78, 187, 126, 123, 64, 140, 183, 36, 114, 190, 153, 53, 162, 51, 115, 163, 54, 152, 76, 104, 17, 161, 95, 136, 18, 150, 118, 35, 44, 77, 154, 12, 186, 125, 62, 109, 108, 1, 15, 102, 184, 42, 195, 185, 59, 164, 73, 198, 130, 156, 171, 34, 70, 160, 106, 174, 75, 96, 90, 128, 27, 157, 10, 2, 145, 24, 168, 71, 37, 19, 79, 74, 29, 180, 133, 48, 85, 141, 72, 52, 169, 148, 69, 197, 38, 66, 196, 39, 116, 189, 188, 110, 68, 25, 149]
[122, 67, 9, 84, 121, 92, 98, 7, 28, 135, 58, 166, 31, 97, 11, 173, 94, 0, 89, 45, 8, 33, 56, 179, 175, 26, 60, 93, 177, 144, 65, 132, 3, 5, 32, 146, 14, 111, 127, 50, 155, 194, 30, 47, 120, 81, 63, 82, 181, 13, 124, 119, 41, 105, 139, 182, 49, 158, 117, 88, 86, 113, 167, 6, 83, 57, 176, 142, 103, 143, 159, 23, 16, 191, 40, 147, 101, 91, 199, 43, 129, 134, 192, 22, 21, 170, 87, 138, 172, 46, 178, 61, 131, 4, 193, 137, 165, 151, 107, 20]
40008

[51, 57, 83, 185, 195, 42, 184, 54, 103, 21, 22, 192, 143, 159, 134, 18, 150, 101, 40, 191, 16, 35, 95, 161, 17, 23, 152, 104, 76, 102, 15, 186, 125, 62, 30, 47, 146, 32, 5, 3, 86, 113, 167, 132, 65, 144, 198, 130, 175, 26, 70, 11, 173, 28, 135, 75, 7, 98, 96, 90, 128, 27, 157, 2, 141, 9, 67, 122, 20, 89, 160, 8, 24, 45, 145, 37, 137, 85, 110, 188, 52, 169, 38, 39, 189, 116, 99, 55, 80, 112, 178, 140, 183, 36, 114, 190, 153, 53, 162, 115]
[94, 10, 92, 121, 84, 72, 148, 69, 197, 66, 196, 4, 131, 193, 61, 25, 68, 149, 100, 74, 29, 79, 19, 180, 133, 48, 165, 107, 151, 33, 56, 6, 168, 71, 64, 123, 126, 187, 78, 46, 172, 138, 87, 170, 142, 176, 163, 49, 158, 139, 182, 105, 117, 119, 124, 13, 63, 81, 109, 41, 108, 1, 12, 154, 77, 44, 118, 136, 91, 199, 129, 43, 147, 194, 50, 155, 120, 127, 111, 14, 82, 181, 88, 59, 164, 73, 177, 93, 179, 60, 156, 171, 34, 106, 174, 58, 166, 31, 97, 0]
39046

[46, 172, 87, 170, 142, 176, 163, 49, 117, 181, 82, 63, 13, 124, 119, 41, 105, 182, 102, 76, 104, 152, 23, 17, 161, 95, 136, 18, 150, 91, 101, 118, 35, 44, 109, 81, 120, 146, 32, 127, 111, 14, 5, 3, 86, 73, 56, 179, 93, 177, 156, 171, 34, 60, 26, 24, 145, 37, 180, 133, 151, 45, 8, 70, 160, 11, 173, 106, 31, 166, 174, 58, 135, 28, 2, 157, 10, 92, 121, 84, 72, 141, 94, 20, 122, 9, 67, 110, 189, 116, 66, 196, 4, 131, 61, 25, 149, 100, 99, 55]
[40, 147, 43, 129, 199, 134, 159, 143, 192, 22, 21, 103, 54, 153, 190, 138, 114, 53, 162, 115, 51, 57, 83, 6, 168, 71, 36, 183, 140, 64, 178, 80, 112, 78, 187, 123, 126, 79, 19, 29, 74, 68, 193, 39, 38, 197, 69, 148, 169, 52, 188, 27, 128, 90, 96, 75, 98, 7, 97, 0, 89, 85, 48, 137, 165, 107, 33, 175, 130, 198, 144, 65, 132, 167, 113, 164, 59, 185, 195, 88, 42, 184, 158, 139, 15, 1, 108, 12, 154, 77, 16, 191, 186, 125, 62, 30, 47, 194, 50, 155]
39605

[84, 121, 72, 141, 122, 20, 94, 0, 89, 8, 56, 33, 24, 107, 165, 137, 85, 48, 180, 133, 110, 188, 52, 169, 38, 148, 69, 197, 66, 196, 61, 25, 99, 55, 112, 80, 172, 114, 176, 142, 87, 170, 103, 54, 49, 158, 105, 139, 182, 102, 76, 104, 23, 17, 134, 129, 43, 154, 12, 109, 47, 194, 155, 120, 146, 32, 81, 63, 119, 124, 13, 181, 117, 184, 163, 42, 59, 164, 73, 130, 156, 171, 34, 70, 11, 106, 174, 58, 166, 31, 28, 2, 10, 92, 157, 7, 98, 96, 75, 135]
[74, 100, 149, 68, 193, 131, 4, 39, 116, 189, 67, 9, 27, 128, 90, 97, 173, 160, 26, 60, 175, 179, 93, 177, 198, 144, 65, 132, 167, 113, 86, 185, 195, 88, 82, 3, 5, 14, 111, 127, 50, 30, 62, 125, 186, 16, 191, 40, 147, 101, 199, 91, 150, 18, 136, 161, 95, 118, 35, 44, 77, 1, 108, 41, 15, 152, 159, 143, 192, 21, 22, 138, 190, 153, 53, 162, 115, 51, 57, 83, 6, 168, 45, 145, 151, 37, 19, 79, 71, 36, 183, 140, 46, 178, 78, 187, 64, 123, 126, 29]
41052

[72, 121, 84, 52, 188, 9, 67, 48, 85, 137, 165, 107, 151, 29, 74, 110, 116, 193, 131, 61, 55, 80, 112, 78, 187, 126, 123, 172, 190, 153, 176, 142, 54, 159, 134, 129, 43, 147, 40, 44, 104, 76, 102, 182, 15, 1, 108, 119, 124, 13, 63, 146, 111, 14, 32, 5, 3, 82, 181, 86, 113, 167, 132, 65, 144, 198, 130, 156, 171, 34, 177, 73, 164, 59, 88, 185, 195, 115, 162, 53, 168, 45, 24, 8, 33, 56, 93, 179, 175, 60, 106, 75, 96, 2, 10, 92, 157, 90, 128, 27]
[26, 6, 83, 57, 51, 42, 117, 184, 163, 49, 158, 139, 105, 41, 109, 81, 120, 127, 50, 155, 194, 47, 30, 62, 125, 186, 12, 154, 77, 191, 16, 35, 118, 101, 199, 91, 150, 18, 136, 95, 161, 17, 23, 152, 143, 192, 103, 21, 22, 170, 87, 138, 114, 71, 145, 37, 133, 180, 19, 79, 64, 36, 183, 140, 46, 178, 100, 99, 25, 149, 68, 4, 196, 66, 197, 69, 148, 169, 38, 39, 189, 141, 122, 20, 89, 0, 94, 173, 160, 70, 11, 97, 31, 166, 174, 58, 135, 98, 7, 28]
40231

[48, 110, 188, 189, 39, 38, 169, 72, 121, 157, 27, 128, 90, 96, 98, 75, 58, 166, 135, 28, 7, 2, 141, 122, 107, 151, 145, 45, 26, 60, 34, 171, 156, 144, 65, 132, 167, 113, 177, 175, 179, 93, 185, 195, 86, 88, 117, 13, 124, 119, 41, 63, 181, 82, 3, 5, 14, 111, 127, 120, 155, 50, 194, 47, 30, 62, 125, 186, 12, 154, 1, 77, 191, 16, 44, 35, 118, 95, 136, 91, 43, 129, 134, 159, 143, 103, 192, 22, 21, 170, 54, 49, 163, 176, 19, 79, 74, 29, 180, 133]
[80, 55, 99, 100, 149, 68, 25, 61, 131, 4, 193, 116, 196, 66, 197, 69, 148, 52, 84, 92, 10, 9, 67, 85, 137, 37, 165, 20, 89, 0, 94, 97, 31, 174, 106, 173, 11, 160, 70, 8, 24, 33, 57, 83, 6, 56, 130, 198, 73, 164, 59, 184, 105, 15, 108, 32, 146, 81, 109, 40, 147, 101, 199, 18, 150, 161, 17, 23, 152, 104, 76, 102, 182, 139, 158, 42, 51, 115, 162, 53, 153, 190, 142, 87, 138, 172, 114, 168, 71, 36, 183, 140, 64, 123, 126, 187, 78, 112, 178, 46]
40301

[147, 150, 18, 134, 159, 103, 54, 142, 153, 162, 53, 33, 8, 24, 45, 145, 151, 37, 19, 180, 133, 29, 79, 183, 140, 55, 99, 25, 131, 4, 196, 66, 197, 69, 148, 38, 39, 116, 189, 188, 169, 52, 72, 84, 121, 92, 10, 97, 173, 11, 160, 70, 60, 34, 171, 156, 198, 144, 65, 132, 167, 113, 86, 3, 82, 181, 88, 42, 195, 185, 51, 115, 176, 163, 49, 105, 139, 182, 15, 124, 13, 63, 81, 146, 32, 14, 111, 120, 30, 62, 125, 186, 12, 154, 108, 1, 77, 16, 191, 40]
[95, 136, 161, 17, 23, 152, 143, 192, 22, 21, 170, 87, 172, 138, 190, 114, 36, 71, 168, 57, 83, 6, 56, 93, 179, 175, 26, 89, 107, 165, 137, 85, 48, 74, 126, 123, 64, 46, 187, 78, 178, 80, 112, 100, 149, 68, 61, 193, 110, 67, 9, 141, 122, 20, 0, 94, 2, 157, 27, 128, 90, 96, 75, 98, 7, 28, 135, 58, 174, 166, 31, 106, 130, 177, 73, 164, 59, 5, 127, 50, 155, 194, 47, 109, 41, 119, 117, 184, 158, 102, 76, 104, 44, 35, 118, 91, 199, 129, 43, 101]
38442

[142, 103, 54, 152, 23, 76, 104, 44, 35, 101, 129, 43, 147, 40, 191, 16, 77, 154, 1, 108, 41, 109, 81, 63, 117, 184, 158, 49, 163, 176, 153, 190, 138, 172, 140, 64, 46, 178, 78, 187, 123, 149, 68, 193, 196, 66, 197, 69, 148, 38, 116, 189, 110, 133, 48, 122, 141, 0, 94, 31, 166, 135, 28, 98, 7, 2, 157, 27, 128, 90, 96, 75, 58, 174, 106, 97, 173, 11, 160, 45, 145, 151, 79, 183, 36, 71, 56, 179, 93, 164, 86, 3, 113, 167, 132, 65, 144, 156, 171, 34]
[162, 53, 115, 195, 42, 88, 181, 82, 5, 14, 32, 146, 120, 111, 127, 50, 155, 194, 47, 30, 62, 125, 186, 12, 119, 124, 13, 105, 139, 182, 102, 15, 17, 161, 136, 95, 118, 91, 199, 150, 18, 134, 159, 143, 192, 22, 21, 170, 87, 114, 168, 33, 8, 24, 37, 19, 180, 29, 74, 126, 112, 80, 55, 99, 100, 25, 61, 131, 4, 39, 169, 52, 72, 121, 92, 10, 84, 188, 9, 67, 85, 137, 165, 107, 20, 89, 70, 26, 175, 60, 130, 198, 177, 73, 59, 185, 6, 83, 57, 51]
41394

[12, 154, 186, 125, 109, 41, 108, 1, 15, 102, 76, 104, 17, 44, 35, 118, 150, 18, 136, 95, 161, 159, 192, 21, 22, 87, 172, 46, 178, 80, 112, 78, 74, 29, 133, 180, 19, 37, 145, 24, 8, 45, 151, 107, 165, 137, 85, 48, 67, 110, 189, 38, 148, 169, 52, 188, 9, 141, 122, 20, 89, 0, 94, 173, 97, 106, 11, 160, 70, 60, 34, 171, 156, 130, 177, 56, 168, 114, 190, 153, 53, 162, 115, 163, 42, 51, 57, 83, 59, 164, 73, 113, 167, 132, 3, 14, 111, 127, 50, 47]
[149, 68, 25, 99, 55, 61, 131, 4, 196, 66, 193, 116, 39, 197, 69, 72, 84, 121, 92, 10, 2, 157, 27, 128, 90, 96, 75, 98, 7, 28, 135, 58, 174, 166, 31, 26, 33, 6, 195, 185, 93, 179, 175, 198, 144, 65, 86, 88, 117, 184, 158, 49, 182, 139, 105, 119, 124, 13, 63, 181, 82, 5, 32, 146, 81, 120, 155, 194, 30, 62, 77, 16, 191, 40, 147, 43, 101, 91, 199, 129, 134, 23, 152, 143, 54, 103, 170, 142, 176, 138, 36, 71, 79, 183, 140, 64, 187, 123, 126, 100]
38589

[93, 179, 175, 130, 198, 177, 86, 3, 5, 14, 111, 127, 50, 155, 194, 47, 30, 62, 125, 186, 191, 16, 12, 109, 41, 81, 120, 146, 32, 82, 181, 63, 13, 124, 119, 15, 76, 102, 182, 139, 105, 158, 49, 54, 103, 192, 22, 21, 170, 87, 138, 172, 140, 183, 36, 71, 115, 163, 184, 117, 88, 195, 185, 57, 83, 6, 122, 67, 48, 133, 180, 29, 74, 100, 99, 25, 149, 68, 193, 197, 69, 148, 169, 52, 72, 2, 7, 75, 135, 58, 174, 166, 31, 97, 173, 11, 160, 70, 106, 60]
[95, 136, 118, 91, 150, 18, 134, 199, 129, 43, 101, 147, 40, 35, 44, 77, 154, 108, 1, 104, 17, 161, 23, 152, 159, 143, 142, 176, 42, 59, 164, 73, 113, 167, 132, 65, 144, 156, 171, 34, 26, 8, 24, 45, 145, 151, 168, 33, 56, 51, 162, 53, 153, 190, 114, 64, 187, 123, 126, 79, 19, 37, 137, 85, 165, 107, 20, 89, 0, 94, 28, 98, 96, 90, 128, 27, 157, 10, 92, 121, 84, 141, 9, 110, 188, 189, 116, 39, 38, 66, 196, 4, 131, 61, 55, 112, 78, 178, 80, 46]
41066

[114, 79, 180, 133, 188, 148, 69, 197, 66, 196, 4, 68, 149, 100, 126, 123, 187, 78, 112, 80, 178, 46, 172, 138, 87, 170, 22, 21, 103, 192, 143, 152, 23, 76, 102, 104, 17, 161, 95, 136, 18, 150, 91, 199, 101, 118, 35, 44, 77, 154, 109, 41, 119, 124, 13, 105, 182, 139, 158, 49, 163, 184, 117, 181, 82, 3, 86, 113, 144, 198, 130, 156, 171, 174, 166, 58, 135, 75, 98, 96, 90, 128, 27, 157, 2, 94, 0, 89, 173, 160, 8, 24, 33, 6, 83, 57, 53, 162, 190, 153]
[29, 48, 85, 137, 165, 107, 67, 110, 9, 141, 122, 20, 45, 145, 151, 37, 19, 64, 140, 183, 36, 71, 168, 51, 115, 176, 142, 54, 159, 134, 129, 43, 147, 40, 191, 16, 15, 1, 108, 12, 186, 125, 62, 30, 47, 194, 155, 50, 127, 111, 14, 5, 32, 146, 120, 81, 63, 88, 42, 195, 185, 59, 164, 73, 167, 132, 65, 177, 56, 93, 179, 175, 60, 34, 26, 70, 11, 106, 97, 31, 28, 7, 10, 92, 121, 84, 72, 52, 169, 38, 39, 189, 116, 193, 131, 61, 25, 99, 55, 74]
38279

[51, 115, 162, 53, 168, 37, 19, 79, 126, 123, 187, 46, 178, 78, 112, 80, 55, 99, 61, 66, 196, 68, 149, 74, 29, 180, 133, 48, 85, 137, 165, 107, 151, 145, 45, 24, 8, 160, 173, 94, 0, 89, 20, 122, 141, 121, 92, 10, 2, 7, 28, 106, 70, 26, 175, 179, 93, 86, 181, 82, 32, 120, 30, 62, 186, 16, 191, 40, 147, 101, 43, 129, 134, 18, 150, 199, 91, 118, 95, 136, 161, 17, 104, 76, 102, 182, 143, 192, 103, 21, 22, 170, 87, 138, 172, 140, 190, 153, 176, 142]
[117, 184, 105, 139, 158, 49, 54, 159, 152, 23, 35, 44, 77, 154, 12, 125, 108, 1, 15, 41, 119, 124, 13, 63, 81, 109, 47, 194, 155, 50, 127, 146, 111, 14, 5, 3, 113, 167, 132, 65, 144, 198, 130, 156, 171, 34, 60, 177, 73, 164, 59, 88, 42, 195, 185, 57, 83, 6, 56, 33, 11, 97, 31, 166, 174, 58, 135, 75, 98, 96, 90, 128, 27, 157, 84, 72, 52, 169, 148, 69, 197, 38, 39, 189, 188, 9, 67, 110, 116, 193, 4, 131, 25, 100, 64, 183, 36, 71, 114, 163]
39495

[132, 65, 144, 167, 113, 164, 86, 181, 124, 119, 41, 1, 108, 109, 81, 14, 146, 120, 47, 62, 12, 154, 77, 44, 95, 161, 17, 23, 104, 76, 15, 105, 139, 182, 102, 54, 103, 170, 21, 22, 87, 142, 176, 138, 172, 140, 64, 123, 187, 112, 80, 55, 99, 100, 68, 110, 188, 38, 197, 69, 148, 169, 52, 72, 121, 92, 10, 27, 128, 7, 28, 97, 173, 94, 0, 89, 20, 165, 137, 85, 48, 180, 183, 36, 71, 168, 114, 190, 153, 53, 162, 51, 57, 83, 6, 33, 26, 175, 60, 198]
[61, 25, 149, 133, 29, 74, 126, 78, 178, 46, 192, 143, 159, 152, 134, 136, 18, 150, 91, 118, 101, 199, 129, 43, 147, 40, 35, 16, 191, 186, 125, 30, 194, 155, 50, 127, 111, 5, 3, 82, 32, 63, 13, 117, 158, 49, 163, 115, 42, 184, 88, 195, 185, 59, 73, 56, 179, 93, 177, 130, 156, 171, 34, 70, 106, 11, 160, 8, 24, 45, 145, 79, 19, 37, 151, 107, 122, 141, 2, 31, 166, 174, 58, 135, 75, 98, 96, 90, 157, 84, 9, 67, 189, 116, 193, 131, 4, 196, 66, 39]
40408

[56, 171, 34, 60, 45, 145, 37, 19, 79, 85, 48, 133, 180, 29, 74, 149, 68, 110, 188, 67, 9, 141, 28, 135, 98, 7, 92, 121, 84, 72, 52, 169, 148, 69, 197, 38, 39, 189, 116, 66, 196, 4, 131, 193, 61, 25, 100, 99, 55, 80, 178, 112, 78, 187, 126, 123, 64, 46, 172, 138, 190, 176, 163, 49, 105, 124, 119, 41, 109, 108, 1, 15, 150, 18, 134, 129, 43, 191, 16, 77, 154, 12, 186, 125, 62, 47, 120, 81, 146, 14, 5, 3, 82, 181, 86, 164, 73, 59, 185, 195]
[161, 136, 95, 118, 91, 199, 101, 147, 40, 35, 44, 30, 194, 155, 50, 127, 111, 32, 63, 13, 117, 184, 88, 113, 167, 132, 65, 144, 198, 156, 130, 177, 93, 179, 175, 33, 26, 70, 106, 97, 31, 166, 174, 58, 75, 96, 90, 128, 27, 157, 10, 2, 94, 0, 20, 122, 137, 165, 151, 107, 89, 173, 11, 160, 8, 24, 71, 36, 183, 140, 114, 168, 6, 83, 57, 53, 162, 153, 87, 170, 21, 22, 192, 159, 23, 17, 104, 152, 143, 103, 54, 142, 115, 51, 42, 158, 139, 182, 102, 76]
39467

[172, 138, 54, 102, 76, 152, 23, 95, 150, 18, 199, 101, 147, 40, 191, 44, 17, 104, 15, 108, 1, 77, 154, 12, 125, 62, 47, 194, 155, 120, 146, 32, 5, 3, 113, 86, 82, 181, 117, 184, 115, 162, 53, 114, 71, 36, 183, 140, 64, 123, 149, 68, 74, 29, 79, 19, 145, 45, 8, 179, 177, 198, 130, 175, 26, 11, 173, 97, 106, 31, 166, 174, 58, 75, 7, 98, 96, 90, 128, 27, 157, 10, 92, 121, 84, 9, 67, 110, 188, 148, 69, 197, 66, 196, 4, 131, 61, 99, 55, 46]
[189, 116, 193, 39, 38, 169, 52, 72, 2, 28, 135, 94, 0, 160, 70, 60, 34, 171, 156, 144, 65, 132, 167, 73, 164, 59, 185, 195, 88, 42, 163, 49, 158, 139, 182, 105, 13, 63, 124, 119, 41, 109, 81, 14, 111, 127, 50, 30, 186, 16, 35, 118, 91, 43, 129, 134, 136, 161, 159, 143, 192, 103, 21, 22, 87, 170, 142, 176, 190, 153, 51, 57, 83, 6, 168, 56, 93, 33, 24, 151, 37, 165, 107, 89, 20, 141, 122, 137, 85, 48, 133, 180, 126, 187, 78, 178, 80, 112, 100, 25]
40362

[148, 69, 197, 169, 52, 72, 84, 121, 92, 10, 2, 157, 27, 128, 90, 96, 75, 135, 58, 174, 166, 31, 94, 188, 38, 39, 193, 116, 189, 110, 48, 85, 137, 19, 37, 151, 145, 33, 83, 6, 56, 179, 93, 73, 164, 144, 65, 132, 167, 113, 88, 42, 184, 181, 82, 14, 111, 127, 81, 63, 13, 124, 105, 182, 15, 1, 154, 77, 16, 44, 17, 23, 152, 159, 143, 54, 163, 142, 176, 115, 51, 153, 190, 138, 172, 140, 64, 123, 126, 187, 78, 112, 80, 55, 99, 61, 131, 4, 196, 66]
[160, 70, 11, 173, 97, 28, 7, 98, 106, 60, 34, 171, 156, 130, 198, 177, 175, 26, 8, 24, 45, 107, 165, 89, 0, 20, 122, 141, 9, 67, 133, 180, 79, 29, 74, 149, 68, 25, 100, 178, 46, 183, 114, 53, 162, 87, 170, 21, 22, 192, 103, 102, 139, 49, 158, 117, 119, 41, 109, 108, 76, 104, 161, 134, 136, 95, 91, 150, 18, 199, 129, 43, 147, 101, 118, 35, 40, 191, 12, 186, 125, 62, 30, 47, 194, 50, 155, 120, 146, 32, 5, 3, 86, 59, 185, 195, 57, 168, 71, 36]
40342

[173, 11, 97, 106, 160, 70, 26, 34, 60, 175, 8, 24, 168, 6, 56, 177, 73, 86, 181, 63, 109, 47, 30, 62, 125, 186, 12, 154, 77, 16, 118, 150, 18, 134, 136, 95, 161, 17, 104, 23, 159, 152, 76, 15, 102, 182, 139, 158, 49, 184, 163, 54, 103, 143, 192, 22, 21, 170, 87, 162, 53, 114, 71, 36, 183, 64, 123, 126, 187, 78, 178, 46, 80, 112, 74, 79, 19, 67, 9, 141, 28, 98, 7, 2, 84, 52, 169, 188, 110, 68, 149, 25, 61, 131, 4, 196, 66, 197, 69, 148]
[5, 32, 14, 111, 127, 146, 81, 120, 155, 50, 194, 191, 40, 147, 101, 43, 129, 199, 91, 35, 44, 1, 108, 41, 119, 124, 13, 105, 117, 82, 3, 65, 132, 167, 113, 164, 59, 88, 42, 195, 185, 83, 57, 51, 115, 153, 190, 176, 142, 138, 172, 140, 37, 137, 85, 48, 133, 180, 29, 100, 55, 99, 193, 116, 189, 39, 38, 72, 121, 92, 10, 157, 27, 128, 90, 96, 75, 135, 58, 174, 166, 31, 94, 0, 89, 20, 122, 165, 107, 151, 145, 45, 33, 93, 179, 171, 156, 130, 198, 144]
41789

[110, 85, 137, 165, 107, 151, 37, 180, 79, 19, 24, 8, 33, 6, 57, 162, 53, 168, 71, 36, 183, 172, 138, 87, 170, 21, 22, 192, 159, 161, 95, 136, 91, 150, 18, 134, 129, 43, 199, 101, 147, 40, 191, 1, 15, 184, 88, 117, 63, 81, 41, 108, 109, 47, 30, 194, 155, 50, 127, 111, 14, 3, 132, 65, 144, 198, 177, 93, 179, 175, 26, 70, 11, 173, 97, 31, 166, 58, 135, 28, 98, 7, 2, 157, 10, 92, 169, 38, 39, 189, 116, 193, 61, 131, 4, 196, 66, 197, 69, 148]
[83, 51, 115, 195, 185, 42, 49, 158, 102, 182, 139, 105, 119, 124, 13, 181, 82, 5, 32, 146, 120, 62, 125, 186, 12, 154, 77, 16, 44, 35, 118, 17, 104, 76, 23, 152, 143, 103, 54, 163, 142, 176, 153, 190, 114, 140, 46, 178, 80, 112, 78, 187, 64, 123, 126, 100, 55, 99, 25, 68, 149, 74, 29, 133, 48, 67, 9, 188, 52, 72, 121, 84, 141, 122, 20, 145, 45, 160, 89, 0, 94, 27, 128, 90, 96, 75, 174, 106, 60, 34, 171, 156, 130, 167, 113, 86, 59, 164, 73, 56]
39156

[51, 57, 83, 6, 168, 33, 56, 177, 130, 156, 171, 34, 106, 31, 166, 174, 58, 75, 135, 28, 94, 0, 45, 145, 151, 107, 165, 137, 85, 48, 37, 19, 79, 74, 100, 25, 193, 116, 39, 66, 196, 4, 131, 61, 99, 55, 80, 178, 46, 172, 138, 87, 142, 190, 153, 162, 176, 163, 49, 105, 139, 182, 102, 15, 76, 152, 159, 23, 104, 17, 44, 101, 129, 43, 147, 40, 191, 154, 120, 127, 111, 14, 32, 63, 119, 124, 13, 181, 82, 88, 86, 113, 167, 132, 65, 144, 198, 59, 195, 185]
[175, 60, 179, 93, 73, 164, 3, 5, 146, 81, 41, 109, 155, 50, 194, 47, 30, 62, 125, 186, 12, 108, 1, 77, 16, 35, 118, 91, 199, 150, 18, 134, 136, 95, 161, 143, 192, 22, 21, 170, 103, 54, 158, 117, 184, 42, 115, 53, 114, 71, 36, 183, 140, 64, 187, 78, 112, 123, 126, 180, 133, 29, 149, 68, 110, 188, 189, 38, 197, 69, 148, 169, 52, 72, 84, 121, 92, 10, 157, 27, 128, 90, 96, 98, 7, 2, 141, 9, 67, 122, 20, 89, 97, 173, 11, 160, 70, 8, 24, 26]
38538

[195, 86, 3, 113, 167, 132, 65, 144, 198, 177, 93, 130, 156, 171, 34, 60, 175, 179, 33, 8, 24, 45, 145, 151, 37, 19, 79, 180, 137, 165, 107, 20, 89, 0, 94, 97, 31, 166, 28, 7, 2, 121, 84, 141, 122, 9, 188, 39, 66, 196, 4, 131, 193, 61, 100, 140, 114, 115, 163, 49, 102, 76, 104, 17, 44, 35, 118, 91, 150, 199, 129, 43, 101, 147, 40, 191, 16, 186, 125, 62, 30, 47, 109, 41, 81, 32, 146, 120, 155, 194, 50, 127, 111, 14, 5, 82, 181, 117, 88, 42]
[51, 57, 83, 6, 168, 53, 162, 153, 190, 176, 142, 103, 54, 158, 184, 105, 139, 182, 15, 119, 124, 13, 63, 108, 1, 12, 154, 77, 95, 136, 18, 134, 161, 23, 152, 159, 143, 192, 22, 21, 170, 87, 138, 172, 71, 36, 183, 64, 123, 126, 187, 46, 178, 78, 112, 80, 55, 99, 25, 68, 149, 74, 29, 133, 48, 85, 67, 110, 189, 116, 38, 197, 69, 148, 169, 52, 72, 92, 10, 157, 27, 128, 90, 96, 98, 75, 135, 58, 174, 106, 173, 11, 160, 70, 26, 56, 73, 164, 59, 185]
36991

[186, 125, 62, 30, 47, 120, 155, 194, 50, 127, 146, 81, 63, 13, 124, 119, 41, 109, 108, 12, 154, 77, 16, 191, 40, 147, 18, 150, 136, 95, 35, 44, 1, 15, 182, 139, 158, 184, 115, 51, 185, 59, 73, 198, 130, 156, 171, 34, 60, 175, 26, 70, 160, 89, 20, 0, 97, 31, 75, 96, 90, 128, 27, 2, 141, 122, 9, 67, 110, 188, 52, 169, 148, 69, 197, 38, 39, 66, 196, 4, 131, 61, 25, 149, 68, 133, 180, 79, 19, 71, 36, 114, 53, 162, 153, 176, 142, 54, 163, 49]
[24, 8, 45, 145, 11, 173, 94, 10, 92, 157, 98, 7, 28, 135, 58, 166, 174, 106, 179, 93, 56, 177, 144, 65, 132, 3, 5, 14, 111, 32, 82, 181, 86, 113, 167, 164, 6, 33, 168, 57, 83, 195, 42, 88, 117, 105, 102, 76, 104, 17, 118, 91, 101, 43, 129, 199, 134, 161, 23, 152, 159, 143, 192, 103, 170, 21, 22, 87, 190, 138, 172, 183, 140, 46, 178, 80, 112, 78, 187, 64, 123, 126, 74, 29, 37, 151, 107, 165, 137, 85, 48, 100, 55, 99, 193, 116, 189, 72, 84, 121]
40109

[185, 195, 26, 70, 160, 173, 11, 106, 97, 31, 10, 92, 121, 84, 72, 52, 169, 148, 69, 197, 38, 193, 68, 149, 100, 112, 80, 178, 78, 187, 64, 123, 126, 29, 180, 133, 48, 165, 107, 145, 45, 24, 8, 33, 6, 83, 57, 51, 115, 176, 170, 87, 22, 21, 103, 192, 143, 54, 49, 158, 139, 102, 76, 152, 23, 95, 136, 150, 18, 199, 101, 129, 43, 147, 40, 191, 16, 17, 104, 15, 41, 81, 32, 146, 111, 14, 5, 3, 82, 63, 13, 117, 184, 163, 42, 88, 86, 132, 167, 113]
[151, 71, 168, 114, 36, 183, 140, 46, 172, 138, 190, 153, 53, 162, 142, 159, 161, 134, 91, 118, 35, 44, 77, 154, 12, 186, 125, 62, 30, 47, 194, 155, 50, 127, 120, 109, 108, 1, 182, 105, 119, 124, 181, 65, 144, 73, 164, 59, 56, 93, 179, 175, 60, 177, 198, 130, 156, 171, 34, 174, 166, 58, 75, 135, 28, 7, 98, 96, 90, 128, 27, 157, 2, 94, 0, 89, 20, 137, 85, 67, 9, 122, 141, 188, 110, 189, 116, 39, 66, 196, 4, 131, 61, 25, 99, 55, 74, 79, 19, 37]
38909

[158, 105, 15, 104, 76, 102, 182, 139, 49, 176, 115, 51, 83, 6, 56, 179, 93, 177, 73, 164, 59, 185, 195, 88, 117, 181, 82, 5, 3, 113, 167, 132, 65, 144, 156, 171, 60, 8, 24, 45, 160, 106, 166, 31, 2, 10, 141, 188, 66, 196, 4, 131, 61, 55, 80, 112, 178, 46, 64, 140, 114, 153, 190, 138, 172, 87, 170, 21, 22, 192, 159, 161, 95, 136, 134, 129, 43, 199, 91, 118, 16, 191, 154, 186, 125, 30, 194, 155, 50, 127, 111, 14, 81, 63, 13, 124, 119, 41, 108, 109]
[137, 48, 85, 165, 107, 151, 37, 19, 79, 145, 33, 175, 26, 70, 11, 173, 97, 94, 0, 89, 20, 122, 9, 67, 110, 189, 116, 193, 39, 38, 197, 69, 148, 169, 52, 72, 84, 121, 92, 157, 27, 128, 90, 96, 98, 7, 28, 135, 75, 58, 174, 34, 130, 198, 86, 32, 146, 120, 47, 62, 12, 1, 77, 44, 35, 40, 147, 101, 18, 150, 17, 23, 152, 184, 42, 163, 54, 143, 103, 142, 162, 53, 57, 168, 71, 36, 183, 123, 126, 187, 78, 100, 99, 25, 68, 149, 74, 29, 133, 180]
40535

[123, 126, 187, 78, 112, 100, 149, 74, 29, 79, 19, 37, 145, 151, 107, 122, 67, 9, 141, 84, 121, 92, 10, 2, 157, 27, 128, 90, 96, 75, 98, 7, 28, 135, 58, 174, 166, 31, 106, 11, 160, 45, 24, 8, 33, 175, 179, 93, 56, 6, 83, 185, 195, 88, 5, 14, 111, 146, 127, 50, 155, 194, 30, 125, 186, 16, 101, 91, 136, 95, 118, 35, 44, 77, 1, 108, 109, 41, 15, 104, 76, 102, 182, 139, 105, 158, 184, 42, 163, 142, 176, 53, 162, 115, 51, 57, 168, 71, 36, 64]
[0, 89, 94, 97, 173, 70, 26, 60, 34, 171, 156, 130, 177, 198, 144, 65, 132, 167, 113, 73, 164, 59, 86, 3, 82, 181, 63, 32, 81, 120, 47, 62, 191, 40, 147, 43, 129, 199, 150, 18, 134, 161, 159, 143, 152, 23, 17, 154, 12, 119, 124, 13, 117, 49, 54, 103, 192, 22, 21, 170, 87, 172, 138, 190, 153, 114, 183, 140, 46, 178, 80, 55, 99, 25, 68, 61, 193, 131, 4, 196, 66, 39, 116, 189, 38, 197, 69, 148, 169, 52, 72, 188, 110, 133, 180, 48, 85, 137, 165, 20]
37174

[87, 170, 138, 190, 153, 53, 162, 51, 57, 114, 36, 71, 79, 19, 37, 151, 107, 165, 180, 133, 48, 85, 137, 20, 89, 168, 33, 56, 6, 83, 59, 164, 73, 130, 156, 171, 34, 106, 174, 166, 58, 135, 28, 98, 7, 2, 84, 72, 52, 169, 148, 69, 197, 4, 131, 55, 99, 25, 149, 100, 187, 78, 112, 80, 178, 46, 22, 21, 192, 159, 161, 95, 136, 150, 18, 199, 91, 118, 35, 191, 16, 44, 17, 104, 76, 15, 1, 108, 109, 41, 119, 124, 13, 105, 139, 158, 49, 163, 142, 176]
[116, 189, 39, 38, 66, 196, 193, 61, 68, 29, 74, 126, 123, 64, 140, 183, 172, 103, 143, 54, 182, 102, 152, 23, 134, 129, 43, 101, 147, 40, 77, 154, 12, 186, 125, 62, 30, 47, 194, 50, 155, 120, 81, 146, 127, 111, 14, 5, 32, 63, 117, 184, 42, 115, 195, 185, 88, 181, 82, 3, 86, 113, 167, 132, 65, 144, 198, 177, 93, 179, 175, 60, 26, 8, 24, 145, 45, 70, 160, 11, 173, 0, 94, 97, 31, 75, 96, 90, 128, 27, 157, 10, 92, 121, 141, 122, 9, 67, 110, 188]
38809

[152, 23, 76, 104, 1, 109, 125, 186, 47, 120, 81, 146, 14, 32, 63, 13, 124, 119, 41, 108, 15, 102, 182, 139, 105, 117, 184, 158, 49, 163, 115, 42, 88, 59, 73, 177, 198, 130, 156, 171, 34, 60, 175, 26, 70, 106, 75, 96, 90, 157, 10, 2, 94, 0, 89, 145, 151, 165, 107, 20, 9, 67, 85, 137, 48, 133, 149, 25, 100, 126, 123, 187, 178, 46, 172, 138, 190, 87, 170, 103, 54, 143, 159, 134, 136, 95, 118, 91, 150, 18, 199, 129, 43, 101, 147, 40, 191, 16, 44, 17]
[66, 196, 4, 131, 61, 99, 55, 80, 112, 78, 64, 140, 183, 36, 71, 114, 168, 57, 83, 6, 185, 195, 51, 162, 53, 153, 176, 142, 21, 22, 192, 161, 35, 77, 154, 12, 62, 30, 194, 155, 50, 127, 111, 5, 3, 82, 181, 86, 164, 113, 167, 132, 65, 144, 93, 179, 56, 33, 8, 24, 45, 160, 11, 173, 97, 31, 166, 174, 58, 135, 28, 7, 98, 128, 27, 92, 121, 84, 72, 141, 122, 37, 19, 79, 180, 29, 74, 68, 193, 39, 116, 189, 110, 188, 52, 169, 148, 69, 197, 38]
37537

[137, 9, 188, 38, 148, 69, 197, 66, 196, 4, 131, 193, 61, 25, 68, 149, 100, 99, 55, 80, 46, 140, 114, 53, 162, 176, 153, 190, 138, 172, 87, 22, 21, 170, 103, 192, 159, 143, 54, 142, 163, 49, 182, 15, 41, 109, 108, 1, 104, 152, 23, 161, 134, 129, 43, 118, 35, 16, 186, 125, 62, 30, 47, 194, 155, 50, 127, 111, 14, 5, 3, 167, 132, 65, 144, 198, 130, 156, 171, 34, 60, 175, 174, 58, 75, 96, 90, 128, 27, 98, 7, 28, 94, 141, 122, 165, 151, 37, 19, 79]
[199, 91, 150, 18, 136, 95, 44, 17, 76, 102, 139, 105, 119, 124, 63, 13, 117, 158, 184, 42, 88, 59, 185, 195, 115, 51, 57, 83, 6, 168, 71, 36, 183, 64, 178, 112, 78, 187, 123, 126, 74, 29, 180, 133, 48, 85, 67, 110, 189, 116, 39, 169, 52, 72, 84, 121, 92, 10, 157, 2, 135, 166, 31, 97, 106, 70, 160, 11, 173, 0, 89, 20, 107, 145, 45, 24, 8, 26, 33, 56, 179, 93, 177, 73, 164, 113, 86, 181, 82, 32, 146, 120, 81, 12, 154, 77, 191, 40, 147, 101]
37414

[176, 115, 51, 162, 53, 114, 153, 190, 142, 170, 22, 21, 103, 54, 163, 49, 158, 139, 102, 152, 23, 17, 161, 134, 129, 43, 147, 40, 191, 16, 35, 44, 77, 108, 41, 119, 124, 13, 86, 73, 113, 167, 132, 65, 144, 198, 130, 177, 93, 179, 175, 60, 156, 171, 34, 106, 174, 75, 96, 98, 7, 2, 10, 92, 121, 72, 52, 169, 189, 116, 193, 25, 149, 68, 48, 85, 137, 133, 180, 29, 74, 126, 78, 187, 64, 123, 79, 19, 37, 151, 145, 24, 8, 45, 20, 89, 0, 94, 160, 33]
[59, 164, 185, 57, 168, 83, 6, 56, 26, 70, 11, 173, 97, 31, 166, 58, 135, 28, 90, 128, 27, 157, 84, 148, 69, 197, 38, 188, 9, 141, 122, 107, 165, 67, 110, 39, 66, 196, 4, 131, 61, 99, 55, 100, 112, 80, 178, 46, 140, 183, 36, 71, 172, 138, 87, 192, 143, 159, 95, 136, 18, 150, 91, 199, 101, 118, 104, 76, 182, 105, 184, 117, 15, 1, 154, 12, 186, 125, 109, 62, 30, 47, 194, 50, 155, 120, 146, 127, 111, 14, 32, 81, 63, 5, 3, 82, 181, 88, 42, 195]
39935

[132, 167, 113, 164, 6, 168, 37, 151, 165, 107, 145, 45, 26, 70, 173, 0, 94, 2, 27, 157, 10, 92, 9, 67, 110, 188, 52, 169, 148, 69, 197, 38, 189, 116, 39, 66, 196, 4, 131, 193, 61, 68, 149, 100, 25, 99, 55, 80, 178, 112, 78, 187, 46, 172, 138, 87, 22, 192, 159, 161, 136, 95, 118, 91, 199, 150, 18, 134, 129, 43, 101, 147, 40, 35, 44, 17, 23, 152, 143, 142, 176, 115, 51, 163, 158, 105, 139, 182, 102, 15, 1, 108, 109, 81, 32, 5, 3, 65, 144, 198]
[19, 79, 74, 29, 180, 133, 48, 85, 137, 89, 20, 122, 141, 72, 84, 121, 128, 90, 96, 75, 98, 7, 28, 135, 58, 174, 166, 31, 97, 106, 11, 160, 8, 24, 33, 56, 93, 179, 175, 60, 34, 171, 156, 130, 177, 73, 59, 185, 195, 86, 82, 181, 88, 42, 184, 117, 13, 63, 124, 119, 41, 120, 146, 14, 111, 127, 50, 155, 194, 47, 30, 62, 125, 186, 12, 154, 77, 191, 16, 104, 76, 49, 54, 103, 21, 170, 190, 153, 162, 53, 83, 57, 114, 71, 36, 183, 140, 126, 123, 64]
38104

[95, 118, 101, 91, 150, 136, 161, 17, 35, 44, 77, 154, 12, 186, 125, 62, 30, 47, 109, 108, 1, 15, 104, 76, 102, 182, 139, 49, 158, 105, 41, 119, 124, 13, 63, 32, 82, 181, 88, 185, 56, 179, 93, 177, 156, 171, 34, 60, 70, 160, 11, 173, 97, 31, 28, 7, 2, 94, 0, 89, 20, 165, 137, 85, 48, 180, 133, 67, 9, 110, 188, 189, 116, 39, 38, 169, 52, 148, 69, 197, 66, 196, 193, 68, 25, 99, 55, 80, 46, 172, 138, 190, 153, 53, 162, 142, 103, 143, 152, 23]
[141, 122, 107, 151, 37, 19, 79, 29, 74, 149, 4, 131, 61, 100, 112, 178, 78, 187, 126, 123, 64, 140, 183, 36, 71, 114, 57, 6, 83, 51, 115, 176, 163, 54, 170, 87, 22, 21, 192, 159, 134, 18, 199, 129, 43, 147, 40, 191, 16, 194, 155, 50, 127, 111, 14, 146, 120, 81, 5, 3, 117, 184, 42, 195, 59, 73, 164, 86, 113, 167, 132, 65, 144, 198, 130, 175, 26, 33, 168, 145, 45, 24, 8, 106, 174, 166, 58, 135, 75, 98, 96, 90, 128, 27, 157, 10, 92, 84, 72, 121]
38285

[169, 52, 148, 69, 197, 38, 39, 110, 67, 9, 141, 2, 157, 27, 128, 7, 28, 135, 31, 97, 11, 160, 173, 94, 0, 89, 45, 24, 8, 33, 56, 93, 179, 175, 60, 171, 156, 130, 198, 177, 6, 83, 57, 51, 168, 71, 114, 190, 153, 53, 162, 115, 163, 49, 105, 15, 41, 108, 1, 77, 16, 191, 40, 35, 44, 17, 159, 143, 54, 176, 142, 103, 192, 22, 21, 170, 87, 138, 172, 36, 183, 140, 46, 64, 123, 126, 187, 78, 55, 99, 25, 100, 149, 68, 133, 48, 85, 137, 165, 122]
[196, 66, 4, 131, 61, 80, 178, 112, 74, 29, 180, 79, 19, 37, 145, 151, 107, 20, 70, 26, 73, 164, 59, 185, 195, 42, 158, 139, 182, 102, 76, 104, 152, 23, 161, 95, 136, 134, 18, 150, 118, 91, 199, 129, 43, 101, 147, 154, 12, 186, 125, 62, 109, 47, 30, 194, 155, 50, 127, 111, 14, 5, 32, 146, 120, 81, 63, 13, 124, 119, 117, 184, 88, 181, 82, 3, 86, 113, 167, 132, 65, 144, 34, 106, 174, 166, 58, 75, 98, 96, 90, 10, 92, 121, 84, 72, 188, 189, 116, 193]
38457

[137, 165, 151, 107, 20, 89, 0, 94, 11, 160, 70, 60, 175, 26, 33, 179, 93, 56, 195, 115, 42, 184, 158, 102, 104, 76, 49, 163, 176, 142, 170, 103, 54, 159, 161, 134, 129, 18, 150, 91, 136, 95, 118, 16, 191, 12, 186, 125, 62, 30, 47, 194, 155, 50, 127, 146, 120, 81, 109, 41, 119, 124, 13, 63, 5, 3, 167, 156, 171, 34, 106, 174, 166, 58, 135, 28, 2, 72, 52, 169, 39, 4, 131, 61, 68, 25, 99, 55, 100, 149, 74, 29, 126, 79, 19, 37, 180, 133, 85, 48]
[168, 71, 36, 114, 138, 190, 153, 53, 162, 51, 57, 83, 6, 177, 130, 198, 144, 65, 132, 14, 111, 32, 82, 181, 86, 113, 73, 164, 59, 185, 88, 117, 105, 139, 182, 15, 1, 108, 154, 77, 44, 35, 40, 147, 43, 101, 199, 17, 23, 152, 143, 192, 21, 22, 87, 172, 183, 140, 64, 123, 187, 78, 178, 46, 80, 112, 193, 189, 116, 196, 66, 197, 69, 148, 38, 188, 110, 67, 9, 122, 141, 84, 121, 92, 10, 157, 27, 128, 90, 96, 75, 98, 7, 31, 97, 173, 145, 45, 8, 24]
39658

[13, 63, 181, 117, 88, 42, 185, 195, 115, 51, 57, 83, 6, 59, 164, 73, 132, 167, 113, 86, 82, 3, 5, 14, 111, 127, 146, 120, 81, 12, 16, 191, 40, 147, 101, 199, 43, 129, 18, 150, 134, 161, 17, 104, 76, 23, 152, 159, 143, 192, 103, 170, 87, 190, 153, 162, 53, 114, 168, 71, 36, 183, 64, 123, 29, 74, 100, 55, 99, 68, 110, 188, 67, 9, 141, 72, 84, 121, 2, 122, 20, 89, 0, 94, 97, 173, 11, 160, 26, 175, 179, 93, 8, 24, 45, 145, 37, 165, 107, 151]
[31, 106, 70, 33, 56, 177, 60, 34, 171, 156, 130, 198, 144, 65, 32, 50, 155, 194, 47, 30, 62, 125, 186, 154, 77, 35, 118, 91, 136, 95, 44, 1, 108, 109, 41, 119, 124, 15, 105, 139, 182, 102, 54, 49, 158, 184, 163, 176, 142, 21, 22, 138, 172, 140, 46, 178, 80, 112, 78, 187, 126, 79, 19, 137, 85, 48, 133, 180, 149, 25, 61, 131, 4, 196, 66, 193, 116, 189, 39, 38, 197, 69, 148, 169, 52, 92, 10, 157, 27, 128, 90, 96, 98, 7, 28, 166, 174, 58, 135, 75]
40263

[174, 58, 75, 98, 96, 90, 128, 27, 157, 10, 92, 72, 52, 169, 38, 148, 69, 197, 66, 196, 4, 131, 99, 55, 100, 149, 74, 29, 133, 180, 19, 79, 126, 123, 64, 140, 183, 36, 71, 168, 57, 83, 6, 195, 42, 184, 163, 115, 51, 162, 53, 114, 138, 190, 153, 176, 142, 87, 170, 103, 143, 54, 76, 104, 17, 134, 129, 43, 40, 191, 16, 186, 125, 47, 155, 120, 81, 5, 3, 86, 113, 167, 132, 164, 73, 156, 171, 34, 60, 33, 37, 151, 165, 107, 145, 70, 106, 97, 31, 166]
[182, 102, 15, 1, 154, 77, 44, 35, 95, 118, 147, 101, 199, 91, 150, 18, 136, 161, 23, 152, 159, 192, 21, 22, 172, 46, 178, 80, 112, 78, 187, 137, 85, 48, 68, 25, 61, 193, 39, 116, 189, 188, 110, 67, 9, 141, 84, 121, 2, 7, 135, 28, 94, 0, 122, 20, 89, 173, 11, 160, 45, 24, 8, 26, 175, 179, 93, 56, 177, 130, 198, 144, 65, 59, 185, 88, 82, 181, 13, 63, 32, 14, 111, 146, 127, 50, 194, 30, 62, 12, 108, 109, 41, 119, 124, 117, 158, 49, 139, 105]
38885

[123, 100, 25, 149, 68, 180, 79, 19, 37, 145, 24, 8, 45, 151, 107, 165, 137, 85, 110, 189, 116, 39, 38, 197, 69, 148, 169, 52, 9, 122, 20, 89, 0, 94, 28, 7, 98, 128, 90, 96, 75, 135, 58, 31, 97, 173, 11, 160, 26, 175, 179, 93, 144, 65, 111, 127, 146, 120, 155, 50, 194, 47, 30, 62, 186, 191, 16, 35, 40, 147, 43, 129, 199, 101, 91, 136, 95, 17, 23, 104, 76, 102, 139, 182, 15, 1, 108, 81, 82, 181, 42, 6, 83, 57, 153, 190, 138, 172, 36, 183]
[67, 48, 133, 29, 74, 126, 71, 168, 33, 56, 177, 130, 34, 60, 70, 106, 166, 174, 171, 156, 198, 73, 164, 59, 185, 195, 51, 115, 163, 49, 158, 105, 117, 184, 88, 86, 113, 167, 132, 3, 5, 14, 32, 63, 13, 124, 119, 41, 109, 125, 12, 154, 77, 44, 118, 150, 18, 134, 161, 152, 159, 143, 54, 103, 192, 21, 22, 87, 170, 142, 176, 162, 53, 114, 140, 46, 64, 187, 78, 112, 178, 80, 55, 99, 61, 193, 131, 4, 196, 66, 188, 141, 2, 27, 157, 10, 92, 121, 72, 84]
40575

[108, 15, 182, 139, 105, 158, 184, 163, 176, 53, 162, 115, 57, 83, 6, 168, 33, 156, 171, 34, 60, 70, 11, 173, 89, 0, 94, 97, 31, 166, 174, 58, 135, 75, 96, 90, 128, 2, 141, 20, 122, 9, 67, 188, 169, 38, 39, 189, 116, 193, 55, 80, 178, 112, 78, 74, 29, 48, 85, 137, 165, 107, 151, 37, 71, 138, 87, 170, 21, 22, 192, 143, 159, 161, 136, 95, 118, 35, 44, 16, 191, 186, 125, 62, 47, 120, 127, 111, 14, 5, 3, 167, 113, 86, 181, 82, 32, 146, 81, 41]
[144, 65, 132, 88, 42, 117, 13, 63, 124, 119, 109, 155, 50, 194, 30, 1, 12, 154, 77, 40, 147, 101, 43, 129, 199, 91, 150, 18, 134, 17, 104, 23, 152, 76, 102, 49, 54, 103, 142, 153, 190, 172, 140, 46, 187, 126, 180, 133, 110, 68, 149, 100, 99, 25, 61, 131, 4, 196, 66, 197, 69, 148, 52, 72, 84, 121, 92, 10, 157, 27, 98, 7, 28, 106, 160, 8, 24, 45, 145, 19, 79, 123, 64, 183, 36, 114, 51, 195, 185, 59, 164, 73, 56, 26, 175, 179, 93, 130, 198, 177]
40076

[93, 164, 73, 177, 130, 156, 171, 34, 60, 175, 26, 8, 24, 45, 145, 151, 180, 29, 74, 133, 107, 20, 122, 141, 94, 0, 89, 173, 97, 166, 174, 58, 135, 75, 96, 98, 7, 2, 10, 121, 72, 52, 169, 38, 148, 69, 197, 66, 196, 4, 131, 61, 25, 100, 99, 55, 80, 112, 178, 46, 140, 183, 172, 138, 190, 153, 142, 54, 49, 158, 102, 76, 104, 23, 17, 154, 12, 30, 47, 194, 50, 155, 120, 81, 63, 119, 124, 13, 181, 88, 42, 115, 51, 57, 83, 6, 168, 33, 56, 179]
[15, 41, 108, 1, 77, 16, 44, 35, 118, 95, 136, 161, 152, 143, 103, 170, 87, 22, 21, 192, 159, 134, 18, 150, 91, 199, 129, 43, 101, 147, 40, 191, 186, 125, 62, 109, 32, 146, 127, 111, 14, 5, 3, 82, 86, 195, 185, 59, 113, 167, 132, 65, 144, 198, 70, 160, 11, 106, 31, 28, 90, 128, 27, 157, 92, 84, 188, 189, 116, 39, 193, 149, 68, 110, 9, 67, 48, 85, 137, 165, 37, 19, 79, 126, 123, 78, 187, 64, 36, 71, 114, 53, 162, 176, 163, 184, 139, 182, 105, 117]
38471

[183, 36, 71, 168, 114, 87, 21, 22, 46, 178, 80, 112, 78, 187, 64, 123, 126, 79, 19, 180, 68, 149, 100, 55, 99, 25, 61, 131, 4, 39, 38, 197, 69, 148, 188, 9, 141, 0, 94, 28, 7, 98, 135, 106, 171, 156, 130, 177, 198, 144, 65, 132, 167, 113, 86, 181, 13, 124, 63, 81, 146, 14, 111, 127, 50, 155, 194, 47, 30, 62, 125, 186, 16, 118, 91, 136, 95, 35, 44, 1, 15, 105, 184, 42, 88, 195, 185, 59, 164, 73, 93, 179, 70, 160, 24, 45, 145, 37, 151, 107]
[139, 182, 102, 76, 104, 17, 161, 134, 150, 18, 129, 43, 199, 101, 147, 40, 191, 77, 154, 12, 108, 119, 41, 109, 120, 32, 5, 3, 82, 117, 158, 49, 163, 115, 51, 57, 83, 6, 56, 33, 8, 26, 175, 60, 34, 11, 173, 97, 31, 166, 174, 58, 75, 96, 90, 128, 27, 157, 2, 10, 92, 121, 84, 72, 52, 169, 189, 116, 66, 196, 193, 110, 67, 122, 20, 89, 165, 137, 85, 48, 133, 29, 74, 140, 172, 138, 190, 153, 53, 162, 176, 142, 170, 192, 103, 54, 143, 159, 152, 23]
39125

[66, 196, 4, 131, 68, 74, 29, 19, 79, 126, 123, 78, 112, 80, 178, 187, 64, 183, 36, 71, 142, 170, 103, 192, 159, 134, 129, 43, 101, 199, 18, 150, 118, 35, 44, 16, 77, 1, 108, 15, 23, 152, 143, 54, 163, 195, 185, 59, 73, 164, 86, 113, 167, 132, 65, 144, 198, 177, 130, 156, 171, 179, 93, 56, 175, 26, 8, 151, 165, 107, 89, 0, 94, 173, 11, 106, 31, 166, 174, 58, 135, 28, 7, 98, 75, 96, 90, 128, 27, 157, 92, 121, 84, 72, 52, 169, 148, 69, 197, 38]
[20, 122, 141, 10, 2, 97, 160, 70, 34, 60, 6, 83, 57, 53, 162, 115, 51, 42, 88, 181, 82, 3, 5, 32, 14, 111, 146, 127, 50, 194, 30, 62, 47, 155, 120, 81, 63, 13, 124, 119, 41, 109, 125, 186, 12, 154, 191, 40, 147, 91, 136, 95, 161, 17, 104, 76, 102, 182, 139, 105, 117, 184, 158, 49, 176, 153, 190, 114, 168, 33, 24, 45, 145, 37, 137, 85, 48, 133, 180, 140, 172, 138, 87, 21, 22, 46, 55, 99, 100, 149, 25, 61, 193, 39, 116, 189, 188, 110, 67, 9]
38425

[185, 113, 167, 132, 65, 144, 73, 177, 198, 130, 156, 171, 34, 60, 56, 6, 33, 8, 70, 106, 11, 173, 97, 31, 166, 174, 58, 135, 75, 96, 157, 10, 92, 121, 72, 84, 94, 0, 20, 122, 110, 189, 116, 66, 196, 4, 131, 61, 25, 99, 55, 100, 149, 74, 79, 19, 37, 168, 71, 36, 172, 138, 87, 192, 143, 159, 152, 23, 17, 104, 76, 15, 44, 101, 147, 40, 191, 77, 154, 12, 1, 108, 109, 41, 63, 181, 82, 32, 111, 14, 5, 3, 86, 88, 195, 42, 163, 176, 162, 115]
[49, 158, 184, 117, 13, 124, 119, 81, 146, 127, 120, 155, 50, 194, 47, 30, 62, 125, 186, 16, 35, 118, 95, 136, 18, 150, 91, 199, 43, 129, 134, 161, 102, 182, 105, 139, 54, 103, 21, 22, 170, 142, 190, 153, 53, 114, 183, 140, 64, 46, 178, 80, 112, 78, 187, 123, 126, 29, 180, 133, 68, 193, 39, 197, 69, 148, 38, 188, 169, 52, 27, 128, 90, 98, 7, 28, 2, 141, 9, 67, 48, 85, 137, 165, 107, 151, 145, 24, 45, 89, 160, 26, 175, 179, 93, 164, 59, 83, 57, 51]
40103

[178, 46, 22, 21, 192, 143, 159, 76, 104, 17, 161, 134, 18, 150, 199, 129, 43, 147, 154, 12, 125, 109, 41, 63, 13, 124, 119, 108, 1, 15, 102, 182, 139, 105, 117, 158, 49, 184, 42, 163, 115, 190, 138, 172, 183, 140, 64, 187, 78, 112, 80, 100, 25, 68, 149, 74, 29, 79, 19, 71, 37, 151, 145, 45, 24, 8, 56, 195, 185, 59, 177, 130, 26, 70, 106, 97, 31, 135, 90, 128, 27, 157, 2, 141, 9, 67, 188, 148, 69, 197, 39, 116, 193, 66, 196, 4, 131, 61, 55, 99]
[153, 176, 142, 87, 170, 103, 54, 152, 23, 35, 118, 95, 136, 91, 101, 40, 191, 16, 44, 77, 186, 62, 30, 47, 194, 155, 50, 127, 111, 14, 146, 120, 81, 32, 5, 3, 82, 181, 86, 88, 51, 162, 53, 57, 83, 6, 168, 33, 175, 179, 93, 73, 164, 113, 167, 132, 65, 144, 198, 156, 171, 34, 60, 174, 166, 58, 75, 96, 98, 7, 28, 94, 0, 173, 11, 160, 89, 20, 107, 165, 122, 10, 92, 121, 84, 72, 52, 169, 38, 189, 110, 85, 137, 48, 133, 180, 126, 123, 36, 114]
40554

[68, 133, 180, 37, 19, 79, 123, 46, 172, 138, 87, 142, 176, 54, 103, 143, 152, 23, 76, 104, 17, 44, 35, 95, 136, 150, 40, 191, 16, 77, 1, 15, 102, 182, 105, 124, 13, 63, 81, 120, 32, 82, 181, 117, 195, 185, 59, 164, 73, 113, 167, 198, 177, 56, 93, 179, 175, 60, 34, 70, 160, 11, 173, 97, 166, 174, 58, 75, 96, 90, 128, 27, 157, 2, 10, 92, 121, 84, 141, 122, 94, 0, 20, 137, 85, 48, 193, 196, 66, 197, 69, 148, 38, 39, 116, 189, 188, 110, 9, 67]
[170, 190, 153, 53, 162, 115, 163, 49, 158, 139, 184, 42, 51, 57, 83, 6, 33, 26, 8, 24, 45, 89, 107, 165, 151, 145, 168, 114, 71, 36, 183, 140, 64, 187, 178, 80, 112, 78, 126, 29, 74, 149, 100, 55, 99, 25, 61, 131, 4, 169, 52, 72, 7, 98, 28, 135, 31, 106, 171, 156, 130, 144, 65, 132, 86, 88, 3, 5, 14, 111, 146, 127, 50, 155, 194, 47, 30, 62, 186, 125, 109, 41, 119, 108, 12, 154, 118, 91, 101, 147, 43, 129, 199, 18, 134, 161, 159, 21, 22, 192]
40307

[113, 86, 195, 185, 59, 73, 177, 198, 130, 33, 26, 70, 160, 8, 24, 71, 36, 183, 140, 64, 123, 151, 107, 165, 137, 85, 122, 20, 89, 0, 97, 31, 166, 174, 58, 75, 135, 28, 94, 141, 2, 10, 92, 121, 72, 148, 69, 197, 39, 193, 61, 68, 25, 99, 55, 80, 46, 172, 51, 115, 176, 142, 21, 22, 192, 103, 143, 159, 161, 95, 136, 134, 129, 199, 91, 118, 35, 44, 186, 125, 62, 30, 47, 194, 155, 50, 127, 120, 109, 1, 15, 102, 182, 139, 158, 105, 13, 63, 181, 82]
[196, 66, 4, 131, 116, 189, 38, 169, 188, 110, 9, 67, 48, 133, 180, 29, 74, 149, 100, 112, 178, 78, 187, 126, 79, 19, 37, 145, 45, 168, 114, 53, 162, 153, 190, 138, 87, 170, 54, 163, 49, 184, 42, 88, 117, 124, 119, 76, 104, 152, 23, 17, 150, 18, 101, 43, 147, 40, 191, 16, 77, 154, 12, 108, 41, 81, 32, 146, 111, 14, 5, 3, 65, 144, 132, 167, 164, 57, 83, 6, 56, 93, 179, 175, 60, 156, 171, 34, 106, 11, 173, 7, 98, 96, 90, 128, 27, 157, 84, 52]
41481

[66, 196, 39, 189, 116, 193, 61, 25, 68, 110, 9, 122, 20, 89, 145, 19, 79, 71, 114, 172, 138, 190, 153, 53, 162, 176, 163, 49, 158, 117, 181, 82, 32, 146, 120, 81, 63, 13, 124, 119, 41, 108, 1, 15, 104, 23, 17, 44, 35, 118, 199, 129, 43, 16, 77, 154, 12, 186, 125, 30, 194, 155, 50, 127, 111, 14, 5, 3, 113, 167, 132, 156, 171, 34, 60, 179, 93, 56, 175, 26, 70, 11, 173, 0, 94, 97, 31, 166, 58, 135, 28, 98, 7, 2, 141, 188, 148, 69, 197, 38]
[73, 164, 59, 42, 184, 105, 139, 182, 102, 76, 152, 54, 103, 142, 170, 87, 22, 21, 192, 143, 159, 161, 134, 18, 150, 136, 95, 91, 101, 147, 40, 191, 62, 47, 109, 88, 86, 65, 144, 198, 130, 177, 33, 8, 24, 45, 160, 106, 174, 75, 96, 90, 128, 27, 157, 10, 92, 121, 84, 72, 52, 169, 4, 131, 99, 55, 100, 149, 133, 67, 48, 85, 137, 165, 107, 151, 37, 180, 29, 74, 126, 123, 64, 187, 78, 112, 80, 178, 46, 140, 183, 36, 168, 6, 83, 57, 51, 115, 195, 185]
38529

[111, 14, 32, 146, 127, 50, 155, 194, 47, 109, 108, 15, 17, 91, 150, 18, 199, 129, 134, 159, 192, 22, 21, 170, 87, 138, 172, 183, 36, 71, 114, 168, 137, 85, 48, 133, 29, 74, 126, 112, 55, 99, 25, 100, 149, 68, 67, 110, 39, 38, 197, 69, 148, 169, 52, 72, 84, 121, 92, 10, 2, 157, 27, 128, 90, 135, 166, 97, 173, 11, 160, 70, 60, 175, 33, 6, 83, 57, 53, 153, 190, 142, 103, 54, 163, 49, 158, 42, 115, 195, 185, 59, 164, 73, 3, 5, 82, 181, 119, 41]
[123, 79, 19, 37, 180, 165, 107, 151, 145, 45, 24, 8, 26, 179, 93, 56, 51, 162, 176, 143, 152, 102, 182, 76, 104, 23, 161, 136, 95, 44, 35, 118, 101, 43, 147, 40, 191, 16, 77, 1, 154, 12, 186, 125, 62, 30, 120, 81, 63, 13, 124, 105, 139, 117, 184, 88, 86, 113, 167, 132, 65, 144, 198, 177, 130, 156, 171, 34, 106, 174, 58, 75, 96, 98, 7, 28, 31, 94, 0, 89, 20, 122, 141, 9, 188, 189, 116, 66, 196, 4, 131, 193, 61, 80, 178, 78, 187, 64, 46, 140]
39374

[18, 134, 161, 159, 152, 23, 76, 102, 182, 139, 158, 49, 163, 42, 195, 51, 115, 153, 190, 183, 36, 168, 57, 83, 6, 33, 24, 45, 145, 37, 126, 123, 64, 140, 187, 78, 178, 112, 55, 61, 193, 131, 4, 196, 66, 39, 116, 189, 110, 188, 38, 197, 69, 148, 169, 52, 72, 10, 157, 7, 28, 2, 141, 9, 122, 94, 173, 160, 70, 26, 175, 56, 164, 73, 177, 130, 198, 144, 167, 113, 14, 111, 127, 146, 32, 63, 13, 41, 154, 12, 62, 47, 194, 30, 125, 186, 40, 147, 101, 150]
[99, 25, 68, 149, 100, 74, 29, 133, 48, 137, 85, 67, 84, 121, 92, 27, 128, 90, 96, 98, 75, 135, 58, 174, 166, 31, 97, 11, 106, 60, 34, 171, 156, 65, 132, 3, 5, 82, 181, 117, 124, 119, 81, 120, 50, 155, 109, 108, 1, 77, 191, 16, 44, 35, 118, 43, 129, 199, 91, 136, 95, 17, 104, 15, 105, 184, 88, 185, 86, 59, 93, 179, 8, 0, 89, 20, 107, 151, 165, 180, 79, 19, 71, 114, 53, 162, 176, 142, 54, 143, 192, 103, 170, 21, 22, 87, 138, 172, 46, 80]
41300

[37, 19, 79, 71, 114, 168, 6, 83, 57, 53, 162, 51, 195, 185, 59, 93, 177, 73, 164, 88, 42, 163, 49, 15, 1, 108, 41, 119, 124, 13, 63, 81, 109, 62, 125, 186, 12, 154, 77, 17, 44, 35, 16, 191, 40, 147, 101, 43, 129, 134, 18, 150, 199, 91, 118, 95, 136, 161, 23, 104, 76, 54, 142, 153, 190, 46, 178, 80, 112, 78, 74, 48, 85, 137, 165, 188, 72, 84, 121, 92, 10, 98, 7, 28, 166, 31, 97, 106, 11, 160, 145, 45, 24, 8, 33, 175, 60, 171, 34, 26]
[3, 86, 113, 167, 132, 65, 144, 198, 130, 156, 174, 58, 135, 75, 96, 90, 128, 27, 157, 2, 94, 141, 122, 9, 67, 110, 189, 116, 169, 52, 148, 69, 197, 38, 39, 193, 66, 196, 4, 131, 61, 25, 99, 55, 100, 149, 68, 133, 180, 29, 126, 123, 187, 64, 140, 172, 138, 183, 36, 151, 107, 20, 89, 0, 173, 70, 179, 56, 115, 176, 170, 87, 22, 21, 103, 192, 143, 159, 152, 102, 182, 139, 105, 158, 184, 117, 181, 82, 5, 14, 111, 127, 50, 155, 194, 30, 47, 120, 146, 32]
40383

[79, 36, 71, 168, 114, 190, 153, 176, 162, 53, 115, 51, 195, 185, 57, 83, 6, 33, 70, 160, 173, 11, 106, 60, 34, 171, 156, 130, 198, 144, 65, 132, 167, 113, 86, 164, 73, 59, 88, 117, 181, 82, 3, 5, 32, 14, 111, 127, 50, 155, 194, 47, 120, 146, 81, 63, 13, 124, 119, 41, 77, 44, 35, 76, 49, 158, 184, 163, 142, 54, 143, 103, 21, 22, 87, 138, 183, 140, 64, 187, 123, 126, 100, 25, 61, 193, 131, 4, 196, 66, 197, 69, 148, 38, 188, 110, 67, 151, 37, 19]
[109, 108, 12, 154, 1, 15, 102, 182, 139, 105, 42, 56, 177, 93, 179, 175, 26, 8, 24, 45, 145, 89, 0, 94, 97, 31, 166, 174, 58, 135, 75, 96, 90, 128, 27, 98, 7, 28, 2, 157, 10, 92, 121, 84, 72, 52, 169, 39, 116, 189, 9, 141, 122, 20, 107, 165, 137, 85, 48, 133, 180, 29, 74, 68, 149, 99, 55, 112, 78, 178, 80, 46, 172, 170, 192, 159, 152, 23, 104, 17, 161, 95, 136, 134, 18, 150, 91, 101, 199, 129, 43, 147, 40, 118, 16, 191, 186, 125, 62, 30]
37108

[109, 47, 194, 155, 120, 81, 63, 13, 117, 88, 185, 57, 168, 33, 175, 179, 93, 130, 198, 132, 65, 144, 156, 171, 34, 70, 11, 173, 97, 0, 89, 20, 122, 94, 7, 98, 135, 58, 75, 96, 90, 128, 27, 157, 10, 92, 121, 84, 72, 189, 116, 66, 196, 193, 68, 74, 29, 133, 48, 85, 37, 19, 79, 126, 123, 64, 178, 80, 46, 140, 114, 190, 153, 163, 49, 158, 102, 76, 104, 152, 23, 161, 95, 136, 150, 18, 134, 129, 43, 147, 101, 199, 91, 118, 35, 40, 191, 1, 108, 41]
[59, 86, 113, 167, 177, 60, 26, 8, 24, 45, 160, 106, 31, 174, 166, 28, 2, 141, 9, 67, 110, 188, 52, 169, 148, 69, 197, 38, 39, 4, 131, 61, 25, 149, 100, 99, 55, 112, 78, 187, 180, 137, 165, 107, 151, 145, 71, 36, 183, 172, 138, 53, 162, 51, 115, 176, 142, 170, 87, 22, 21, 192, 103, 54, 143, 159, 17, 44, 16, 77, 154, 12, 186, 125, 62, 30, 50, 127, 146, 111, 14, 32, 5, 3, 82, 181, 124, 119, 15, 182, 139, 105, 184, 42, 195, 83, 6, 56, 73, 164]
38796

[87, 170, 21, 103, 143, 152, 23, 104, 15, 44, 35, 118, 91, 150, 199, 129, 43, 101, 147, 40, 191, 16, 77, 62, 30, 47, 194, 50, 155, 120, 81, 63, 13, 82, 181, 117, 184, 158, 49, 163, 54, 142, 176, 115, 162, 53, 153, 190, 138, 172, 183, 36, 71, 114, 168, 57, 195, 185, 59, 164, 73, 177, 198, 130, 179, 175, 26, 70, 160, 11, 173, 94, 0, 89, 20, 122, 9, 188, 169, 38, 39, 66, 196, 193, 68, 48, 85, 137, 165, 37, 19, 79, 126, 123, 187, 78, 112, 80, 178, 46]
[74, 29, 180, 133, 107, 151, 145, 45, 24, 8, 97, 31, 166, 58, 174, 106, 60, 34, 171, 156, 93, 56, 33, 6, 83, 51, 42, 88, 86, 113, 167, 132, 144, 65, 3, 5, 32, 14, 111, 127, 146, 41, 109, 125, 186, 12, 154, 1, 108, 119, 124, 105, 139, 182, 102, 76, 17, 95, 136, 18, 134, 161, 159, 192, 22, 140, 64, 55, 99, 25, 61, 131, 4, 197, 69, 148, 52, 72, 84, 121, 92, 10, 157, 27, 128, 90, 96, 98, 75, 135, 28, 7, 2, 141, 67, 110, 189, 116, 149, 100]
38411

[180, 29, 126, 187, 78, 178, 46, 183, 36, 114, 190, 153, 53, 162, 115, 51, 195, 42, 163, 103, 192, 159, 143, 54, 49, 102, 15, 76, 104, 23, 17, 95, 147, 40, 191, 16, 44, 77, 1, 108, 41, 109, 47, 30, 194, 50, 155, 120, 146, 32, 127, 111, 14, 5, 3, 82, 181, 86, 132, 65, 144, 198, 177, 130, 156, 171, 34, 60, 93, 179, 175, 8, 24, 45, 106, 75, 96, 90, 128, 27, 157, 2, 10, 92, 121, 84, 72, 52, 169, 148, 69, 39, 193, 116, 188, 141, 122, 9, 48, 133]
[20, 67, 110, 189, 38, 197, 66, 196, 4, 131, 61, 68, 149, 25, 99, 55, 80, 112, 100, 74, 79, 19, 37, 137, 85, 165, 107, 151, 145, 33, 6, 83, 57, 168, 71, 123, 64, 140, 172, 138, 87, 22, 21, 170, 142, 176, 152, 161, 136, 150, 18, 134, 129, 43, 101, 199, 91, 118, 35, 154, 12, 186, 125, 62, 81, 63, 13, 124, 119, 105, 182, 139, 158, 184, 117, 88, 185, 59, 113, 167, 164, 73, 56, 26, 70, 160, 11, 173, 89, 0, 94, 28, 7, 98, 135, 58, 174, 166, 31, 97]
38615

[163, 176, 162, 115, 51, 57, 33, 26, 106, 174, 75, 7, 98, 96, 90, 128, 27, 157, 10, 92, 121, 141, 122, 0, 89, 20, 107, 151, 165, 180, 133, 68, 193, 116, 189, 188, 52, 169, 148, 69, 197, 66, 196, 4, 131, 61, 25, 99, 55, 80, 112, 178, 46, 140, 172, 138, 87, 142, 49, 158, 105, 139, 182, 102, 76, 104, 15, 119, 124, 13, 63, 132, 144, 65, 3, 5, 14, 111, 127, 120, 155, 50, 194, 47, 30, 62, 125, 186, 12, 154, 44, 35, 95, 161, 17, 23, 152, 143, 103, 54]
[41, 108, 1, 77, 16, 191, 40, 147, 43, 129, 199, 101, 91, 118, 136, 150, 18, 134, 159, 192, 22, 21, 170, 190, 153, 53, 114, 36, 183, 64, 123, 126, 187, 78, 100, 149, 74, 29, 79, 19, 37, 137, 85, 48, 67, 9, 110, 39, 38, 72, 84, 2, 28, 135, 58, 166, 31, 97, 94, 173, 11, 160, 70, 8, 24, 45, 145, 71, 168, 83, 6, 56, 93, 179, 175, 60, 34, 171, 156, 130, 198, 177, 167, 113, 73, 164, 59, 185, 195, 42, 184, 117, 88, 86, 181, 82, 32, 146, 81, 109]
37763

[42, 163, 184, 117, 105, 158, 49, 54, 143, 159, 152, 23, 95, 136, 150, 18, 101, 147, 40, 191, 77, 154, 12, 62, 30, 120, 81, 41, 119, 124, 13, 63, 181, 82, 32, 146, 14, 5, 3, 86, 113, 167, 132, 144, 156, 171, 34, 60, 70, 20, 122, 31, 166, 174, 58, 135, 75, 96, 90, 128, 2, 141, 9, 67, 110, 189, 116, 39, 38, 169, 52, 148, 69, 197, 66, 196, 4, 131, 193, 61, 112, 80, 178, 78, 187, 46, 71, 151, 145, 45, 24, 8, 26, 179, 93, 73, 164, 59, 185, 88]
[139, 182, 15, 1, 108, 125, 186, 16, 44, 35, 118, 91, 199, 43, 129, 134, 161, 17, 104, 76, 102, 176, 195, 56, 33, 168, 6, 83, 57, 51, 115, 162, 53, 153, 190, 142, 103, 192, 22, 21, 170, 87, 138, 172, 114, 36, 183, 140, 64, 123, 126, 100, 55, 99, 25, 68, 149, 74, 29, 133, 180, 79, 19, 37, 107, 165, 137, 85, 48, 188, 72, 84, 121, 92, 10, 157, 27, 98, 7, 28, 94, 0, 89, 160, 11, 173, 97, 106, 175, 177, 130, 198, 65, 111, 127, 50, 155, 194, 47, 109]
40014

[94, 2, 141, 122, 133, 180, 29, 74, 149, 68, 193, 66, 196, 4, 131, 61, 25, 99, 55, 100, 187, 78, 112, 80, 178, 46, 140, 183, 36, 71, 64, 123, 126, 79, 19, 37, 168, 33, 56, 6, 59, 86, 88, 117, 105, 182, 139, 158, 163, 176, 142, 170, 87, 22, 21, 192, 103, 54, 143, 134, 129, 43, 101, 199, 18, 150, 118, 35, 17, 104, 15, 119, 124, 13, 63, 41, 108, 109, 194, 155, 50, 127, 146, 111, 14, 32, 5, 82, 3, 113, 167, 132, 65, 144, 156, 171, 34, 60, 174, 31]
[97, 166, 58, 75, 135, 28, 7, 98, 96, 90, 128, 27, 157, 10, 92, 121, 84, 72, 52, 169, 148, 69, 197, 38, 39, 116, 189, 188, 110, 9, 67, 48, 85, 137, 165, 107, 151, 145, 45, 24, 8, 83, 57, 114, 172, 138, 190, 153, 53, 162, 51, 115, 49, 102, 76, 23, 152, 159, 161, 95, 136, 91, 147, 40, 191, 16, 44, 77, 1, 154, 12, 186, 125, 62, 30, 47, 120, 81, 181, 184, 42, 195, 185, 164, 73, 177, 198, 130, 93, 179, 175, 26, 70, 106, 11, 160, 89, 20, 0, 173]
38190

[145, 45, 24, 8, 26, 33, 56, 93, 179, 60, 34, 171, 156, 144, 65, 132, 82, 181, 63, 117, 184, 105, 139, 182, 102, 158, 49, 163, 54, 152, 23, 104, 17, 44, 35, 16, 191, 40, 147, 43, 129, 18, 150, 134, 192, 22, 21, 142, 176, 53, 162, 115, 51, 57, 168, 71, 36, 183, 123, 126, 100, 99, 25, 149, 74, 79, 19, 37, 151, 165, 67, 110, 188, 189, 116, 39, 193, 131, 4, 196, 66, 38, 197, 69, 148, 169, 52, 72, 7, 75, 135, 58, 174, 166, 31, 106, 97, 89, 20, 107]
[141, 84, 121, 92, 10, 2, 157, 27, 128, 90, 96, 98, 28, 94, 0, 173, 11, 160, 70, 175, 177, 130, 198, 73, 164, 59, 6, 83, 185, 195, 42, 88, 86, 113, 167, 3, 5, 14, 111, 127, 146, 32, 81, 41, 119, 124, 13, 76, 15, 1, 108, 109, 47, 120, 155, 50, 194, 30, 62, 125, 186, 12, 154, 77, 118, 91, 101, 199, 136, 95, 161, 159, 143, 103, 170, 87, 172, 138, 190, 153, 114, 140, 64, 187, 78, 112, 178, 46, 80, 55, 61, 68, 29, 180, 133, 48, 85, 137, 122, 9]
37976

[142, 87, 22, 21, 170, 103, 192, 143, 159, 152, 23, 17, 95, 136, 150, 18, 199, 91, 118, 35, 44, 16, 77, 154, 12, 186, 125, 62, 108, 1, 15, 102, 182, 139, 105, 158, 184, 88, 42, 51, 57, 83, 6, 56, 195, 185, 59, 132, 65, 144, 198, 177, 130, 156, 171, 70, 160, 26, 33, 8, 24, 45, 145, 37, 48, 141, 2, 10, 92, 84, 189, 116, 193, 68, 149, 99, 55, 80, 178, 112, 126, 74, 29, 133, 180, 19, 79, 123, 64, 46, 172, 138, 114, 53, 162, 153, 190, 176, 163, 54]
[167, 113, 86, 117, 13, 124, 119, 41, 109, 81, 32, 63, 181, 82, 3, 5, 14, 111, 127, 146, 120, 155, 50, 194, 47, 30, 191, 40, 147, 101, 43, 129, 134, 161, 104, 76, 49, 115, 168, 71, 36, 183, 140, 187, 78, 100, 25, 61, 131, 4, 196, 66, 197, 69, 148, 38, 39, 110, 67, 85, 137, 165, 151, 107, 20, 122, 9, 188, 169, 52, 72, 121, 157, 27, 128, 90, 96, 98, 7, 28, 135, 75, 58, 174, 166, 31, 97, 94, 0, 89, 173, 11, 106, 34, 60, 175, 179, 93, 164, 73]
38477

[95, 161, 23, 152, 139, 105, 158, 49, 163, 176, 138, 172, 114, 183, 140, 46, 178, 78, 187, 123, 126, 74, 29, 133, 48, 85, 122, 67, 110, 189, 116, 39, 193, 68, 149, 100, 99, 25, 61, 131, 4, 197, 69, 148, 169, 52, 72, 84, 121, 92, 10, 157, 27, 96, 98, 7, 28, 135, 75, 58, 174, 166, 31, 106, 70, 160, 24, 8, 26, 34, 171, 156, 144, 65, 132, 3, 32, 120, 155, 50, 194, 47, 30, 62, 12, 154, 77, 44, 35, 16, 191, 40, 147, 101, 43, 129, 199, 150, 91, 118]
[71, 168, 51, 115, 162, 53, 153, 190, 142, 170, 87, 22, 21, 192, 103, 54, 143, 159, 134, 18, 136, 17, 104, 76, 102, 182, 15, 1, 108, 186, 125, 109, 41, 119, 124, 13, 63, 81, 146, 127, 111, 14, 5, 82, 181, 117, 184, 42, 88, 195, 185, 59, 86, 113, 167, 164, 73, 177, 198, 130, 60, 175, 179, 93, 56, 6, 83, 57, 33, 45, 145, 107, 151, 37, 19, 79, 180, 137, 165, 20, 89, 0, 173, 11, 97, 94, 90, 128, 2, 141, 9, 188, 38, 66, 196, 55, 80, 112, 64, 36]
37496

[33, 168, 6, 83, 57, 51, 115, 162, 163, 184, 42, 88, 195, 185, 59, 73, 164, 181, 82, 32, 50, 155, 194, 30, 125, 62, 47, 120, 81, 13, 117, 105, 158, 49, 76, 104, 17, 161, 91, 199, 101, 43, 129, 18, 150, 134, 192, 103, 170, 21, 22, 87, 172, 138, 190, 114, 71, 36, 183, 140, 64, 46, 178, 187, 123, 126, 37, 151, 107, 165, 137, 85, 48, 133, 100, 149, 68, 110, 189, 197, 69, 148, 52, 72, 84, 121, 157, 27, 128, 90, 96, 98, 28, 97, 94, 0, 89, 173, 160, 26]
[45, 145, 19, 79, 180, 29, 74, 78, 112, 80, 55, 99, 25, 61, 131, 4, 196, 66, 193, 116, 39, 38, 169, 188, 67, 9, 122, 20, 141, 92, 10, 2, 7, 75, 135, 58, 174, 166, 31, 106, 11, 70, 34, 171, 60, 175, 179, 93, 56, 177, 130, 156, 198, 144, 65, 132, 167, 113, 86, 3, 5, 14, 111, 127, 146, 63, 124, 119, 41, 109, 108, 1, 154, 12, 186, 16, 191, 40, 147, 118, 136, 95, 35, 44, 77, 15, 139, 182, 102, 23, 152, 159, 143, 54, 142, 176, 153, 53, 8, 24]
39058

[144, 73, 164, 59, 113, 167, 3, 5, 14, 111, 127, 146, 120, 155, 50, 194, 47, 30, 40, 147, 101, 118, 44, 77, 15, 158, 49, 163, 176, 138, 190, 153, 53, 162, 115, 195, 185, 168, 151, 37, 19, 79, 123, 187, 178, 112, 78, 126, 100, 74, 29, 180, 133, 137, 85, 48, 67, 110, 193, 68, 61, 131, 4, 196, 66, 197, 69, 148, 52, 72, 121, 84, 141, 0, 94, 2, 27, 128, 90, 96, 75, 98, 7, 28, 31, 97, 160, 70, 26, 60, 34, 171, 156, 130, 198, 177, 56, 175, 93, 179]
[169, 92, 10, 157, 135, 58, 166, 174, 106, 11, 173, 89, 145, 45, 24, 8, 33, 6, 83, 57, 51, 42, 184, 117, 88, 86, 132, 65, 82, 181, 13, 124, 63, 32, 81, 109, 62, 125, 186, 12, 154, 1, 108, 41, 119, 105, 139, 182, 102, 76, 104, 17, 16, 191, 35, 95, 91, 150, 18, 199, 43, 129, 134, 136, 161, 23, 152, 159, 192, 143, 54, 142, 103, 21, 22, 170, 87, 172, 114, 71, 36, 183, 140, 64, 46, 80, 55, 99, 25, 149, 165, 107, 20, 122, 9, 188, 189, 116, 39, 38]
39978

[189, 38, 188, 110, 67, 9, 122, 20, 89, 0, 94, 2, 27, 128, 90, 96, 98, 75, 58, 31, 97, 173, 160, 26, 60, 175, 179, 93, 56, 177, 73, 164, 59, 86, 3, 5, 14, 111, 127, 146, 32, 81, 120, 155, 50, 194, 47, 30, 62, 109, 125, 186, 191, 101, 199, 136, 95, 161, 17, 104, 15, 119, 124, 105, 139, 182, 23, 152, 159, 143, 192, 22, 21, 170, 87, 138, 172, 114, 168, 71, 36, 183, 140, 46, 78, 187, 64, 123, 126, 100, 149, 74, 29, 79, 19, 37, 151, 137, 133, 180]
[39, 196, 66, 197, 69, 148, 169, 52, 141, 72, 84, 121, 92, 10, 157, 7, 28, 135, 166, 174, 106, 11, 70, 34, 171, 156, 130, 198, 144, 65, 132, 167, 113, 88, 181, 82, 63, 13, 41, 108, 1, 12, 154, 77, 16, 40, 147, 43, 129, 134, 18, 150, 91, 118, 35, 44, 76, 102, 158, 117, 184, 49, 163, 42, 195, 185, 51, 115, 176, 54, 103, 142, 190, 153, 162, 53, 57, 83, 6, 33, 8, 24, 45, 145, 107, 165, 85, 48, 68, 25, 99, 112, 178, 80, 55, 61, 131, 4, 193, 116]
37519

[115, 176, 142, 190, 153, 114, 71, 79, 19, 37, 165, 137, 85, 48, 68, 99, 55, 126, 187, 78, 112, 80, 178, 46, 140, 172, 170, 103, 143, 159, 152, 23, 161, 95, 136, 91, 101, 199, 129, 43, 147, 40, 17, 104, 76, 102, 49, 158, 139, 105, 47, 194, 50, 155, 120, 181, 88, 86, 113, 167, 73, 164, 59, 56, 179, 93, 177, 130, 156, 171, 34, 70, 160, 11, 106, 174, 58, 135, 75, 96, 157, 2, 148, 69, 197, 38, 39, 189, 110, 67, 9, 141, 94, 0, 45, 24, 33, 57, 83, 6]
[108, 117, 184, 42, 185, 195, 163, 54, 182, 15, 1, 154, 77, 191, 16, 44, 35, 118, 150, 18, 134, 192, 21, 22, 87, 138, 53, 162, 51, 168, 36, 183, 64, 123, 180, 133, 29, 74, 149, 100, 25, 61, 131, 4, 196, 66, 193, 116, 188, 169, 52, 72, 84, 121, 92, 10, 27, 128, 90, 98, 7, 28, 166, 31, 97, 173, 89, 20, 122, 107, 151, 145, 8, 26, 175, 60, 198, 144, 65, 132, 3, 82, 5, 32, 14, 111, 127, 146, 81, 63, 13, 124, 119, 41, 109, 30, 62, 125, 186, 12]
40931

[92, 121, 188, 52, 169, 148, 69, 197, 38, 39, 66, 196, 4, 131, 193, 116, 189, 48, 85, 37, 19, 79, 126, 123, 187, 78, 178, 46, 140, 172, 138, 87, 22, 192, 159, 161, 134, 129, 43, 118, 23, 152, 15, 186, 125, 47, 127, 111, 14, 32, 5, 181, 82, 3, 132, 65, 144, 198, 60, 26, 175, 179, 93, 56, 59, 88, 184, 117, 13, 124, 119, 105, 139, 158, 49, 163, 115, 162, 53, 153, 190, 114, 168, 57, 83, 6, 33, 8, 24, 45, 145, 89, 97, 31, 166, 58, 75, 96, 157, 10]
[81, 41, 108, 109, 146, 120, 155, 50, 194, 30, 62, 12, 154, 1, 77, 16, 191, 40, 147, 101, 199, 91, 150, 18, 136, 95, 35, 44, 17, 104, 76, 102, 182, 54, 143, 103, 21, 170, 142, 176, 42, 195, 185, 51, 71, 36, 183, 64, 112, 80, 55, 99, 25, 61, 68, 149, 100, 74, 29, 180, 133, 137, 165, 151, 107, 20, 122, 67, 110, 9, 141, 72, 84, 2, 27, 128, 90, 98, 7, 28, 135, 174, 106, 11, 173, 94, 0, 160, 70, 34, 171, 156, 130, 177, 73, 164, 167, 113, 86, 63]
39757

[102, 49, 158, 184, 42, 163, 115, 51, 57, 83, 6, 33, 56, 73, 164, 59, 88, 86, 113, 167, 65, 144, 198, 130, 156, 171, 34, 60, 175, 26, 70, 160, 173, 0, 94, 97, 31, 166, 58, 75, 98, 96, 90, 128, 27, 157, 92, 84, 169, 38, 39, 188, 110, 189, 116, 66, 196, 4, 131, 193, 61, 68, 149, 48, 85, 137, 133, 29, 74, 123, 64, 140, 172, 138, 103, 54, 159, 161, 136, 150, 18, 134, 129, 43, 101, 199, 91, 118, 95, 104, 76, 15, 62, 47, 109, 41, 117, 105, 139, 182]
[122, 141, 20, 107, 165, 151, 37, 180, 19, 79, 126, 187, 78, 112, 100, 25, 99, 55, 80, 178, 46, 183, 36, 71, 114, 168, 185, 195, 162, 53, 153, 190, 176, 142, 170, 87, 22, 21, 192, 143, 152, 23, 17, 44, 35, 147, 40, 191, 16, 77, 1, 108, 154, 12, 186, 125, 30, 194, 50, 155, 120, 127, 111, 14, 146, 81, 119, 124, 13, 63, 181, 82, 32, 5, 3, 132, 177, 93, 179, 8, 24, 45, 145, 89, 11, 106, 174, 135, 28, 7, 2, 10, 121, 72, 52, 148, 69, 197, 9, 67]
38957

[136, 150, 18, 199, 101, 91, 118, 35, 44, 16, 191, 77, 154, 12, 186, 125, 109, 41, 63, 32, 5, 3, 198, 156, 130, 177, 73, 164, 59, 185, 115, 162, 53, 51, 57, 33, 8, 24, 45, 70, 160, 11, 173, 97, 31, 166, 58, 75, 98, 10, 92, 121, 84, 72, 141, 122, 9, 188, 52, 169, 38, 148, 69, 197, 66, 196, 39, 116, 193, 4, 131, 61, 25, 100, 74, 29, 180, 133, 165, 107, 151, 145, 37, 19, 79, 126, 123, 187, 78, 178, 46, 172, 190, 153, 176, 142, 143, 159, 161, 95]
[21, 22, 87, 183, 140, 64, 112, 80, 55, 99, 149, 68, 189, 110, 67, 48, 85, 137, 20, 89, 0, 94, 2, 157, 27, 128, 90, 96, 7, 28, 135, 174, 106, 171, 34, 60, 26, 175, 179, 93, 56, 6, 83, 168, 71, 36, 114, 138, 170, 192, 103, 54, 163, 49, 158, 184, 42, 195, 88, 86, 113, 167, 144, 65, 132, 82, 181, 117, 105, 139, 182, 119, 124, 13, 81, 120, 146, 14, 111, 127, 50, 155, 194, 47, 30, 62, 108, 1, 15, 102, 76, 104, 152, 23, 17, 40, 147, 43, 129, 134]
38665

[100, 149, 68, 61, 193, 39, 197, 69, 148, 38, 188, 9, 169, 52, 72, 27, 128, 90, 96, 75, 58, 166, 31, 97, 0, 94, 141, 122, 20, 89, 173, 11, 160, 70, 60, 34, 171, 156, 132, 167, 113, 86, 14, 111, 127, 120, 81, 63, 41, 1, 108, 109, 30, 62, 125, 186, 12, 154, 77, 147, 101, 199, 18, 150, 136, 95, 23, 152, 76, 163, 42, 59, 164, 185, 195, 51, 115, 53, 162, 176, 153, 190, 114, 36, 183, 140, 64, 123, 79, 19, 180, 133, 29, 74, 126, 187, 78, 178, 112, 55]
[66, 196, 116, 189, 110, 67, 84, 121, 92, 10, 157, 2, 7, 98, 28, 135, 174, 106, 26, 175, 179, 93, 177, 130, 198, 144, 65, 73, 56, 6, 83, 57, 33, 8, 24, 45, 145, 151, 107, 165, 85, 48, 137, 37, 71, 168, 142, 103, 54, 49, 158, 139, 105, 184, 88, 117, 119, 124, 13, 181, 82, 3, 5, 32, 146, 50, 155, 194, 47, 15, 182, 102, 104, 17, 44, 16, 191, 40, 35, 118, 91, 43, 129, 134, 161, 159, 143, 192, 22, 21, 170, 87, 138, 172, 46, 80, 99, 25, 131, 4]
40497

[97, 94, 0, 173, 11, 106, 70, 160, 8, 45, 122, 67, 110, 133, 29, 180, 48, 85, 137, 165, 107, 151, 37, 36, 53, 162, 115, 51, 42, 163, 49, 158, 105, 117, 184, 88, 195, 185, 6, 56, 73, 164, 59, 86, 181, 63, 41, 108, 1, 12, 154, 77, 191, 40, 147, 43, 129, 199, 101, 136, 95, 161, 17, 104, 23, 152, 143, 192, 22, 21, 170, 87, 138, 172, 183, 140, 64, 187, 123, 126, 74, 100, 149, 68, 131, 4, 196, 66, 169, 52, 72, 84, 121, 92, 10, 157, 98, 7, 28, 31]
[47, 194, 30, 62, 186, 125, 119, 124, 13, 139, 182, 102, 76, 15, 16, 44, 35, 118, 91, 150, 18, 134, 159, 103, 54, 142, 176, 153, 190, 114, 71, 168, 57, 83, 33, 93, 179, 175, 24, 145, 19, 79, 78, 112, 178, 46, 80, 55, 99, 25, 61, 193, 116, 189, 39, 197, 69, 148, 38, 188, 9, 141, 2, 27, 128, 90, 96, 75, 135, 58, 174, 166, 20, 89, 26, 60, 34, 171, 156, 130, 177, 198, 144, 65, 132, 167, 113, 3, 82, 5, 32, 14, 111, 146, 127, 50, 155, 120, 81, 109]
39363

[51, 57, 83, 6, 168, 71, 36, 126, 79, 19, 37, 165, 107, 45, 24, 8, 70, 160, 11, 173, 106, 28, 90, 128, 27, 157, 10, 92, 141, 122, 9, 67, 110, 169, 52, 148, 69, 197, 38, 193, 61, 68, 149, 100, 78, 112, 80, 178, 46, 172, 138, 190, 53, 162, 115, 184, 117, 124, 119, 41, 108, 1, 15, 105, 182, 102, 76, 104, 152, 23, 17, 161, 95, 136, 134, 18, 150, 199, 129, 43, 147, 154, 12, 30, 47, 194, 50, 155, 120, 127, 111, 5, 3, 86, 59, 164, 73, 179, 33, 56]
[109, 81, 146, 14, 32, 63, 13, 181, 82, 88, 42, 195, 185, 113, 167, 132, 65, 144, 198, 130, 177, 93, 156, 171, 34, 60, 175, 26, 145, 151, 180, 29, 74, 133, 48, 85, 137, 20, 89, 0, 94, 97, 31, 166, 174, 58, 135, 75, 96, 98, 7, 2, 121, 84, 72, 188, 189, 116, 39, 66, 196, 4, 131, 25, 99, 55, 187, 123, 64, 140, 183, 114, 153, 176, 142, 87, 22, 21, 170, 103, 192, 159, 143, 54, 163, 49, 158, 139, 44, 35, 118, 91, 101, 40, 191, 16, 77, 186, 125, 62]
38712

[45, 145, 24, 8, 33, 168, 57, 83, 185, 195, 158, 49, 54, 143, 192, 134, 129, 43, 101, 147, 40, 191, 16, 44, 17, 104, 76, 102, 182, 139, 105, 63, 81, 120, 146, 32, 181, 82, 3, 86, 59, 164, 73, 113, 167, 132, 65, 144, 198, 156, 130, 177, 93, 60, 34, 171, 174, 58, 135, 75, 98, 96, 90, 128, 27, 157, 10, 92, 121, 84, 72, 141, 122, 85, 48, 67, 110, 189, 39, 38, 169, 52, 148, 69, 197, 66, 196, 4, 131, 25, 99, 55, 100, 126, 187, 64, 123, 79, 133, 180]
[108, 1, 15, 23, 152, 159, 161, 95, 136, 150, 18, 199, 91, 118, 35, 77, 154, 12, 186, 125, 109, 62, 30, 47, 194, 155, 50, 127, 111, 14, 5, 88, 42, 115, 51, 6, 56, 179, 175, 26, 70, 160, 173, 11, 106, 97, 0, 94, 31, 166, 28, 7, 2, 9, 188, 116, 193, 61, 68, 149, 74, 29, 137, 165, 107, 20, 89, 151, 37, 19, 71, 36, 183, 140, 78, 112, 80, 178, 46, 172, 138, 114, 53, 162, 153, 190, 176, 170, 87, 22, 21, 103, 142, 163, 184, 117, 13, 124, 119, 41]
38852

[120, 155, 50, 194, 47, 30, 62, 186, 125, 109, 108, 41, 63, 81, 32, 146, 127, 111, 14, 5, 3, 132, 65, 144, 73, 177, 198, 130, 93, 179, 83, 57, 168, 33, 8, 24, 45, 145, 160, 11, 106, 174, 166, 58, 135, 31, 97, 89, 20, 107, 165, 137, 48, 85, 122, 9, 67, 110, 189, 116, 39, 193, 68, 149, 25, 99, 100, 46, 172, 138, 115, 51, 42, 88, 117, 184, 158, 49, 163, 54, 103, 143, 152, 23, 44, 35, 118, 95, 136, 18, 150, 91, 199, 129, 43, 101, 147, 40, 191, 16]
[37, 151, 19, 79, 180, 133, 29, 74, 126, 123, 187, 78, 112, 178, 80, 55, 61, 131, 4, 196, 66, 197, 69, 148, 38, 169, 52, 188, 141, 72, 84, 121, 92, 10, 157, 27, 128, 90, 96, 75, 98, 7, 28, 2, 94, 0, 173, 70, 26, 60, 34, 171, 156, 175, 56, 6, 195, 185, 59, 164, 167, 113, 86, 82, 181, 13, 124, 119, 105, 139, 182, 102, 76, 15, 1, 12, 154, 77, 104, 17, 161, 134, 159, 192, 21, 22, 87, 170, 142, 176, 190, 153, 162, 53, 114, 71, 36, 183, 64, 140]
37789

[175, 8, 24, 45, 145, 89, 0, 94, 20, 107, 151, 165, 48, 133, 180, 29, 126, 123, 64, 183, 140, 46, 178, 80, 100, 25, 196, 66, 197, 69, 148, 38, 39, 189, 110, 188, 169, 52, 72, 84, 121, 92, 10, 2, 157, 27, 128, 90, 96, 75, 135, 58, 174, 166, 31, 106, 11, 70, 34, 171, 156, 198, 144, 65, 132, 167, 3, 5, 82, 81, 109, 1, 15, 102, 76, 104, 44, 35, 17, 23, 152, 143, 192, 21, 22, 87, 170, 54, 163, 176, 153, 190, 138, 172, 33, 56, 177, 130, 93, 179]
[12, 186, 125, 62, 30, 47, 194, 155, 50, 127, 120, 146, 111, 14, 32, 63, 13, 181, 117, 124, 119, 41, 108, 154, 77, 16, 191, 40, 147, 118, 91, 150, 18, 199, 101, 43, 129, 134, 136, 95, 161, 159, 103, 142, 53, 162, 115, 51, 195, 185, 6, 83, 57, 168, 114, 71, 36, 187, 78, 112, 55, 99, 61, 131, 4, 193, 116, 68, 149, 74, 79, 19, 37, 137, 85, 67, 9, 122, 141, 7, 98, 28, 97, 173, 160, 26, 60, 73, 164, 59, 113, 86, 88, 42, 184, 49, 158, 105, 139, 182]
39189

[77, 154, 12, 1, 108, 109, 41, 63, 5, 3, 65, 144, 198, 130, 93, 179, 8, 24, 45, 145, 89, 173, 97, 96, 90, 128, 27, 94, 0, 20, 122, 141, 121, 84, 9, 67, 188, 38, 148, 69, 197, 66, 196, 116, 189, 110, 68, 48, 137, 165, 37, 19, 79, 29, 74, 149, 25, 100, 126, 123, 187, 64, 140, 183, 36, 71, 168, 83, 6, 56, 177, 132, 167, 113, 86, 88, 115, 153, 190, 114, 138, 170, 103, 143, 152, 76, 104, 17, 44, 16, 191, 35, 118, 101, 199, 18, 150, 91, 95, 136]
[23, 161, 134, 129, 43, 147, 40, 15, 102, 49, 158, 139, 182, 105, 117, 13, 124, 119, 125, 186, 62, 30, 47, 194, 50, 155, 120, 81, 146, 127, 111, 14, 32, 82, 181, 164, 73, 59, 185, 195, 42, 184, 163, 54, 142, 176, 162, 53, 51, 57, 33, 175, 156, 171, 34, 60, 26, 70, 160, 11, 106, 174, 166, 58, 75, 98, 7, 28, 135, 31, 107, 151, 180, 133, 85, 2, 157, 10, 92, 72, 52, 169, 39, 193, 4, 131, 61, 99, 55, 112, 78, 178, 80, 46, 172, 87, 22, 21, 192, 159]
41533

[135, 75, 58, 174, 166, 31, 97, 0, 173, 11, 106, 34, 171, 156, 60, 70, 160, 24, 8, 26, 175, 179, 56, 6, 83, 57, 51, 115, 195, 185, 59, 86, 3, 5, 32, 82, 181, 63, 13, 124, 119, 108, 1, 154, 15, 152, 23, 95, 136, 161, 159, 143, 142, 176, 71, 36, 183, 140, 64, 78, 112, 80, 55, 99, 25, 68, 149, 100, 74, 29, 133, 48, 85, 137, 20, 122, 9, 67, 110, 189, 116, 39, 38, 197, 69, 148, 169, 52, 72, 84, 121, 92, 10, 157, 27, 128, 90, 96, 7, 98]
[47, 30, 194, 50, 155, 120, 146, 127, 111, 14, 81, 109, 62, 125, 186, 12, 77, 44, 16, 191, 40, 147, 43, 129, 134, 18, 150, 199, 101, 91, 118, 35, 17, 104, 76, 102, 182, 139, 158, 49, 163, 54, 103, 192, 22, 21, 170, 87, 172, 138, 190, 153, 162, 53, 114, 46, 178, 187, 123, 126, 61, 131, 4, 196, 66, 193, 188, 141, 2, 28, 94, 89, 45, 145, 151, 107, 165, 180, 79, 19, 37, 168, 33, 93, 177, 130, 198, 144, 65, 132, 167, 113, 73, 164, 88, 42, 184, 117, 105, 41]
37993

[164, 73, 59, 86, 185, 6, 56, 93, 179, 60, 171, 34, 70, 160, 11, 173, 97, 31, 166, 174, 58, 135, 98, 7, 28, 94, 0, 89, 20, 122, 141, 84, 121, 72, 52, 169, 188, 110, 67, 9, 165, 107, 45, 24, 71, 36, 183, 140, 64, 123, 126, 74, 29, 180, 133, 68, 149, 100, 25, 99, 178, 46, 172, 103, 54, 142, 163, 49, 117, 13, 124, 119, 41, 40, 101, 199, 129, 43, 147, 30, 47, 194, 155, 50, 127, 111, 146, 32, 14, 5, 3, 113, 167, 132, 65, 144, 198, 177, 130, 156]
[23, 17, 15, 102, 76, 104, 152, 159, 143, 192, 22, 21, 170, 87, 138, 190, 153, 176, 162, 53, 114, 168, 33, 8, 145, 151, 137, 85, 48, 37, 19, 79, 187, 78, 112, 80, 55, 61, 131, 4, 196, 66, 193, 116, 189, 39, 38, 197, 69, 148, 92, 10, 2, 157, 27, 128, 90, 96, 75, 106, 26, 175, 83, 57, 51, 115, 195, 42, 158, 139, 182, 105, 184, 88, 181, 82, 63, 81, 120, 109, 108, 1, 62, 125, 186, 12, 154, 77, 191, 16, 44, 35, 118, 91, 150, 18, 134, 161, 95, 136]
39994

[195, 185, 6, 83, 57, 51, 115, 176, 190, 153, 162, 53, 114, 183, 46, 178, 80, 112, 78, 36, 71, 168, 56, 33, 8, 24, 45, 145, 151, 165, 37, 19, 79, 180, 137, 85, 48, 67, 9, 38, 169, 52, 84, 157, 27, 128, 90, 96, 75, 98, 7, 28, 173, 11, 160, 34, 171, 156, 130, 73, 164, 59, 113, 86, 88, 181, 82, 3, 5, 14, 111, 127, 146, 120, 81, 63, 13, 124, 119, 108, 1, 154, 12, 125, 186, 191, 40, 118, 95, 35, 44, 16, 77, 15, 139, 49, 158, 117, 184, 42]
[55, 99, 100, 149, 68, 25, 61, 131, 4, 196, 66, 193, 39, 197, 69, 148, 72, 121, 92, 10, 2, 141, 122, 107, 20, 89, 0, 94, 97, 31, 135, 58, 166, 174, 106, 70, 26, 60, 175, 179, 93, 177, 198, 144, 65, 132, 167, 32, 50, 155, 194, 47, 30, 62, 109, 41, 105, 182, 102, 76, 104, 17, 136, 91, 199, 101, 147, 43, 129, 18, 150, 134, 161, 23, 152, 159, 143, 192, 21, 22, 87, 170, 103, 54, 163, 142, 138, 172, 140, 64, 187, 123, 126, 74, 29, 133, 110, 188, 189, 116]
38749

[122, 141, 2, 7, 98, 135, 28, 97, 160, 70, 60, 34, 171, 156, 130, 93, 179, 56, 175, 26, 33, 83, 57, 51, 115, 162, 163, 42, 184, 158, 117, 88, 195, 185, 59, 86, 82, 3, 5, 32, 14, 111, 127, 146, 81, 62, 125, 186, 12, 108, 1, 44, 35, 118, 136, 95, 23, 152, 159, 143, 192, 103, 21, 22, 46, 140, 64, 187, 78, 178, 80, 112, 100, 55, 99, 25, 193, 39, 197, 69, 148, 38, 110, 67, 9, 107, 165, 137, 85, 48, 133, 180, 29, 74, 79, 19, 24, 8, 45, 145]
[87, 170, 142, 176, 54, 49, 105, 139, 182, 102, 15, 76, 104, 17, 161, 134, 18, 150, 91, 101, 199, 129, 43, 147, 40, 191, 16, 77, 154, 30, 47, 194, 50, 155, 120, 109, 41, 119, 124, 13, 63, 181, 113, 167, 132, 65, 144, 198, 177, 73, 164, 6, 168, 71, 37, 151, 20, 89, 0, 94, 173, 11, 106, 31, 166, 174, 58, 75, 96, 90, 128, 27, 157, 10, 92, 121, 84, 72, 52, 169, 188, 189, 116, 66, 196, 4, 131, 61, 68, 149, 126, 123, 183, 36, 114, 53, 153, 190, 138, 172]
38405

[5, 14, 111, 127, 146, 120, 81, 41, 108, 1, 154, 12, 125, 186, 191, 40, 147, 101, 199, 43, 129, 134, 136, 95, 17, 23, 143, 103, 142, 176, 114, 183, 140, 46, 178, 78, 29, 74, 100, 149, 68, 61, 131, 4, 196, 66, 189, 188, 110, 67, 9, 2, 27, 128, 90, 98, 7, 28, 97, 173, 11, 160, 8, 24, 89, 0, 20, 107, 151, 165, 48, 133, 180, 79, 19, 168, 33, 26, 60, 34, 171, 175, 179, 93, 56, 185, 195, 88, 117, 158, 139, 182, 105, 119, 124, 13, 63, 181, 3, 82]
[192, 22, 21, 170, 87, 172, 138, 190, 153, 53, 162, 115, 163, 54, 152, 104, 76, 102, 49, 184, 42, 51, 57, 83, 6, 71, 36, 64, 123, 126, 187, 112, 80, 55, 99, 25, 193, 116, 39, 38, 197, 69, 148, 169, 52, 72, 84, 121, 92, 10, 157, 96, 75, 135, 58, 174, 166, 31, 94, 141, 122, 85, 137, 37, 145, 45, 70, 106, 156, 130, 177, 198, 144, 65, 132, 167, 113, 73, 164, 59, 86, 32, 50, 155, 194, 47, 30, 62, 109, 15, 77, 16, 44, 35, 118, 91, 150, 18, 161, 159]
39861

[86, 88, 185, 195, 51, 115, 176, 142, 103, 152, 17, 44, 77, 62, 47, 155, 50, 194, 30, 191, 40, 147, 43, 129, 199, 101, 136, 95, 161, 192, 22, 21, 170, 87, 190, 153, 162, 53, 114, 138, 172, 36, 183, 140, 64, 46, 178, 112, 80, 55, 99, 149, 68, 74, 29, 133, 180, 79, 19, 37, 151, 165, 107, 89, 0, 20, 122, 9, 67, 110, 189, 116, 39, 196, 66, 38, 197, 69, 148, 169, 52, 188, 141, 2, 31, 166, 174, 106, 34, 171, 156, 130, 198, 144, 177, 93, 179, 56, 6, 59]
[173, 94, 11, 160, 70, 45, 145, 24, 8, 33, 26, 175, 60, 73, 164, 113, 167, 132, 65, 3, 82, 181, 5, 14, 111, 127, 146, 120, 125, 186, 16, 35, 118, 91, 150, 18, 134, 159, 143, 54, 163, 49, 158, 105, 139, 182, 102, 76, 23, 104, 15, 154, 12, 1, 108, 109, 81, 32, 63, 41, 119, 124, 13, 117, 184, 42, 83, 57, 168, 71, 137, 85, 48, 126, 123, 187, 78, 100, 25, 61, 131, 4, 193, 72, 84, 121, 92, 10, 157, 27, 128, 90, 96, 98, 7, 28, 135, 75, 58, 97]
40474

[23, 152, 159, 192, 103, 21, 22, 170, 87, 46, 80, 55, 99, 25, 61, 193, 116, 39, 131, 4, 196, 66, 197, 69, 188, 141, 27, 128, 90, 96, 28, 89, 20, 151, 37, 71, 36, 114, 168, 51, 195, 185, 177, 93, 179, 175, 26, 60, 34, 171, 156, 130, 198, 144, 3, 5, 14, 111, 127, 120, 81, 63, 181, 117, 184, 42, 163, 49, 158, 139, 102, 182, 105, 13, 124, 119, 41, 109, 108, 1, 15, 44, 35, 95, 136, 150, 91, 199, 101, 118, 40, 191, 16, 77, 154, 12, 47, 62, 186, 125]
[157, 92, 10, 2, 7, 98, 75, 135, 58, 174, 166, 31, 106, 97, 94, 0, 173, 11, 160, 70, 8, 24, 45, 145, 33, 56, 6, 83, 57, 59, 164, 73, 65, 132, 167, 113, 86, 88, 82, 32, 146, 50, 155, 194, 30, 147, 43, 129, 18, 134, 161, 17, 104, 76, 143, 54, 142, 176, 115, 162, 53, 153, 190, 138, 172, 183, 140, 64, 123, 126, 187, 78, 178, 112, 100, 149, 68, 74, 29, 133, 180, 79, 19, 137, 48, 85, 165, 107, 122, 9, 67, 110, 189, 38, 148, 169, 52, 72, 84, 121]
39720

[2, 84, 72, 52, 169, 188, 116, 193, 99, 55, 80, 178, 112, 78, 187, 126, 100, 149, 68, 48, 151, 37, 19, 183, 36, 71, 114, 53, 162, 153, 190, 176, 142, 103, 192, 143, 159, 152, 23, 95, 136, 150, 18, 199, 101, 147, 40, 191, 16, 77, 154, 12, 1, 15, 102, 182, 139, 105, 124, 13, 81, 120, 155, 50, 146, 88, 42, 195, 185, 86, 113, 167, 132, 65, 73, 164, 59, 168, 33, 24, 45, 20, 89, 160, 70, 60, 34, 106, 11, 173, 97, 31, 166, 174, 58, 75, 135, 28, 98, 7]
[6, 83, 56, 177, 144, 198, 130, 156, 171, 93, 179, 175, 26, 8, 145, 107, 165, 137, 85, 122, 0, 94, 96, 90, 128, 27, 157, 10, 92, 121, 141, 9, 67, 110, 189, 39, 38, 148, 69, 197, 66, 196, 4, 131, 61, 25, 74, 29, 133, 180, 79, 123, 64, 46, 140, 172, 138, 87, 22, 21, 170, 54, 76, 104, 17, 161, 134, 129, 43, 91, 118, 35, 44, 186, 125, 62, 30, 47, 194, 127, 111, 14, 32, 5, 3, 82, 181, 63, 109, 108, 41, 119, 117, 184, 158, 49, 163, 51, 57, 115]
39933

[103, 143, 159, 152, 23, 161, 134, 18, 150, 118, 35, 44, 16, 191, 77, 154, 12, 186, 125, 62, 30, 47, 194, 155, 50, 127, 111, 14, 120, 109, 15, 76, 102, 182, 139, 105, 158, 184, 117, 86, 113, 167, 132, 65, 144, 73, 6, 33, 60, 34, 171, 174, 75, 96, 90, 128, 27, 157, 92, 10, 2, 97, 173, 11, 160, 8, 24, 45, 145, 151, 107, 165, 137, 85, 48, 37, 19, 79, 29, 74, 68, 149, 126, 123, 187, 78, 112, 80, 178, 46, 64, 140, 183, 36, 71, 190, 153, 115, 163, 54]
[195, 185, 59, 164, 198, 156, 130, 177, 56, 93, 179, 175, 26, 70, 106, 31, 166, 58, 135, 98, 7, 28, 94, 0, 89, 20, 122, 67, 9, 141, 84, 121, 72, 52, 169, 148, 69, 197, 38, 39, 66, 196, 4, 131, 61, 99, 55, 100, 25, 193, 116, 189, 188, 110, 133, 180, 172, 138, 87, 22, 21, 192, 170, 142, 176, 162, 53, 114, 168, 83, 57, 51, 42, 49, 104, 17, 95, 136, 91, 199, 129, 43, 101, 147, 40, 1, 108, 41, 119, 124, 13, 63, 81, 146, 32, 5, 3, 82, 181, 88]
37968

[24, 8, 26, 33, 6, 195, 88, 184, 102, 15, 161, 134, 129, 18, 150, 91, 136, 95, 35, 44, 77, 154, 12, 186, 125, 62, 30, 47, 194, 155, 50, 127, 120, 81, 63, 119, 124, 13, 181, 82, 132, 65, 144, 198, 130, 177, 56, 93, 179, 175, 60, 156, 171, 34, 106, 174, 166, 58, 75, 135, 31, 97, 173, 0, 94, 2, 157, 10, 92, 121, 84, 72, 189, 116, 193, 61, 68, 48, 137, 37, 19, 180, 133, 29, 74, 126, 178, 80, 46, 140, 172, 138, 87, 22, 170, 190, 153, 162, 53, 168]
[196, 66, 4, 131, 39, 38, 197, 69, 148, 169, 52, 188, 110, 67, 85, 165, 151, 107, 89, 20, 122, 9, 141, 27, 128, 90, 96, 98, 7, 28, 11, 160, 70, 45, 145, 71, 79, 149, 100, 25, 99, 55, 112, 78, 187, 123, 64, 183, 36, 114, 115, 51, 57, 83, 73, 164, 59, 185, 42, 176, 163, 49, 158, 139, 182, 105, 117, 86, 113, 167, 3, 5, 32, 14, 111, 146, 109, 41, 108, 1, 16, 191, 40, 147, 43, 101, 199, 118, 17, 104, 76, 23, 152, 159, 192, 21, 103, 143, 54, 142]
42059

[144, 65, 198, 130, 156, 171, 34, 11, 173, 97, 31, 166, 135, 28, 84, 72, 52, 169, 38, 148, 69, 197, 66, 196, 4, 131, 39, 189, 116, 193, 61, 68, 25, 99, 55, 100, 149, 74, 29, 126, 123, 78, 187, 64, 183, 114, 190, 153, 162, 53, 168, 145, 151, 107, 165, 137, 85, 48, 110, 188, 9, 122, 20, 94, 0, 89, 45, 24, 6, 83, 57, 185, 195, 88, 117, 105, 15, 17, 161, 95, 136, 101, 199, 129, 43, 147, 40, 186, 125, 120, 81, 109, 41, 63, 5, 14, 32, 146, 127, 111]
[132, 167, 113, 86, 59, 164, 73, 177, 93, 179, 175, 56, 33, 8, 26, 60, 70, 160, 106, 174, 58, 75, 7, 98, 96, 90, 128, 27, 157, 2, 10, 92, 121, 141, 67, 133, 180, 37, 19, 79, 112, 80, 178, 46, 140, 36, 71, 172, 138, 87, 170, 21, 22, 192, 143, 103, 54, 142, 176, 115, 51, 42, 184, 163, 49, 158, 139, 182, 102, 76, 104, 23, 152, 159, 134, 18, 150, 91, 118, 35, 44, 16, 191, 77, 154, 12, 62, 30, 194, 50, 155, 47, 1, 108, 119, 124, 13, 181, 82, 3]
39621

[53, 114, 140, 46, 80, 55, 99, 25, 193, 116, 189, 39, 38, 69, 148, 188, 110, 133, 180, 48, 67, 9, 122, 141, 28, 7, 98, 27, 128, 90, 96, 75, 135, 58, 174, 166, 31, 106, 26, 175, 156, 130, 198, 144, 65, 132, 167, 113, 86, 3, 5, 14, 111, 146, 127, 50, 155, 194, 30, 62, 12, 154, 109, 41, 119, 124, 63, 13, 117, 105, 139, 182, 102, 17, 44, 35, 118, 136, 95, 23, 152, 143, 192, 103, 170, 142, 115, 42, 88, 59, 185, 195, 51, 57, 83, 6, 33, 8, 168, 162]
[79, 19, 29, 74, 126, 123, 187, 78, 112, 178, 64, 183, 36, 71, 172, 138, 87, 22, 21, 190, 153, 176, 163, 184, 158, 49, 54, 159, 161, 134, 18, 150, 91, 101, 199, 129, 43, 147, 40, 191, 16, 77, 104, 76, 15, 1, 108, 186, 125, 47, 120, 81, 32, 82, 181, 164, 73, 177, 56, 93, 179, 60, 171, 34, 70, 160, 11, 173, 97, 0, 94, 2, 157, 10, 92, 121, 84, 72, 52, 169, 197, 66, 196, 4, 131, 61, 100, 149, 68, 85, 137, 165, 107, 151, 37, 145, 24, 45, 89, 20]
39684

[23, 104, 17, 161, 95, 136, 91, 101, 199, 129, 43, 147, 40, 191, 16, 77, 154, 12, 186, 125, 108, 41, 119, 124, 13, 63, 81, 32, 111, 14, 5, 3, 82, 86, 113, 167, 132, 65, 144, 198, 130, 156, 171, 34, 160, 11, 173, 8, 24, 45, 89, 0, 94, 97, 31, 166, 58, 135, 28, 7, 98, 90, 128, 27, 2, 141, 122, 20, 165, 137, 85, 48, 67, 110, 68, 149, 100, 112, 178, 78, 187, 64, 140, 183, 172, 138, 190, 153, 53, 176, 163, 42, 184, 49, 158, 105, 139, 182, 102, 76]
[145, 33, 6, 83, 57, 168, 71, 36, 114, 87, 22, 21, 170, 142, 54, 103, 192, 143, 159, 152, 134, 18, 150, 118, 35, 44, 15, 1, 62, 30, 47, 194, 155, 50, 127, 146, 120, 109, 181, 117, 88, 115, 162, 51, 195, 185, 59, 164, 73, 177, 56, 93, 179, 175, 60, 26, 70, 106, 174, 75, 96, 157, 10, 92, 121, 84, 72, 9, 107, 151, 37, 180, 133, 189, 116, 39, 188, 52, 169, 148, 69, 197, 38, 66, 196, 4, 131, 193, 61, 25, 99, 55, 80, 46, 123, 126, 74, 29, 79, 19]
38041

[170, 87, 21, 22, 134, 91, 118, 35, 44, 104, 15, 77, 154, 1, 108, 124, 13, 63, 146, 127, 111, 14, 82, 181, 86, 113, 177, 70, 11, 106, 31, 166, 174, 58, 135, 75, 7, 98, 96, 90, 128, 27, 121, 84, 72, 52, 148, 69, 197, 38, 66, 196, 4, 131, 61, 193, 110, 67, 9, 20, 94, 0, 89, 137, 85, 48, 133, 29, 74, 145, 45, 24, 168, 33, 56, 6, 83, 57, 158, 49, 163, 142, 176, 153, 190, 138, 172, 114, 183, 140, 64, 187, 78, 25, 99, 55, 80, 112, 178, 46]
[162, 53, 115, 51, 71, 36, 123, 126, 100, 149, 68, 189, 116, 39, 169, 188, 180, 79, 19, 37, 151, 107, 165, 122, 141, 2, 10, 92, 157, 28, 97, 173, 160, 8, 26, 175, 179, 93, 60, 34, 171, 156, 130, 198, 144, 65, 132, 167, 3, 5, 32, 120, 155, 50, 194, 47, 30, 62, 109, 81, 119, 41, 12, 125, 186, 16, 191, 40, 147, 43, 129, 101, 199, 18, 150, 136, 95, 161, 17, 23, 152, 159, 143, 192, 103, 54, 76, 102, 182, 139, 105, 117, 184, 42, 88, 164, 73, 59, 185, 195]
41312

[26, 33, 168, 57, 83, 195, 185, 167, 113, 86, 181, 63, 13, 124, 119, 41, 109, 120, 47, 125, 186, 77, 16, 191, 40, 147, 101, 18, 150, 17, 104, 76, 102, 182, 139, 105, 158, 49, 163, 42, 51, 115, 162, 53, 176, 54, 103, 170, 21, 22, 87, 138, 172, 64, 123, 126, 79, 19, 37, 137, 85, 67, 9, 189, 116, 131, 4, 196, 66, 197, 69, 148, 169, 52, 72, 121, 84, 141, 122, 107, 151, 145, 45, 24, 8, 160, 11, 173, 89, 0, 94, 97, 31, 135, 75, 58, 166, 174, 106, 70]
[74, 110, 188, 38, 39, 193, 61, 68, 149, 25, 99, 55, 100, 187, 78, 112, 80, 178, 46, 140, 183, 36, 71, 114, 153, 190, 142, 192, 143, 159, 152, 23, 161, 136, 134, 129, 43, 199, 91, 118, 95, 35, 44, 154, 12, 62, 30, 194, 155, 50, 127, 146, 111, 14, 32, 81, 108, 1, 15, 117, 184, 88, 82, 5, 3, 132, 65, 144, 198, 130, 156, 171, 34, 177, 73, 164, 59, 6, 56, 93, 179, 175, 60, 28, 7, 98, 96, 90, 128, 27, 157, 92, 10, 2, 20, 165, 48, 133, 180, 29]
38555

[9, 67, 137, 165, 107, 20, 89, 97, 166, 135, 98, 75, 58, 174, 106, 34, 171, 156, 130, 198, 144, 65, 59, 185, 195, 57, 53, 115, 51, 42, 49, 158, 105, 117, 184, 88, 86, 181, 82, 3, 5, 32, 63, 13, 124, 119, 41, 81, 109, 125, 186, 12, 154, 77, 44, 16, 191, 40, 147, 43, 129, 134, 18, 136, 95, 161, 23, 159, 192, 87, 140, 46, 178, 78, 187, 64, 123, 126, 79, 180, 133, 68, 25, 61, 131, 4, 196, 66, 193, 39, 116, 189, 188, 169, 52, 72, 121, 84, 122, 141]
[164, 113, 167, 132, 14, 111, 127, 146, 120, 155, 50, 194, 47, 30, 62, 108, 1, 15, 139, 182, 102, 76, 104, 35, 101, 199, 150, 91, 118, 17, 152, 143, 54, 103, 21, 22, 170, 142, 163, 176, 162, 153, 190, 138, 172, 114, 71, 36, 183, 112, 80, 55, 99, 100, 149, 74, 29, 48, 85, 110, 38, 197, 69, 148, 92, 10, 2, 157, 27, 128, 90, 96, 7, 28, 31, 94, 0, 173, 11, 160, 70, 8, 24, 45, 145, 151, 37, 19, 168, 83, 6, 33, 56, 93, 179, 175, 26, 60, 177, 73]
39789

[125, 186, 62, 30, 194, 50, 127, 111, 146, 120, 109, 154, 15, 102, 182, 139, 105, 184, 117, 181, 82, 86, 185, 59, 164, 73, 113, 167, 132, 65, 144, 198, 156, 171, 34, 60, 70, 106, 174, 166, 58, 135, 75, 96, 90, 128, 27, 157, 92, 10, 2, 97, 94, 0, 89, 122, 141, 52, 169, 148, 69, 38, 39, 116, 189, 110, 48, 85, 137, 145, 45, 24, 8, 33, 168, 71, 114, 57, 6, 83, 51, 53, 162, 176, 153, 190, 138, 87, 103, 54, 143, 192, 159, 161, 101, 147, 40, 191, 16, 77]
[126, 74, 29, 79, 19, 37, 151, 107, 20, 165, 180, 133, 149, 100, 55, 99, 25, 61, 68, 67, 9, 188, 193, 131, 4, 196, 66, 197, 72, 84, 121, 7, 98, 28, 31, 173, 11, 160, 26, 175, 179, 93, 130, 177, 56, 195, 115, 42, 88, 3, 5, 14, 32, 155, 47, 12, 44, 35, 118, 91, 199, 43, 129, 134, 18, 150, 136, 95, 17, 23, 152, 76, 104, 1, 108, 41, 81, 63, 13, 124, 119, 158, 49, 163, 142, 170, 21, 22, 172, 36, 183, 64, 123, 187, 78, 112, 80, 178, 46, 140]
40161

[188, 169, 38, 39, 189, 110, 85, 48, 68, 149, 99, 55, 80, 46, 178, 112, 78, 187, 123, 126, 79, 64, 140, 183, 36, 71, 114, 172, 138, 87, 170, 22, 21, 103, 192, 143, 159, 134, 129, 199, 18, 150, 136, 95, 118, 44, 17, 77, 15, 76, 104, 23, 152, 163, 176, 190, 153, 53, 162, 115, 51, 57, 83, 6, 56, 179, 93, 177, 167, 113, 86, 146, 120, 109, 125, 62, 30, 47, 194, 155, 50, 127, 111, 14, 132, 65, 144, 156, 171, 34, 70, 160, 11, 28, 7, 2, 141, 122, 9, 67]
[130, 60, 175, 26, 106, 174, 58, 75, 96, 90, 128, 27, 98, 135, 166, 31, 97, 173, 89, 20, 0, 94, 157, 10, 92, 121, 84, 72, 52, 148, 69, 197, 66, 196, 116, 193, 4, 131, 61, 25, 100, 74, 29, 133, 180, 19, 37, 137, 165, 107, 151, 145, 45, 24, 8, 33, 168, 142, 54, 161, 91, 101, 43, 147, 40, 35, 16, 191, 186, 12, 154, 1, 108, 41, 119, 124, 13, 63, 81, 32, 5, 3, 82, 181, 117, 105, 139, 182, 102, 49, 158, 184, 42, 88, 195, 185, 59, 164, 73, 198]
39681

[175, 26, 8, 45, 89, 107, 165, 137, 151, 145, 24, 179, 93, 34, 171, 156, 130, 177, 198, 144, 65, 132, 73, 164, 59, 88, 181, 82, 3, 5, 63, 32, 146, 14, 111, 127, 50, 155, 194, 30, 191, 16, 35, 44, 76, 163, 42, 195, 185, 168, 71, 36, 114, 153, 190, 138, 172, 46, 80, 55, 99, 25, 131, 4, 196, 66, 197, 69, 148, 38, 39, 189, 188, 169, 52, 72, 84, 121, 92, 10, 2, 157, 27, 128, 90, 96, 98, 7, 75, 58, 135, 28, 31, 97, 94, 0, 173, 11, 160, 70]
[40, 147, 43, 129, 199, 150, 18, 134, 161, 23, 152, 159, 143, 54, 103, 192, 21, 22, 87, 170, 142, 176, 115, 51, 83, 6, 56, 33, 57, 162, 53, 183, 140, 64, 123, 126, 187, 78, 178, 112, 100, 149, 74, 29, 180, 79, 19, 37, 85, 48, 133, 68, 61, 193, 116, 110, 67, 9, 141, 122, 20, 166, 174, 106, 60, 167, 113, 86, 13, 124, 119, 41, 109, 81, 120, 47, 62, 125, 186, 12, 154, 77, 1, 108, 15, 139, 105, 117, 184, 158, 49, 182, 102, 104, 17, 95, 136, 118, 91, 101]
38977

[76, 54, 103, 21, 170, 190, 153, 162, 53, 114, 140, 64, 123, 126, 187, 78, 112, 178, 80, 55, 99, 25, 61, 131, 4, 196, 66, 197, 69, 148, 38, 188, 110, 68, 29, 133, 180, 151, 107, 160, 11, 173, 141, 72, 84, 121, 92, 10, 157, 27, 128, 90, 96, 75, 135, 58, 174, 106, 70, 45, 145, 71, 168, 6, 83, 57, 51, 115, 163, 42, 59, 167, 132, 144, 65, 3, 5, 82, 181, 63, 13, 41, 109, 125, 186, 12, 154, 77, 44, 35, 118, 136, 95, 17, 104, 15, 102, 182, 105, 139]
[39, 169, 52, 2, 7, 98, 28, 166, 31, 97, 94, 0, 89, 20, 122, 9, 67, 48, 85, 137, 165, 37, 19, 79, 74, 183, 36, 138, 142, 176, 195, 185, 164, 73, 177, 93, 179, 175, 56, 33, 24, 8, 26, 60, 34, 171, 156, 130, 198, 113, 86, 88, 184, 49, 158, 117, 124, 119, 81, 120, 146, 32, 14, 111, 127, 50, 155, 194, 47, 30, 62, 108, 1, 16, 191, 40, 147, 43, 129, 199, 101, 91, 150, 18, 134, 161, 23, 152, 159, 143, 192, 22, 87, 172, 46, 100, 149, 193, 189, 116]
39571

[124, 13, 63, 41, 109, 125, 186, 12, 154, 1, 15, 44, 35, 118, 147, 101, 199, 91, 95, 17, 104, 76, 102, 139, 184, 158, 49, 163, 42, 115, 51, 57, 83, 6, 37, 19, 79, 29, 74, 149, 100, 25, 61, 193, 131, 4, 196, 66, 197, 69, 148, 169, 52, 141, 72, 84, 121, 92, 10, 2, 157, 27, 128, 90, 96, 98, 7, 75, 58, 166, 31, 11, 160, 173, 94, 0, 89, 20, 122, 9, 67, 107, 151, 145, 45, 26, 175, 73, 164, 113, 86, 59, 185, 195, 88, 181, 32, 146, 120, 81]
[179, 33, 56, 93, 177, 167, 132, 65, 144, 198, 130, 156, 171, 34, 60, 106, 174, 135, 28, 97, 70, 8, 24, 168, 114, 71, 36, 183, 64, 187, 78, 123, 126, 180, 133, 165, 137, 85, 48, 110, 188, 38, 39, 116, 189, 68, 99, 55, 80, 112, 178, 46, 140, 172, 138, 87, 170, 21, 22, 192, 103, 54, 143, 159, 161, 134, 129, 43, 18, 150, 136, 23, 152, 182, 105, 119, 108, 77, 16, 191, 40, 62, 30, 47, 194, 155, 50, 127, 111, 14, 5, 3, 82, 117, 162, 53, 153, 190, 176, 142]
40808

[117, 184, 42, 114, 183, 36, 71, 168, 33, 26, 160, 173, 0, 89, 45, 145, 37, 19, 79, 74, 29, 180, 133, 48, 85, 9, 67, 110, 189, 188, 72, 84, 121, 92, 10, 157, 27, 128, 90, 96, 28, 94, 97, 11, 70, 60, 34, 171, 156, 130, 73, 164, 167, 113, 86, 181, 82, 14, 111, 127, 146, 120, 81, 109, 47, 155, 50, 194, 30, 62, 125, 186, 12, 154, 77, 44, 16, 191, 40, 147, 43, 129, 101, 199, 134, 161, 17, 104, 76, 15, 1, 108, 119, 124, 13, 105, 182, 139, 49, 158]
[136, 95, 23, 159, 143, 152, 102, 163, 176, 142, 54, 103, 192, 22, 21, 170, 87, 172, 46, 178, 78, 112, 80, 55, 99, 25, 61, 68, 149, 100, 126, 123, 187, 64, 140, 138, 190, 153, 53, 162, 115, 51, 57, 83, 6, 56, 8, 24, 151, 107, 165, 137, 20, 122, 116, 193, 131, 4, 196, 66, 39, 38, 197, 69, 148, 169, 52, 141, 2, 7, 98, 75, 135, 58, 174, 166, 31, 106, 175, 179, 93, 177, 198, 144, 65, 132, 59, 185, 195, 88, 3, 5, 32, 63, 41, 35, 118, 91, 18, 150]
39439

[89, 0, 94, 20, 122, 141, 9, 67, 180, 79, 19, 71, 36, 183, 123, 126, 100, 61, 193, 131, 4, 196, 66, 39, 116, 189, 110, 188, 38, 197, 69, 148, 169, 52, 72, 84, 121, 92, 10, 2, 157, 27, 128, 90, 28, 97, 173, 11, 160, 70, 26, 33, 57, 83, 6, 56, 177, 144, 65, 132, 82, 181, 81, 109, 47, 30, 62, 125, 186, 12, 154, 40, 147, 43, 129, 199, 101, 118, 91, 150, 18, 136, 95, 1, 108, 41, 119, 124, 105, 139, 182, 49, 163, 54, 176, 142, 170, 21, 22, 172]
[158, 184, 88, 86, 113, 167, 3, 5, 14, 111, 127, 50, 194, 155, 120, 146, 32, 63, 13, 117, 102, 15, 77, 191, 16, 35, 44, 17, 104, 76, 152, 23, 161, 134, 159, 143, 192, 103, 87, 138, 190, 153, 162, 53, 168, 114, 140, 64, 46, 178, 187, 78, 112, 80, 55, 99, 25, 68, 149, 74, 29, 133, 48, 85, 137, 37, 151, 165, 107, 145, 45, 24, 8, 31, 166, 135, 7, 98, 96, 75, 58, 174, 106, 171, 156, 34, 60, 175, 179, 93, 130, 198, 73, 164, 59, 185, 195, 51, 115, 42]
39662

[55, 99, 25, 100, 149, 133, 48, 137, 165, 107, 151, 145, 45, 71, 36, 183, 140, 64, 187, 78, 46, 114, 172, 138, 87, 22, 21, 170, 49, 158, 184, 105, 139, 182, 102, 76, 104, 23, 152, 143, 159, 95, 136, 91, 101, 43, 147, 40, 191, 16, 186, 125, 62, 109, 81, 146, 127, 111, 14, 32, 5, 3, 164, 73, 130, 177, 56, 6, 83, 33, 26, 175, 60, 171, 34, 70, 160, 173, 11, 106, 97, 31, 166, 174, 58, 135, 28, 75, 96, 98, 7, 2, 121, 84, 141, 188, 169, 38, 39, 193]
[85, 37, 24, 8, 179, 93, 156, 198, 144, 65, 132, 167, 113, 59, 185, 195, 88, 86, 82, 181, 63, 120, 155, 50, 194, 47, 30, 12, 154, 77, 44, 35, 118, 150, 18, 199, 129, 134, 161, 17, 15, 1, 108, 41, 119, 124, 13, 117, 42, 163, 54, 192, 103, 142, 176, 190, 153, 53, 162, 115, 51, 57, 168, 123, 178, 80, 112, 126, 79, 19, 180, 29, 74, 68, 61, 131, 4, 196, 66, 197, 69, 148, 52, 72, 92, 10, 157, 27, 128, 90, 94, 0, 89, 20, 122, 9, 189, 116, 110, 67]
39998

[33, 6, 83, 57, 51, 115, 162, 53, 168, 19, 180, 133, 29, 74, 100, 149, 68, 61, 25, 99, 55, 112, 80, 46, 172, 54, 76, 102, 139, 182, 15, 161, 134, 18, 150, 91, 101, 199, 129, 43, 147, 40, 191, 16, 77, 154, 12, 108, 41, 109, 125, 186, 62, 30, 47, 194, 155, 50, 111, 14, 5, 3, 82, 181, 88, 59, 164, 73, 156, 171, 34, 60, 106, 174, 75, 96, 90, 128, 27, 157, 92, 121, 72, 52, 169, 84, 10, 2, 7, 98, 97, 11, 173, 0, 94, 122, 20, 107, 151, 145]
[21, 22, 170, 87, 138, 114, 71, 36, 183, 140, 64, 178, 78, 187, 123, 126, 79, 37, 165, 137, 85, 48, 110, 193, 131, 4, 196, 66, 197, 69, 148, 38, 39, 116, 189, 188, 67, 9, 141, 28, 135, 58, 166, 31, 70, 160, 89, 45, 24, 8, 26, 175, 179, 93, 56, 177, 130, 198, 144, 65, 132, 167, 113, 86, 185, 195, 42, 184, 163, 49, 158, 105, 117, 13, 63, 32, 146, 127, 120, 81, 124, 119, 1, 44, 35, 118, 136, 95, 17, 104, 23, 152, 159, 143, 192, 103, 142, 176, 190, 153]
38980

[27, 92, 121, 84, 72, 52, 169, 66, 196, 4, 131, 193, 189, 110, 67, 122, 20, 89, 11, 160, 70, 26, 175, 33, 168, 71, 36, 183, 64, 187, 78, 100, 149, 68, 61, 25, 99, 55, 80, 112, 178, 46, 140, 172, 87, 22, 21, 192, 159, 161, 118, 35, 44, 16, 40, 191, 186, 125, 62, 30, 47, 194, 155, 50, 127, 111, 14, 32, 146, 120, 81, 63, 41, 109, 108, 1, 119, 124, 113, 167, 73, 164, 59, 115, 162, 51, 57, 83, 6, 56, 179, 60, 34, 106, 174, 166, 58, 75, 90, 128]
[96, 157, 10, 2, 94, 0, 145, 151, 107, 165, 137, 85, 48, 9, 141, 188, 148, 69, 197, 38, 39, 116, 74, 29, 133, 180, 37, 19, 79, 126, 123, 114, 138, 190, 153, 53, 176, 142, 170, 103, 143, 54, 163, 195, 185, 86, 88, 42, 184, 49, 158, 117, 105, 139, 182, 102, 76, 152, 23, 134, 199, 129, 43, 147, 101, 91, 150, 18, 136, 95, 17, 104, 77, 154, 12, 15, 13, 181, 82, 5, 3, 132, 65, 144, 198, 130, 156, 171, 177, 93, 8, 24, 45, 173, 97, 31, 135, 28, 7, 98]
40325

[64, 46, 140, 183, 168, 56, 33, 8, 24, 79, 29, 74, 149, 68, 131, 4, 196, 66, 197, 148, 169, 52, 72, 121, 84, 141, 122, 20, 2, 7, 28, 135, 166, 174, 106, 173, 11, 160, 70, 34, 171, 156, 130, 177, 198, 144, 65, 132, 167, 113, 73, 164, 86, 3, 5, 82, 181, 13, 63, 81, 120, 146, 32, 14, 111, 127, 50, 155, 194, 47, 30, 62, 40, 147, 43, 129, 199, 101, 150, 18, 134, 161, 76, 102, 182, 139, 105, 158, 49, 163, 54, 103, 192, 22, 21, 170, 87, 190, 172, 138]
[97, 31, 58, 75, 98, 96, 90, 128, 27, 157, 10, 92, 9, 67, 110, 188, 189, 116, 38, 69, 39, 193, 61, 25, 99, 55, 100, 80, 178, 112, 78, 187, 126, 123, 36, 71, 114, 53, 162, 153, 176, 142, 143, 159, 152, 23, 104, 17, 95, 136, 91, 118, 35, 44, 16, 191, 77, 15, 1, 108, 154, 12, 186, 125, 109, 41, 119, 124, 117, 184, 42, 88, 185, 195, 115, 51, 57, 83, 6, 59, 93, 179, 175, 60, 26, 45, 145, 151, 37, 19, 180, 133, 48, 85, 137, 165, 107, 89, 94, 0]
37950

[68, 193, 61, 25, 149, 74, 29, 133, 180, 37, 19, 79, 126, 123, 64, 183, 114, 172, 138, 190, 153, 115, 42, 102, 76, 104, 17, 136, 18, 150, 91, 101, 199, 134, 129, 43, 147, 40, 191, 186, 194, 155, 50, 127, 146, 111, 14, 82, 181, 113, 167, 132, 65, 144, 198, 130, 88, 195, 185, 6, 56, 93, 179, 60, 34, 156, 171, 106, 174, 58, 75, 96, 90, 128, 27, 2, 141, 94, 0, 173, 89, 20, 122, 9, 188, 52, 169, 148, 69, 197, 38, 39, 116, 189, 110, 67, 165, 137, 48, 85]
[3, 86, 59, 164, 73, 177, 175, 26, 70, 33, 8, 24, 45, 145, 151, 107, 160, 11, 97, 31, 166, 135, 28, 7, 98, 157, 10, 92, 121, 84, 72, 66, 196, 4, 131, 99, 55, 100, 187, 78, 112, 80, 178, 46, 140, 36, 71, 168, 83, 57, 51, 53, 162, 176, 163, 49, 158, 184, 117, 105, 139, 182, 54, 142, 170, 87, 22, 21, 103, 192, 143, 159, 152, 23, 161, 95, 118, 35, 44, 16, 77, 154, 12, 125, 62, 30, 47, 120, 81, 109, 108, 1, 15, 41, 119, 124, 13, 63, 32, 5]
39096

[118, 35, 44, 16, 77, 154, 12, 186, 125, 62, 30, 146, 14, 32, 81, 63, 181, 82, 86, 113, 167, 132, 59, 164, 73, 177, 156, 171, 34, 106, 11, 173, 89, 20, 0, 94, 28, 7, 98, 96, 90, 128, 27, 157, 10, 92, 121, 188, 193, 66, 196, 4, 131, 61, 25, 99, 55, 80, 178, 112, 78, 187, 100, 149, 68, 133, 180, 165, 107, 151, 145, 45, 24, 8, 33, 26, 175, 179, 93, 56, 185, 195, 115, 53, 162, 176, 163, 49, 158, 139, 182, 102, 76, 104, 152, 23, 161, 134, 150, 18]
[166, 174, 31, 97, 160, 70, 60, 130, 198, 144, 65, 3, 5, 111, 127, 120, 155, 50, 194, 47, 109, 13, 124, 119, 41, 108, 1, 191, 40, 147, 43, 129, 199, 101, 91, 136, 95, 17, 15, 105, 117, 184, 88, 42, 51, 57, 83, 6, 168, 71, 36, 114, 153, 190, 142, 170, 103, 54, 143, 159, 192, 21, 22, 87, 138, 172, 183, 140, 46, 64, 123, 126, 74, 29, 79, 19, 37, 137, 85, 48, 67, 110, 189, 116, 39, 38, 197, 69, 148, 169, 52, 72, 84, 141, 9, 122, 2, 135, 58, 75]
37745

[163, 176, 115, 51, 71, 183, 140, 64, 78, 112, 80, 55, 99, 25, 100, 149, 68, 133, 48, 85, 137, 165, 20, 122, 9, 188, 116, 193, 61, 131, 4, 196, 66, 197, 69, 148, 169, 141, 7, 75, 135, 58, 174, 166, 31, 106, 8, 24, 145, 37, 19, 79, 57, 83, 6, 195, 185, 59, 164, 73, 177, 198, 144, 132, 167, 113, 86, 82, 181, 88, 42, 184, 105, 139, 182, 102, 15, 13, 63, 81, 109, 12, 154, 44, 35, 118, 101, 91, 150, 18, 136, 95, 17, 23, 152, 159, 143, 192, 103, 142]
[3, 5, 32, 14, 111, 127, 146, 120, 155, 50, 194, 47, 30, 62, 125, 186, 77, 16, 191, 40, 147, 43, 129, 199, 134, 161, 104, 1, 108, 41, 119, 124, 117, 158, 49, 76, 54, 170, 21, 22, 87, 138, 190, 153, 162, 53, 114, 36, 172, 46, 178, 187, 123, 126, 74, 29, 180, 151, 107, 67, 110, 189, 39, 38, 52, 72, 84, 121, 92, 10, 2, 157, 27, 128, 90, 96, 98, 28, 94, 97, 11, 173, 0, 89, 45, 168, 33, 56, 93, 179, 175, 26, 160, 70, 60, 34, 171, 156, 130, 65]
39308

[60, 34, 171, 156, 130, 177, 198, 144, 65, 132, 167, 113, 3, 5, 32, 63, 13, 41, 108, 1, 15, 105, 117, 184, 158, 139, 182, 102, 118, 101, 199, 134, 159, 192, 143, 163, 42, 88, 195, 185, 83, 6, 164, 73, 93, 179, 175, 26, 70, 160, 106, 11, 0, 94, 2, 122, 20, 89, 107, 165, 151, 37, 19, 79, 180, 133, 137, 85, 48, 67, 110, 189, 193, 68, 149, 100, 187, 78, 55, 99, 25, 61, 131, 4, 196, 66, 197, 169, 52, 72, 121, 92, 27, 128, 90, 98, 7, 28, 166, 174]
[81, 14, 111, 127, 146, 120, 155, 50, 194, 30, 47, 109, 62, 125, 186, 12, 154, 77, 44, 35, 16, 191, 40, 147, 43, 129, 18, 150, 91, 136, 95, 161, 17, 104, 23, 152, 76, 49, 54, 103, 170, 21, 22, 87, 172, 138, 142, 176, 190, 153, 53, 162, 115, 51, 57, 168, 114, 71, 36, 183, 140, 64, 123, 46, 178, 80, 112, 126, 74, 29, 116, 39, 38, 69, 148, 188, 9, 141, 84, 10, 157, 96, 75, 135, 58, 31, 97, 173, 145, 45, 24, 8, 33, 56, 59, 86, 82, 181, 124, 119]
39604

[193, 4, 131, 61, 25, 68, 149, 29, 74, 187, 140, 138, 190, 153, 142, 170, 87, 22, 21, 103, 54, 152, 23, 76, 102, 182, 105, 124, 13, 63, 119, 15, 104, 17, 161, 95, 136, 134, 18, 150, 91, 101, 199, 129, 43, 147, 40, 118, 35, 44, 154, 12, 186, 125, 62, 30, 47, 194, 50, 155, 120, 146, 127, 111, 14, 5, 82, 181, 117, 184, 42, 195, 185, 51, 115, 53, 114, 71, 37, 19, 79, 180, 133, 48, 85, 137, 165, 151, 107, 89, 97, 28, 135, 98, 7, 121, 84, 72, 52, 38]
[130, 177, 73, 164, 59, 88, 139, 158, 49, 163, 176, 162, 168, 57, 83, 6, 56, 33, 8, 24, 45, 145, 36, 183, 64, 123, 126, 100, 99, 55, 80, 178, 112, 78, 46, 172, 192, 143, 159, 16, 191, 77, 1, 108, 41, 109, 81, 32, 3, 86, 113, 167, 132, 65, 144, 198, 156, 171, 34, 60, 93, 179, 175, 26, 70, 160, 106, 31, 166, 174, 58, 75, 96, 90, 128, 27, 157, 92, 10, 2, 94, 0, 141, 169, 148, 69, 197, 66, 196, 39, 116, 189, 188, 110, 67, 9, 122, 20, 173, 11]
39936

[144, 65, 132, 73, 164, 86, 88, 181, 82, 63, 32, 146, 50, 155, 120, 81, 109, 41, 77, 16, 191, 40, 35, 44, 17, 23, 152, 76, 119, 124, 13, 117, 42, 163, 54, 103, 21, 22, 170, 142, 176, 190, 153, 53, 114, 168, 57, 83, 6, 56, 93, 179, 175, 8, 24, 45, 145, 107, 151, 37, 48, 133, 180, 79, 19, 71, 36, 183, 140, 100, 61, 131, 4, 196, 66, 197, 69, 148, 52, 169, 38, 39, 189, 110, 67, 9, 141, 2, 10, 92, 157, 7, 28, 31, 106, 60, 34, 171, 130, 156]
[49, 158, 184, 105, 139, 182, 102, 15, 1, 108, 154, 12, 186, 125, 62, 30, 47, 194, 127, 111, 14, 5, 3, 113, 167, 198, 177, 59, 185, 195, 115, 162, 51, 33, 26, 70, 160, 11, 173, 0, 89, 20, 165, 137, 85, 122, 94, 97, 166, 174, 58, 135, 75, 98, 96, 90, 128, 27, 121, 84, 72, 188, 116, 193, 68, 29, 74, 149, 25, 99, 55, 80, 178, 112, 78, 187, 126, 123, 64, 46, 172, 138, 87, 192, 143, 159, 161, 134, 136, 150, 18, 129, 43, 147, 101, 199, 91, 118, 95, 104]
39672

[61, 25, 99, 55, 80, 178, 112, 78, 187, 123, 64, 46, 140, 172, 138, 142, 170, 87, 22, 21, 192, 152, 23, 104, 76, 102, 15, 17, 134, 129, 199, 91, 101, 43, 147, 40, 77, 154, 12, 186, 125, 146, 14, 5, 3, 113, 167, 132, 65, 144, 198, 156, 130, 177, 179, 93, 73, 164, 59, 185, 195, 88, 158, 163, 176, 190, 114, 71, 19, 79, 180, 133, 37, 89, 0, 94, 31, 28, 135, 166, 174, 58, 75, 7, 98, 96, 90, 128, 27, 157, 84, 72, 52, 169, 197, 66, 196, 4, 131, 193]
[118, 95, 35, 44, 16, 191, 62, 30, 194, 47, 109, 1, 108, 41, 119, 124, 13, 81, 120, 155, 50, 127, 111, 32, 63, 181, 82, 86, 6, 56, 33, 26, 175, 60, 34, 171, 106, 97, 173, 11, 160, 70, 8, 24, 45, 145, 151, 107, 165, 137, 48, 85, 20, 2, 10, 92, 121, 141, 122, 9, 67, 188, 148, 69, 38, 39, 116, 189, 110, 29, 74, 68, 149, 100, 126, 183, 36, 168, 83, 57, 53, 162, 153, 115, 51, 42, 184, 117, 105, 139, 182, 49, 54, 103, 143, 159, 161, 136, 18, 150]
39581

[159, 161, 134, 150, 18, 129, 43, 199, 101, 147, 40, 191, 16, 77, 154, 12, 186, 125, 62, 109, 81, 41, 108, 1, 15, 182, 102, 76, 152, 54, 163, 49, 158, 139, 105, 117, 184, 88, 86, 164, 59, 6, 83, 168, 33, 8, 24, 45, 70, 160, 11, 106, 31, 166, 174, 58, 135, 75, 96, 90, 128, 94, 97, 173, 0, 89, 20, 107, 151, 165, 48, 110, 39, 38, 148, 69, 197, 66, 196, 4, 131, 61, 133, 180, 19, 79, 126, 123, 187, 178, 46, 140, 36, 71, 114, 172, 138, 87, 103, 143]
[51, 57, 185, 195, 42, 115, 153, 190, 176, 142, 170, 21, 22, 192, 23, 104, 17, 95, 136, 91, 118, 35, 44, 30, 47, 194, 155, 50, 127, 120, 146, 111, 14, 32, 63, 119, 124, 13, 181, 82, 5, 3, 113, 167, 132, 65, 144, 73, 177, 198, 130, 156, 171, 34, 60, 179, 93, 56, 175, 26, 145, 37, 137, 85, 67, 9, 122, 141, 2, 28, 7, 98, 27, 157, 10, 92, 121, 84, 72, 52, 169, 188, 189, 116, 193, 68, 29, 74, 149, 100, 25, 99, 55, 80, 112, 78, 64, 183, 53, 162]
38258

[72, 84, 141, 122, 9, 52, 169, 148, 69, 197, 38, 193, 61, 68, 149, 100, 25, 99, 55, 80, 112, 78, 123, 187, 178, 46, 172, 138, 142, 176, 163, 158, 49, 54, 103, 170, 87, 22, 21, 192, 143, 159, 152, 161, 44, 35, 118, 95, 136, 134, 18, 150, 91, 101, 199, 129, 43, 147, 40, 191, 16, 77, 186, 125, 62, 30, 47, 194, 50, 155, 109, 41, 119, 124, 117, 86, 198, 130, 156, 171, 34, 60, 26, 6, 83, 168, 71, 37, 19, 79, 180, 48, 137, 151, 145, 28, 90, 128, 27, 121]
[53, 162, 153, 190, 114, 36, 183, 140, 64, 126, 74, 29, 133, 110, 189, 116, 131, 4, 196, 66, 39, 188, 67, 85, 165, 107, 20, 89, 0, 94, 97, 2, 10, 92, 157, 7, 98, 96, 75, 135, 58, 174, 166, 31, 106, 173, 11, 160, 70, 45, 24, 8, 33, 57, 51, 115, 195, 185, 59, 164, 73, 56, 175, 179, 93, 177, 144, 65, 132, 167, 113, 181, 82, 3, 5, 14, 111, 127, 32, 146, 120, 81, 63, 13, 108, 1, 12, 154, 15, 17, 23, 104, 76, 102, 182, 139, 105, 184, 42, 88]
38871

[31, 166, 58, 135, 98, 7, 28, 97, 106, 173, 11, 160, 70, 60, 34, 130, 73, 164, 59, 185, 195, 3, 5, 13, 124, 119, 155, 50, 194, 47, 30, 62, 15, 104, 44, 35, 118, 101, 43, 129, 199, 150, 18, 134, 161, 23, 152, 159, 143, 192, 21, 22, 87, 170, 103, 54, 163, 142, 176, 190, 153, 53, 114, 71, 36, 183, 123, 55, 99, 25, 61, 131, 4, 196, 66, 38, 39, 193, 116, 189, 188, 9, 67, 110, 68, 149, 100, 79, 19, 37, 137, 48, 85, 165, 151, 107, 20, 89, 0, 94]
[158, 139, 182, 105, 117, 184, 88, 42, 51, 115, 162, 57, 83, 6, 56, 177, 93, 179, 175, 26, 8, 45, 145, 24, 33, 168, 138, 172, 140, 64, 46, 178, 80, 112, 78, 187, 126, 74, 29, 180, 133, 122, 141, 169, 197, 69, 148, 52, 72, 84, 121, 92, 10, 2, 157, 27, 128, 90, 96, 75, 174, 171, 156, 198, 144, 65, 132, 167, 113, 86, 181, 82, 32, 14, 111, 127, 146, 120, 81, 63, 41, 109, 108, 1, 154, 12, 125, 186, 77, 16, 191, 40, 147, 91, 136, 95, 17, 76, 102, 49]
38380

[67, 9, 122, 141, 10, 92, 121, 84, 72, 52, 169, 188, 110, 189, 116, 193, 39, 38, 148, 69, 197, 66, 196, 4, 131, 61, 68, 149, 100, 74, 29, 180, 133, 48, 85, 137, 165, 20, 0, 89, 45, 24, 8, 26, 175, 156, 130, 198, 144, 177, 56, 185, 195, 117, 124, 119, 109, 47, 30, 62, 12, 77, 16, 44, 35, 95, 136, 18, 150, 91, 199, 129, 134, 159, 152, 76, 102, 139, 42, 162, 53, 153, 190, 176, 170, 21, 87, 138, 114, 71, 36, 46, 178, 187, 78, 112, 80, 55, 99, 25]
[59, 115, 51, 57, 83, 6, 93, 179, 60, 34, 171, 106, 97, 31, 166, 174, 58, 135, 28, 7, 98, 75, 96, 90, 128, 27, 157, 2, 94, 173, 11, 160, 70, 33, 168, 145, 107, 151, 37, 19, 79, 126, 123, 64, 140, 183, 172, 22, 192, 143, 103, 142, 163, 184, 158, 49, 54, 23, 104, 17, 161, 118, 101, 43, 147, 40, 191, 186, 125, 194, 155, 50, 127, 120, 81, 41, 108, 1, 154, 15, 182, 105, 13, 63, 32, 146, 111, 14, 5, 3, 82, 181, 88, 86, 113, 167, 132, 65, 73, 164]
39580

[135, 28, 7, 98, 75, 96, 90, 128, 27, 2, 94, 0, 89, 145, 45, 8, 24, 71, 168, 177, 130, 73, 164, 59, 88, 181, 117, 184, 158, 105, 139, 182, 102, 15, 109, 41, 119, 124, 13, 63, 14, 111, 127, 146, 120, 155, 50, 194, 30, 186, 191, 40, 147, 43, 101, 199, 129, 134, 35, 44, 23, 152, 159, 143, 54, 103, 192, 22, 21, 170, 142, 87, 46, 80, 178, 187, 64, 140, 183, 79, 19, 137, 85, 48, 110, 189, 39, 38, 197, 69, 148, 169, 52, 188, 9, 122, 141, 92, 10, 157]
[68, 149, 100, 74, 29, 133, 180, 37, 33, 56, 6, 83, 57, 51, 115, 162, 53, 114, 36, 172, 138, 190, 153, 176, 195, 185, 42, 163, 49, 76, 104, 17, 161, 95, 136, 18, 150, 91, 118, 16, 77, 1, 108, 154, 12, 125, 62, 47, 81, 32, 5, 3, 82, 86, 113, 167, 132, 65, 144, 198, 156, 171, 34, 60, 93, 179, 175, 26, 70, 160, 11, 106, 174, 58, 166, 31, 97, 173, 20, 107, 151, 165, 67, 84, 121, 72, 116, 193, 66, 196, 4, 131, 61, 25, 99, 55, 112, 78, 123, 126]
40127

[104, 76, 23, 152, 103, 170, 87, 138, 172, 22, 21, 192, 134, 91, 118, 35, 44, 17, 154, 109, 81, 32, 5, 3, 86, 164, 73, 59, 185, 6, 56, 93, 177, 144, 198, 130, 156, 106, 75, 96, 90, 128, 27, 157, 10, 92, 121, 84, 72, 141, 52, 148, 69, 197, 189, 116, 66, 196, 4, 131, 61, 25, 99, 55, 80, 46, 140, 64, 123, 126, 187, 78, 178, 112, 100, 149, 74, 29, 48, 85, 137, 165, 151, 107, 89, 0, 160, 70, 168, 71, 36, 183, 114, 53, 163, 49, 158, 139, 182, 102]
[11, 173, 97, 31, 166, 174, 58, 135, 28, 98, 7, 2, 94, 20, 122, 9, 67, 110, 188, 169, 38, 39, 193, 68, 133, 180, 79, 19, 37, 145, 45, 24, 8, 33, 83, 57, 51, 115, 162, 153, 190, 176, 142, 54, 143, 159, 161, 95, 136, 150, 18, 199, 129, 43, 101, 147, 40, 191, 16, 77, 12, 186, 125, 62, 30, 47, 120, 155, 194, 50, 127, 146, 111, 14, 65, 132, 167, 113, 82, 181, 63, 13, 124, 119, 41, 108, 1, 15, 105, 117, 184, 42, 88, 195, 179, 171, 34, 60, 175, 26]
40001

[42, 195, 185, 57, 83, 6, 56, 33, 24, 45, 145, 151, 107, 165, 137, 85, 48, 110, 116, 193, 68, 149, 74, 29, 183, 36, 71, 168, 114, 140, 64, 100, 25, 61, 131, 4, 196, 66, 197, 69, 148, 38, 39, 189, 188, 169, 52, 72, 84, 121, 92, 10, 157, 27, 128, 2, 94, 0, 173, 89, 20, 8, 60, 34, 171, 156, 130, 73, 164, 167, 113, 86, 82, 181, 13, 63, 81, 41, 119, 124, 117, 184, 49, 158, 105, 15, 77, 16, 35, 95, 136, 161, 159, 192, 21, 22, 87, 170, 152, 23]
[150, 199, 101, 91, 118, 44, 17, 104, 76, 102, 182, 139, 88, 59, 51, 115, 162, 53, 153, 190, 176, 163, 54, 143, 103, 142, 138, 172, 46, 178, 80, 55, 99, 112, 78, 187, 123, 126, 79, 19, 37, 180, 133, 67, 9, 122, 141, 97, 31, 28, 7, 98, 90, 96, 75, 135, 58, 166, 174, 106, 11, 160, 70, 26, 175, 179, 93, 177, 198, 144, 65, 132, 3, 5, 32, 14, 111, 146, 127, 50, 194, 155, 120, 109, 47, 30, 62, 125, 186, 12, 108, 1, 154, 191, 40, 147, 43, 129, 134, 18]
39580

[20, 89, 173, 11, 160, 70, 106, 97, 0, 94, 28, 7, 157, 10, 92, 121, 84, 72, 52, 169, 188, 38, 148, 69, 197, 66, 196, 25, 100, 149, 68, 116, 39, 189, 110, 48, 85, 137, 165, 107, 151, 45, 8, 24, 145, 37, 133, 180, 19, 79, 126, 112, 80, 46, 172, 138, 87, 170, 21, 22, 192, 103, 54, 143, 159, 161, 134, 129, 18, 150, 91, 136, 95, 17, 104, 23, 152, 76, 102, 139, 105, 158, 184, 42, 164, 73, 56, 93, 179, 156, 171, 34, 60, 175, 33, 168, 71, 36, 183, 64]
[123, 187, 78, 178, 140, 114, 57, 83, 6, 185, 59, 86, 88, 195, 51, 115, 162, 53, 153, 190, 176, 142, 163, 49, 182, 15, 1, 108, 109, 12, 154, 77, 44, 35, 118, 199, 101, 43, 147, 40, 191, 16, 186, 125, 62, 30, 47, 194, 155, 50, 127, 111, 14, 32, 146, 120, 81, 41, 119, 124, 63, 13, 117, 181, 82, 5, 3, 113, 167, 132, 65, 144, 198, 130, 177, 26, 31, 166, 174, 58, 135, 75, 98, 96, 90, 128, 27, 2, 141, 122, 9, 67, 193, 4, 131, 61, 99, 55, 74, 29]
38412

[54, 152, 23, 159, 143, 103, 170, 142, 176, 163, 49, 158, 184, 42, 88, 195, 185, 57, 83, 6, 33, 45, 145, 89, 20, 107, 151, 165, 85, 48, 137, 37, 19, 79, 183, 64, 187, 123, 126, 100, 149, 68, 25, 61, 196, 66, 188, 84, 92, 10, 94, 0, 97, 31, 135, 28, 7, 98, 96, 75, 58, 166, 174, 106, 34, 171, 73, 164, 59, 86, 181, 63, 13, 124, 119, 41, 108, 1, 154, 12, 125, 77, 16, 44, 35, 40, 147, 43, 129, 199, 101, 91, 150, 18, 136, 95, 161, 17, 104, 76]
[127, 146, 32, 111, 14, 5, 3, 82, 117, 105, 139, 182, 102, 15, 109, 81, 120, 155, 50, 194, 47, 30, 62, 186, 191, 118, 134, 192, 21, 22, 87, 138, 190, 153, 115, 51, 162, 53, 114, 168, 71, 36, 172, 140, 46, 178, 78, 112, 80, 55, 99, 74, 29, 180, 133, 67, 110, 189, 116, 193, 131, 4, 39, 38, 197, 69, 148, 169, 52, 72, 121, 157, 27, 128, 90, 2, 141, 9, 122, 173, 11, 160, 70, 8, 24, 26, 60, 175, 179, 93, 56, 177, 130, 156, 198, 144, 65, 167, 113, 132]
40383

[2, 157, 27, 128, 90, 96, 75, 98, 7, 28, 135, 58, 174, 166, 31, 106, 97, 94, 0, 173, 11, 70, 26, 175, 60, 34, 171, 156, 130, 177, 198, 144, 65, 3, 5, 32, 63, 41, 109, 108, 1, 154, 12, 125, 77, 44, 35, 91, 101, 147, 43, 129, 199, 150, 18, 134, 159, 192, 21, 22, 87, 138, 170, 103, 143, 152, 23, 17, 104, 76, 15, 102, 182, 139, 176, 190, 114, 172, 64, 180, 137, 85, 48, 133, 149, 68, 61, 193, 116, 189, 110, 67, 9, 122, 141, 72, 84, 121, 92, 10]
[33, 56, 179, 93, 73, 164, 132, 167, 113, 86, 59, 88, 184, 163, 49, 158, 105, 117, 119, 124, 13, 181, 82, 14, 111, 127, 146, 81, 120, 155, 50, 194, 47, 30, 62, 186, 16, 191, 40, 118, 95, 136, 161, 54, 142, 153, 53, 162, 115, 51, 42, 195, 185, 6, 83, 57, 168, 71, 36, 183, 140, 46, 178, 80, 112, 78, 187, 123, 126, 79, 19, 29, 74, 100, 55, 99, 25, 131, 4, 196, 66, 39, 38, 197, 69, 148, 169, 52, 188, 165, 20, 89, 160, 8, 24, 45, 145, 107, 151, 37]
37481

[151, 37, 19, 48, 133, 180, 29, 74, 187, 78, 178, 46, 80, 112, 100, 149, 68, 25, 99, 55, 61, 193, 116, 189, 39, 38, 188, 110, 122, 28, 135, 7, 98, 90, 96, 75, 58, 174, 166, 31, 106, 26, 60, 34, 171, 156, 179, 93, 144, 65, 132, 167, 113, 3, 5, 14, 111, 146, 127, 50, 155, 194, 109, 12, 154, 77, 191, 16, 44, 35, 95, 118, 91, 150, 18, 199, 43, 129, 134, 136, 161, 159, 143, 152, 23, 76, 117, 86, 59, 164, 73, 6, 83, 57, 162, 53, 168, 24, 45, 145]
[102, 139, 158, 49, 163, 176, 54, 103, 192, 21, 22, 87, 170, 142, 138, 172, 140, 64, 123, 126, 131, 4, 196, 66, 197, 69, 148, 169, 52, 72, 84, 121, 92, 10, 157, 27, 128, 2, 141, 9, 67, 85, 137, 165, 107, 20, 89, 0, 94, 97, 173, 11, 160, 70, 8, 175, 130, 198, 177, 56, 33, 79, 183, 36, 71, 114, 190, 153, 115, 51, 195, 185, 88, 42, 184, 105, 182, 15, 104, 17, 101, 147, 40, 186, 125, 62, 30, 47, 120, 81, 32, 82, 181, 63, 13, 124, 119, 41, 108, 1]
40351

[12, 154, 1, 109, 47, 194, 155, 50, 127, 146, 111, 14, 5, 3, 82, 181, 86, 113, 167, 132, 65, 144, 198, 177, 93, 179, 175, 26, 33, 24, 145, 151, 180, 133, 48, 85, 137, 122, 141, 72, 52, 169, 38, 39, 193, 61, 25, 68, 149, 126, 123, 64, 140, 172, 22, 21, 87, 138, 36, 71, 168, 57, 83, 185, 195, 42, 88, 117, 184, 158, 105, 139, 182, 102, 76, 15, 77, 44, 17, 23, 152, 143, 103, 192, 159, 134, 136, 95, 150, 18, 199, 129, 43, 101, 35, 16, 191, 186, 125, 62]
[157, 2, 10, 92, 121, 84, 9, 67, 110, 188, 189, 116, 148, 69, 197, 66, 196, 4, 131, 99, 55, 100, 112, 80, 178, 78, 187, 46, 190, 153, 176, 142, 170, 54, 163, 49, 104, 161, 118, 91, 147, 40, 30, 120, 81, 32, 63, 41, 108, 119, 124, 13, 59, 164, 73, 130, 156, 171, 34, 60, 56, 6, 51, 115, 162, 53, 114, 183, 74, 29, 79, 19, 37, 165, 107, 20, 89, 45, 8, 160, 70, 106, 11, 173, 0, 94, 97, 28, 31, 166, 174, 58, 135, 75, 96, 90, 128, 27, 98, 7]
40708

[14, 5, 3, 82, 181, 124, 119, 41, 108, 15, 104, 76, 49, 158, 42, 115, 163, 54, 142, 176, 162, 53, 51, 57, 83, 6, 132, 65, 144, 198, 130, 175, 26, 70, 8, 24, 45, 145, 20, 89, 0, 94, 97, 31, 166, 28, 2, 10, 52, 169, 148, 69, 188, 9, 67, 165, 137, 85, 48, 110, 189, 116, 68, 29, 74, 126, 78, 178, 46, 140, 172, 22, 21, 192, 143, 159, 161, 134, 136, 18, 150, 91, 101, 199, 129, 43, 147, 40, 191, 16, 77, 154, 12, 186, 125, 30, 194, 50, 127, 111]
[106, 174, 58, 135, 75, 7, 98, 96, 90, 128, 27, 157, 92, 121, 84, 72, 141, 122, 107, 151, 37, 19, 79, 180, 133, 39, 38, 197, 66, 196, 4, 131, 193, 61, 25, 149, 100, 99, 55, 80, 112, 187, 123, 64, 183, 36, 71, 168, 114, 153, 190, 138, 87, 170, 103, 139, 105, 182, 102, 152, 23, 17, 95, 118, 35, 44, 1, 109, 62, 47, 155, 120, 81, 146, 32, 63, 13, 117, 184, 88, 195, 185, 86, 113, 167, 73, 164, 59, 56, 33, 179, 93, 177, 156, 171, 34, 60, 160, 11, 173]
39286

[124, 119, 105, 139, 182, 102, 15, 76, 104, 17, 44, 95, 136, 150, 18, 101, 147, 40, 191, 16, 77, 154, 1, 108, 41, 12, 186, 125, 62, 30, 47, 194, 155, 50, 127, 111, 14, 198, 130, 156, 171, 70, 11, 31, 135, 28, 2, 121, 84, 72, 52, 169, 148, 69, 197, 38, 39, 116, 189, 188, 110, 193, 66, 196, 4, 131, 61, 68, 149, 100, 126, 123, 140, 183, 36, 33, 26, 175, 179, 93, 56, 195, 42, 163, 115, 162, 53, 153, 190, 138, 176, 142, 170, 21, 22, 192, 143, 159, 23, 152]
[25, 99, 55, 80, 178, 112, 78, 187, 64, 46, 172, 87, 103, 54, 49, 158, 184, 117, 88, 181, 82, 63, 13, 161, 134, 129, 43, 199, 91, 118, 35, 109, 81, 120, 146, 32, 5, 3, 86, 59, 185, 51, 114, 71, 168, 57, 83, 6, 73, 164, 113, 167, 132, 65, 144, 177, 60, 34, 106, 174, 166, 58, 75, 7, 98, 96, 90, 128, 27, 157, 10, 92, 141, 9, 67, 122, 20, 89, 0, 94, 97, 173, 160, 8, 24, 45, 145, 79, 19, 37, 151, 107, 165, 137, 85, 48, 133, 180, 29, 74]
39881

[67, 38, 69, 148, 169, 52, 72, 92, 10, 2, 157, 27, 128, 90, 96, 75, 174, 106, 26, 175, 51, 115, 195, 185, 59, 73, 177, 130, 198, 144, 65, 132, 167, 113, 181, 82, 3, 5, 14, 111, 127, 120, 155, 50, 194, 47, 30, 62, 125, 186, 16, 191, 40, 147, 43, 129, 199, 101, 91, 150, 18, 95, 118, 35, 44, 77, 108, 41, 119, 105, 139, 182, 102, 76, 23, 152, 158, 49, 163, 142, 170, 21, 22, 87, 176, 190, 153, 162, 53, 114, 19, 79, 29, 74, 100, 149, 68, 133, 180, 48]
[116, 193, 61, 131, 4, 196, 66, 197, 39, 189, 110, 85, 137, 165, 37, 151, 145, 45, 24, 8, 33, 168, 71, 36, 183, 140, 64, 123, 126, 187, 78, 178, 112, 25, 99, 55, 80, 46, 172, 138, 57, 6, 83, 54, 103, 192, 143, 159, 134, 136, 161, 17, 104, 15, 1, 154, 12, 109, 81, 146, 32, 63, 13, 124, 117, 184, 42, 88, 86, 164, 56, 93, 179, 156, 171, 34, 60, 70, 160, 11, 173, 97, 31, 166, 58, 135, 98, 7, 28, 94, 0, 89, 20, 107, 122, 9, 141, 121, 84, 188]
39334

[130, 156, 171, 34, 70, 160, 11, 173, 106, 31, 28, 98, 7, 2, 10, 92, 84, 189, 193, 61, 68, 25, 99, 178, 46, 64, 123, 100, 149, 133, 48, 67, 9, 122, 45, 24, 8, 26, 175, 179, 93, 56, 33, 71, 36, 183, 114, 168, 6, 83, 57, 51, 115, 162, 53, 176, 142, 163, 54, 152, 134, 129, 43, 91, 118, 35, 49, 158, 184, 117, 105, 15, 77, 154, 12, 186, 125, 62, 30, 47, 120, 146, 32, 81, 109, 108, 41, 119, 124, 13, 63, 181, 82, 113, 167, 164, 73, 198, 144, 65]
[79, 19, 37, 140, 172, 138, 190, 153, 87, 22, 21, 170, 103, 192, 143, 159, 161, 95, 136, 150, 18, 199, 101, 147, 40, 191, 16, 44, 17, 23, 104, 76, 102, 182, 139, 1, 194, 155, 50, 127, 111, 14, 5, 3, 132, 86, 88, 42, 195, 185, 59, 177, 60, 145, 151, 107, 165, 137, 85, 110, 188, 141, 20, 89, 0, 94, 97, 166, 174, 58, 135, 75, 96, 90, 128, 27, 157, 121, 72, 52, 169, 148, 69, 197, 38, 39, 116, 66, 196, 4, 131, 55, 80, 112, 78, 187, 126, 74, 29, 180]
41011

[120, 81, 146, 32, 82, 181, 184, 117, 13, 63, 124, 119, 109, 125, 186, 35, 118, 91, 150, 18, 199, 43, 129, 134, 136, 161, 152, 159, 143, 192, 103, 54, 142, 49, 163, 162, 53, 153, 190, 140, 46, 178, 80, 112, 78, 187, 100, 149, 68, 61, 131, 4, 39, 116, 189, 110, 85, 137, 9, 122, 141, 84, 121, 92, 10, 2, 157, 27, 128, 90, 96, 98, 75, 135, 58, 174, 166, 31, 97, 173, 11, 160, 70, 26, 34, 171, 156, 60, 175, 179, 93, 177, 132, 167, 113, 73, 6, 83, 57, 195]
[138, 87, 22, 21, 170, 176, 115, 51, 185, 59, 164, 86, 88, 42, 158, 105, 139, 182, 102, 76, 104, 23, 17, 95, 101, 147, 40, 191, 16, 44, 77, 15, 41, 108, 1, 154, 12, 62, 30, 47, 194, 155, 50, 127, 111, 14, 5, 3, 65, 144, 198, 130, 56, 33, 8, 24, 45, 106, 28, 7, 94, 0, 89, 20, 145, 37, 151, 107, 165, 67, 188, 72, 52, 169, 148, 69, 197, 38, 66, 196, 193, 48, 133, 180, 19, 79, 29, 74, 25, 99, 55, 126, 123, 64, 183, 36, 71, 168, 114, 172]
40658

[79, 19, 37, 180, 133, 29, 74, 25, 99, 55, 80, 178, 112, 78, 187, 46, 183, 36, 71, 168, 33, 45, 145, 151, 107, 165, 9, 67, 110, 39, 196, 66, 197, 69, 148, 38, 169, 52, 72, 121, 10, 157, 7, 98, 135, 31, 97, 106, 11, 70, 26, 60, 175, 179, 144, 65, 132, 167, 113, 86, 88, 184, 117, 13, 124, 119, 109, 30, 62, 154, 77, 101, 199, 18, 150, 91, 35, 44, 104, 76, 102, 54, 103, 143, 152, 23, 159, 192, 21, 22, 87, 170, 142, 138, 172, 114, 53, 162, 153, 190]
[158, 49, 163, 176, 140, 64, 123, 126, 100, 149, 68, 61, 131, 4, 193, 116, 189, 188, 141, 84, 92, 27, 128, 90, 96, 75, 58, 174, 166, 28, 2, 122, 85, 48, 137, 20, 89, 0, 94, 173, 160, 24, 8, 34, 171, 156, 130, 198, 177, 73, 164, 59, 185, 195, 93, 56, 6, 83, 57, 51, 115, 42, 181, 82, 3, 5, 32, 14, 111, 127, 50, 155, 194, 47, 120, 146, 81, 63, 41, 108, 1, 12, 125, 186, 16, 191, 40, 147, 43, 129, 134, 136, 118, 95, 161, 17, 15, 182, 105, 139]
40021

[123, 126, 112, 78, 187, 64, 183, 36, 83, 6, 56, 93, 179, 33, 45, 145, 151, 74, 100, 55, 99, 25, 61, 131, 193, 68, 67, 9, 110, 189, 116, 39, 38, 72, 121, 84, 20, 89, 0, 94, 97, 173, 11, 160, 70, 26, 60, 34, 171, 156, 198, 144, 65, 132, 59, 185, 195, 42, 88, 181, 82, 32, 146, 81, 41, 109, 120, 155, 50, 194, 47, 30, 62, 12, 1, 15, 117, 184, 49, 158, 105, 139, 182, 102, 76, 54, 170, 21, 22, 87, 138, 190, 153, 53, 114, 172, 140, 46, 178, 80]
[63, 127, 111, 14, 5, 3, 86, 113, 167, 164, 73, 177, 130, 175, 24, 8, 106, 31, 166, 174, 58, 75, 135, 28, 7, 98, 96, 90, 128, 27, 157, 92, 10, 2, 141, 122, 107, 165, 137, 85, 48, 188, 52, 169, 148, 69, 197, 66, 196, 4, 149, 29, 133, 180, 79, 19, 37, 71, 168, 57, 51, 115, 162, 176, 163, 142, 103, 192, 143, 159, 152, 23, 104, 17, 44, 35, 95, 161, 134, 136, 18, 150, 91, 118, 101, 199, 129, 43, 147, 40, 191, 16, 77, 154, 186, 125, 108, 119, 13, 124]
38813

[153, 190, 138, 87, 170, 21, 22, 192, 143, 103, 54, 142, 176, 53, 162, 115, 51, 195, 185, 59, 73, 164, 88, 124, 119, 15, 104, 17, 95, 118, 35, 44, 16, 77, 1, 108, 154, 12, 125, 62, 47, 194, 155, 109, 41, 81, 120, 146, 14, 5, 3, 65, 144, 198, 177, 130, 156, 171, 34, 60, 106, 174, 166, 58, 75, 98, 10, 92, 121, 84, 72, 141, 122, 9, 67, 110, 189, 39, 66, 196, 116, 85, 137, 165, 151, 107, 89, 97, 173, 11, 160, 70, 26, 8, 45, 145, 24, 33, 6, 83]
[187, 64, 123, 126, 78, 112, 80, 178, 46, 140, 183, 36, 172, 114, 71, 168, 57, 42, 184, 163, 49, 158, 117, 105, 139, 182, 102, 76, 23, 152, 159, 161, 136, 91, 150, 18, 134, 129, 199, 101, 43, 147, 40, 191, 186, 30, 50, 127, 111, 32, 63, 13, 181, 82, 86, 113, 167, 132, 56, 93, 179, 175, 31, 135, 28, 7, 96, 90, 128, 27, 157, 2, 94, 0, 20, 52, 169, 148, 69, 197, 38, 188, 48, 37, 19, 79, 180, 133, 29, 74, 100, 55, 99, 25, 149, 68, 193, 4, 131, 61]
39954

[188, 169, 52, 72, 121, 84, 141, 2, 10, 92, 157, 27, 128, 90, 96, 98, 75, 135, 58, 31, 97, 94, 0, 173, 160, 70, 60, 34, 171, 156, 130, 177, 6, 83, 57, 185, 195, 88, 59, 113, 167, 3, 5, 14, 111, 127, 146, 32, 13, 124, 105, 139, 182, 102, 104, 77, 154, 12, 62, 125, 186, 16, 191, 40, 147, 101, 43, 129, 199, 91, 150, 18, 161, 23, 152, 159, 143, 192, 103, 54, 163, 42, 176, 142, 178, 112, 80, 55, 99, 25, 68, 149, 74, 29, 133, 48, 67, 122, 9, 110]
[20, 107, 165, 137, 85, 180, 79, 19, 37, 151, 145, 45, 24, 8, 33, 26, 175, 179, 93, 56, 164, 73, 198, 144, 65, 132, 86, 82, 181, 63, 81, 120, 155, 50, 194, 30, 47, 109, 41, 119, 108, 1, 15, 117, 184, 158, 49, 76, 17, 44, 35, 118, 95, 136, 134, 22, 21, 170, 87, 138, 172, 114, 190, 153, 53, 162, 115, 51, 168, 71, 36, 183, 140, 46, 64, 123, 126, 187, 78, 100, 61, 193, 116, 189, 39, 131, 4, 196, 66, 197, 69, 148, 38, 7, 28, 166, 174, 106, 11, 89]
39294

[54, 143, 159, 161, 134, 129, 199, 18, 150, 91, 118, 136, 95, 44, 17, 102, 182, 139, 105, 117, 124, 13, 63, 81, 32, 82, 181, 184, 158, 49, 163, 195, 185, 59, 86, 113, 167, 132, 144, 156, 171, 34, 60, 70, 11, 106, 97, 173, 0, 94, 28, 31, 166, 174, 58, 135, 75, 98, 84, 52, 169, 188, 189, 39, 116, 133, 180, 29, 68, 193, 66, 196, 4, 131, 61, 55, 99, 25, 149, 100, 112, 78, 178, 80, 46, 140, 183, 36, 71, 114, 53, 162, 153, 190, 87, 22, 21, 170, 142, 176]
[145, 151, 107, 165, 122, 9, 67, 110, 38, 197, 69, 148, 72, 121, 92, 10, 157, 27, 128, 90, 96, 7, 2, 141, 20, 89, 160, 45, 24, 8, 26, 175, 179, 93, 56, 33, 168, 6, 83, 57, 51, 115, 42, 88, 164, 73, 177, 130, 198, 65, 3, 5, 14, 111, 127, 146, 120, 155, 50, 194, 30, 47, 109, 62, 125, 186, 12, 154, 77, 16, 191, 40, 147, 43, 101, 35, 1, 108, 41, 119, 15, 76, 104, 23, 152, 192, 103, 138, 172, 64, 187, 123, 126, 74, 48, 85, 137, 37, 79, 19]
39121

[82, 181, 32, 81, 120, 155, 109, 41, 108, 1, 77, 35, 118, 91, 134, 161, 159, 142, 138, 172, 46, 25, 61, 193, 131, 4, 196, 66, 197, 69, 148, 169, 38, 39, 116, 68, 149, 114, 53, 115, 51, 83, 6, 56, 33, 24, 45, 145, 151, 165, 107, 89, 20, 122, 9, 141, 2, 75, 135, 58, 174, 166, 31, 106, 11, 160, 70, 34, 171, 156, 60, 175, 179, 93, 130, 198, 144, 65, 132, 73, 164, 59, 185, 195, 42, 139, 182, 102, 76, 15, 105, 119, 124, 63, 13, 117, 88, 86, 113, 167]
[98, 7, 28, 97, 94, 0, 173, 8, 26, 177, 3, 5, 14, 111, 146, 127, 50, 194, 47, 30, 62, 125, 186, 12, 154, 16, 191, 40, 147, 101, 43, 129, 199, 18, 150, 136, 95, 44, 17, 104, 23, 152, 143, 192, 21, 22, 87, 170, 103, 54, 49, 158, 184, 163, 176, 190, 153, 162, 57, 168, 71, 36, 183, 140, 64, 123, 126, 187, 78, 112, 178, 80, 55, 99, 100, 74, 29, 79, 19, 37, 180, 133, 48, 137, 85, 67, 110, 189, 188, 52, 72, 84, 121, 92, 10, 157, 27, 128, 90, 96]
39359

[105, 158, 184, 117, 88, 195, 42, 163, 176, 142, 103, 192, 21, 22, 172, 46, 178, 99, 4, 196, 66, 197, 69, 148, 38, 39, 116, 68, 74, 29, 37, 145, 45, 24, 8, 122, 9, 67, 110, 188, 141, 94, 135, 58, 31, 97, 11, 60, 34, 171, 156, 130, 198, 177, 93, 179, 56, 73, 164, 132, 167, 113, 86, 3, 5, 14, 32, 124, 119, 41, 47, 155, 50, 194, 30, 62, 125, 186, 12, 108, 1, 77, 191, 16, 35, 101, 199, 150, 18, 134, 136, 95, 161, 159, 152, 23, 17, 104, 76, 15]
[43, 129, 91, 118, 44, 143, 54, 102, 182, 139, 49, 115, 51, 162, 53, 153, 190, 170, 87, 138, 114, 168, 160, 173, 0, 89, 20, 107, 151, 165, 137, 85, 48, 133, 180, 79, 19, 71, 36, 183, 140, 64, 123, 126, 187, 78, 112, 80, 55, 100, 149, 25, 61, 131, 193, 189, 169, 52, 72, 84, 121, 92, 10, 2, 157, 27, 128, 90, 96, 75, 98, 7, 28, 166, 174, 106, 70, 26, 175, 33, 6, 83, 57, 185, 59, 144, 65, 82, 181, 13, 63, 146, 111, 127, 120, 81, 109, 154, 40, 147]
41038

[172, 46, 178, 78, 112, 80, 55, 99, 4, 196, 66, 197, 69, 148, 188, 85, 37, 19, 79, 36, 71, 168, 33, 56, 93, 179, 8, 160, 166, 28, 7, 98, 128, 90, 96, 75, 135, 58, 174, 60, 34, 171, 156, 130, 198, 73, 164, 144, 65, 132, 167, 113, 86, 59, 88, 105, 117, 181, 82, 32, 81, 30, 62, 125, 186, 12, 154, 77, 191, 147, 43, 129, 18, 150, 91, 136, 118, 35, 44, 95, 161, 17, 104, 23, 152, 143, 192, 103, 170, 142, 176, 115, 162, 53, 153, 190, 138, 87, 21, 22]
[159, 54, 163, 49, 158, 184, 42, 195, 185, 6, 83, 57, 51, 114, 183, 140, 64, 187, 123, 126, 74, 29, 180, 133, 48, 137, 165, 107, 151, 145, 24, 45, 20, 122, 9, 67, 110, 68, 149, 100, 25, 61, 131, 193, 116, 189, 39, 38, 169, 52, 141, 72, 84, 121, 92, 10, 157, 27, 2, 94, 0, 89, 173, 11, 97, 31, 106, 70, 26, 175, 177, 3, 5, 63, 13, 124, 119, 146, 14, 111, 127, 50, 194, 47, 155, 120, 109, 41, 108, 1, 15, 139, 182, 102, 76, 16, 40, 101, 199, 134]
41024

[67, 9, 110, 188, 189, 116, 66, 196, 4, 131, 61, 25, 99, 55, 187, 123, 64, 172, 138, 190, 153, 53, 162, 115, 51, 42, 163, 176, 142, 103, 54, 49, 139, 182, 102, 15, 104, 76, 152, 23, 17, 161, 134, 18, 150, 136, 95, 118, 91, 199, 101, 40, 16, 35, 44, 154, 12, 186, 125, 62, 50, 127, 111, 14, 5, 82, 181, 88, 195, 185, 59, 86, 113, 167, 132, 164, 73, 93, 175, 26, 70, 173, 0, 94, 28, 135, 98, 7, 2, 157, 10, 92, 121, 84, 141, 122, 165, 137, 85, 48]
[34, 171, 156, 130, 177, 198, 144, 65, 3, 117, 184, 158, 105, 119, 124, 13, 63, 32, 146, 120, 155, 194, 30, 47, 109, 81, 41, 108, 1, 77, 191, 147, 43, 129, 159, 143, 192, 22, 21, 170, 87, 114, 183, 140, 46, 178, 80, 112, 78, 100, 149, 68, 193, 39, 38, 197, 69, 148, 169, 52, 72, 27, 128, 90, 96, 75, 58, 174, 166, 31, 97, 106, 11, 160, 8, 24, 45, 145, 89, 20, 107, 151, 37, 19, 79, 180, 133, 29, 74, 126, 36, 71, 168, 57, 83, 6, 33, 56, 179, 60]
37796

[150, 18, 136, 95, 118, 91, 199, 101, 43, 129, 134, 161, 17, 104, 76, 102, 184, 42, 162, 53, 153, 190, 87, 138, 172, 114, 71, 36, 183, 140, 64, 187, 78, 178, 112, 100, 149, 61, 131, 4, 196, 66, 193, 68, 133, 180, 79, 19, 37, 151, 107, 20, 165, 137, 85, 48, 110, 188, 72, 84, 121, 7, 28, 31, 106, 171, 34, 60, 179, 93, 56, 177, 130, 156, 198, 73, 164, 59, 88, 117, 105, 15, 1, 108, 41, 109, 47, 30, 62, 125, 186, 12, 154, 77, 191, 16, 44, 35, 147, 40]
[175, 26, 70, 160, 11, 173, 97, 166, 174, 58, 135, 75, 98, 96, 90, 128, 27, 157, 92, 10, 2, 94, 0, 141, 52, 169, 148, 69, 197, 38, 39, 189, 116, 25, 99, 55, 80, 46, 123, 126, 74, 29, 67, 9, 122, 89, 145, 45, 24, 8, 33, 168, 57, 83, 6, 185, 195, 51, 115, 176, 142, 54, 103, 170, 21, 22, 192, 143, 159, 23, 152, 163, 49, 158, 139, 182, 119, 124, 13, 63, 81, 120, 155, 194, 50, 127, 111, 146, 32, 14, 5, 3, 82, 181, 86, 113, 167, 132, 65, 144]
37711

[147, 40, 191, 16, 77, 154, 109, 81, 120, 47, 62, 30, 194, 155, 50, 127, 111, 14, 146, 32, 63, 13, 41, 119, 124, 117, 181, 82, 86, 59, 164, 73, 113, 167, 132, 65, 144, 156, 171, 34, 60, 106, 174, 75, 96, 27, 157, 10, 92, 121, 84, 72, 52, 169, 148, 69, 197, 38, 39, 189, 110, 67, 85, 48, 68, 149, 100, 178, 46, 64, 140, 183, 36, 172, 138, 190, 114, 71, 168, 57, 51, 53, 162, 115, 163, 184, 158, 49, 143, 159, 161, 136, 91, 150, 18, 134, 129, 43, 199, 101]
[160, 11, 173, 89, 20, 0, 94, 97, 31, 166, 58, 135, 28, 7, 98, 90, 128, 2, 141, 122, 9, 188, 116, 193, 66, 196, 4, 131, 61, 25, 99, 55, 80, 112, 78, 187, 123, 126, 74, 29, 133, 137, 165, 107, 180, 79, 19, 37, 151, 145, 45, 24, 8, 70, 26, 175, 179, 93, 130, 198, 177, 56, 33, 6, 83, 153, 87, 170, 21, 22, 192, 103, 54, 142, 176, 42, 88, 105, 139, 182, 102, 76, 152, 23, 17, 95, 118, 35, 44, 104, 15, 1, 108, 12, 186, 125, 5, 3, 185, 195]
39339

[128, 90, 27, 94, 0, 173, 11, 160, 70, 26, 8, 145, 20, 122, 107, 151, 165, 137, 85, 48, 67, 110, 68, 149, 25, 100, 112, 78, 187, 123, 64, 140, 183, 114, 190, 153, 51, 57, 83, 6, 33, 185, 195, 42, 176, 142, 103, 54, 152, 23, 104, 17, 136, 91, 150, 18, 134, 129, 199, 101, 43, 147, 40, 35, 16, 191, 77, 154, 12, 186, 125, 120, 146, 127, 111, 14, 32, 81, 63, 13, 124, 119, 41, 108, 105, 117, 86, 198, 130, 179, 175, 60, 34, 156, 171, 106, 75, 7, 98, 96]
[31, 97, 89, 45, 24, 168, 53, 162, 115, 163, 49, 158, 184, 88, 59, 164, 73, 56, 93, 177, 144, 65, 132, 167, 113, 3, 5, 82, 181, 139, 182, 102, 76, 15, 1, 109, 47, 155, 50, 194, 30, 62, 44, 118, 95, 161, 159, 143, 192, 22, 21, 170, 87, 138, 172, 36, 71, 19, 37, 180, 133, 29, 74, 79, 126, 46, 178, 80, 55, 99, 61, 131, 4, 193, 116, 189, 39, 196, 66, 38, 197, 69, 148, 169, 52, 188, 9, 141, 72, 84, 121, 92, 10, 157, 2, 28, 135, 58, 174, 166]
40230

[44, 35, 118, 101, 191, 16, 77, 154, 12, 47, 194, 155, 120, 32, 5, 3, 82, 181, 117, 49, 163, 190, 153, 53, 162, 115, 51, 168, 57, 83, 6, 59, 164, 73, 175, 106, 31, 166, 174, 58, 135, 75, 7, 2, 94, 0, 173, 89, 20, 107, 151, 37, 19, 79, 137, 165, 122, 141, 188, 38, 148, 69, 197, 39, 189, 116, 193, 4, 131, 61, 25, 99, 55, 100, 29, 74, 80, 178, 46, 36, 71, 114, 172, 138, 87, 103, 54, 102, 182, 139, 15, 76, 104, 17, 161, 95, 136, 18, 150, 91]
[66, 196, 68, 149, 126, 123, 112, 78, 187, 64, 140, 183, 180, 133, 48, 85, 9, 67, 110, 169, 52, 72, 84, 121, 92, 10, 157, 27, 128, 90, 96, 98, 28, 97, 11, 160, 70, 26, 60, 34, 171, 156, 179, 93, 56, 177, 130, 198, 144, 65, 132, 167, 113, 86, 13, 63, 81, 146, 14, 111, 127, 50, 30, 62, 125, 186, 40, 147, 43, 129, 199, 134, 159, 192, 22, 21, 170, 176, 142, 143, 152, 23, 1, 108, 109, 41, 119, 124, 105, 158, 184, 42, 88, 195, 185, 33, 8, 24, 45, 145]
41355

[107, 151, 165, 137, 180, 79, 19, 37, 145, 45, 24, 8, 56, 73, 164, 59, 113, 167, 3, 5, 14, 111, 127, 50, 155, 194, 47, 30, 62, 186, 125, 109, 41, 117, 105, 139, 182, 15, 1, 44, 35, 16, 191, 40, 147, 43, 129, 199, 134, 159, 143, 114, 36, 183, 140, 46, 178, 80, 112, 78, 187, 64, 123, 126, 55, 99, 61, 131, 4, 196, 66, 116, 189, 110, 67, 188, 69, 148, 169, 52, 72, 84, 121, 92, 10, 157, 27, 128, 90, 96, 2, 141, 122, 20, 0, 94, 173, 11, 160, 89]
[115, 51, 57, 83, 6, 195, 42, 88, 185, 93, 179, 175, 33, 168, 71, 85, 48, 133, 29, 74, 149, 100, 25, 68, 193, 39, 197, 38, 9, 28, 7, 98, 75, 135, 58, 174, 166, 31, 97, 106, 70, 26, 60, 34, 171, 156, 130, 177, 198, 144, 65, 132, 86, 181, 82, 32, 146, 120, 81, 63, 13, 124, 119, 108, 12, 154, 77, 118, 101, 91, 150, 18, 136, 95, 161, 17, 104, 23, 152, 76, 102, 49, 158, 184, 163, 176, 142, 54, 103, 192, 22, 21, 170, 87, 172, 138, 190, 153, 53, 162]
38281

[126, 29, 67, 9, 169, 52, 72, 84, 121, 92, 10, 2, 157, 27, 128, 90, 96, 28, 97, 173, 11, 160, 8, 24, 45, 145, 151, 107, 165, 37, 168, 33, 56, 177, 130, 198, 73, 164, 6, 83, 57, 42, 88, 184, 158, 139, 182, 102, 76, 104, 15, 105, 13, 124, 119, 41, 109, 155, 120, 81, 63, 32, 14, 111, 127, 50, 194, 30, 12, 154, 16, 191, 40, 147, 101, 199, 91, 118, 35, 44, 17, 23, 152, 159, 143, 142, 176, 190, 153, 162, 53, 114, 140, 46, 178, 80, 112, 78, 123, 187]
[66, 196, 4, 131, 39, 38, 197, 69, 148, 188, 110, 189, 116, 193, 61, 68, 149, 100, 74, 79, 19, 180, 133, 48, 85, 137, 122, 141, 20, 89, 0, 94, 7, 98, 75, 135, 58, 174, 166, 31, 106, 70, 26, 60, 34, 171, 156, 175, 179, 93, 144, 65, 132, 167, 113, 86, 59, 185, 195, 51, 115, 163, 54, 49, 117, 181, 82, 3, 5, 146, 47, 62, 186, 125, 108, 1, 77, 95, 136, 150, 18, 43, 129, 134, 161, 192, 103, 21, 22, 170, 87, 138, 172, 71, 36, 183, 64, 55, 99, 25]
39274

[71, 36, 55, 99, 100, 79, 19, 37, 107, 20, 89, 0, 94, 97, 173, 11, 160, 70, 26, 175, 179, 93, 56, 33, 6, 83, 51, 115, 153, 190, 176, 142, 163, 42, 195, 185, 59, 73, 164, 181, 63, 13, 124, 105, 182, 76, 104, 15, 16, 44, 35, 118, 129, 43, 101, 147, 40, 191, 186, 125, 62, 30, 47, 194, 155, 50, 127, 120, 146, 32, 111, 14, 5, 3, 65, 144, 198, 130, 60, 34, 106, 31, 166, 135, 28, 7, 10, 92, 121, 84, 72, 141, 52, 169, 148, 69, 197, 66, 196, 193]
[78, 187, 64, 140, 183, 114, 53, 162, 57, 168, 24, 8, 45, 145, 151, 165, 137, 85, 48, 133, 180, 29, 74, 126, 123, 149, 68, 25, 61, 131, 4, 38, 39, 116, 189, 188, 110, 67, 9, 122, 2, 157, 27, 128, 90, 96, 98, 75, 58, 174, 171, 156, 177, 132, 167, 113, 86, 82, 81, 109, 12, 154, 77, 1, 108, 41, 119, 117, 88, 184, 49, 158, 139, 102, 152, 23, 17, 161, 95, 136, 91, 199, 150, 18, 134, 159, 143, 54, 103, 192, 22, 21, 170, 87, 138, 172, 46, 80, 112, 178]
40082

[135, 75, 98, 96, 90, 128, 7, 28, 31, 166, 58, 174, 106, 70, 26, 175, 56, 59, 86, 41, 108, 109, 47, 155, 50, 194, 30, 62, 125, 186, 12, 154, 77, 44, 35, 118, 91, 136, 95, 17, 104, 23, 152, 76, 15, 102, 54, 192, 22, 21, 170, 87, 190, 153, 53, 162, 115, 57, 83, 6, 168, 33, 160, 173, 0, 89, 145, 37, 19, 79, 71, 36, 138, 172, 140, 46, 126, 149, 25, 68, 193, 116, 39, 38, 197, 69, 148, 169, 52, 122, 85, 48, 133, 74, 29, 180, 137, 165, 107, 151]
[130, 198, 177, 93, 179, 156, 171, 34, 60, 8, 24, 45, 11, 97, 94, 20, 141, 2, 27, 157, 10, 92, 121, 84, 72, 9, 67, 110, 188, 189, 66, 196, 4, 131, 61, 99, 55, 100, 80, 178, 112, 78, 187, 123, 64, 183, 114, 51, 195, 185, 88, 42, 184, 117, 105, 182, 139, 158, 49, 163, 176, 142, 103, 143, 159, 161, 134, 18, 150, 101, 199, 129, 43, 147, 40, 191, 16, 1, 119, 124, 13, 63, 81, 120, 146, 127, 111, 14, 32, 5, 181, 82, 3, 132, 65, 144, 73, 164, 167, 113]
40519

[101, 191, 16, 77, 15, 109, 81, 120, 146, 32, 63, 13, 117, 158, 49, 184, 42, 88, 195, 185, 83, 6, 56, 93, 177, 113, 167, 132, 65, 144, 198, 130, 156, 171, 34, 60, 175, 33, 8, 24, 45, 145, 165, 137, 48, 85, 89, 0, 94, 173, 160, 11, 97, 31, 166, 135, 28, 98, 7, 2, 121, 84, 72, 52, 169, 188, 9, 67, 110, 68, 99, 55, 80, 178, 112, 78, 64, 183, 36, 71, 114, 168, 57, 51, 115, 176, 142, 153, 190, 138, 87, 22, 21, 170, 103, 192, 152, 23, 134, 199]
[104, 76, 102, 182, 139, 105, 181, 82, 124, 119, 41, 108, 1, 154, 12, 186, 125, 62, 30, 47, 194, 155, 50, 127, 111, 14, 5, 3, 86, 59, 164, 73, 179, 26, 70, 106, 174, 58, 75, 96, 90, 128, 27, 157, 10, 92, 141, 122, 20, 107, 151, 37, 19, 79, 180, 133, 193, 116, 189, 39, 38, 148, 69, 197, 66, 196, 4, 131, 61, 25, 100, 149, 74, 29, 126, 123, 187, 46, 140, 172, 53, 162, 163, 54, 143, 159, 161, 136, 118, 91, 150, 18, 129, 43, 147, 40, 44, 35, 95, 17]
37554

[106, 179, 56, 93, 60, 34, 171, 156, 130, 198, 177, 73, 164, 59, 167, 132, 144, 65, 5, 14, 111, 127, 50, 155, 194, 109, 1, 17, 95, 147, 101, 91, 136, 159, 192, 21, 22, 87, 170, 103, 54, 49, 182, 139, 105, 158, 42, 195, 185, 83, 6, 168, 37, 29, 74, 100, 55, 99, 25, 61, 131, 4, 193, 39, 38, 169, 52, 188, 110, 67, 48, 85, 137, 165, 151, 107, 20, 89, 173, 0, 94, 122, 9, 141, 92, 10, 157, 27, 128, 90, 96, 98, 7, 75, 135, 28, 31, 166, 58, 174]
[115, 51, 57, 33, 175, 26, 24, 145, 45, 8, 70, 160, 11, 97, 2, 121, 84, 72, 148, 69, 197, 66, 196, 116, 189, 68, 149, 133, 180, 19, 79, 126, 123, 187, 78, 112, 80, 178, 46, 64, 140, 183, 36, 71, 114, 172, 138, 142, 143, 152, 23, 161, 134, 129, 43, 199, 18, 150, 118, 35, 44, 16, 40, 191, 77, 154, 12, 186, 125, 62, 30, 47, 120, 81, 146, 32, 63, 119, 41, 108, 15, 104, 76, 102, 124, 13, 181, 82, 3, 113, 86, 88, 117, 184, 163, 176, 190, 153, 162, 53]
39118

[69, 38, 39, 193, 68, 149, 100, 46, 170, 21, 22, 192, 103, 143, 159, 152, 23, 104, 17, 95, 136, 18, 150, 91, 147, 40, 191, 16, 186, 125, 62, 30, 47, 194, 50, 155, 120, 146, 32, 5, 82, 181, 13, 41, 109, 108, 1, 15, 102, 182, 139, 105, 117, 184, 158, 49, 163, 54, 142, 176, 115, 51, 83, 6, 185, 59, 164, 73, 177, 198, 130, 156, 171, 34, 60, 8, 89, 0, 97, 28, 7, 98, 75, 96, 90, 128, 94, 20, 107, 37, 19, 79, 180, 137, 85, 48, 67, 110, 189, 116]
[3, 14, 111, 127, 81, 63, 124, 119, 12, 154, 77, 44, 35, 118, 101, 43, 129, 199, 134, 161, 76, 42, 195, 88, 86, 113, 167, 132, 65, 144, 56, 93, 179, 175, 26, 70, 160, 11, 173, 106, 31, 166, 174, 58, 135, 27, 157, 2, 10, 92, 121, 84, 72, 141, 122, 9, 188, 52, 169, 148, 197, 66, 196, 4, 131, 61, 25, 99, 55, 80, 178, 112, 78, 187, 126, 123, 64, 140, 183, 36, 71, 114, 172, 138, 87, 190, 153, 162, 53, 57, 168, 33, 24, 45, 145, 151, 165, 133, 74, 29]
40094

[29, 140, 183, 36, 71, 168, 114, 172, 138, 87, 170, 21, 22, 192, 159, 104, 76, 102, 182, 139, 105, 15, 44, 35, 118, 95, 136, 18, 150, 91, 199, 101, 147, 40, 191, 16, 77, 154, 12, 186, 125, 62, 30, 194, 47, 109, 1, 108, 41, 119, 124, 13, 63, 32, 146, 127, 111, 14, 5, 3, 82, 181, 117, 158, 49, 184, 42, 163, 176, 190, 153, 53, 162, 51, 59, 164, 86, 113, 167, 132, 65, 144, 198, 175, 26, 70, 160, 11, 173, 97, 166, 174, 58, 75, 135, 94, 85, 68, 149, 74]
[107, 165, 137, 48, 133, 180, 79, 19, 37, 151, 145, 45, 24, 8, 33, 179, 93, 56, 6, 83, 57, 115, 142, 54, 103, 143, 152, 23, 17, 161, 134, 129, 43, 50, 155, 120, 81, 88, 195, 185, 73, 177, 130, 156, 171, 34, 60, 106, 31, 28, 7, 98, 96, 90, 128, 27, 157, 2, 0, 89, 20, 141, 10, 92, 121, 84, 72, 52, 169, 38, 148, 69, 197, 66, 196, 4, 131, 61, 25, 99, 55, 80, 46, 178, 112, 78, 187, 64, 123, 126, 100, 193, 39, 116, 189, 188, 110, 67, 9, 122]
38162

[195, 163, 54, 87, 138, 172, 36, 183, 140, 46, 178, 80, 112, 78, 187, 64, 123, 126, 149, 68, 193, 39, 197, 69, 148, 38, 116, 189, 110, 67, 9, 122, 20, 107, 165, 151, 24, 8, 45, 89, 0, 94, 2, 27, 128, 90, 96, 75, 135, 58, 174, 166, 31, 106, 70, 60, 34, 171, 156, 130, 198, 144, 167, 113, 3, 5, 32, 146, 14, 111, 127, 120, 109, 12, 154, 77, 40, 147, 43, 129, 101, 199, 18, 150, 136, 95, 17, 104, 76, 102, 182, 15, 1, 108, 41, 181, 82, 86, 59, 185]
[85, 137, 48, 133, 180, 29, 74, 100, 55, 99, 25, 61, 131, 4, 196, 66, 169, 52, 188, 141, 72, 84, 121, 92, 10, 157, 98, 7, 28, 97, 173, 11, 160, 26, 175, 179, 93, 56, 177, 65, 132, 73, 164, 88, 42, 184, 49, 158, 139, 105, 117, 119, 124, 13, 63, 81, 155, 50, 194, 47, 30, 62, 125, 186, 191, 16, 44, 35, 118, 91, 134, 161, 23, 152, 159, 143, 192, 103, 21, 22, 170, 142, 176, 190, 153, 53, 162, 115, 51, 114, 71, 168, 57, 83, 6, 33, 145, 37, 19, 79]
36917

[95, 161, 159, 192, 143, 54, 103, 21, 22, 170, 142, 176, 162, 53, 114, 183, 140, 46, 80, 112, 178, 123, 126, 74, 100, 149, 68, 25, 61, 193, 116, 189, 188, 169, 52, 72, 84, 2, 7, 98, 28, 135, 58, 174, 166, 31, 97, 89, 20, 165, 137, 85, 48, 133, 29, 180, 37, 19, 79, 36, 71, 168, 57, 83, 6, 33, 56, 179, 93, 177, 198, 144, 65, 132, 88, 184, 158, 139, 182, 15, 105, 117, 82, 3, 5, 32, 30, 62, 125, 186, 12, 154, 191, 40, 101, 199, 91, 150, 18, 136]
[147, 43, 129, 134, 118, 35, 16, 44, 17, 104, 23, 152, 87, 172, 138, 190, 153, 163, 76, 102, 49, 42, 115, 51, 195, 185, 59, 164, 73, 175, 26, 8, 24, 45, 145, 64, 187, 78, 55, 99, 131, 4, 196, 66, 197, 69, 148, 38, 39, 110, 67, 107, 151, 160, 70, 11, 173, 0, 94, 122, 9, 141, 121, 92, 10, 157, 27, 128, 90, 96, 75, 106, 60, 34, 171, 156, 130, 167, 113, 86, 181, 13, 124, 119, 63, 81, 146, 14, 111, 127, 120, 155, 50, 194, 47, 109, 41, 108, 1, 77]
40374

[179, 60, 175, 33, 26, 70, 106, 174, 166, 135, 28, 98, 7, 2, 94, 122, 188, 52, 169, 148, 69, 197, 38, 39, 189, 116, 66, 196, 4, 131, 193, 61, 149, 133, 48, 85, 137, 180, 79, 123, 64, 140, 183, 36, 71, 114, 53, 162, 87, 22, 21, 192, 161, 95, 136, 91, 147, 40, 191, 16, 77, 44, 17, 23, 152, 54, 142, 163, 117, 124, 119, 41, 109, 108, 1, 154, 12, 186, 125, 62, 30, 47, 194, 155, 50, 127, 120, 81, 32, 5, 3, 132, 65, 144, 198, 177, 130, 156, 34, 171]
[115, 51, 153, 190, 176, 42, 88, 195, 185, 56, 93, 73, 164, 59, 167, 113, 86, 181, 82, 14, 111, 146, 63, 13, 15, 182, 139, 105, 184, 158, 49, 102, 76, 104, 35, 118, 101, 43, 129, 199, 150, 18, 134, 159, 143, 103, 170, 138, 172, 46, 178, 80, 112, 78, 187, 126, 29, 74, 100, 55, 99, 25, 68, 110, 67, 9, 141, 72, 84, 121, 92, 10, 157, 27, 128, 90, 96, 75, 58, 31, 97, 0, 173, 11, 160, 8, 24, 45, 145, 89, 20, 107, 165, 151, 37, 19, 168, 57, 6, 83]
39086

[90, 96, 75, 58, 31, 173, 160, 179, 93, 56, 177, 73, 164, 167, 113, 86, 82, 3, 5, 14, 111, 127, 120, 155, 50, 194, 47, 30, 62, 125, 186, 12, 77, 44, 16, 191, 40, 147, 101, 43, 129, 199, 134, 18, 150, 91, 118, 35, 17, 104, 139, 158, 184, 42, 195, 51, 115, 87, 170, 192, 21, 22, 46, 80, 178, 78, 112, 55, 99, 100, 149, 25, 61, 131, 4, 196, 66, 116, 189, 110, 67, 133, 29, 180, 19, 79, 140, 183, 36, 71, 168, 8, 89, 0, 94, 2, 10, 157, 27, 128]
[154, 1, 108, 109, 41, 119, 63, 81, 146, 32, 181, 13, 124, 105, 117, 88, 185, 59, 132, 65, 144, 198, 130, 156, 171, 34, 60, 175, 26, 70, 11, 106, 174, 166, 135, 98, 7, 28, 97, 20, 107, 151, 165, 122, 9, 141, 92, 121, 84, 72, 188, 52, 169, 148, 69, 197, 38, 39, 193, 68, 187, 64, 123, 126, 74, 48, 85, 137, 37, 145, 45, 24, 33, 6, 83, 57, 114, 172, 138, 190, 153, 53, 162, 176, 142, 163, 49, 54, 103, 143, 159, 152, 161, 136, 95, 23, 76, 102, 182, 15]
40163

[164, 73, 82, 181, 41, 47, 194, 155, 50, 146, 32, 5, 3, 113, 167, 130, 156, 171, 34, 60, 175, 26, 70, 160, 106, 11, 173, 89, 0, 94, 28, 135, 75, 98, 96, 90, 128, 27, 157, 84, 169, 39, 131, 61, 55, 99, 25, 193, 116, 189, 188, 48, 133, 180, 79, 19, 71, 114, 172, 138, 87, 170, 22, 21, 103, 192, 159, 134, 18, 150, 199, 129, 43, 101, 147, 40, 91, 136, 118, 35, 44, 77, 154, 15, 104, 23, 152, 143, 54, 142, 176, 190, 153, 53, 162, 115, 51, 195, 185, 59]
[127, 111, 14, 81, 63, 13, 124, 119, 117, 105, 182, 139, 158, 184, 42, 88, 86, 132, 65, 144, 198, 177, 93, 179, 56, 33, 8, 24, 45, 145, 97, 31, 166, 174, 58, 7, 2, 10, 92, 121, 72, 52, 148, 69, 197, 38, 66, 196, 4, 100, 149, 68, 110, 67, 9, 141, 122, 20, 85, 137, 165, 107, 151, 37, 29, 74, 126, 123, 64, 187, 78, 112, 80, 178, 46, 140, 183, 36, 168, 6, 83, 57, 163, 49, 102, 76, 17, 161, 95, 16, 191, 186, 125, 30, 62, 12, 1, 108, 109, 120]
39563

[61, 55, 80, 112, 178, 46, 22, 21, 192, 159, 143, 54, 103, 170, 87, 172, 140, 64, 187, 78, 110, 67, 85, 137, 165, 151, 107, 89, 0, 8, 24, 33, 6, 83, 57, 195, 185, 59, 88, 42, 184, 158, 152, 23, 17, 95, 136, 150, 91, 118, 35, 12, 186, 125, 62, 81, 32, 3, 65, 144, 132, 167, 113, 86, 164, 73, 93, 179, 177, 198, 130, 156, 171, 34, 60, 175, 26, 70, 11, 106, 97, 31, 166, 174, 58, 135, 75, 90, 128, 27, 2, 141, 52, 169, 148, 38, 39, 193, 131, 4]
[173, 94, 28, 7, 98, 96, 157, 10, 92, 121, 84, 72, 69, 197, 66, 196, 116, 189, 188, 9, 122, 20, 48, 133, 180, 29, 74, 149, 68, 25, 99, 100, 126, 123, 79, 19, 37, 145, 45, 168, 71, 36, 183, 114, 138, 190, 153, 176, 142, 49, 105, 139, 182, 102, 15, 76, 104, 161, 134, 18, 199, 101, 129, 43, 147, 40, 191, 16, 44, 77, 154, 1, 108, 41, 109, 47, 30, 194, 155, 50, 127, 120, 146, 111, 14, 5, 82, 181, 63, 13, 124, 119, 117, 163, 115, 162, 53, 51, 56, 160]
41082

[172, 46, 123, 126, 29, 74, 149, 68, 25, 61, 131, 4, 196, 66, 193, 39, 116, 189, 110, 67, 48, 85, 137, 122, 141, 2, 157, 27, 128, 90, 96, 7, 28, 31, 106, 171, 156, 34, 60, 70, 11, 173, 94, 0, 89, 8, 33, 6, 56, 175, 179, 93, 177, 113, 86, 117, 13, 63, 124, 119, 105, 139, 182, 15, 1, 108, 41, 109, 81, 146, 14, 111, 127, 50, 155, 194, 47, 30, 186, 16, 191, 40, 147, 91, 136, 95, 17, 23, 152, 159, 143, 142, 176, 115, 51, 162, 53, 153, 190, 138]
[166, 174, 58, 135, 75, 98, 10, 92, 121, 84, 72, 52, 169, 148, 69, 197, 38, 188, 9, 20, 107, 165, 180, 133, 100, 99, 55, 80, 178, 112, 78, 187, 64, 140, 183, 36, 71, 79, 19, 37, 151, 145, 45, 24, 168, 114, 87, 170, 21, 22, 192, 103, 54, 163, 184, 158, 49, 102, 76, 104, 161, 134, 129, 43, 101, 199, 18, 150, 118, 35, 44, 77, 154, 12, 125, 62, 120, 32, 5, 3, 82, 181, 167, 132, 65, 144, 198, 130, 73, 164, 59, 185, 195, 88, 42, 57, 83, 26, 160, 97]
39159

[182, 102, 76, 104, 15, 105, 139, 158, 49, 163, 142, 170, 87, 22, 21, 103, 192, 143, 159, 161, 134, 129, 43, 199, 18, 150, 118, 35, 44, 77, 154, 1, 108, 12, 186, 125, 62, 30, 47, 194, 50, 155, 120, 32, 5, 3, 86, 185, 195, 56, 93, 179, 175, 26, 70, 160, 11, 173, 106, 31, 28, 27, 157, 2, 141, 122, 52, 169, 148, 69, 197, 38, 193, 61, 25, 99, 55, 74, 29, 64, 140, 183, 36, 71, 168, 79, 19, 37, 24, 8, 33, 6, 83, 57, 51, 115, 162, 176, 184, 117]
[137, 85, 48, 110, 189, 116, 131, 4, 196, 66, 39, 188, 67, 9, 72, 84, 121, 92, 10, 128, 90, 96, 98, 7, 75, 135, 58, 174, 166, 97, 94, 0, 89, 20, 145, 45, 60, 34, 171, 156, 130, 177, 198, 144, 65, 132, 167, 113, 73, 164, 59, 42, 88, 82, 181, 13, 124, 119, 63, 14, 111, 127, 146, 81, 109, 41, 16, 191, 40, 147, 101, 91, 136, 95, 17, 23, 152, 54, 138, 172, 190, 153, 53, 114, 46, 178, 80, 112, 78, 187, 123, 126, 100, 149, 68, 133, 180, 151, 107, 165]
38741

[33, 6, 56, 93, 179, 60, 34, 171, 156, 130, 177, 73, 164, 59, 86, 3, 5, 14, 111, 146, 127, 50, 30, 16, 191, 40, 118, 95, 17, 159, 192, 103, 54, 49, 158, 139, 102, 182, 105, 117, 13, 181, 88, 195, 185, 83, 57, 168, 71, 36, 183, 64, 123, 74, 29, 180, 133, 48, 85, 137, 151, 107, 165, 67, 110, 188, 189, 116, 193, 39, 169, 52, 72, 84, 121, 157, 27, 128, 90, 96, 98, 75, 135, 58, 174, 166, 31, 106, 70, 160, 11, 173, 94, 0, 89, 20, 145, 24, 8, 45]
[108, 1, 77, 147, 101, 43, 129, 199, 150, 18, 134, 161, 136, 91, 35, 44, 15, 76, 104, 23, 152, 143, 142, 163, 184, 42, 51, 115, 176, 170, 21, 22, 87, 172, 138, 190, 153, 162, 53, 114, 140, 46, 178, 80, 112, 78, 187, 126, 79, 19, 37, 68, 149, 100, 55, 99, 25, 61, 131, 4, 196, 66, 197, 69, 148, 38, 9, 122, 141, 92, 10, 2, 7, 28, 97, 26, 175, 198, 144, 65, 132, 167, 113, 82, 32, 63, 124, 119, 41, 81, 120, 155, 194, 47, 62, 125, 186, 12, 154, 109]
38806

[76, 104, 17, 95, 136, 118, 35, 44, 186, 125, 30, 50, 127, 111, 146, 32, 14, 5, 3, 82, 181, 113, 167, 132, 65, 144, 198, 177, 130, 156, 26, 8, 24, 45, 160, 173, 0, 94, 97, 31, 28, 90, 128, 27, 2, 141, 148, 69, 197, 38, 39, 116, 193, 4, 131, 61, 110, 20, 89, 145, 151, 107, 165, 137, 85, 48, 133, 180, 29, 99, 55, 80, 178, 112, 78, 187, 64, 140, 183, 36, 71, 168, 114, 51, 195, 185, 88, 42, 184, 117, 13, 63, 81, 109, 41, 119, 124, 105, 182, 102]
[67, 188, 189, 196, 66, 169, 52, 72, 84, 121, 92, 10, 157, 7, 98, 96, 75, 135, 58, 166, 174, 106, 11, 70, 34, 171, 60, 175, 179, 93, 73, 164, 86, 59, 56, 33, 6, 83, 57, 115, 163, 49, 158, 139, 15, 1, 108, 120, 155, 194, 47, 62, 12, 154, 77, 16, 191, 40, 147, 101, 43, 129, 199, 91, 150, 18, 134, 161, 23, 152, 159, 143, 54, 103, 192, 21, 22, 87, 170, 142, 176, 162, 53, 153, 190, 138, 172, 46, 123, 126, 100, 25, 68, 149, 74, 79, 19, 37, 122, 9]
38401

[68, 116, 39, 38, 197, 69, 148, 169, 52, 72, 92, 10, 157, 27, 96, 75, 135, 58, 174, 166, 31, 106, 70, 171, 156, 130, 198, 56, 33, 168, 57, 83, 6, 185, 195, 88, 86, 132, 144, 65, 5, 32, 146, 120, 155, 109, 41, 13, 124, 119, 108, 62, 125, 186, 12, 154, 77, 44, 91, 101, 199, 18, 150, 161, 159, 143, 102, 182, 139, 105, 158, 49, 163, 176, 142, 138, 172, 114, 183, 64, 187, 78, 123, 126, 74, 29, 79, 19, 37, 151, 145, 24, 45, 20, 122, 9, 67, 48, 180, 133]
[80, 178, 112, 55, 99, 100, 149, 25, 61, 193, 131, 4, 196, 66, 189, 188, 110, 85, 137, 165, 107, 141, 84, 121, 2, 128, 90, 98, 7, 28, 94, 0, 89, 97, 173, 11, 160, 8, 26, 34, 60, 175, 179, 93, 177, 73, 164, 59, 113, 167, 3, 82, 181, 63, 117, 42, 184, 15, 1, 81, 14, 111, 127, 50, 194, 47, 30, 16, 191, 40, 147, 43, 129, 134, 136, 95, 118, 35, 17, 23, 152, 104, 76, 54, 103, 192, 22, 21, 170, 87, 190, 153, 53, 162, 115, 51, 71, 36, 140, 46]
40466

[177, 113, 82, 181, 63, 13, 124, 119, 41, 108, 109, 81, 14, 111, 127, 50, 155, 194, 30, 186, 125, 1, 15, 152, 23, 161, 136, 95, 118, 91, 150, 18, 199, 129, 134, 159, 192, 21, 22, 87, 170, 142, 190, 153, 115, 51, 83, 56, 93, 179, 175, 60, 34, 26, 24, 8, 70, 160, 11, 166, 174, 58, 75, 135, 28, 94, 0, 20, 122, 141, 72, 52, 169, 188, 189, 116, 131, 193, 85, 137, 48, 133, 180, 19, 79, 29, 74, 25, 99, 55, 80, 178, 112, 78, 187, 64, 46, 140, 183, 168]
[33, 6, 57, 71, 36, 114, 172, 138, 53, 162, 176, 103, 143, 54, 163, 42, 88, 195, 185, 59, 73, 164, 86, 117, 184, 49, 158, 105, 139, 182, 102, 76, 104, 17, 35, 101, 43, 147, 40, 191, 16, 44, 77, 154, 12, 62, 47, 120, 146, 32, 5, 3, 167, 132, 65, 144, 198, 130, 156, 171, 106, 31, 7, 98, 96, 90, 128, 27, 157, 92, 121, 84, 10, 2, 97, 173, 45, 145, 37, 123, 126, 100, 149, 68, 61, 4, 196, 66, 197, 69, 148, 38, 39, 110, 67, 9, 165, 151, 107, 89]
40972

[139, 182, 102, 76, 152, 23, 104, 17, 35, 118, 147, 40, 191, 16, 44, 77, 41, 109, 194, 50, 155, 81, 63, 13, 124, 119, 117, 184, 158, 49, 163, 176, 142, 170, 21, 22, 87, 172, 140, 64, 123, 126, 29, 74, 100, 55, 99, 25, 149, 68, 193, 116, 169, 52, 72, 121, 84, 9, 107, 151, 165, 137, 85, 48, 133, 180, 183, 138, 190, 153, 53, 162, 115, 51, 57, 83, 6, 56, 8, 24, 45, 145, 89, 0, 94, 31, 166, 106, 175, 179, 93, 177, 144, 65, 132, 167, 113, 86, 181, 82]
[141, 2, 10, 92, 157, 27, 128, 90, 96, 75, 98, 7, 28, 135, 58, 174, 97, 173, 11, 60, 34, 171, 156, 130, 198, 73, 164, 59, 3, 5, 14, 111, 127, 32, 146, 120, 47, 30, 62, 125, 186, 12, 154, 108, 1, 15, 105, 88, 185, 195, 42, 54, 143, 159, 161, 95, 136, 18, 150, 91, 199, 101, 43, 129, 134, 192, 103, 46, 178, 187, 78, 112, 80, 61, 131, 4, 196, 66, 197, 69, 148, 38, 39, 189, 188, 110, 67, 37, 19, 79, 71, 36, 114, 168, 33, 26, 70, 160, 20, 122]
40487

[122, 141, 157, 27, 128, 90, 96, 75, 98, 7, 31, 97, 11, 173, 94, 0, 89, 20, 145, 45, 24, 8, 160, 70, 26, 6, 83, 57, 195, 185, 59, 164, 73, 144, 65, 132, 167, 113, 86, 88, 119, 41, 15, 154, 77, 191, 16, 44, 35, 118, 101, 40, 147, 43, 129, 199, 91, 150, 18, 161, 23, 152, 159, 143, 103, 54, 182, 139, 42, 51, 115, 162, 183, 46, 80, 178, 126, 74, 29, 79, 19, 37, 180, 133, 149, 68, 61, 131, 4, 39, 38, 148, 169, 52, 188, 189, 116, 110, 67, 9]
[109, 81, 146, 32, 63, 13, 124, 105, 102, 76, 104, 17, 95, 136, 134, 192, 22, 21, 170, 87, 138, 172, 140, 64, 123, 187, 78, 112, 55, 99, 25, 100, 151, 107, 165, 137, 85, 48, 193, 196, 66, 197, 69, 72, 84, 121, 92, 10, 2, 28, 135, 58, 166, 174, 106, 60, 34, 171, 156, 130, 198, 177, 93, 179, 175, 56, 33, 168, 71, 36, 114, 53, 153, 190, 176, 142, 163, 49, 158, 184, 117, 181, 82, 3, 5, 14, 111, 127, 120, 155, 50, 194, 47, 30, 62, 125, 186, 12, 1, 108]
38044

[158, 105, 139, 182, 102, 15, 44, 118, 35, 77, 154, 12, 1, 108, 41, 109, 81, 120, 146, 127, 111, 14, 32, 5, 3, 82, 181, 86, 113, 167, 132, 65, 144, 198, 177, 130, 156, 171, 174, 58, 135, 75, 96, 90, 128, 27, 157, 92, 10, 28, 166, 31, 97, 11, 160, 8, 24, 45, 145, 107, 165, 110, 188, 189, 39, 38, 148, 69, 197, 66, 196, 4, 131, 61, 25, 99, 55, 100, 180, 37, 19, 79, 112, 80, 178, 46, 172, 190, 153, 176, 162, 53, 115, 51, 57, 83, 195, 42, 184, 49]
[54, 103, 143, 192, 22, 21, 170, 87, 138, 114, 168, 33, 175, 26, 70, 173, 94, 0, 89, 20, 122, 9, 67, 48, 85, 137, 151, 71, 36, 183, 140, 64, 187, 78, 123, 126, 74, 29, 133, 149, 68, 193, 116, 169, 52, 72, 121, 84, 141, 2, 7, 98, 106, 34, 60, 179, 93, 56, 6, 73, 164, 59, 185, 88, 117, 119, 124, 13, 63, 155, 50, 194, 47, 30, 62, 125, 186, 16, 191, 40, 147, 43, 129, 101, 199, 18, 150, 91, 95, 136, 134, 161, 159, 152, 23, 17, 104, 76, 163, 142]
38340

[111, 127, 50, 155, 109, 41, 108, 1, 105, 139, 182, 102, 23, 17, 35, 118, 101, 129, 199, 91, 150, 18, 136, 95, 161, 152, 159, 143, 54, 163, 184, 42, 115, 138, 114, 183, 36, 71, 168, 33, 24, 45, 145, 107, 151, 37, 19, 79, 126, 187, 46, 78, 112, 178, 80, 55, 68, 48, 85, 137, 165, 20, 122, 9, 67, 110, 193, 131, 4, 39, 169, 52, 72, 84, 121, 92, 10, 94, 173, 11, 160, 70, 175, 56, 6, 83, 57, 195, 185, 59, 164, 73, 167, 113, 86, 181, 82, 3, 5, 14]
[172, 140, 64, 123, 74, 29, 180, 133, 149, 100, 99, 25, 61, 196, 66, 197, 69, 148, 38, 116, 189, 188, 141, 2, 157, 27, 128, 90, 96, 75, 98, 7, 28, 135, 58, 174, 166, 31, 106, 97, 0, 89, 8, 26, 60, 34, 171, 156, 179, 93, 177, 130, 198, 144, 65, 132, 88, 51, 162, 53, 153, 190, 176, 142, 170, 87, 22, 21, 192, 103, 49, 158, 117, 119, 124, 13, 63, 32, 146, 81, 120, 194, 47, 30, 62, 125, 186, 12, 154, 77, 15, 76, 104, 44, 16, 191, 40, 147, 43, 134]
39076

[73, 164, 56, 93, 179, 175, 26, 70, 160, 11, 173, 89, 20, 122, 141, 2, 27, 157, 10, 92, 121, 84, 72, 52, 169, 148, 69, 197, 66, 196, 4, 131, 193, 61, 25, 99, 55, 100, 149, 68, 133, 180, 79, 19, 37, 151, 107, 145, 45, 24, 8, 33, 168, 57, 83, 6, 185, 195, 114, 183, 140, 46, 87, 170, 22, 21, 103, 54, 159, 161, 150, 18, 199, 101, 91, 118, 35, 16, 30, 47, 194, 50, 155, 120, 109, 108, 1, 41, 119, 124, 13, 105, 117, 184, 88, 59, 86, 3, 82, 181]
[187, 178, 80, 112, 78, 123, 64, 36, 71, 172, 138, 190, 153, 53, 162, 115, 51, 42, 176, 142, 163, 49, 158, 139, 182, 102, 76, 23, 152, 143, 192, 134, 129, 43, 147, 40, 191, 186, 125, 62, 12, 154, 77, 44, 95, 136, 17, 104, 15, 63, 81, 146, 127, 111, 14, 32, 5, 113, 167, 132, 65, 144, 198, 177, 130, 156, 171, 34, 60, 106, 174, 58, 75, 96, 90, 128, 98, 7, 28, 135, 166, 31, 97, 94, 0, 9, 188, 38, 39, 116, 189, 110, 67, 165, 137, 85, 48, 29, 74, 126]
38722

[170, 21, 22, 87, 142, 176, 53, 162, 163, 184, 117, 105, 139, 182, 102, 15, 104, 17, 95, 136, 18, 150, 91, 199, 101, 118, 35, 44, 77, 154, 12, 186, 125, 62, 30, 47, 194, 50, 127, 111, 14, 5, 3, 32, 146, 81, 63, 181, 82, 86, 73, 177, 26, 70, 160, 20, 107, 151, 165, 9, 122, 94, 173, 11, 106, 31, 135, 28, 7, 96, 90, 128, 27, 157, 2, 141, 188, 38, 148, 69, 197, 39, 189, 116, 193, 61, 68, 180, 37, 19, 79, 187, 78, 112, 80, 178, 46, 140, 138, 172]
[24, 8, 45, 145, 89, 0, 97, 166, 174, 58, 75, 98, 10, 92, 121, 84, 72, 52, 169, 66, 196, 4, 131, 110, 67, 85, 137, 48, 133, 29, 74, 149, 100, 25, 99, 55, 126, 123, 64, 183, 36, 71, 114, 190, 153, 115, 51, 57, 83, 6, 168, 33, 56, 93, 179, 175, 60, 34, 171, 156, 130, 198, 144, 65, 132, 167, 113, 164, 59, 185, 195, 88, 13, 124, 119, 41, 120, 155, 109, 108, 1, 16, 191, 40, 147, 43, 129, 134, 161, 23, 76, 152, 159, 143, 192, 103, 54, 49, 158, 42]
38750

[54, 143, 103, 21, 87, 170, 142, 138, 172, 140, 183, 114, 53, 162, 115, 51, 42, 195, 185, 73, 164, 59, 88, 184, 105, 139, 182, 102, 15, 104, 76, 152, 23, 17, 91, 101, 43, 147, 40, 191, 16, 186, 125, 109, 41, 81, 120, 155, 50, 127, 111, 5, 3, 82, 86, 113, 167, 132, 65, 144, 198, 156, 171, 34, 60, 130, 177, 56, 93, 179, 175, 26, 70, 160, 11, 173, 89, 0, 94, 97, 106, 31, 98, 7, 157, 10, 121, 72, 52, 169, 148, 69, 197, 38, 39, 116, 189, 110, 20, 107]
[133, 180, 29, 74, 126, 123, 64, 36, 71, 145, 45, 24, 8, 33, 168, 6, 83, 57, 153, 190, 176, 163, 49, 158, 117, 181, 32, 14, 146, 63, 13, 124, 119, 47, 194, 30, 62, 12, 154, 108, 1, 77, 44, 35, 118, 95, 136, 150, 18, 199, 129, 134, 161, 159, 192, 22, 46, 178, 80, 112, 78, 187, 100, 149, 68, 25, 99, 55, 61, 131, 4, 196, 66, 193, 188, 84, 92, 27, 128, 90, 96, 75, 58, 174, 166, 135, 28, 2, 141, 122, 9, 67, 48, 85, 137, 165, 151, 37, 79, 19]
39710

[164, 73, 167, 113, 86, 181, 82, 3, 5, 14, 111, 127, 120, 81, 41, 1, 77, 16, 44, 35, 118, 95, 136, 161, 17, 104, 15, 102, 182, 139, 105, 117, 158, 54, 143, 192, 103, 170, 142, 176, 6, 56, 179, 175, 26, 45, 145, 151, 107, 165, 137, 85, 48, 110, 188, 189, 116, 39, 193, 25, 100, 123, 190, 138, 172, 46, 80, 112, 55, 99, 61, 131, 4, 196, 66, 38, 197, 69, 148, 169, 52, 72, 84, 121, 92, 96, 75, 135, 58, 166, 174, 106, 60, 34, 171, 156, 198, 144, 65, 132]
[40, 147, 101, 43, 129, 199, 91, 150, 18, 134, 23, 76, 152, 159, 21, 22, 87, 153, 53, 162, 51, 115, 163, 49, 184, 42, 195, 83, 57, 168, 114, 71, 36, 183, 140, 64, 178, 78, 187, 126, 79, 19, 37, 180, 133, 29, 74, 149, 68, 67, 9, 141, 122, 20, 89, 0, 94, 2, 10, 157, 27, 128, 90, 98, 7, 28, 31, 97, 173, 11, 160, 70, 8, 24, 33, 93, 130, 177, 59, 185, 88, 124, 119, 13, 63, 32, 146, 50, 155, 194, 47, 30, 62, 109, 108, 154, 12, 125, 186, 191]
39000

[185, 6, 83, 57, 168, 71, 145, 45, 24, 8, 26, 175, 179, 93, 177, 73, 164, 113, 167, 132, 65, 144, 198, 130, 156, 171, 34, 60, 70, 160, 89, 20, 122, 67, 48, 85, 137, 165, 107, 151, 37, 19, 79, 74, 99, 55, 183, 36, 114, 172, 138, 87, 22, 21, 192, 161, 136, 150, 18, 199, 101, 147, 40, 191, 16, 186, 125, 12, 154, 1, 108, 41, 109, 81, 120, 47, 30, 194, 155, 50, 127, 111, 14, 82, 181, 63, 13, 124, 119, 15, 104, 76, 102, 182, 139, 105, 117, 184, 88, 195]
[153, 190, 170, 103, 143, 159, 152, 23, 17, 134, 129, 43, 91, 118, 95, 35, 44, 77, 62, 146, 32, 5, 3, 86, 59, 56, 106, 97, 31, 166, 174, 58, 135, 28, 7, 98, 75, 96, 90, 128, 27, 157, 10, 92, 121, 84, 72, 52, 169, 148, 69, 197, 38, 39, 189, 116, 193, 66, 196, 4, 131, 61, 25, 68, 149, 100, 187, 78, 112, 80, 178, 46, 140, 64, 123, 126, 29, 180, 133, 110, 188, 9, 141, 2, 94, 0, 173, 11, 33, 42, 163, 158, 49, 54, 142, 176, 115, 51, 162, 53]
38102

[115, 42, 88, 184, 163, 142, 176, 190, 153, 162, 53, 140, 187, 78, 112, 80, 178, 46, 172, 87, 170, 103, 54, 143, 159, 161, 134, 129, 43, 136, 95, 35, 44, 102, 49, 158, 139, 182, 105, 119, 124, 13, 63, 120, 47, 62, 30, 194, 155, 50, 127, 5, 3, 86, 113, 167, 164, 73, 177, 130, 179, 175, 26, 70, 106, 174, 166, 31, 45, 145, 151, 107, 165, 122, 9, 67, 110, 189, 116, 193, 66, 196, 4, 131, 61, 99, 25, 68, 149, 74, 29, 133, 180, 37, 168, 33, 6, 83, 57, 51]
[118, 91, 150, 18, 199, 101, 147, 40, 191, 16, 77, 154, 12, 186, 125, 109, 81, 32, 146, 111, 14, 82, 181, 41, 108, 1, 15, 117, 195, 185, 59, 132, 65, 144, 198, 156, 171, 34, 60, 93, 56, 24, 8, 160, 11, 173, 97, 28, 135, 58, 75, 7, 98, 96, 90, 128, 27, 157, 2, 10, 92, 121, 84, 72, 52, 169, 148, 69, 197, 38, 39, 188, 141, 94, 0, 89, 20, 137, 85, 48, 19, 79, 100, 55, 126, 123, 64, 183, 36, 71, 114, 138, 22, 21, 192, 152, 23, 76, 104, 17]
39319

[114, 190, 153, 176, 117, 124, 13, 81, 120, 109, 41, 108, 15, 182, 105, 139, 102, 23, 152, 159, 161, 134, 18, 199, 101, 129, 43, 147, 40, 191, 154, 12, 186, 125, 62, 30, 47, 194, 155, 50, 127, 111, 14, 5, 3, 82, 86, 113, 167, 132, 65, 144, 198, 130, 177, 73, 57, 83, 6, 56, 93, 179, 8, 24, 45, 70, 160, 11, 106, 31, 135, 28, 89, 37, 19, 79, 74, 149, 68, 193, 38, 148, 69, 197, 66, 196, 4, 131, 61, 25, 99, 55, 100, 78, 187, 123, 64, 140, 183, 36]
[84, 10, 92, 121, 72, 52, 169, 188, 39, 116, 189, 110, 9, 67, 48, 85, 137, 165, 107, 151, 180, 133, 29, 126, 112, 80, 178, 46, 172, 138, 87, 170, 22, 21, 103, 192, 143, 54, 142, 162, 53, 51, 115, 163, 184, 158, 49, 76, 104, 17, 95, 136, 150, 91, 118, 35, 44, 16, 77, 1, 119, 63, 146, 32, 181, 88, 42, 195, 185, 59, 164, 156, 171, 34, 60, 175, 26, 33, 168, 71, 145, 20, 122, 141, 94, 0, 173, 97, 166, 174, 58, 75, 96, 98, 7, 2, 157, 27, 128, 90]
38929

[148, 72, 84, 121, 92, 10, 157, 27, 128, 90, 96, 28, 97, 173, 11, 160, 70, 45, 145, 24, 8, 33, 177, 130, 156, 198, 144, 65, 132, 73, 164, 88, 117, 13, 63, 120, 155, 50, 194, 30, 125, 186, 40, 147, 43, 129, 199, 101, 91, 118, 35, 44, 17, 76, 102, 182, 139, 158, 49, 163, 54, 103, 192, 170, 142, 176, 115, 162, 53, 153, 190, 138, 172, 114, 57, 83, 168, 71, 36, 183, 126, 74, 29, 133, 180, 79, 19, 37, 137, 85, 48, 67, 9, 110, 188, 189, 196, 66, 197, 69]
[51, 6, 56, 93, 179, 175, 26, 60, 34, 171, 106, 31, 166, 174, 58, 135, 75, 98, 7, 2, 94, 0, 89, 20, 107, 151, 165, 122, 141, 52, 169, 38, 39, 116, 193, 4, 131, 61, 68, 149, 100, 25, 99, 55, 80, 46, 178, 112, 78, 187, 123, 64, 140, 22, 21, 87, 42, 195, 185, 59, 167, 113, 86, 184, 105, 124, 119, 41, 108, 1, 15, 104, 23, 152, 143, 159, 161, 134, 18, 150, 136, 95, 16, 191, 77, 154, 12, 62, 47, 109, 81, 32, 146, 127, 111, 14, 5, 3, 82, 181]
39142

[117, 184, 42, 181, 82, 5, 32, 63, 13, 124, 105, 139, 182, 15, 154, 12, 47, 155, 50, 194, 30, 62, 125, 186, 191, 16, 35, 118, 43, 129, 134, 161, 23, 104, 76, 152, 159, 143, 192, 103, 54, 176, 190, 153, 115, 51, 162, 53, 114, 71, 36, 183, 64, 78, 112, 178, 80, 55, 99, 25, 61, 131, 4, 196, 66, 84, 10, 157, 7, 28, 135, 98, 96, 75, 58, 174, 166, 31, 106, 97, 94, 0, 20, 165, 137, 85, 48, 133, 180, 37, 145, 45, 24, 8, 26, 33, 168, 6, 83, 57]
[128, 90, 2, 141, 122, 107, 151, 89, 173, 11, 160, 70, 175, 179, 93, 56, 177, 60, 34, 171, 156, 130, 198, 144, 65, 132, 167, 113, 73, 164, 59, 185, 195, 88, 86, 3, 14, 111, 127, 146, 120, 81, 109, 41, 119, 108, 1, 77, 40, 147, 101, 199, 91, 150, 18, 136, 95, 44, 17, 102, 158, 49, 163, 142, 170, 21, 22, 87, 138, 172, 140, 46, 187, 123, 126, 79, 19, 29, 74, 100, 149, 68, 193, 39, 116, 189, 110, 67, 9, 188, 38, 197, 69, 148, 169, 52, 72, 121, 92, 27]
38416

[141, 52, 169, 38, 39, 189, 116, 193, 25, 99, 55, 100, 74, 149, 68, 110, 67, 122, 20, 45, 8, 24, 145, 71, 53, 162, 51, 115, 176, 163, 49, 158, 102, 76, 54, 103, 143, 152, 23, 17, 95, 136, 150, 18, 129, 43, 199, 91, 118, 35, 44, 77, 154, 12, 186, 125, 62, 30, 47, 194, 155, 50, 14, 82, 181, 86, 113, 167, 132, 59, 88, 124, 119, 117, 184, 42, 195, 185, 56, 26, 70, 160, 11, 97, 31, 58, 75, 96, 90, 128, 27, 157, 92, 121, 72, 84, 10, 2, 7, 98]
[32, 5, 3, 65, 144, 198, 156, 171, 130, 177, 73, 164, 6, 83, 57, 168, 33, 93, 179, 175, 60, 34, 106, 174, 166, 135, 28, 94, 0, 173, 89, 9, 188, 148, 69, 197, 66, 196, 4, 131, 61, 29, 180, 133, 48, 85, 137, 165, 107, 151, 37, 19, 79, 126, 123, 64, 187, 78, 112, 80, 178, 46, 140, 183, 36, 114, 172, 138, 190, 153, 142, 170, 87, 22, 21, 192, 159, 161, 134, 101, 147, 40, 191, 16, 104, 182, 139, 105, 15, 1, 108, 41, 109, 120, 127, 111, 146, 81, 63, 13]
39934

[122, 141, 9, 165, 137, 85, 48, 133, 126, 140, 183, 172, 138, 54, 163, 49, 102, 76, 104, 44, 35, 161, 134, 136, 95, 118, 91, 150, 18, 199, 101, 129, 43, 147, 40, 191, 16, 186, 125, 12, 154, 108, 41, 109, 47, 194, 50, 155, 120, 81, 32, 146, 127, 111, 14, 5, 3, 82, 181, 63, 13, 158, 184, 42, 195, 185, 59, 164, 73, 93, 56, 51, 115, 53, 114, 33, 145, 107, 20, 0, 94, 97, 166, 174, 58, 135, 75, 96, 90, 128, 27, 157, 84, 52, 148, 69, 197, 188, 110, 67]
[80, 46, 178, 78, 187, 123, 64, 36, 71, 168, 6, 83, 57, 162, 153, 190, 176, 142, 170, 87, 22, 21, 103, 192, 143, 159, 152, 23, 17, 77, 62, 30, 1, 15, 182, 139, 105, 119, 124, 117, 88, 86, 113, 167, 132, 65, 144, 198, 177, 130, 156, 171, 34, 60, 179, 175, 26, 70, 160, 8, 24, 45, 19, 79, 74, 29, 180, 37, 151, 89, 173, 11, 106, 31, 28, 98, 7, 2, 10, 92, 121, 72, 169, 38, 39, 189, 116, 66, 196, 4, 131, 193, 61, 68, 149, 25, 99, 55, 100, 112]
38552

[184, 117, 105, 1, 108, 41, 119, 124, 13, 63, 81, 120, 155, 50, 194, 77, 191, 16, 44, 35, 40, 147, 101, 199, 18, 150, 136, 17, 104, 76, 158, 49, 163, 176, 51, 195, 185, 59, 164, 73, 113, 167, 132, 198, 130, 156, 171, 34, 106, 135, 28, 98, 7, 141, 122, 20, 89, 0, 94, 173, 160, 145, 151, 180, 133, 29, 68, 193, 39, 116, 189, 188, 72, 52, 169, 38, 148, 69, 197, 66, 196, 4, 131, 61, 25, 99, 55, 78, 187, 183, 36, 71, 168, 57, 83, 6, 56, 175, 179, 93]
[181, 82, 3, 5, 14, 111, 127, 146, 32, 109, 47, 30, 62, 125, 186, 12, 154, 15, 182, 139, 102, 152, 23, 161, 95, 118, 91, 43, 129, 134, 159, 143, 192, 103, 54, 142, 170, 21, 22, 87, 138, 172, 46, 178, 80, 112, 100, 149, 74, 126, 123, 64, 140, 114, 190, 153, 53, 162, 115, 42, 88, 86, 65, 144, 177, 60, 26, 70, 11, 97, 31, 166, 174, 58, 75, 96, 90, 128, 27, 157, 2, 10, 92, 121, 84, 9, 67, 110, 48, 85, 137, 79, 19, 37, 165, 107, 45, 24, 8, 33]
40128

[88, 59, 164, 6, 83, 57, 142, 54, 143, 159, 192, 103, 21, 22, 170, 87, 114, 168, 33, 56, 93, 179, 45, 145, 151, 107, 165, 137, 180, 29, 74, 149, 100, 112, 80, 55, 99, 25, 61, 131, 4, 196, 66, 84, 10, 157, 96, 75, 98, 7, 28, 31, 135, 58, 166, 174, 34, 130, 177, 73, 113, 167, 3, 5, 14, 111, 127, 81, 41, 108, 109, 155, 50, 194, 30, 12, 154, 1, 15, 77, 191, 16, 44, 35, 118, 95, 136, 91, 150, 18, 134, 161, 17, 23, 152, 76, 102, 158, 184, 117]
[195, 185, 86, 132, 65, 144, 198, 156, 171, 60, 175, 26, 24, 8, 160, 70, 106, 11, 173, 97, 94, 0, 89, 20, 122, 67, 9, 141, 2, 90, 128, 27, 92, 121, 72, 52, 169, 188, 110, 189, 116, 38, 148, 69, 197, 39, 193, 68, 133, 48, 85, 37, 19, 79, 71, 36, 183, 64, 123, 126, 187, 78, 178, 46, 140, 172, 138, 176, 163, 49, 105, 139, 182, 104, 199, 129, 43, 101, 147, 40, 186, 125, 62, 47, 120, 146, 32, 63, 119, 124, 13, 181, 82, 42, 51, 115, 162, 53, 153, 190]
41009

[150, 18, 91, 118, 95, 35, 77, 1, 41, 119, 124, 13, 81, 109, 108, 154, 12, 186, 125, 194, 155, 50, 127, 5, 3, 82, 181, 88, 42, 51, 195, 185, 59, 73, 164, 86, 113, 167, 132, 65, 144, 198, 156, 171, 34, 60, 106, 174, 166, 58, 75, 96, 27, 157, 10, 92, 121, 84, 72, 20, 0, 94, 160, 70, 26, 175, 33, 168, 71, 19, 79, 180, 133, 110, 189, 38, 148, 69, 197, 66, 196, 55, 80, 112, 178, 46, 36, 114, 53, 162, 153, 190, 87, 170, 21, 22, 192, 143, 159, 134]
[117, 158, 49, 102, 182, 139, 105, 63, 32, 14, 111, 146, 120, 47, 30, 62, 15, 76, 104, 17, 44, 16, 191, 40, 147, 101, 43, 129, 199, 136, 161, 23, 152, 54, 103, 142, 176, 138, 172, 183, 140, 64, 187, 78, 123, 126, 29, 74, 100, 149, 68, 25, 99, 61, 131, 4, 193, 116, 39, 169, 52, 188, 9, 67, 48, 85, 137, 37, 165, 122, 141, 2, 128, 90, 98, 7, 28, 135, 31, 97, 11, 173, 89, 107, 151, 145, 45, 24, 8, 179, 93, 130, 177, 56, 6, 83, 57, 115, 163, 184]
39621

[104, 17, 76, 182, 139, 105, 124, 13, 117, 184, 88, 185, 195, 42, 153, 190, 176, 142, 87, 138, 172, 183, 140, 64, 78, 112, 80, 100, 55, 99, 25, 61, 131, 4, 196, 66, 193, 116, 189, 110, 68, 149, 48, 85, 165, 145, 45, 24, 8, 0, 94, 28, 7, 98, 96, 75, 58, 174, 166, 31, 97, 173, 11, 160, 34, 60, 179, 56, 33, 168, 114, 53, 162, 115, 51, 57, 83, 6, 59, 164, 73, 167, 113, 86, 3, 5, 14, 111, 127, 32, 146, 120, 155, 50, 194, 47, 30, 62, 1, 15]
[77, 44, 35, 40, 191, 16, 186, 125, 12, 154, 108, 119, 41, 109, 81, 63, 181, 82, 132, 65, 144, 198, 156, 171, 130, 177, 93, 175, 26, 70, 106, 135, 90, 128, 27, 157, 2, 10, 92, 121, 84, 72, 52, 169, 148, 69, 197, 38, 39, 188, 67, 9, 141, 122, 20, 89, 107, 151, 37, 19, 79, 137, 133, 180, 29, 74, 126, 123, 187, 178, 46, 36, 71, 163, 49, 158, 102, 152, 143, 54, 103, 170, 21, 22, 192, 159, 23, 161, 136, 95, 118, 91, 150, 18, 134, 199, 129, 43, 101, 147]
38612

[7, 98, 96, 90, 128, 27, 157, 2, 10, 92, 121, 84, 72, 52, 169, 148, 69, 197, 38, 39, 66, 196, 4, 131, 110, 85, 48, 68, 149, 100, 74, 29, 126, 123, 187, 64, 140, 138, 142, 103, 192, 143, 159, 152, 23, 161, 134, 18, 150, 199, 129, 43, 101, 118, 35, 44, 77, 1, 108, 186, 125, 62, 30, 47, 194, 50, 155, 120, 127, 111, 14, 146, 32, 82, 181, 117, 184, 88, 42, 163, 176, 190, 153, 115, 195, 185, 59, 177, 198, 130, 156, 171, 34, 60, 175, 26, 70, 106, 31, 28]
[173, 11, 160, 45, 24, 8, 33, 56, 179, 93, 73, 164, 144, 65, 132, 167, 113, 86, 3, 5, 63, 81, 109, 12, 154, 16, 191, 40, 147, 91, 136, 95, 17, 104, 76, 102, 182, 15, 41, 119, 124, 13, 105, 139, 158, 49, 54, 170, 21, 22, 87, 172, 46, 178, 78, 112, 80, 55, 99, 25, 61, 193, 116, 189, 188, 67, 9, 141, 122, 20, 107, 165, 137, 133, 180, 151, 37, 19, 79, 183, 36, 114, 53, 162, 51, 57, 83, 6, 168, 71, 145, 89, 0, 94, 135, 75, 58, 174, 166, 97]
37295

[196, 66, 4, 131, 61, 25, 99, 55, 78, 187, 126, 123, 64, 140, 183, 36, 71, 114, 168, 6, 83, 57, 51, 176, 170, 87, 22, 21, 103, 192, 143, 152, 23, 17, 161, 136, 95, 118, 40, 191, 16, 35, 44, 104, 76, 102, 15, 109, 62, 47, 50, 127, 111, 14, 32, 117, 105, 182, 139, 158, 49, 163, 184, 88, 86, 113, 167, 132, 65, 144, 198, 34, 60, 70, 160, 11, 106, 174, 166, 58, 135, 28, 98, 7, 2, 157, 10, 92, 121, 84, 188, 110, 74, 29, 180, 133, 137, 165, 122, 141]
[26, 8, 24, 45, 145, 107, 151, 37, 19, 79, 48, 85, 67, 9, 20, 89, 0, 94, 173, 97, 31, 75, 96, 90, 128, 27, 72, 52, 169, 148, 69, 197, 38, 39, 189, 116, 193, 68, 149, 100, 112, 80, 178, 46, 172, 138, 142, 54, 159, 134, 129, 43, 147, 101, 199, 18, 150, 91, 77, 1, 108, 154, 12, 186, 125, 30, 194, 155, 120, 146, 81, 63, 41, 119, 124, 13, 181, 82, 5, 3, 73, 164, 59, 185, 195, 42, 115, 153, 190, 162, 53, 33, 175, 171, 156, 130, 177, 93, 179, 56]
39063

[190, 153, 176, 163, 158, 49, 54, 103, 170, 87, 138, 172, 183, 36, 71, 168, 145, 19, 79, 112, 80, 55, 99, 100, 133, 180, 37, 151, 107, 165, 137, 85, 48, 67, 9, 141, 188, 110, 189, 116, 39, 4, 196, 66, 197, 69, 148, 38, 169, 52, 72, 84, 121, 92, 10, 2, 157, 27, 128, 90, 96, 98, 7, 28, 31, 106, 11, 160, 70, 171, 156, 198, 144, 65, 132, 3, 5, 14, 111, 127, 50, 155, 194, 30, 47, 113, 167, 130, 175, 26, 33, 56, 6, 83, 57, 185, 195, 42, 51, 115]
[1, 15, 76, 104, 17, 77, 191, 16, 44, 35, 40, 147, 43, 129, 199, 101, 91, 118, 95, 136, 150, 18, 134, 161, 23, 152, 159, 143, 192, 22, 21, 142, 162, 53, 114, 140, 64, 46, 178, 78, 187, 123, 126, 29, 74, 149, 68, 25, 61, 131, 193, 122, 20, 45, 24, 8, 89, 0, 94, 173, 97, 135, 75, 58, 166, 174, 34, 60, 179, 93, 177, 73, 164, 59, 86, 88, 184, 139, 102, 182, 105, 117, 181, 82, 63, 32, 146, 120, 81, 109, 62, 125, 186, 12, 154, 108, 41, 119, 124, 13]
39562

[181, 117, 105, 139, 182, 102, 15, 12, 125, 186, 44, 35, 118, 101, 147, 43, 129, 199, 136, 95, 161, 17, 104, 76, 23, 152, 159, 192, 143, 54, 103, 21, 170, 142, 163, 49, 158, 184, 88, 42, 83, 6, 151, 107, 20, 89, 173, 0, 94, 122, 85, 137, 165, 37, 29, 74, 149, 25, 61, 193, 188, 38, 197, 69, 148, 169, 52, 72, 84, 121, 92, 10, 157, 7, 28, 31, 106, 171, 34, 60, 179, 93, 56, 177, 144, 65, 132, 167, 113, 3, 5, 14, 111, 127, 146, 32, 63, 124, 13, 82]
[45, 145, 24, 8, 26, 175, 156, 130, 198, 73, 164, 57, 51, 162, 53, 153, 190, 176, 115, 195, 185, 59, 86, 119, 41, 109, 81, 120, 155, 50, 194, 47, 30, 62, 108, 1, 154, 77, 16, 191, 40, 91, 150, 18, 134, 22, 87, 138, 172, 114, 168, 33, 71, 36, 183, 140, 46, 178, 80, 112, 78, 187, 64, 123, 126, 19, 79, 100, 55, 99, 131, 4, 196, 66, 39, 116, 189, 68, 133, 180, 48, 110, 67, 9, 141, 2, 27, 128, 90, 96, 98, 75, 135, 58, 174, 166, 97, 11, 70, 160]
40123

[51, 115, 162, 53, 153, 190, 114, 71, 123, 187, 78, 178, 112, 126, 74, 29, 180, 133, 149, 68, 131, 4, 193, 116, 189, 39, 38, 148, 169, 52, 72, 121, 92, 10, 157, 27, 128, 90, 28, 97, 94, 0, 20, 85, 48, 137, 165, 145, 89, 173, 11, 160, 45, 24, 8, 33, 168, 57, 83, 6, 56, 179, 93, 177, 73, 164, 113, 86, 88, 181, 63, 13, 124, 119, 155, 50, 194, 47, 30, 62, 125, 186, 12, 154, 44, 35, 118, 150, 18, 134, 161, 23, 152, 54, 163, 184, 42, 195, 185, 59]
[192, 103, 170, 21, 22, 87, 172, 138, 176, 142, 143, 159, 104, 76, 49, 158, 117, 105, 139, 182, 102, 15, 17, 95, 136, 91, 101, 199, 129, 43, 147, 40, 191, 16, 77, 1, 108, 41, 109, 81, 120, 146, 127, 111, 14, 32, 5, 82, 3, 167, 132, 65, 144, 198, 130, 156, 171, 34, 60, 175, 26, 70, 106, 31, 166, 174, 58, 135, 75, 96, 98, 7, 2, 84, 141, 9, 122, 107, 151, 37, 19, 79, 67, 110, 188, 69, 197, 66, 196, 61, 25, 100, 99, 55, 80, 46, 64, 140, 183, 36]
38856

[191, 16, 77, 1, 108, 109, 62, 47, 120, 81, 41, 119, 63, 32, 82, 181, 184, 42, 59, 164, 73, 167, 132, 65, 144, 198, 130, 177, 93, 179, 175, 26, 70, 160, 106, 166, 31, 97, 11, 173, 20, 122, 67, 9, 141, 2, 28, 7, 98, 27, 157, 10, 92, 121, 84, 72, 52, 169, 148, 69, 197, 38, 39, 116, 189, 188, 110, 193, 66, 196, 4, 131, 61, 25, 99, 55, 100, 149, 68, 74, 29, 133, 180, 168, 6, 83, 57, 153, 190, 163, 54, 143, 152, 23, 95, 136, 101, 43, 147, 40]
[114, 140, 183, 36, 71, 145, 45, 24, 8, 33, 56, 156, 171, 34, 60, 174, 58, 135, 75, 96, 90, 128, 94, 0, 89, 107, 165, 85, 48, 137, 151, 37, 19, 79, 126, 123, 64, 187, 78, 112, 80, 178, 46, 172, 138, 53, 162, 51, 185, 195, 115, 176, 142, 87, 22, 21, 170, 103, 192, 159, 104, 76, 102, 49, 158, 105, 139, 182, 15, 17, 161, 134, 150, 18, 129, 199, 91, 118, 35, 44, 154, 12, 186, 125, 30, 194, 155, 50, 127, 146, 111, 14, 5, 3, 113, 86, 88, 117, 124, 13]
39877

[48, 165, 107, 151, 145, 45, 24, 8, 33, 56, 168, 114, 71, 36, 183, 64, 187, 78, 112, 80, 178, 46, 22, 21, 134, 43, 147, 40, 191, 16, 186, 125, 12, 154, 15, 104, 17, 23, 152, 54, 163, 49, 158, 139, 182, 105, 117, 109, 62, 30, 47, 194, 50, 155, 120, 127, 111, 14, 82, 181, 88, 59, 156, 171, 34, 60, 70, 160, 106, 174, 75, 96, 90, 128, 27, 2, 94, 0, 173, 89, 20, 122, 141, 9, 188, 38, 148, 69, 197, 66, 196, 4, 131, 193, 110, 133, 180, 55, 99, 149]
[29, 74, 68, 61, 25, 100, 126, 123, 140, 172, 138, 87, 170, 142, 176, 190, 153, 53, 162, 115, 51, 57, 83, 6, 185, 195, 42, 184, 102, 76, 143, 103, 192, 159, 161, 136, 95, 118, 91, 150, 18, 129, 199, 101, 35, 44, 77, 1, 108, 41, 119, 124, 13, 63, 81, 146, 32, 5, 3, 86, 113, 167, 132, 65, 144, 164, 73, 198, 130, 177, 93, 179, 175, 26, 11, 97, 31, 166, 58, 135, 28, 7, 98, 157, 10, 92, 121, 84, 72, 52, 169, 39, 116, 189, 67, 85, 137, 37, 19, 79]
39150

[164, 59, 73, 144, 65, 132, 167, 113, 3, 32, 146, 81, 120, 155, 194, 47, 62, 125, 186, 12, 154, 15, 104, 17, 23, 152, 76, 102, 182, 139, 105, 117, 184, 158, 49, 54, 143, 103, 142, 153, 190, 46, 178, 80, 112, 78, 187, 64, 140, 114, 53, 162, 83, 6, 56, 93, 179, 175, 26, 70, 11, 106, 31, 166, 58, 135, 28, 2, 141, 188, 110, 67, 9, 122, 94, 0, 89, 20, 37, 74, 100, 55, 99, 25, 131, 4, 196, 66, 38, 197, 69, 148, 169, 52, 72, 84, 121, 92, 10, 157]
[41, 119, 124, 13, 63, 109, 108, 1, 77, 44, 35, 40, 191, 16, 30, 50, 127, 111, 14, 5, 82, 181, 86, 185, 195, 88, 42, 163, 176, 115, 51, 57, 168, 24, 33, 177, 198, 130, 156, 171, 34, 60, 174, 75, 96, 90, 128, 27, 98, 7, 97, 173, 160, 8, 45, 145, 151, 107, 165, 137, 85, 48, 180, 133, 189, 116, 39, 193, 61, 68, 149, 29, 19, 79, 126, 123, 183, 36, 71, 172, 138, 87, 170, 21, 22, 192, 159, 161, 134, 136, 95, 118, 91, 150, 18, 199, 101, 129, 43, 147]
41608

[129, 134, 18, 150, 199, 91, 118, 136, 161, 159, 192, 22, 21, 170, 87, 172, 138, 190, 153, 53, 114, 183, 140, 46, 187, 78, 112, 178, 80, 131, 4, 196, 66, 67, 9, 141, 84, 2, 28, 7, 98, 96, 75, 135, 58, 174, 166, 31, 106, 97, 122, 165, 85, 48, 137, 37, 151, 107, 20, 173, 11, 160, 70, 8, 24, 26, 175, 33, 56, 177, 167, 113, 73, 164, 42, 163, 49, 158, 184, 117, 105, 119, 124, 13, 63, 82, 3, 5, 146, 81, 41, 109, 154, 77, 16, 191, 40, 147, 43, 101]
[93, 179, 130, 198, 144, 65, 132, 86, 59, 88, 181, 32, 14, 111, 127, 120, 155, 50, 194, 47, 30, 62, 125, 186, 12, 108, 1, 15, 139, 182, 102, 76, 104, 17, 44, 35, 95, 23, 152, 143, 103, 54, 142, 176, 162, 115, 51, 195, 185, 6, 83, 57, 168, 71, 36, 64, 123, 126, 79, 19, 180, 133, 29, 74, 149, 100, 55, 99, 25, 68, 61, 193, 39, 116, 189, 110, 188, 38, 197, 69, 148, 169, 52, 72, 121, 92, 10, 157, 27, 128, 90, 94, 0, 89, 145, 45, 60, 34, 156, 171]
38654

[164, 73, 59, 132, 65, 144, 198, 177, 56, 6, 83, 57, 114, 36, 71, 37, 19, 79, 180, 133, 48, 85, 137, 165, 107, 45, 24, 8, 160, 106, 174, 166, 58, 135, 75, 96, 90, 128, 27, 98, 7, 28, 31, 97, 94, 0, 89, 20, 67, 110, 188, 189, 116, 39, 38, 197, 66, 196, 4, 131, 61, 55, 99, 25, 149, 100, 126, 123, 112, 78, 187, 64, 140, 138, 190, 153, 162, 51, 195, 185, 88, 82, 32, 146, 41, 15, 104, 17, 161, 134, 159, 152, 23, 76, 102, 182, 139, 105, 184, 117]
[176, 142, 170, 87, 22, 21, 103, 192, 143, 54, 49, 158, 163, 42, 115, 53, 172, 46, 80, 178, 183, 168, 33, 93, 179, 175, 26, 145, 151, 29, 74, 68, 193, 69, 148, 169, 52, 72, 84, 121, 92, 10, 157, 2, 141, 9, 122, 173, 11, 70, 60, 34, 171, 156, 130, 167, 113, 86, 3, 5, 14, 111, 127, 50, 155, 194, 47, 30, 62, 109, 120, 81, 63, 181, 13, 124, 119, 108, 1, 154, 12, 125, 186, 77, 16, 191, 40, 147, 101, 199, 43, 129, 18, 150, 91, 118, 35, 44, 136, 95]
40034

[165, 37, 19, 79, 29, 74, 126, 123, 55, 99, 4, 196, 66, 116, 189, 110, 188, 169, 52, 72, 84, 121, 92, 10, 98, 75, 58, 174, 106, 173, 11, 60, 34, 171, 156, 130, 177, 73, 164, 132, 167, 113, 86, 3, 14, 111, 146, 120, 127, 50, 62, 125, 186, 191, 40, 35, 44, 16, 77, 15, 182, 105, 124, 117, 49, 163, 54, 152, 161, 136, 91, 150, 18, 129, 134, 159, 143, 192, 103, 170, 142, 176, 190, 153, 53, 114, 183, 36, 71, 168, 56, 93, 179, 33, 8, 24, 45, 145, 151, 107]
[59, 185, 195, 88, 181, 82, 5, 32, 63, 13, 119, 81, 109, 41, 108, 1, 154, 12, 47, 155, 194, 30, 147, 43, 101, 199, 118, 95, 17, 23, 104, 76, 102, 139, 158, 184, 42, 115, 51, 83, 6, 57, 162, 21, 22, 87, 138, 172, 140, 46, 178, 80, 112, 78, 187, 64, 180, 133, 137, 85, 48, 68, 149, 100, 25, 61, 131, 193, 39, 197, 69, 148, 38, 67, 9, 122, 20, 89, 141, 2, 157, 27, 128, 90, 96, 7, 28, 135, 166, 31, 97, 94, 0, 160, 70, 26, 175, 198, 144, 65]
40899

[188, 52, 169, 39, 116, 193, 66, 196, 4, 131, 61, 25, 68, 74, 29, 79, 19, 37, 151, 145, 71, 36, 114, 190, 176, 142, 170, 192, 103, 54, 143, 159, 134, 18, 150, 101, 199, 129, 43, 147, 40, 191, 16, 15, 1, 108, 109, 62, 30, 47, 81, 41, 119, 124, 13, 63, 82, 132, 65, 144, 198, 177, 130, 156, 171, 34, 60, 179, 93, 73, 164, 56, 175, 24, 45, 8, 70, 160, 97, 31, 166, 174, 58, 135, 28, 7, 98, 96, 157, 10, 92, 121, 84, 72, 141, 122, 107, 165, 67, 9]
[106, 75, 90, 128, 27, 2, 94, 0, 173, 11, 89, 20, 38, 148, 69, 197, 189, 110, 48, 85, 137, 180, 133, 149, 100, 99, 55, 80, 178, 112, 78, 187, 126, 123, 64, 46, 140, 183, 172, 138, 87, 22, 21, 163, 49, 158, 105, 139, 182, 102, 76, 104, 152, 23, 17, 161, 95, 136, 91, 118, 35, 44, 77, 154, 12, 186, 125, 194, 50, 155, 120, 146, 127, 111, 14, 32, 5, 3, 167, 113, 86, 181, 117, 184, 42, 88, 59, 185, 195, 115, 153, 53, 162, 51, 57, 83, 6, 168, 33, 26]
38948

[56, 70, 160, 11, 173, 97, 31, 166, 58, 75, 98, 96, 90, 128, 27, 157, 2, 10, 92, 121, 141, 67, 29, 74, 39, 38, 66, 196, 4, 131, 61, 55, 80, 112, 78, 64, 19, 37, 145, 45, 24, 8, 33, 168, 57, 83, 6, 185, 195, 51, 53, 162, 115, 42, 163, 176, 153, 190, 138, 172, 87, 170, 21, 22, 192, 159, 95, 136, 101, 43, 147, 40, 191, 16, 77, 154, 12, 62, 30, 47, 194, 155, 50, 127, 120, 81, 63, 13, 124, 119, 139, 182, 102, 49, 158, 184, 88, 59, 164, 73]
[32, 146, 111, 14, 82, 181, 117, 105, 15, 1, 108, 41, 109, 125, 186, 44, 35, 118, 91, 150, 18, 199, 129, 134, 161, 17, 104, 76, 23, 152, 143, 103, 54, 142, 114, 71, 36, 183, 140, 46, 178, 187, 123, 126, 100, 99, 25, 149, 68, 193, 116, 189, 110, 133, 180, 79, 48, 85, 137, 165, 151, 107, 20, 89, 0, 94, 122, 9, 188, 197, 69, 148, 169, 52, 72, 84, 7, 28, 135, 174, 106, 34, 171, 156, 60, 26, 175, 179, 93, 177, 130, 198, 144, 65, 132, 167, 113, 86, 3, 5]
38418

[113, 86, 181, 82, 3, 5, 14, 111, 127, 32, 146, 120, 81, 63, 13, 124, 108, 1, 12, 154, 77, 191, 40, 147, 43, 129, 134, 161, 104, 76, 102, 182, 139, 184, 42, 163, 176, 142, 170, 21, 22, 87, 178, 80, 112, 78, 187, 79, 19, 137, 48, 85, 122, 141, 188, 189, 39, 196, 66, 38, 197, 69, 148, 169, 52, 72, 84, 121, 92, 10, 157, 27, 128, 90, 96, 98, 7, 2, 94, 0, 20, 89, 173, 11, 160, 24, 53, 162, 115, 51, 195, 167, 132, 177, 171, 156, 130, 198, 144, 65]
[41, 119, 117, 88, 185, 59, 164, 73, 93, 60, 34, 70, 106, 174, 166, 58, 75, 135, 28, 31, 97, 107, 151, 165, 9, 67, 110, 116, 193, 4, 131, 61, 68, 149, 25, 99, 55, 100, 123, 126, 74, 29, 133, 180, 37, 145, 45, 8, 26, 175, 179, 56, 33, 6, 83, 57, 168, 71, 36, 183, 140, 64, 46, 114, 153, 190, 172, 138, 103, 192, 143, 159, 23, 152, 54, 49, 158, 105, 15, 17, 95, 136, 150, 18, 199, 101, 91, 118, 35, 44, 16, 186, 125, 62, 109, 155, 50, 194, 47, 30]
40451

[16, 77, 109, 81, 120, 146, 32, 127, 111, 14, 5, 3, 82, 86, 113, 198, 130, 156, 171, 34, 106, 31, 166, 174, 58, 135, 75, 98, 96, 27, 157, 10, 92, 121, 84, 72, 52, 169, 39, 116, 189, 110, 68, 149, 100, 99, 55, 80, 178, 112, 78, 46, 172, 138, 87, 170, 142, 190, 153, 162, 53, 168, 24, 8, 160, 0, 94, 97, 173, 11, 70, 26, 60, 175, 179, 93, 56, 6, 83, 57, 51, 185, 195, 42, 163, 49, 117, 181, 63, 13, 124, 119, 41, 182, 102, 76, 104, 17, 35, 44]
[107, 20, 89, 28, 7, 90, 128, 2, 141, 122, 9, 188, 38, 148, 69, 197, 66, 196, 4, 131, 193, 61, 25, 74, 29, 133, 180, 19, 79, 126, 123, 187, 64, 140, 183, 114, 115, 176, 54, 103, 21, 22, 192, 143, 159, 152, 23, 161, 134, 136, 95, 118, 91, 150, 18, 199, 101, 129, 43, 147, 40, 191, 154, 12, 186, 125, 62, 30, 194, 50, 155, 47, 108, 1, 15, 105, 139, 158, 184, 88, 59, 164, 73, 167, 132, 65, 144, 177, 33, 45, 145, 71, 36, 37, 151, 165, 137, 85, 48, 67]
38870

[29, 133, 180, 19, 79, 74, 149, 100, 25, 99, 55, 126, 123, 64, 36, 114, 53, 162, 153, 87, 170, 21, 22, 192, 159, 152, 23, 104, 17, 35, 118, 95, 136, 18, 150, 91, 199, 101, 40, 191, 16, 44, 77, 1, 109, 47, 194, 155, 63, 124, 13, 181, 88, 42, 195, 51, 57, 83, 6, 56, 156, 171, 34, 60, 175, 26, 8, 24, 45, 145, 97, 31, 166, 2, 10, 92, 121, 141, 122, 20, 107, 151, 165, 9, 67, 110, 189, 188, 52, 169, 148, 69, 197, 38, 39, 66, 196, 4, 131, 68]
[94, 173, 11, 160, 70, 106, 174, 58, 135, 28, 7, 98, 75, 96, 90, 128, 27, 157, 84, 72, 116, 193, 61, 80, 112, 78, 187, 178, 46, 140, 183, 172, 138, 190, 115, 184, 117, 158, 49, 163, 176, 142, 103, 143, 54, 76, 102, 182, 139, 105, 119, 41, 108, 15, 161, 134, 129, 43, 147, 154, 12, 186, 125, 62, 30, 50, 127, 146, 120, 81, 32, 111, 14, 5, 3, 82, 185, 59, 73, 164, 86, 113, 167, 132, 65, 144, 198, 130, 177, 93, 179, 33, 168, 71, 37, 137, 48, 85, 89, 0]
40135

[195, 42, 88, 185, 56, 179, 93, 177, 130, 156, 171, 34, 60, 26, 8, 24, 45, 89, 0, 94, 173, 11, 160, 70, 106, 97, 31, 166, 174, 58, 135, 28, 7, 98, 75, 96, 90, 128, 27, 157, 2, 141, 67, 110, 189, 116, 39, 38, 66, 196, 4, 131, 48, 37, 19, 126, 78, 187, 123, 33, 6, 83, 57, 51, 115, 153, 190, 138, 172, 87, 22, 192, 159, 161, 95, 136, 199, 101, 40, 16, 77, 1, 108, 139, 105, 124, 63, 32, 146, 155, 50, 127, 111, 14, 5, 3, 86, 59, 73, 164]
[133, 180, 79, 74, 149, 100, 25, 99, 55, 80, 112, 178, 46, 64, 140, 183, 36, 71, 168, 114, 53, 162, 176, 142, 170, 21, 103, 54, 143, 152, 23, 104, 17, 44, 35, 118, 91, 150, 18, 134, 129, 43, 147, 191, 154, 12, 186, 125, 62, 30, 47, 194, 120, 81, 109, 41, 119, 15, 76, 102, 182, 158, 49, 163, 184, 117, 13, 181, 82, 113, 167, 132, 65, 144, 198, 175, 145, 151, 107, 165, 137, 85, 20, 122, 9, 188, 84, 10, 92, 121, 72, 52, 169, 148, 69, 197, 193, 61, 68, 29]
39167

[179, 93, 56, 73, 6, 33, 8, 24, 45, 145, 151, 89, 97, 135, 28, 7, 98, 75, 96, 90, 128, 27, 157, 121, 84, 72, 52, 169, 148, 69, 197, 38, 9, 122, 107, 165, 137, 85, 48, 149, 68, 193, 66, 196, 4, 131, 61, 25, 100, 99, 55, 80, 178, 112, 78, 187, 140, 114, 57, 83, 51, 172, 138, 87, 103, 192, 143, 152, 23, 161, 134, 129, 43, 147, 101, 199, 91, 118, 35, 44, 77, 1, 108, 194, 50, 155, 120, 146, 127, 111, 3, 132, 65, 144, 198, 130, 60, 34, 171, 156]
[104, 17, 76, 15, 102, 182, 139, 105, 158, 49, 163, 184, 117, 88, 42, 195, 185, 59, 164, 86, 113, 167, 177, 175, 26, 70, 106, 31, 166, 174, 58, 2, 10, 92, 141, 188, 189, 39, 116, 110, 67, 20, 0, 94, 173, 11, 160, 168, 71, 36, 183, 64, 123, 79, 19, 37, 180, 133, 29, 74, 126, 46, 22, 21, 170, 142, 176, 190, 153, 53, 162, 115, 54, 159, 95, 136, 18, 150, 40, 191, 16, 154, 12, 186, 125, 62, 30, 47, 109, 81, 41, 119, 124, 13, 63, 32, 14, 5, 82, 181]
41518

[61, 68, 149, 74, 29, 79, 19, 37, 151, 107, 165, 137, 85, 48, 67, 9, 141, 94, 28, 7, 98, 135, 31, 97, 0, 89, 173, 11, 160, 8, 24, 45, 145, 71, 168, 57, 83, 6, 33, 56, 179, 93, 177, 144, 65, 3, 82, 181, 5, 14, 32, 146, 111, 127, 50, 155, 194, 30, 47, 120, 81, 41, 108, 119, 124, 13, 117, 163, 176, 142, 17, 95, 136, 150, 18, 199, 91, 118, 35, 44, 16, 191, 40, 147, 101, 43, 129, 134, 161, 192, 87, 138, 172, 64, 123, 126, 100, 25, 99, 55]
[105, 139, 182, 102, 54, 170, 22, 21, 103, 143, 159, 152, 23, 104, 76, 15, 1, 77, 154, 12, 186, 125, 62, 109, 63, 88, 195, 185, 59, 73, 164, 86, 113, 167, 132, 198, 130, 156, 171, 34, 60, 175, 26, 70, 106, 174, 166, 58, 75, 96, 90, 128, 27, 157, 2, 10, 92, 121, 84, 72, 52, 169, 148, 69, 197, 38, 66, 196, 4, 131, 193, 39, 116, 189, 188, 110, 122, 20, 133, 180, 187, 78, 112, 80, 178, 46, 140, 183, 36, 114, 190, 153, 53, 162, 115, 51, 42, 184, 158, 49]
36780

[46, 140, 172, 138, 87, 22, 21, 170, 142, 54, 103, 192, 143, 159, 152, 23, 17, 95, 118, 147, 40, 35, 44, 16, 191, 186, 125, 109, 108, 1, 15, 49, 163, 176, 190, 153, 162, 53, 168, 33, 6, 83, 57, 185, 195, 88, 184, 105, 119, 41, 81, 146, 127, 111, 14, 32, 5, 3, 82, 181, 86, 59, 164, 73, 56, 175, 26, 8, 24, 20, 89, 173, 97, 28, 90, 128, 27, 157, 2, 141, 122, 9, 67, 188, 148, 69, 197, 66, 196, 116, 189, 110, 133, 29, 74, 100, 99, 55, 80, 178]
[112, 78, 123, 126, 149, 68, 25, 61, 131, 4, 193, 39, 38, 169, 52, 72, 84, 121, 92, 10, 7, 98, 96, 75, 135, 58, 174, 166, 31, 94, 0, 107, 151, 165, 137, 85, 48, 180, 79, 19, 37, 145, 45, 160, 11, 106, 70, 179, 93, 60, 34, 171, 156, 130, 177, 198, 144, 65, 132, 167, 113, 117, 124, 13, 63, 120, 155, 50, 194, 47, 30, 62, 12, 154, 77, 136, 18, 150, 91, 199, 101, 43, 129, 134, 161, 104, 76, 102, 182, 139, 158, 42, 115, 51, 114, 71, 36, 183, 64, 187]
38390

[69, 197, 148, 169, 38, 39, 189, 116, 193, 66, 196, 4, 131, 61, 25, 100, 149, 133, 67, 9, 48, 85, 137, 151, 37, 19, 79, 180, 29, 74, 78, 112, 80, 178, 46, 187, 123, 64, 140, 183, 36, 172, 138, 190, 153, 53, 168, 57, 83, 6, 56, 195, 42, 139, 182, 102, 76, 104, 23, 17, 44, 35, 191, 16, 15, 1, 108, 124, 13, 63, 81, 120, 155, 50, 127, 146, 32, 111, 14, 5, 3, 132, 65, 144, 177, 93, 179, 106, 174, 75, 96, 90, 128, 27, 157, 2, 10, 92, 72, 52]
[51, 115, 162, 176, 142, 170, 87, 22, 21, 192, 103, 54, 143, 159, 152, 161, 134, 136, 95, 118, 91, 150, 18, 199, 129, 43, 101, 147, 40, 77, 154, 12, 186, 125, 62, 30, 194, 47, 109, 41, 119, 105, 158, 49, 163, 185, 59, 73, 164, 88, 184, 117, 181, 82, 86, 113, 167, 198, 130, 156, 171, 34, 60, 175, 26, 33, 24, 145, 45, 8, 70, 160, 11, 173, 97, 31, 166, 58, 135, 98, 7, 28, 94, 0, 89, 20, 107, 165, 122, 141, 121, 84, 188, 110, 68, 99, 55, 126, 71, 114]
38604

[93, 73, 164, 59, 185, 195, 57, 83, 6, 33, 8, 24, 45, 145, 151, 37, 19, 79, 180, 133, 48, 85, 137, 165, 107, 122, 141, 94, 0, 173, 11, 106, 97, 31, 166, 174, 58, 135, 28, 7, 2, 84, 52, 169, 148, 38, 193, 61, 25, 74, 29, 64, 183, 36, 71, 168, 114, 153, 190, 159, 152, 23, 104, 17, 44, 35, 118, 91, 101, 147, 40, 191, 16, 186, 30, 194, 155, 50, 127, 111, 14, 32, 146, 120, 81, 41, 108, 1, 105, 184, 88, 5, 3, 86, 113, 167, 198, 130, 156, 179]
[178, 112, 78, 187, 123, 126, 100, 149, 68, 116, 39, 189, 188, 110, 67, 9, 20, 89, 160, 70, 26, 175, 60, 34, 171, 75, 98, 96, 90, 128, 27, 157, 10, 92, 121, 72, 69, 197, 66, 196, 4, 131, 99, 55, 80, 46, 140, 172, 138, 53, 162, 51, 115, 176, 142, 170, 87, 22, 21, 192, 161, 134, 129, 43, 199, 18, 150, 136, 95, 77, 154, 12, 125, 62, 47, 109, 119, 124, 13, 63, 82, 181, 117, 139, 182, 102, 15, 76, 143, 103, 54, 49, 158, 163, 42, 132, 65, 144, 177, 56]
41783

[111, 127, 146, 120, 47, 109, 41, 119, 108, 1, 62, 125, 186, 12, 154, 35, 118, 91, 136, 95, 44, 76, 102, 54, 143, 103, 21, 170, 142, 176, 190, 153, 162, 53, 57, 83, 6, 33, 168, 183, 140, 64, 46, 80, 74, 29, 180, 133, 68, 149, 100, 55, 99, 25, 61, 131, 4, 193, 38, 169, 188, 67, 48, 85, 137, 165, 107, 122, 141, 2, 128, 90, 98, 7, 28, 135, 31, 106, 70, 26, 175, 60, 34, 171, 156, 130, 198, 177, 73, 164, 144, 65, 132, 167, 113, 86, 3, 5, 14, 32]
[45, 8, 24, 145, 151, 89, 0, 20, 9, 110, 189, 116, 39, 196, 66, 197, 69, 148, 52, 72, 84, 121, 92, 10, 157, 27, 96, 75, 58, 174, 166, 97, 94, 173, 11, 160, 179, 93, 56, 59, 185, 195, 51, 115, 42, 88, 181, 82, 63, 81, 155, 50, 194, 30, 124, 13, 117, 184, 163, 49, 158, 105, 139, 182, 15, 77, 16, 191, 40, 147, 101, 43, 129, 199, 150, 18, 134, 161, 17, 104, 23, 152, 159, 192, 22, 87, 138, 172, 114, 71, 36, 123, 187, 178, 112, 78, 126, 79, 19, 37]
38772

[133, 29, 74, 126, 123, 64, 140, 183, 36, 172, 22, 21, 192, 143, 159, 161, 134, 18, 150, 91, 136, 95, 118, 35, 44, 17, 76, 102, 182, 139, 105, 117, 119, 41, 108, 1, 12, 186, 125, 62, 30, 47, 194, 155, 50, 146, 32, 14, 5, 82, 181, 88, 86, 93, 179, 175, 26, 70, 106, 31, 166, 174, 58, 75, 135, 28, 7, 98, 96, 27, 157, 10, 92, 121, 84, 72, 197, 66, 196, 4, 131, 189, 110, 67, 9, 122, 20, 89, 160, 45, 24, 8, 33, 6, 83, 57, 168, 145, 79, 180]
[124, 13, 63, 77, 16, 101, 199, 129, 43, 147, 40, 191, 154, 109, 81, 120, 127, 111, 3, 113, 167, 132, 65, 144, 198, 73, 164, 59, 185, 195, 42, 184, 158, 49, 163, 115, 51, 56, 177, 130, 156, 171, 34, 60, 11, 173, 97, 0, 94, 90, 128, 2, 141, 188, 52, 169, 148, 69, 38, 39, 116, 193, 61, 25, 99, 55, 80, 112, 178, 46, 187, 78, 100, 149, 68, 48, 85, 137, 165, 107, 151, 37, 19, 71, 114, 53, 162, 153, 190, 176, 138, 87, 170, 142, 103, 54, 152, 23, 104, 15]
39321

[1, 119, 124, 15, 104, 77, 154, 12, 186, 125, 62, 30, 47, 120, 81, 146, 14, 32, 63, 181, 82, 86, 73, 164, 88, 42, 163, 176, 153, 190, 114, 36, 71, 168, 57, 83, 6, 56, 175, 179, 93, 177, 198, 130, 156, 171, 34, 60, 26, 70, 106, 135, 28, 7, 98, 157, 10, 92, 121, 84, 72, 141, 122, 165, 107, 151, 145, 37, 19, 79, 180, 133, 137, 85, 48, 67, 110, 189, 116, 39, 193, 61, 68, 149, 112, 80, 178, 78, 187, 46, 172, 138, 54, 152, 134, 129, 43, 101, 147, 40]
[99, 25, 131, 4, 196, 66, 38, 197, 69, 148, 169, 52, 188, 9, 20, 89, 0, 94, 2, 27, 128, 90, 96, 75, 58, 174, 166, 31, 97, 173, 11, 160, 45, 24, 8, 33, 51, 115, 195, 185, 59, 113, 167, 132, 144, 65, 3, 5, 111, 127, 50, 155, 194, 109, 108, 41, 13, 117, 184, 49, 158, 105, 139, 182, 102, 76, 23, 17, 44, 16, 191, 35, 118, 91, 199, 18, 150, 136, 95, 161, 159, 143, 192, 103, 21, 22, 87, 170, 142, 162, 53, 183, 140, 64, 123, 126, 29, 74, 100, 55]
38247

[113, 167, 132, 65, 144, 198, 130, 177, 179, 175, 60, 106, 97, 31, 166, 174, 58, 135, 28, 7, 98, 75, 96, 90, 128, 27, 157, 92, 84, 169, 38, 39, 193, 68, 149, 99, 55, 78, 187, 74, 133, 107, 20, 89, 0, 173, 26, 33, 6, 53, 114, 36, 183, 140, 46, 22, 21, 103, 54, 152, 23, 76, 104, 17, 95, 136, 18, 150, 91, 101, 199, 129, 43, 147, 40, 191, 16, 77, 108, 41, 109, 120, 146, 81, 63, 13, 124, 119, 182, 139, 105, 117, 184, 42, 88, 164, 73, 59, 185, 195]
[110, 116, 189, 188, 67, 48, 85, 137, 165, 122, 9, 141, 94, 2, 10, 121, 72, 52, 148, 69, 197, 66, 196, 4, 131, 61, 25, 100, 112, 80, 178, 64, 123, 126, 29, 180, 79, 19, 37, 71, 168, 83, 57, 51, 115, 162, 176, 153, 190, 138, 172, 87, 170, 192, 143, 159, 161, 134, 118, 35, 44, 102, 142, 163, 49, 158, 15, 1, 154, 12, 186, 125, 62, 30, 47, 194, 155, 50, 127, 111, 14, 32, 5, 3, 82, 181, 86, 56, 93, 156, 171, 34, 70, 11, 160, 8, 24, 45, 145, 151]
40452

[63, 81, 146, 127, 111, 14, 5, 3, 167, 132, 65, 144, 60, 106, 11, 97, 31, 166, 174, 58, 135, 28, 7, 98, 75, 96, 90, 128, 27, 157, 2, 84, 188, 9, 67, 110, 189, 38, 148, 69, 197, 66, 196, 61, 25, 68, 149, 100, 99, 55, 80, 178, 112, 78, 187, 46, 64, 123, 126, 74, 29, 180, 133, 48, 85, 137, 165, 107, 20, 145, 45, 24, 8, 33, 93, 56, 51, 115, 162, 53, 153, 190, 176, 87, 170, 142, 163, 49, 105, 139, 182, 102, 44, 118, 35, 77, 154, 12, 108, 41]
[171, 34, 70, 160, 173, 94, 0, 89, 122, 141, 10, 92, 121, 72, 52, 169, 39, 116, 4, 131, 193, 79, 19, 37, 151, 26, 175, 179, 59, 185, 195, 6, 83, 57, 168, 114, 71, 36, 183, 140, 172, 138, 22, 21, 103, 54, 143, 192, 159, 152, 23, 76, 104, 17, 161, 95, 136, 134, 18, 150, 91, 199, 129, 43, 101, 147, 40, 191, 16, 186, 125, 62, 1, 15, 124, 13, 119, 109, 47, 30, 194, 50, 155, 120, 32, 82, 181, 117, 158, 184, 42, 88, 86, 113, 164, 73, 177, 198, 130, 156]
38699

[81, 120, 146, 127, 111, 14, 5, 3, 132, 167, 113, 86, 181, 82, 32, 63, 13, 124, 117, 195, 57, 83, 6, 56, 177, 130, 156, 171, 34, 60, 26, 70, 160, 97, 31, 28, 2, 121, 84, 72, 148, 69, 197, 38, 39, 193, 25, 99, 55, 80, 112, 178, 140, 183, 64, 123, 100, 149, 68, 116, 189, 188, 110, 67, 48, 85, 137, 37, 19, 71, 36, 114, 190, 103, 143, 54, 76, 102, 15, 1, 77, 44, 91, 150, 199, 16, 154, 12, 108, 119, 41, 109, 47, 155, 50, 194, 30, 62, 186, 125]
[142, 153, 53, 162, 176, 163, 49, 182, 139, 105, 158, 184, 88, 42, 115, 51, 185, 59, 164, 73, 65, 144, 198, 93, 179, 175, 33, 168, 24, 8, 45, 145, 151, 165, 107, 89, 173, 11, 106, 174, 166, 58, 135, 75, 7, 98, 96, 90, 128, 27, 157, 10, 92, 141, 94, 0, 20, 122, 9, 52, 169, 66, 196, 4, 131, 61, 74, 29, 133, 180, 79, 126, 187, 78, 46, 172, 138, 87, 170, 21, 22, 192, 159, 152, 23, 104, 17, 161, 134, 18, 136, 95, 118, 35, 191, 40, 147, 101, 43, 129]
41385

[172, 138, 36, 183, 140, 46, 178, 80, 112, 78, 187, 64, 123, 126, 100, 149, 25, 61, 131, 4, 196, 66, 188, 141, 9, 133, 74, 29, 180, 137, 165, 151, 145, 89, 173, 11, 160, 70, 45, 24, 8, 33, 26, 60, 175, 56, 6, 83, 57, 42, 49, 163, 176, 162, 53, 153, 190, 142, 54, 103, 143, 159, 161, 95, 136, 101, 199, 129, 43, 147, 40, 191, 16, 186, 125, 109, 62, 30, 47, 194, 50, 155, 120, 81, 41, 119, 124, 13, 117, 88, 185, 59, 86, 113, 167, 198, 130, 177, 93, 179]
[51, 115, 195, 73, 164, 184, 158, 105, 139, 182, 102, 76, 104, 17, 23, 152, 170, 87, 22, 21, 192, 134, 18, 150, 91, 118, 35, 44, 77, 154, 12, 108, 1, 15, 63, 181, 82, 32, 146, 127, 111, 14, 5, 3, 132, 65, 144, 156, 171, 34, 106, 174, 166, 31, 97, 0, 94, 2, 7, 98, 28, 135, 58, 75, 96, 90, 128, 27, 157, 10, 92, 121, 84, 72, 52, 169, 148, 69, 197, 38, 39, 193, 116, 189, 110, 67, 122, 20, 107, 37, 19, 79, 85, 48, 68, 99, 55, 71, 168, 114]
40369

[6, 83, 42, 184, 158, 102, 76, 15, 182, 139, 105, 119, 41, 81, 181, 82, 86, 113, 167, 5, 14, 111, 127, 50, 155, 194, 47, 109, 108, 1, 154, 12, 125, 186, 191, 40, 147, 43, 101, 199, 129, 134, 136, 95, 17, 104, 23, 152, 143, 192, 103, 21, 22, 138, 183, 140, 64, 187, 78, 112, 100, 149, 68, 67, 110, 189, 116, 38, 197, 69, 148, 169, 52, 72, 84, 121, 92, 10, 2, 97, 11, 160, 89, 20, 107, 165, 180, 79, 19, 37, 151, 145, 45, 70, 34, 60, 175, 179, 93, 56]
[137, 133, 29, 74, 99, 55, 80, 178, 126, 123, 46, 172, 87, 170, 142, 54, 159, 161, 18, 150, 91, 118, 35, 44, 16, 77, 62, 30, 120, 146, 32, 3, 132, 65, 144, 198, 130, 177, 73, 164, 59, 88, 117, 13, 63, 124, 49, 163, 176, 190, 153, 53, 162, 115, 51, 195, 185, 57, 114, 36, 71, 168, 33, 24, 8, 26, 156, 171, 106, 173, 0, 94, 31, 166, 174, 58, 135, 28, 7, 98, 75, 96, 90, 128, 27, 157, 141, 122, 9, 188, 39, 66, 196, 4, 131, 193, 61, 25, 48, 85]
40444

[113, 88, 184, 158, 49, 142, 176, 162, 51, 57, 83, 6, 168, 71, 19, 79, 180, 37, 151, 107, 165, 137, 85, 122, 20, 0, 94, 173, 89, 145, 45, 24, 8, 33, 56, 164, 73, 130, 156, 171, 34, 106, 174, 166, 135, 28, 7, 2, 121, 84, 72, 52, 197, 66, 196, 4, 131, 61, 193, 116, 188, 9, 67, 48, 133, 29, 74, 100, 112, 78, 187, 126, 123, 64, 140, 183, 36, 172, 103, 54, 23, 17, 161, 95, 136, 150, 18, 199, 101, 16, 77, 1, 108, 41, 109, 81, 63, 181, 82, 167]
[59, 132, 65, 144, 198, 177, 93, 179, 175, 60, 26, 70, 160, 11, 97, 31, 58, 75, 98, 96, 90, 128, 27, 157, 10, 92, 141, 169, 148, 69, 38, 39, 189, 110, 68, 149, 25, 99, 55, 80, 178, 46, 114, 53, 153, 190, 138, 87, 170, 21, 22, 192, 143, 159, 152, 104, 76, 102, 182, 139, 105, 117, 13, 124, 119, 15, 44, 35, 118, 91, 134, 129, 43, 147, 40, 191, 154, 12, 186, 125, 62, 30, 47, 194, 50, 155, 120, 127, 111, 146, 32, 14, 5, 3, 86, 185, 195, 42, 163, 115]
39485

[45, 145, 151, 107, 165, 85, 137, 37, 19, 79, 71, 36, 183, 140, 46, 187, 64, 123, 126, 133, 48, 67, 9, 110, 189, 116, 193, 39, 38, 197, 69, 148, 169, 52, 72, 84, 121, 2, 28, 135, 106, 70, 179, 93, 56, 6, 83, 86, 181, 82, 3, 5, 32, 14, 111, 127, 146, 120, 81, 63, 184, 115, 176, 142, 54, 76, 102, 182, 15, 12, 154, 77, 40, 147, 43, 129, 199, 136, 95, 17, 104, 23, 152, 143, 192, 22, 21, 170, 87, 172, 138, 190, 153, 53, 162, 51, 57, 168, 33, 24]
[177, 130, 198, 144, 65, 132, 167, 113, 73, 164, 59, 185, 195, 88, 42, 163, 49, 158, 139, 105, 117, 13, 124, 119, 41, 108, 1, 109, 47, 155, 50, 194, 30, 62, 125, 186, 191, 16, 44, 35, 118, 101, 91, 150, 18, 134, 161, 159, 103, 114, 180, 29, 74, 78, 112, 178, 80, 55, 99, 100, 149, 68, 25, 61, 131, 4, 196, 66, 188, 92, 10, 157, 27, 128, 90, 96, 98, 7, 75, 58, 174, 166, 31, 97, 0, 94, 141, 122, 20, 89, 173, 11, 160, 8, 26, 175, 60, 34, 171, 156]
38749

[18, 129, 199, 101, 91, 118, 35, 44, 77, 154, 12, 186, 125, 194, 155, 50, 127, 146, 111, 14, 5, 32, 63, 119, 124, 13, 82, 3, 65, 144, 156, 171, 70, 160, 89, 20, 122, 9, 141, 84, 121, 72, 52, 169, 148, 69, 197, 38, 39, 66, 196, 4, 131, 68, 74, 29, 180, 133, 137, 165, 107, 151, 145, 168, 71, 36, 183, 64, 187, 78, 112, 80, 178, 46, 140, 114, 57, 83, 51, 115, 162, 53, 153, 138, 172, 87, 170, 22, 21, 103, 192, 143, 54, 139, 182, 102, 17, 95, 136, 150]
[126, 149, 100, 55, 99, 25, 61, 193, 116, 189, 188, 92, 10, 2, 157, 27, 128, 90, 96, 98, 7, 28, 135, 75, 58, 174, 166, 31, 97, 94, 0, 173, 11, 106, 34, 60, 177, 130, 198, 132, 167, 113, 86, 181, 81, 120, 47, 30, 62, 109, 41, 108, 1, 15, 104, 76, 152, 23, 16, 191, 40, 147, 43, 134, 161, 159, 142, 190, 176, 163, 49, 158, 105, 117, 184, 42, 88, 195, 185, 59, 164, 73, 6, 33, 56, 93, 179, 175, 26, 8, 24, 45, 67, 110, 48, 85, 37, 19, 79, 123]
38696

[25, 61, 116, 189, 188, 72, 84, 121, 92, 10, 157, 27, 128, 90, 96, 75, 98, 7, 94, 0, 89, 20, 141, 122, 165, 26, 60, 34, 171, 156, 130, 177, 198, 144, 65, 132, 167, 113, 86, 195, 115, 42, 49, 158, 139, 182, 102, 76, 104, 15, 105, 181, 82, 3, 5, 14, 32, 63, 13, 120, 155, 50, 194, 47, 30, 62, 125, 186, 12, 154, 191, 40, 147, 43, 129, 199, 101, 150, 18, 134, 161, 17, 23, 152, 54, 163, 176, 142, 170, 21, 87, 138, 172, 140, 78, 112, 55, 99, 100, 149]
[19, 37, 151, 107, 145, 45, 8, 24, 168, 6, 83, 57, 51, 162, 53, 153, 190, 114, 71, 36, 183, 64, 123, 126, 187, 178, 80, 46, 22, 192, 103, 143, 159, 95, 136, 91, 118, 35, 44, 16, 77, 1, 108, 109, 127, 111, 146, 81, 41, 119, 124, 117, 184, 88, 185, 59, 164, 73, 93, 179, 175, 56, 33, 70, 160, 11, 173, 97, 106, 31, 166, 174, 58, 135, 28, 2, 52, 169, 148, 69, 197, 38, 39, 66, 196, 4, 131, 193, 110, 9, 67, 48, 85, 137, 133, 180, 29, 68, 74, 79]
38520

[45, 145, 151, 85, 67, 110, 189, 116, 39, 38, 66, 196, 4, 131, 193, 61, 25, 99, 55, 100, 149, 68, 79, 19, 37, 71, 36, 172, 138, 87, 22, 21, 170, 176, 115, 163, 158, 49, 54, 103, 192, 159, 134, 136, 118, 91, 150, 18, 199, 129, 43, 101, 147, 40, 191, 12, 186, 125, 62, 30, 120, 146, 5, 3, 82, 181, 86, 113, 167, 185, 195, 51, 57, 83, 6, 168, 175, 60, 156, 171, 34, 26, 70, 173, 97, 31, 58, 75, 7, 98, 96, 90, 128, 27, 157, 10, 92, 141, 0, 94]
[81, 109, 47, 194, 155, 50, 127, 111, 14, 32, 63, 13, 117, 184, 42, 88, 59, 164, 73, 132, 65, 144, 198, 130, 177, 93, 179, 56, 33, 24, 8, 160, 11, 106, 174, 166, 135, 28, 2, 121, 84, 72, 52, 169, 148, 69, 197, 188, 9, 122, 20, 89, 107, 165, 137, 48, 133, 180, 29, 74, 126, 123, 187, 78, 112, 80, 178, 46, 64, 140, 183, 114, 53, 162, 153, 190, 142, 143, 152, 23, 17, 161, 95, 35, 44, 16, 77, 154, 1, 108, 41, 15, 104, 76, 102, 182, 139, 105, 119, 124]
37782

[198, 144, 65, 132, 167, 113, 73, 164, 86, 88, 117, 119, 124, 13, 63, 32, 14, 111, 127, 50, 155, 194, 30, 47, 109, 41, 108, 1, 77, 16, 44, 17, 104, 76, 15, 102, 182, 139, 105, 184, 42, 115, 51, 195, 185, 59, 6, 83, 57, 168, 64, 123, 126, 187, 78, 112, 55, 99, 25, 61, 116, 169, 52, 72, 84, 121, 92, 10, 128, 90, 96, 58, 174, 166, 97, 173, 89, 107, 151, 165, 137, 133, 180, 29, 74, 79, 19, 37, 145, 45, 24, 8, 33, 26, 175, 179, 93, 56, 130, 177]
[161, 134, 136, 150, 18, 199, 129, 43, 101, 91, 118, 95, 35, 147, 40, 191, 154, 12, 186, 125, 62, 120, 146, 81, 181, 82, 5, 3, 156, 171, 34, 60, 70, 160, 11, 106, 31, 28, 135, 75, 98, 7, 27, 157, 2, 94, 0, 20, 122, 141, 9, 67, 188, 189, 39, 38, 148, 69, 197, 66, 196, 4, 131, 193, 110, 85, 48, 68, 149, 100, 80, 178, 46, 140, 183, 36, 71, 114, 172, 138, 190, 153, 53, 162, 176, 142, 170, 87, 22, 21, 192, 159, 152, 23, 158, 49, 163, 54, 143, 103]
37869

[139, 102, 76, 104, 152, 23, 17, 44, 95, 118, 101, 43, 129, 199, 91, 150, 18, 136, 134, 161, 159, 143, 192, 21, 103, 54, 163, 42, 51, 115, 53, 162, 176, 153, 36, 183, 140, 46, 79, 19, 37, 151, 107, 89, 20, 122, 9, 67, 85, 48, 180, 29, 74, 100, 99, 25, 61, 196, 66, 197, 69, 148, 169, 52, 72, 84, 121, 2, 7, 98, 28, 58, 174, 166, 97, 94, 0, 173, 11, 160, 179, 93, 177, 130, 198, 144, 65, 132, 167, 181, 63, 13, 124, 119, 108, 1, 12, 154, 15, 182]
[64, 123, 126, 187, 78, 112, 178, 80, 55, 149, 133, 137, 165, 145, 45, 24, 8, 33, 56, 6, 83, 57, 168, 71, 114, 190, 138, 172, 87, 22, 170, 142, 49, 158, 105, 184, 117, 41, 109, 77, 35, 147, 40, 191, 16, 186, 125, 62, 30, 47, 194, 50, 155, 120, 81, 146, 127, 111, 14, 32, 5, 82, 3, 113, 86, 88, 195, 185, 59, 164, 73, 156, 171, 34, 60, 175, 26, 70, 106, 31, 135, 75, 96, 90, 128, 27, 157, 10, 92, 141, 188, 110, 189, 116, 39, 38, 4, 131, 193, 68]
39111

[126, 123, 187, 78, 112, 80, 178, 46, 170, 54, 49, 158, 105, 1, 15, 76, 104, 17, 161, 134, 18, 150, 136, 95, 77, 154, 12, 108, 41, 81, 120, 146, 127, 111, 14, 32, 63, 181, 82, 5, 3, 65, 144, 198, 73, 164, 59, 93, 179, 177, 130, 156, 171, 34, 60, 70, 160, 11, 173, 97, 2, 10, 92, 121, 84, 72, 52, 169, 148, 197, 66, 196, 4, 131, 193, 116, 189, 188, 110, 67, 9, 141, 122, 20, 145, 45, 24, 8, 33, 168, 6, 83, 57, 51, 42, 115, 53, 114, 140, 64]
[13, 124, 119, 109, 47, 155, 50, 194, 30, 62, 125, 186, 191, 40, 147, 43, 129, 199, 101, 91, 118, 35, 16, 44, 23, 159, 143, 152, 102, 182, 139, 117, 184, 163, 176, 162, 153, 190, 142, 103, 192, 21, 22, 87, 138, 172, 183, 36, 71, 37, 19, 79, 180, 29, 74, 100, 55, 99, 25, 61, 39, 69, 38, 68, 149, 133, 48, 85, 137, 165, 151, 107, 89, 0, 94, 28, 7, 98, 157, 27, 128, 90, 96, 75, 135, 58, 174, 166, 31, 106, 26, 175, 56, 185, 195, 88, 86, 132, 167, 113]
39358

[154, 12, 77, 1, 15, 182, 139, 105, 158, 184, 117, 13, 124, 119, 41, 108, 109, 47, 194, 50, 155, 81, 63, 5, 3, 86, 113, 167, 132, 65, 144, 198, 130, 156, 171, 34, 60, 175, 179, 93, 56, 177, 73, 164, 59, 185, 195, 83, 6, 33, 24, 45, 145, 37, 19, 79, 180, 48, 85, 110, 67, 9, 141, 2, 28, 166, 174, 58, 98, 7, 157, 10, 92, 121, 84, 188, 189, 193, 61, 25, 149, 100, 112, 178, 78, 187, 126, 123, 64, 140, 172, 138, 87, 170, 22, 21, 103, 142, 176, 163]
[26, 8, 160, 70, 106, 11, 173, 89, 0, 94, 97, 31, 135, 75, 96, 90, 128, 27, 72, 52, 169, 122, 20, 107, 151, 165, 137, 133, 29, 74, 68, 116, 39, 38, 148, 69, 197, 66, 196, 4, 131, 99, 55, 80, 46, 183, 36, 71, 168, 114, 153, 190, 54, 143, 192, 159, 152, 23, 104, 17, 161, 95, 136, 150, 18, 134, 129, 43, 101, 199, 91, 118, 147, 40, 191, 16, 35, 44, 186, 125, 62, 30, 120, 146, 127, 111, 14, 32, 82, 181, 102, 76, 49, 88, 42, 51, 115, 162, 53, 57]
39864

[29, 74, 149, 68, 110, 38, 69, 148, 188, 141, 27, 128, 90, 96, 75, 98, 7, 28, 135, 58, 174, 166, 31, 97, 106, 70, 26, 130, 198, 144, 65, 132, 177, 56, 33, 6, 83, 57, 51, 115, 163, 184, 117, 13, 63, 124, 119, 105, 139, 182, 102, 76, 152, 23, 17, 104, 15, 1, 108, 12, 154, 77, 44, 16, 191, 40, 147, 101, 43, 129, 199, 18, 150, 136, 95, 161, 159, 143, 54, 103, 192, 22, 21, 170, 87, 46, 178, 80, 112, 78, 187, 126, 123, 64, 140, 183, 36, 19, 79, 180]
[169, 197, 66, 196, 4, 131, 39, 189, 116, 193, 61, 25, 99, 55, 100, 133, 67, 9, 122, 20, 89, 107, 165, 85, 48, 137, 151, 37, 71, 114, 172, 138, 142, 134, 91, 118, 35, 186, 125, 62, 30, 194, 50, 155, 120, 47, 109, 41, 81, 146, 127, 111, 14, 32, 5, 3, 82, 181, 86, 113, 167, 73, 164, 59, 185, 195, 88, 42, 158, 49, 176, 190, 153, 162, 53, 168, 145, 45, 24, 8, 175, 179, 93, 156, 171, 34, 60, 160, 11, 173, 0, 94, 2, 157, 10, 92, 121, 84, 72, 52]
38428

[5, 14, 146, 81, 120, 47, 30, 62, 125, 186, 12, 154, 1, 108, 109, 41, 119, 15, 104, 150, 18, 134, 161, 23, 152, 76, 102, 182, 139, 105, 117, 184, 42, 51, 115, 153, 190, 138, 172, 140, 64, 123, 126, 100, 25, 149, 68, 4, 196, 66, 197, 69, 148, 92, 10, 2, 157, 27, 128, 90, 96, 75, 98, 7, 28, 135, 58, 174, 166, 31, 97, 106, 11, 173, 94, 0, 89, 137, 85, 48, 133, 180, 71, 168, 57, 83, 6, 93, 179, 60, 34, 171, 156, 130, 177, 198, 132, 167, 113, 3]
[88, 158, 49, 163, 142, 176, 162, 53, 114, 36, 183, 74, 29, 79, 19, 37, 151, 165, 107, 20, 122, 9, 67, 110, 189, 188, 141, 84, 121, 72, 52, 169, 38, 39, 116, 193, 131, 61, 99, 55, 80, 112, 78, 187, 178, 46, 87, 170, 21, 22, 192, 103, 54, 143, 159, 17, 44, 35, 118, 95, 136, 91, 101, 199, 129, 43, 147, 40, 191, 16, 77, 194, 155, 50, 127, 111, 32, 63, 124, 13, 181, 82, 86, 65, 144, 175, 26, 70, 160, 145, 45, 24, 8, 33, 56, 73, 164, 59, 185, 195]
38300

[37, 137, 48, 133, 180, 19, 79, 123, 183, 140, 64, 187, 78, 112, 100, 55, 99, 25, 131, 4, 196, 66, 39, 116, 189, 188, 38, 197, 69, 148, 169, 52, 72, 84, 121, 92, 10, 157, 96, 75, 174, 106, 97, 89, 20, 24, 8, 26, 60, 93, 177, 167, 113, 86, 185, 195, 88, 3, 5, 13, 124, 119, 63, 81, 109, 41, 77, 16, 191, 40, 147, 101, 91, 118, 136, 95, 35, 44, 159, 143, 192, 22, 21, 170, 87, 190, 153, 162, 53, 114, 36, 71, 168, 57, 83, 6, 33, 56, 179, 175]
[46, 172, 138, 51, 115, 176, 142, 103, 54, 152, 23, 161, 134, 129, 43, 199, 18, 150, 17, 104, 76, 102, 182, 139, 15, 1, 108, 154, 12, 186, 125, 62, 30, 47, 194, 50, 155, 120, 127, 111, 14, 146, 32, 82, 181, 117, 105, 158, 49, 163, 184, 42, 59, 164, 73, 132, 65, 144, 198, 130, 156, 171, 34, 70, 160, 11, 173, 45, 145, 151, 107, 165, 85, 122, 0, 94, 31, 166, 58, 135, 28, 7, 98, 90, 128, 27, 2, 141, 9, 67, 110, 193, 61, 68, 149, 74, 29, 126, 178, 80]
39142

[60, 34, 171, 156, 130, 198, 177, 56, 6, 83, 57, 195, 185, 59, 164, 86, 82, 181, 105, 139, 182, 102, 76, 104, 17, 77, 191, 16, 35, 118, 95, 136, 150, 18, 199, 129, 134, 159, 143, 103, 142, 176, 162, 53, 138, 172, 114, 71, 36, 183, 140, 46, 178, 80, 112, 78, 187, 64, 123, 126, 100, 149, 25, 99, 55, 61, 68, 74, 29, 133, 137, 85, 48, 39, 196, 66, 38, 197, 69, 148, 169, 52, 72, 121, 157, 27, 128, 90, 96, 98, 75, 58, 31, 97, 94, 173, 11, 160, 70, 26]
[42, 184, 158, 49, 163, 54, 152, 23, 44, 40, 147, 43, 101, 91, 161, 192, 22, 21, 170, 87, 190, 153, 115, 51, 168, 33, 8, 24, 45, 145, 37, 19, 79, 180, 165, 151, 107, 89, 0, 20, 122, 141, 9, 67, 110, 193, 131, 4, 116, 189, 188, 84, 92, 10, 2, 7, 28, 135, 166, 174, 106, 175, 179, 93, 73, 113, 167, 132, 144, 65, 3, 5, 14, 111, 146, 32, 81, 41, 108, 109, 120, 127, 50, 155, 194, 47, 30, 62, 125, 186, 12, 154, 1, 15, 119, 124, 63, 13, 117, 88]
37989

[115, 51, 163, 49, 139, 182, 102, 76, 104, 15, 154, 12, 109, 14, 111, 127, 50, 155, 194, 30, 186, 77, 44, 35, 16, 191, 40, 147, 43, 129, 18, 150, 136, 161, 23, 152, 143, 54, 103, 21, 22, 87, 172, 183, 140, 46, 178, 78, 187, 123, 126, 100, 149, 68, 74, 29, 180, 133, 48, 67, 9, 122, 141, 121, 92, 10, 2, 157, 27, 128, 90, 96, 75, 98, 7, 97, 173, 94, 0, 89, 145, 45, 70, 60, 34, 171, 156, 144, 65, 59, 6, 83, 57, 168, 53, 162, 153, 190, 176, 142]
[179, 93, 177, 130, 198, 73, 164, 132, 167, 113, 86, 3, 5, 82, 181, 88, 185, 195, 42, 184, 158, 117, 13, 63, 81, 32, 146, 120, 47, 62, 125, 1, 108, 41, 119, 124, 105, 17, 95, 118, 91, 101, 199, 134, 159, 192, 170, 138, 114, 71, 36, 64, 112, 80, 55, 99, 61, 25, 79, 19, 37, 151, 107, 20, 165, 137, 85, 110, 188, 189, 116, 39, 193, 131, 4, 196, 66, 197, 69, 148, 38, 169, 52, 72, 84, 28, 135, 58, 174, 166, 31, 106, 11, 160, 8, 24, 33, 56, 26, 175]
39381

[193, 196, 66, 197, 69, 148, 116, 189, 188, 110, 48, 133, 149, 25, 99, 55, 126, 123, 78, 112, 178, 187, 64, 140, 172, 138, 87, 170, 21, 22, 192, 159, 143, 103, 54, 142, 176, 163, 49, 139, 182, 102, 15, 17, 95, 136, 199, 101, 43, 147, 40, 35, 44, 16, 77, 1, 154, 12, 186, 125, 62, 109, 108, 119, 124, 105, 158, 42, 185, 59, 65, 144, 198, 156, 130, 177, 73, 164, 6, 56, 93, 179, 70, 173, 97, 96, 90, 128, 27, 157, 2, 94, 0, 89, 107, 165, 151, 37, 71, 36]
[145, 19, 79, 180, 137, 85, 67, 9, 141, 122, 20, 45, 24, 8, 160, 11, 106, 174, 58, 166, 31, 28, 135, 75, 98, 7, 10, 92, 121, 84, 72, 52, 169, 38, 39, 4, 131, 61, 68, 29, 74, 100, 80, 46, 183, 114, 190, 153, 53, 162, 115, 76, 104, 152, 23, 161, 134, 129, 18, 150, 91, 118, 191, 30, 47, 194, 155, 50, 127, 111, 14, 5, 3, 82, 181, 32, 146, 120, 81, 41, 63, 13, 117, 184, 88, 86, 132, 167, 113, 195, 51, 57, 83, 168, 33, 26, 175, 60, 34, 171]
42337

[117, 88, 86, 113, 167, 132, 198, 130, 177, 73, 164, 59, 6, 83, 57, 115, 162, 53, 168, 45, 24, 8, 26, 70, 160, 173, 0, 94, 141, 122, 9, 67, 110, 189, 66, 196, 48, 85, 137, 133, 180, 29, 68, 149, 100, 99, 55, 80, 178, 112, 78, 187, 64, 123, 126, 74, 79, 19, 37, 151, 165, 107, 20, 89, 145, 71, 36, 183, 172, 138, 103, 54, 139, 105, 182, 102, 76, 104, 17, 161, 134, 129, 43, 147, 40, 191, 16, 77, 15, 1, 47, 30, 194, 50, 155, 120, 146, 32, 181, 82]
[174, 166, 31, 58, 135, 7, 28, 97, 11, 106, 175, 33, 56, 93, 179, 60, 34, 171, 156, 144, 65, 3, 5, 14, 111, 127, 81, 63, 13, 124, 119, 41, 108, 109, 62, 125, 186, 12, 154, 44, 35, 95, 118, 101, 199, 91, 150, 18, 136, 23, 152, 159, 143, 192, 21, 22, 87, 170, 142, 190, 153, 176, 163, 49, 158, 184, 42, 195, 185, 51, 114, 140, 46, 25, 61, 131, 4, 193, 116, 39, 197, 69, 148, 38, 188, 169, 52, 72, 84, 121, 92, 10, 2, 157, 27, 128, 90, 96, 98, 75]
38378

[177, 60, 106, 31, 135, 28, 7, 2, 121, 84, 141, 122, 107, 165, 137, 85, 9, 67, 110, 188, 189, 116, 66, 196, 193, 68, 149, 100, 99, 55, 80, 112, 78, 178, 46, 140, 172, 138, 87, 170, 22, 21, 103, 54, 142, 176, 162, 53, 114, 36, 183, 64, 74, 29, 79, 19, 24, 33, 93, 56, 6, 83, 42, 184, 117, 139, 105, 119, 41, 108, 1, 77, 16, 101, 43, 147, 40, 191, 154, 12, 186, 125, 62, 30, 47, 194, 50, 127, 111, 14, 32, 5, 3, 82, 181, 88, 195, 185, 59, 73]
[26, 70, 11, 173, 160, 8, 45, 145, 151, 20, 89, 0, 94, 97, 166, 174, 58, 75, 98, 96, 90, 128, 27, 157, 10, 92, 72, 52, 169, 148, 69, 197, 38, 39, 4, 131, 61, 25, 187, 123, 126, 180, 133, 48, 37, 71, 168, 57, 51, 115, 153, 190, 163, 49, 158, 182, 102, 143, 192, 159, 152, 23, 161, 95, 136, 150, 18, 134, 129, 199, 91, 118, 35, 44, 17, 104, 76, 15, 109, 155, 120, 146, 81, 63, 124, 13, 86, 164, 113, 167, 132, 65, 144, 198, 130, 156, 171, 34, 175, 179]
39789

[8, 33, 168, 71, 36, 183, 64, 187, 78, 112, 80, 178, 46, 172, 138, 114, 53, 153, 190, 176, 163, 49, 158, 102, 76, 104, 152, 23, 17, 134, 129, 43, 199, 18, 150, 118, 77, 154, 1, 108, 41, 119, 124, 13, 63, 81, 109, 12, 186, 125, 62, 146, 32, 82, 3, 132, 167, 88, 42, 51, 195, 185, 56, 93, 179, 175, 60, 26, 70, 160, 106, 11, 173, 0, 89, 20, 107, 37, 19, 79, 165, 122, 9, 67, 110, 116, 39, 189, 188, 72, 84, 121, 92, 10, 157, 27, 128, 90, 96, 28]
[86, 113, 73, 164, 59, 6, 83, 57, 162, 115, 184, 117, 105, 139, 182, 15, 44, 35, 16, 191, 40, 147, 101, 91, 136, 95, 161, 159, 143, 192, 103, 54, 142, 170, 21, 22, 87, 140, 123, 126, 74, 100, 149, 68, 25, 99, 55, 61, 193, 131, 4, 196, 66, 38, 197, 69, 148, 169, 52, 141, 2, 7, 98, 75, 135, 58, 174, 166, 31, 97, 94, 137, 85, 48, 133, 29, 180, 151, 145, 45, 24, 34, 171, 156, 130, 177, 198, 144, 65, 5, 14, 111, 127, 50, 194, 30, 47, 155, 120, 181]
40171

[83, 57, 8, 24, 45, 89, 0, 31, 166, 28, 7, 98, 10, 92, 121, 84, 72, 52, 169, 188, 189, 116, 39, 38, 148, 69, 197, 66, 196, 4, 131, 193, 110, 67, 9, 85, 48, 133, 29, 126, 187, 78, 112, 80, 178, 46, 172, 142, 54, 152, 44, 35, 95, 118, 40, 191, 16, 77, 154, 12, 119, 63, 127, 111, 14, 5, 82, 181, 105, 182, 139, 184, 42, 115, 51, 195, 185, 88, 86, 3, 65, 144, 132, 167, 113, 59, 164, 73, 177, 198, 130, 156, 171, 34, 60, 175, 179, 93, 56, 6]
[145, 151, 37, 19, 79, 64, 123, 100, 55, 99, 25, 61, 68, 149, 74, 180, 137, 165, 107, 20, 122, 141, 2, 157, 27, 128, 90, 96, 75, 135, 58, 174, 106, 97, 94, 173, 11, 160, 70, 26, 33, 168, 71, 36, 183, 140, 114, 53, 162, 153, 190, 176, 163, 49, 158, 117, 13, 124, 102, 76, 104, 15, 1, 108, 41, 109, 81, 32, 146, 120, 155, 50, 194, 47, 30, 62, 125, 186, 147, 43, 129, 199, 101, 91, 150, 18, 136, 134, 161, 17, 23, 159, 143, 192, 103, 21, 22, 170, 87, 138]
38613

[120, 127, 111, 14, 5, 3, 59, 164, 73, 177, 56, 33, 93, 179, 175, 70, 160, 94, 2, 128, 27, 157, 10, 92, 121, 84, 72, 52, 148, 69, 197, 38, 169, 141, 122, 137, 85, 48, 110, 39, 66, 196, 4, 131, 193, 61, 25, 100, 149, 68, 29, 74, 126, 123, 187, 78, 178, 80, 46, 183, 36, 168, 6, 83, 57, 51, 185, 195, 42, 115, 162, 153, 190, 138, 87, 21, 170, 142, 176, 163, 49, 54, 103, 143, 159, 134, 18, 150, 91, 101, 147, 40, 191, 16, 44, 77, 154, 12, 109, 81]
[47, 155, 50, 194, 30, 62, 125, 186, 108, 1, 15, 76, 104, 35, 118, 43, 129, 199, 136, 95, 161, 17, 23, 152, 192, 22, 172, 140, 64, 112, 55, 99, 116, 189, 188, 9, 67, 165, 107, 20, 89, 0, 173, 11, 97, 31, 28, 7, 98, 90, 96, 75, 135, 58, 166, 174, 106, 34, 171, 156, 144, 65, 132, 167, 198, 130, 60, 26, 8, 24, 45, 145, 151, 37, 133, 180, 79, 19, 71, 114, 53, 158, 139, 102, 182, 105, 117, 184, 88, 86, 113, 82, 181, 32, 146, 63, 13, 124, 119, 41]
40677

[39, 38, 69, 148, 169, 188, 110, 9, 141, 2, 157, 27, 128, 90, 96, 58, 174, 166, 31, 106, 70, 26, 160, 11, 173, 89, 20, 122, 67, 133, 180, 19, 79, 183, 36, 71, 57, 83, 6, 93, 179, 175, 60, 34, 171, 156, 130, 198, 73, 59, 88, 117, 158, 49, 102, 182, 139, 105, 119, 124, 13, 181, 82, 5, 32, 63, 81, 109, 47, 194, 30, 186, 191, 40, 147, 101, 91, 199, 43, 129, 134, 159, 143, 54, 103, 170, 142, 176, 138, 140, 64, 123, 187, 78, 112, 178, 80, 25, 189, 116]
[33, 168, 114, 190, 153, 53, 162, 51, 115, 163, 184, 42, 195, 185, 56, 177, 144, 65, 132, 167, 113, 164, 86, 3, 14, 111, 146, 120, 127, 50, 155, 62, 125, 12, 154, 1, 108, 41, 15, 77, 16, 44, 35, 118, 150, 18, 136, 95, 161, 17, 104, 76, 23, 152, 192, 21, 22, 87, 172, 46, 126, 74, 29, 37, 151, 107, 165, 137, 85, 48, 68, 149, 100, 55, 99, 61, 193, 131, 4, 196, 66, 197, 52, 72, 84, 121, 92, 10, 28, 7, 98, 75, 135, 97, 94, 0, 145, 45, 24, 8]
39585

[26, 8, 24, 45, 145, 37, 71, 114, 53, 162, 51, 57, 83, 195, 185, 59, 73, 164, 86, 113, 167, 132, 65, 3, 5, 14, 32, 63, 81, 146, 111, 127, 120, 155, 50, 194, 47, 30, 62, 125, 186, 16, 44, 104, 15, 182, 139, 105, 117, 158, 102, 76, 152, 143, 142, 176, 190, 138, 172, 36, 183, 64, 78, 112, 80, 55, 99, 25, 29, 180, 133, 48, 137, 85, 67, 9, 188, 38, 169, 52, 72, 84, 121, 92, 10, 141, 122, 94, 97, 173, 11, 160, 34, 171, 156, 130, 198, 177, 60, 175]
[147, 101, 43, 129, 199, 91, 118, 35, 95, 136, 150, 18, 134, 161, 17, 23, 159, 192, 21, 22, 87, 170, 103, 54, 163, 49, 184, 88, 42, 115, 153, 140, 46, 178, 187, 123, 126, 79, 19, 74, 100, 149, 68, 61, 193, 131, 4, 196, 66, 197, 69, 148, 39, 116, 189, 110, 165, 151, 107, 20, 89, 0, 2, 157, 27, 128, 90, 96, 98, 7, 28, 135, 75, 58, 174, 166, 31, 106, 70, 33, 168, 6, 56, 179, 93, 144, 82, 181, 13, 124, 119, 41, 109, 108, 1, 12, 154, 77, 191, 40]
38489

[93, 179, 175, 145, 151, 37, 187, 78, 112, 178, 80, 131, 4, 196, 66, 197, 69, 148, 85, 137, 165, 107, 89, 20, 141, 121, 92, 10, 98, 75, 58, 174, 166, 31, 97, 106, 11, 160, 70, 171, 156, 130, 198, 144, 177, 56, 6, 83, 164, 59, 185, 195, 115, 176, 142, 54, 103, 170, 87, 22, 21, 192, 143, 159, 152, 161, 134, 129, 199, 91, 118, 95, 35, 16, 44, 104, 76, 102, 182, 139, 105, 117, 63, 81, 47, 30, 194, 155, 50, 127, 120, 146, 111, 14, 32, 5, 82, 3, 132, 65]
[26, 8, 45, 24, 33, 73, 167, 113, 86, 181, 13, 124, 119, 41, 109, 62, 125, 186, 12, 154, 108, 1, 15, 77, 191, 40, 147, 43, 101, 18, 150, 136, 17, 23, 163, 49, 158, 184, 88, 42, 153, 190, 138, 172, 114, 53, 162, 51, 57, 168, 71, 36, 183, 140, 46, 64, 123, 126, 79, 19, 48, 133, 180, 29, 74, 100, 55, 99, 149, 68, 25, 61, 193, 116, 189, 110, 188, 39, 38, 169, 52, 72, 84, 9, 67, 122, 0, 173, 94, 2, 157, 27, 128, 90, 96, 7, 28, 135, 34, 60]
41628

[177, 93, 179, 175, 56, 33, 6, 195, 185, 59, 164, 73, 113, 86, 88, 42, 124, 119, 41, 109, 108, 12, 125, 186, 40, 147, 43, 101, 136, 95, 104, 1, 15, 139, 49, 163, 54, 103, 192, 22, 21, 170, 87, 138, 172, 140, 46, 178, 80, 112, 78, 187, 126, 100, 149, 68, 25, 99, 55, 61, 131, 4, 193, 116, 189, 141, 72, 84, 121, 92, 10, 157, 135, 58, 174, 166, 97, 70, 160, 11, 173, 94, 0, 89, 107, 165, 180, 79, 19, 37, 151, 145, 45, 24, 8, 26, 60, 34, 130, 198]
[17, 161, 134, 129, 199, 18, 150, 91, 118, 35, 44, 16, 191, 77, 154, 62, 30, 47, 81, 120, 155, 194, 50, 127, 111, 14, 146, 32, 63, 13, 105, 182, 102, 76, 23, 152, 158, 184, 117, 181, 82, 5, 3, 167, 132, 65, 144, 156, 171, 106, 31, 28, 7, 98, 75, 96, 90, 128, 27, 2, 20, 122, 9, 67, 188, 52, 169, 38, 148, 69, 197, 66, 196, 39, 110, 85, 137, 48, 133, 29, 74, 123, 64, 183, 36, 71, 114, 168, 83, 57, 51, 115, 162, 53, 153, 190, 176, 142, 143, 159]
38563

[184, 158, 54, 103, 170, 87, 22, 21, 192, 143, 159, 161, 136, 118, 95, 17, 102, 182, 139, 105, 117, 13, 63, 124, 119, 41, 108, 1, 12, 154, 16, 40, 191, 186, 125, 30, 194, 50, 127, 82, 181, 88, 164, 73, 198, 156, 171, 174, 135, 28, 157, 10, 92, 121, 84, 72, 141, 122, 9, 67, 110, 188, 52, 169, 148, 69, 197, 38, 39, 189, 116, 193, 25, 99, 100, 74, 180, 151, 145, 45, 8, 24, 37, 19, 79, 126, 183, 36, 114, 138, 190, 153, 53, 162, 51, 57, 83, 185, 195, 42]
[120, 155, 47, 62, 109, 81, 146, 111, 14, 32, 5, 3, 65, 144, 132, 167, 113, 86, 59, 6, 168, 71, 33, 56, 177, 130, 93, 179, 175, 60, 34, 26, 70, 160, 173, 11, 106, 97, 31, 166, 58, 75, 7, 98, 96, 90, 128, 27, 2, 94, 0, 89, 20, 107, 165, 137, 85, 48, 133, 29, 149, 68, 196, 66, 4, 131, 61, 55, 80, 46, 178, 112, 78, 187, 123, 64, 140, 172, 142, 176, 115, 163, 49, 76, 152, 23, 104, 15, 77, 44, 35, 91, 150, 18, 134, 199, 129, 43, 147, 101]
40948

[22, 140, 64, 123, 183, 36, 71, 114, 53, 162, 115, 51, 57, 83, 56, 93, 179, 60, 175, 8, 24, 45, 145, 133, 48, 110, 188, 189, 39, 38, 169, 52, 141, 20, 89, 31, 135, 28, 2, 10, 157, 7, 98, 75, 58, 166, 174, 106, 34, 171, 156, 130, 198, 177, 73, 181, 32, 81, 120, 47, 30, 62, 109, 41, 119, 108, 1, 154, 12, 125, 186, 77, 44, 95, 118, 35, 16, 191, 40, 147, 43, 129, 199, 150, 18, 134, 192, 103, 143, 159, 152, 102, 182, 139, 158, 49, 163, 54, 170, 21]
[88, 86, 113, 167, 132, 65, 144, 164, 59, 6, 168, 33, 26, 70, 160, 11, 173, 97, 0, 94, 96, 90, 128, 27, 92, 121, 84, 72, 148, 69, 197, 66, 196, 4, 131, 116, 193, 61, 25, 99, 55, 100, 149, 68, 67, 9, 122, 85, 137, 165, 107, 151, 37, 19, 79, 180, 29, 74, 126, 187, 78, 112, 80, 178, 46, 172, 138, 87, 142, 190, 153, 176, 105, 15, 76, 104, 23, 17, 161, 136, 91, 101, 194, 155, 50, 127, 146, 111, 14, 5, 3, 82, 63, 13, 124, 117, 184, 42, 195, 185]
40826

[110, 38, 148, 69, 197, 66, 196, 4, 131, 193, 61, 25, 100, 74, 29, 126, 123, 187, 178, 46, 140, 114, 172, 138, 190, 153, 53, 162, 176, 87, 170, 21, 22, 192, 103, 54, 49, 158, 76, 104, 23, 17, 161, 134, 18, 150, 118, 16, 191, 186, 125, 62, 30, 47, 194, 50, 155, 120, 32, 5, 82, 3, 132, 167, 113, 86, 88, 42, 115, 51, 83, 6, 56, 70, 160, 11, 173, 89, 0, 94, 97, 31, 58, 75, 7, 98, 96, 90, 128, 27, 157, 2, 10, 92, 121, 141, 67, 85, 137, 48]
[35, 95, 136, 91, 101, 199, 129, 43, 147, 40, 77, 154, 12, 108, 41, 109, 81, 146, 127, 111, 14, 63, 119, 124, 13, 181, 65, 144, 198, 177, 130, 156, 171, 34, 106, 174, 166, 135, 28, 84, 72, 52, 169, 39, 116, 189, 188, 9, 122, 20, 107, 165, 151, 45, 145, 37, 19, 79, 180, 133, 68, 149, 99, 55, 80, 112, 78, 64, 183, 36, 71, 168, 57, 33, 24, 8, 26, 60, 175, 179, 93, 73, 164, 59, 185, 195, 117, 105, 182, 102, 139, 184, 163, 142, 143, 159, 152, 15, 1, 44]
39362

[143, 103, 142, 140, 123, 126, 79, 19, 74, 100, 149, 68, 48, 85, 137, 165, 20, 89, 0, 94, 97, 31, 27, 157, 10, 121, 84, 72, 141, 122, 9, 67, 110, 188, 189, 116, 39, 38, 66, 196, 4, 131, 193, 61, 25, 99, 55, 112, 80, 46, 22, 21, 192, 159, 152, 23, 104, 76, 15, 119, 124, 13, 117, 195, 185, 59, 6, 56, 93, 179, 60, 34, 171, 156, 130, 198, 177, 73, 164, 86, 127, 50, 30, 125, 186, 12, 154, 77, 44, 35, 118, 95, 136, 18, 150, 91, 199, 101, 16, 191]
[51, 115, 153, 190, 162, 53, 57, 83, 168, 33, 175, 26, 70, 106, 174, 166, 58, 135, 28, 7, 98, 75, 96, 90, 128, 92, 52, 148, 69, 197, 169, 2, 173, 11, 160, 8, 24, 45, 145, 107, 151, 37, 180, 133, 29, 78, 178, 187, 64, 183, 36, 71, 114, 172, 138, 87, 170, 54, 49, 158, 105, 139, 182, 102, 17, 161, 134, 129, 43, 147, 40, 62, 47, 194, 155, 120, 146, 81, 109, 108, 1, 41, 63, 181, 82, 32, 111, 14, 5, 3, 65, 144, 132, 167, 113, 88, 42, 184, 163, 176]
42192

[42, 88, 86, 113, 167, 132, 144, 65, 3, 82, 181, 5, 32, 14, 111, 146, 127, 50, 194, 47, 155, 120, 81, 41, 108, 12, 154, 77, 1, 15, 104, 17, 44, 16, 191, 35, 95, 118, 101, 91, 150, 18, 136, 161, 23, 152, 76, 102, 182, 105, 139, 54, 142, 176, 162, 53, 153, 190, 138, 114, 36, 183, 64, 123, 126, 180, 133, 48, 85, 110, 188, 189, 196, 66, 197, 69, 148, 84, 157, 27, 128, 90, 96, 75, 174, 106, 70, 26, 175, 60, 156, 198, 130, 93, 179, 56, 195, 51, 115, 163]
[103, 143, 192, 22, 21, 170, 87, 172, 46, 140, 71, 145, 20, 89, 0, 94, 141, 122, 9, 67, 137, 165, 107, 151, 37, 19, 79, 29, 74, 68, 149, 100, 187, 78, 112, 178, 80, 55, 99, 25, 61, 131, 4, 193, 116, 39, 38, 169, 52, 72, 121, 92, 10, 2, 7, 98, 28, 135, 58, 166, 31, 97, 173, 11, 160, 45, 8, 24, 168, 57, 83, 6, 33, 34, 171, 177, 73, 164, 59, 185, 184, 49, 158, 117, 119, 124, 13, 63, 109, 30, 62, 125, 186, 40, 147, 43, 129, 199, 134, 159]
39413

[38, 197, 69, 148, 52, 72, 84, 141, 9, 67, 122, 20, 89, 31, 166, 97, 145, 45, 24, 8, 33, 60, 34, 171, 156, 130, 177, 198, 144, 65, 132, 167, 113, 73, 164, 86, 181, 117, 184, 105, 119, 124, 13, 63, 81, 120, 146, 32, 82, 3, 5, 14, 111, 127, 50, 155, 125, 186, 191, 40, 147, 43, 129, 134, 95, 35, 16, 44, 17, 23, 152, 142, 176, 190, 153, 53, 162, 115, 51, 168, 36, 183, 140, 64, 19, 37, 151, 107, 165, 137, 85, 48, 74, 100, 25, 61, 131, 4, 193, 39]
[106, 174, 58, 135, 75, 96, 90, 128, 27, 157, 98, 7, 28, 11, 70, 160, 173, 0, 94, 2, 10, 92, 121, 169, 66, 196, 116, 189, 188, 110, 68, 149, 99, 55, 80, 112, 78, 178, 46, 187, 123, 126, 29, 133, 180, 79, 71, 114, 172, 138, 87, 170, 21, 22, 192, 103, 54, 143, 159, 161, 136, 150, 18, 199, 101, 91, 118, 77, 154, 12, 62, 30, 194, 47, 109, 41, 108, 1, 15, 104, 76, 102, 182, 139, 158, 49, 163, 42, 88, 59, 185, 195, 57, 83, 6, 56, 93, 179, 175, 26]
38823

[183, 140, 46, 80, 55, 99, 61, 131, 4, 196, 66, 38, 197, 69, 148, 169, 52, 188, 189, 116, 39, 193, 25, 149, 74, 29, 79, 36, 71, 145, 107, 20, 89, 0, 94, 28, 7, 98, 135, 58, 166, 31, 97, 11, 70, 60, 34, 171, 156, 130, 177, 33, 6, 83, 59, 164, 73, 198, 144, 65, 132, 167, 113, 86, 88, 184, 117, 119, 47, 30, 62, 125, 186, 12, 154, 77, 44, 35, 16, 191, 40, 147, 43, 129, 199, 101, 118, 91, 150, 18, 136, 95, 23, 152, 170, 138, 172, 87, 21, 22]
[75, 174, 106, 26, 175, 179, 93, 56, 185, 195, 42, 163, 49, 158, 139, 105, 124, 13, 63, 81, 146, 32, 181, 82, 3, 5, 14, 111, 127, 50, 194, 155, 120, 109, 41, 108, 1, 15, 182, 102, 76, 104, 17, 161, 134, 159, 143, 192, 103, 54, 142, 176, 153, 190, 114, 53, 162, 115, 51, 57, 168, 24, 8, 45, 160, 173, 122, 85, 48, 137, 165, 151, 37, 19, 180, 133, 126, 123, 64, 187, 78, 178, 112, 100, 68, 110, 67, 9, 141, 72, 84, 121, 92, 10, 2, 157, 96, 90, 128, 27]
38870

[41, 119, 124, 13, 117, 86, 113, 167, 164, 73, 130, 156, 171, 34, 60, 33, 168, 71, 36, 79, 19, 37, 151, 107, 89, 97, 31, 166, 135, 28, 2, 157, 10, 92, 141, 122, 9, 67, 188, 148, 69, 197, 38, 39, 116, 189, 110, 133, 180, 29, 74, 100, 99, 55, 126, 123, 64, 187, 78, 112, 178, 46, 140, 183, 114, 172, 138, 142, 163, 184, 49, 54, 103, 192, 143, 159, 161, 134, 129, 43, 18, 150, 118, 35, 16, 191, 77, 154, 1, 108, 12, 186, 125, 62, 30, 47, 194, 50, 155, 109]
[102, 76, 104, 152, 23, 95, 136, 91, 199, 101, 147, 40, 44, 17, 15, 63, 81, 120, 146, 127, 111, 14, 32, 5, 3, 82, 181, 88, 42, 176, 190, 153, 53, 162, 115, 51, 57, 83, 6, 195, 185, 59, 132, 65, 144, 198, 177, 56, 93, 179, 175, 26, 8, 24, 45, 145, 165, 137, 149, 68, 48, 85, 20, 0, 94, 173, 11, 160, 70, 106, 174, 58, 75, 7, 98, 96, 90, 128, 27, 121, 84, 72, 52, 169, 66, 196, 4, 131, 193, 61, 25, 80, 22, 21, 87, 170, 158, 105, 139, 182]
39121

[88, 164, 73, 113, 167, 132, 65, 144, 198, 177, 93, 179, 130, 156, 171, 34, 60, 8, 24, 45, 145, 160, 11, 173, 97, 166, 174, 58, 98, 7, 28, 94, 0, 89, 20, 122, 107, 151, 165, 137, 85, 48, 68, 193, 116, 189, 110, 188, 38, 39, 66, 196, 4, 131, 61, 25, 100, 74, 29, 133, 180, 79, 19, 37, 71, 36, 183, 172, 87, 170, 22, 21, 103, 163, 115, 51, 185, 195, 42, 184, 105, 139, 182, 102, 76, 104, 15, 109, 47, 30, 194, 155, 50, 127, 111, 146, 120, 81, 41, 119]
[95, 136, 134, 18, 150, 199, 129, 43, 147, 40, 101, 91, 118, 35, 44, 16, 191, 77, 154, 12, 186, 125, 62, 108, 1, 17, 161, 23, 152, 159, 192, 143, 54, 49, 158, 117, 124, 13, 63, 32, 14, 5, 3, 82, 181, 86, 59, 57, 53, 162, 153, 190, 176, 142, 138, 114, 168, 83, 6, 33, 56, 175, 26, 70, 106, 31, 135, 75, 96, 90, 128, 27, 157, 92, 10, 2, 141, 84, 121, 72, 52, 169, 148, 69, 197, 9, 67, 149, 99, 55, 80, 112, 78, 187, 126, 123, 64, 140, 46, 178]
39997

[149, 100, 99, 55, 80, 112, 78, 178, 46, 183, 36, 71, 114, 57, 83, 6, 195, 51, 115, 162, 53, 153, 138, 172, 87, 22, 21, 170, 142, 54, 103, 192, 143, 159, 152, 23, 76, 102, 182, 104, 17, 161, 134, 18, 150, 91, 118, 35, 16, 191, 186, 125, 1, 108, 81, 120, 127, 111, 146, 32, 14, 5, 3, 113, 167, 130, 156, 171, 34, 60, 8, 24, 45, 145, 89, 0, 94, 97, 31, 58, 135, 75, 7, 98, 96, 90, 128, 27, 157, 2, 141, 122, 9, 67, 137, 37, 180, 68, 61, 25]
[4, 196, 66, 38, 197, 69, 148, 169, 52, 72, 84, 121, 92, 10, 28, 166, 174, 106, 175, 26, 70, 160, 11, 173, 20, 107, 165, 151, 19, 79, 168, 33, 56, 179, 93, 177, 198, 144, 65, 132, 86, 82, 181, 63, 13, 124, 119, 41, 109, 47, 155, 50, 194, 30, 62, 12, 154, 77, 40, 147, 43, 129, 199, 101, 136, 95, 44, 15, 105, 139, 158, 49, 163, 184, 117, 42, 88, 59, 164, 73, 185, 176, 190, 140, 64, 187, 123, 126, 74, 29, 133, 48, 85, 110, 188, 189, 116, 39, 131, 193]
38693

[4, 131, 196, 66, 197, 69, 148, 52, 169, 38, 39, 189, 116, 193, 61, 68, 110, 67, 9, 141, 2, 10, 92, 157, 7, 135, 58, 174, 166, 31, 97, 106, 70, 26, 175, 179, 93, 56, 195, 115, 163, 139, 182, 105, 117, 181, 32, 146, 81, 109, 41, 15, 1, 108, 125, 186, 16, 191, 40, 118, 35, 44, 17, 23, 152, 103, 21, 22, 170, 142, 176, 190, 153, 53, 162, 51, 57, 83, 6, 33, 8, 24, 45, 145, 168, 71, 36, 183, 140, 64, 123, 79, 19, 37, 151, 107, 165, 85, 48, 137]
[0, 89, 20, 133, 180, 29, 74, 149, 25, 99, 55, 100, 126, 187, 78, 112, 80, 178, 46, 114, 172, 138, 87, 192, 134, 150, 18, 129, 43, 147, 101, 199, 91, 136, 95, 161, 159, 143, 54, 49, 184, 158, 102, 76, 104, 77, 154, 12, 62, 30, 47, 194, 50, 155, 120, 119, 124, 13, 63, 127, 111, 14, 5, 3, 82, 88, 42, 185, 59, 73, 164, 86, 113, 167, 132, 65, 144, 198, 177, 130, 156, 171, 34, 60, 160, 11, 173, 94, 28, 98, 75, 96, 90, 128, 27, 121, 84, 72, 188, 122]
39021

[123, 126, 100, 25, 61, 193, 131, 4, 196, 66, 39, 116, 189, 169, 72, 121, 92, 157, 27, 128, 90, 141, 122, 20, 89, 107, 151, 145, 45, 173, 0, 94, 97, 11, 160, 70, 26, 60, 34, 171, 156, 130, 177, 198, 144, 65, 132, 167, 113, 164, 86, 181, 82, 3, 5, 32, 146, 120, 81, 63, 13, 124, 119, 41, 109, 47, 62, 186, 125, 108, 1, 15, 104, 17, 95, 91, 101, 43, 129, 199, 134, 23, 76, 117, 88, 185, 195, 51, 115, 153, 190, 162, 53, 57, 83, 6, 168, 33, 24, 8]
[14, 111, 127, 50, 155, 194, 30, 12, 154, 77, 16, 191, 40, 147, 44, 35, 118, 150, 18, 136, 161, 152, 159, 143, 54, 103, 192, 22, 21, 170, 87, 138, 142, 176, 163, 49, 102, 182, 139, 105, 158, 184, 42, 59, 73, 56, 93, 179, 175, 106, 174, 166, 58, 75, 96, 98, 7, 135, 31, 28, 2, 10, 84, 52, 148, 69, 197, 38, 188, 9, 67, 110, 68, 149, 99, 55, 74, 29, 180, 133, 48, 85, 137, 165, 37, 19, 79, 183, 36, 71, 114, 172, 140, 64, 187, 78, 112, 80, 178, 46]
40344

[142, 176, 153, 190, 138, 172, 140, 46, 178, 187, 64, 123, 126, 100, 74, 29, 180, 79, 19, 168, 6, 33, 8, 24, 45, 160, 11, 173, 67, 110, 189, 116, 131, 4, 196, 66, 52, 72, 84, 121, 2, 28, 135, 166, 174, 106, 70, 26, 175, 60, 34, 171, 156, 144, 65, 132, 167, 113, 86, 3, 5, 14, 32, 146, 111, 127, 120, 155, 50, 194, 47, 30, 62, 109, 81, 63, 41, 108, 104, 44, 16, 35, 118, 91, 136, 95, 161, 17, 23, 152, 76, 102, 139, 158, 49, 163, 54, 143, 192, 103]
[55, 80, 112, 78, 133, 48, 85, 137, 165, 37, 71, 36, 183, 114, 53, 162, 115, 51, 57, 83, 185, 195, 42, 184, 170, 87, 22, 21, 159, 134, 150, 18, 129, 43, 199, 101, 147, 40, 191, 77, 186, 125, 12, 154, 1, 15, 182, 105, 117, 119, 124, 13, 181, 82, 88, 59, 164, 73, 198, 130, 177, 93, 179, 56, 145, 151, 107, 122, 20, 89, 0, 94, 97, 31, 58, 75, 7, 98, 96, 90, 128, 27, 157, 10, 92, 141, 9, 188, 169, 148, 69, 197, 38, 39, 193, 61, 68, 149, 25, 99]
39215

[28, 96, 90, 128, 27, 157, 10, 92, 141, 133, 180, 29, 74, 126, 123, 79, 19, 37, 24, 33, 168, 51, 115, 42, 184, 158, 49, 163, 54, 143, 192, 159, 152, 134, 136, 18, 150, 91, 101, 199, 129, 43, 147, 40, 191, 16, 77, 1, 154, 12, 186, 125, 62, 30, 47, 194, 50, 155, 120, 81, 146, 127, 111, 14, 32, 63, 13, 124, 15, 182, 139, 105, 117, 181, 82, 5, 3, 65, 132, 167, 113, 73, 164, 59, 185, 195, 57, 83, 6, 56, 179, 93, 177, 130, 156, 171, 34, 106, 11, 173]
[193, 66, 196, 4, 131, 61, 68, 149, 100, 25, 99, 55, 80, 178, 112, 78, 187, 64, 46, 140, 183, 36, 71, 114, 53, 162, 153, 190, 138, 172, 87, 22, 21, 170, 103, 142, 176, 102, 76, 104, 23, 17, 161, 95, 118, 35, 44, 108, 109, 41, 119, 88, 86, 144, 198, 60, 175, 26, 70, 160, 8, 45, 145, 151, 107, 165, 137, 85, 48, 110, 189, 116, 39, 188, 67, 9, 122, 20, 89, 0, 94, 97, 31, 166, 174, 58, 135, 75, 98, 7, 2, 121, 84, 72, 52, 169, 38, 197, 69, 148]
37389

[68, 149, 99, 55, 126, 123, 187, 64, 36, 71, 114, 138, 190, 153, 162, 53, 168, 57, 83, 6, 88, 41, 108, 1, 77, 44, 35, 118, 91, 150, 18, 199, 129, 43, 101, 147, 40, 191, 16, 154, 12, 186, 125, 62, 30, 47, 194, 155, 50, 127, 111, 14, 5, 3, 167, 113, 164, 73, 65, 144, 198, 130, 156, 171, 34, 106, 60, 56, 33, 24, 8, 70, 160, 11, 173, 97, 31, 135, 28, 2, 10, 84, 188, 189, 110, 67, 9, 165, 107, 151, 37, 19, 79, 74, 29, 180, 133, 137, 85, 48]
[17, 161, 95, 136, 134, 159, 143, 54, 103, 192, 22, 21, 170, 87, 172, 183, 140, 46, 178, 80, 112, 78, 100, 25, 61, 193, 116, 39, 131, 4, 196, 66, 197, 69, 148, 38, 169, 52, 72, 121, 92, 157, 27, 128, 90, 96, 98, 7, 75, 58, 174, 166, 94, 0, 89, 20, 141, 122, 145, 45, 26, 175, 179, 93, 177, 132, 82, 181, 86, 59, 185, 195, 51, 115, 176, 142, 163, 49, 102, 182, 139, 158, 42, 184, 117, 105, 119, 124, 13, 63, 32, 146, 120, 81, 109, 15, 104, 76, 152, 23]
38752

[174, 58, 135, 75, 96, 27, 157, 10, 92, 121, 84, 72, 141, 188, 39, 4, 131, 193, 116, 189, 110, 67, 9, 122, 165, 107, 151, 145, 37, 19, 79, 126, 123, 64, 187, 78, 112, 80, 178, 46, 140, 183, 36, 172, 138, 190, 153, 142, 170, 87, 22, 21, 192, 159, 161, 95, 35, 16, 44, 17, 104, 15, 124, 119, 41, 108, 1, 77, 154, 12, 125, 109, 81, 120, 32, 63, 13, 105, 182, 139, 158, 49, 184, 42, 195, 185, 51, 115, 162, 57, 83, 6, 33, 70, 160, 11, 173, 106, 31, 166]
[167, 113, 132, 65, 144, 198, 156, 171, 34, 130, 177, 56, 93, 179, 175, 60, 26, 8, 24, 45, 89, 0, 94, 97, 28, 7, 98, 90, 128, 2, 20, 137, 85, 48, 133, 180, 29, 149, 68, 38, 169, 52, 148, 69, 197, 66, 196, 61, 25, 99, 55, 100, 74, 71, 168, 114, 53, 176, 163, 54, 103, 143, 152, 23, 76, 102, 117, 181, 82, 191, 101, 91, 118, 136, 134, 18, 150, 199, 129, 43, 147, 40, 186, 62, 30, 47, 194, 155, 50, 127, 146, 111, 14, 5, 3, 86, 164, 73, 59, 88]
39838

[160, 70, 11, 28, 7, 98, 75, 96, 157, 10, 121, 72, 52, 169, 189, 116, 39, 38, 148, 69, 197, 66, 196, 4, 131, 193, 110, 165, 107, 151, 45, 145, 37, 19, 79, 180, 133, 29, 74, 149, 100, 126, 64, 46, 22, 21, 103, 54, 49, 158, 184, 117, 105, 139, 182, 102, 76, 143, 192, 159, 152, 23, 161, 136, 95, 35, 16, 191, 194, 50, 155, 120, 81, 63, 124, 13, 181, 82, 132, 65, 144, 156, 171, 60, 179, 93, 56, 53, 162, 138, 172, 140, 183, 36, 71, 114, 168, 33, 175, 26]
[6, 8, 24, 123, 187, 78, 112, 178, 80, 55, 99, 25, 61, 68, 48, 137, 85, 67, 188, 84, 92, 27, 128, 90, 2, 141, 9, 122, 20, 89, 0, 94, 173, 97, 135, 58, 174, 166, 31, 106, 34, 130, 198, 177, 73, 164, 59, 185, 195, 42, 88, 86, 113, 167, 3, 5, 32, 14, 111, 127, 146, 47, 30, 62, 125, 186, 12, 154, 109, 41, 119, 108, 1, 77, 40, 147, 43, 129, 134, 18, 150, 199, 101, 91, 118, 44, 17, 104, 15, 163, 142, 170, 87, 176, 190, 153, 115, 51, 57, 83]
41355

[129, 199, 18, 150, 91, 101, 43, 147, 40, 191, 16, 186, 125, 47, 120, 146, 32, 63, 81, 109, 108, 41, 119, 124, 13, 181, 82, 132, 65, 144, 198, 177, 93, 179, 175, 56, 33, 0, 141, 2, 28, 135, 166, 31, 106, 174, 58, 75, 96, 98, 7, 157, 10, 121, 84, 72, 188, 39, 38, 148, 69, 197, 66, 196, 4, 131, 193, 61, 25, 149, 68, 133, 180, 126, 123, 64, 140, 114, 57, 51, 115, 162, 53, 153, 190, 142, 54, 102, 76, 104, 152, 23, 161, 134, 136, 95, 118, 35, 44, 17]
[92, 52, 169, 116, 189, 110, 67, 9, 122, 20, 89, 107, 165, 85, 48, 137, 151, 37, 19, 79, 29, 74, 100, 99, 55, 80, 178, 112, 78, 187, 46, 172, 138, 87, 170, 22, 21, 103, 192, 143, 159, 15, 1, 77, 154, 12, 62, 30, 194, 155, 50, 127, 111, 14, 5, 3, 86, 113, 167, 73, 164, 59, 88, 117, 184, 158, 105, 139, 182, 49, 163, 176, 42, 195, 185, 83, 6, 168, 71, 36, 183, 145, 45, 24, 8, 26, 60, 130, 156, 171, 34, 70, 160, 11, 173, 97, 94, 90, 128, 27]
39668

[35, 191, 16, 44, 17, 15, 182, 139, 105, 117, 181, 82, 3, 86, 59, 164, 73, 113, 167, 132, 65, 144, 198, 156, 171, 34, 60, 130, 177, 93, 179, 175, 26, 70, 160, 173, 11, 106, 97, 31, 166, 174, 58, 75, 135, 28, 141, 122, 9, 188, 66, 196, 4, 131, 61, 55, 99, 193, 189, 110, 67, 85, 48, 133, 29, 74, 79, 19, 37, 151, 71, 36, 183, 64, 187, 178, 46, 140, 114, 168, 53, 162, 51, 195, 185, 88, 42, 184, 158, 49, 102, 76, 104, 23, 152, 159, 161, 136, 95, 118]
[92, 10, 2, 157, 27, 128, 90, 96, 98, 7, 94, 0, 89, 20, 107, 145, 45, 24, 8, 33, 56, 6, 83, 57, 115, 176, 163, 119, 124, 13, 63, 81, 120, 146, 32, 5, 14, 111, 127, 50, 155, 194, 47, 30, 62, 109, 41, 108, 1, 154, 12, 125, 186, 77, 40, 147, 43, 129, 199, 101, 91, 150, 18, 134, 192, 143, 54, 103, 21, 22, 87, 170, 142, 153, 190, 138, 172, 80, 112, 78, 123, 126, 180, 165, 137, 100, 25, 149, 68, 116, 39, 38, 197, 69, 148, 169, 52, 72, 84, 121]
37308

[11, 173, 97, 31, 106, 70, 160, 145, 45, 24, 8, 26, 175, 179, 60, 34, 171, 156, 130, 198, 144, 65, 132, 59, 185, 88, 117, 181, 82, 63, 81, 120, 109, 41, 119, 124, 13, 105, 182, 102, 76, 17, 95, 161, 23, 152, 54, 103, 143, 192, 21, 22, 87, 170, 142, 190, 153, 162, 53, 114, 36, 183, 140, 64, 123, 100, 55, 99, 61, 131, 4, 196, 66, 116, 189, 188, 110, 67, 9, 85, 48, 133, 29, 180, 137, 165, 122, 141, 72, 84, 121, 92, 10, 2, 28, 135, 166, 174, 58, 75]
[199, 91, 118, 136, 150, 18, 134, 129, 43, 101, 147, 40, 35, 44, 16, 191, 77, 154, 104, 15, 1, 108, 12, 186, 125, 62, 30, 47, 194, 155, 50, 127, 111, 14, 146, 32, 5, 3, 86, 113, 167, 164, 73, 177, 93, 56, 33, 6, 83, 57, 195, 42, 184, 139, 158, 49, 163, 176, 115, 51, 168, 71, 79, 19, 37, 151, 107, 20, 89, 0, 94, 7, 98, 96, 90, 128, 27, 157, 52, 169, 148, 69, 197, 38, 39, 193, 68, 25, 149, 74, 126, 187, 78, 112, 80, 178, 46, 172, 138, 159]
38362

[68, 131, 4, 196, 66, 197, 169, 52, 72, 121, 157, 27, 128, 90, 96, 98, 7, 28, 135, 75, 58, 174, 166, 31, 97, 94, 173, 11, 106, 171, 156, 144, 65, 132, 167, 113, 164, 73, 177, 93, 179, 56, 6, 83, 57, 51, 115, 59, 86, 82, 3, 5, 14, 111, 127, 146, 32, 81, 120, 47, 16, 118, 35, 44, 77, 1, 108, 117, 105, 182, 102, 139, 158, 49, 162, 53, 153, 190, 21, 22, 87, 172, 140, 46, 178, 80, 112, 78, 187, 126, 19, 37, 151, 145, 24, 8, 45, 89, 107, 165]
[119, 41, 109, 155, 50, 194, 30, 62, 125, 186, 12, 154, 191, 40, 147, 101, 199, 43, 129, 18, 150, 91, 95, 136, 134, 161, 17, 104, 15, 76, 23, 152, 159, 192, 143, 54, 103, 170, 138, 183, 64, 123, 74, 29, 79, 180, 133, 149, 100, 55, 99, 25, 61, 193, 39, 69, 148, 38, 116, 189, 188, 110, 48, 137, 85, 67, 9, 141, 84, 92, 10, 2, 122, 20, 0, 160, 70, 26, 60, 34, 130, 198, 175, 33, 168, 71, 36, 114, 176, 142, 163, 184, 42, 195, 185, 88, 181, 63, 13, 124]
40306

[67, 110, 193, 131, 4, 196, 66, 39, 38, 197, 69, 148, 169, 52, 72, 84, 121, 92, 10, 2, 157, 27, 128, 90, 96, 75, 98, 7, 28, 135, 58, 174, 166, 31, 97, 173, 11, 160, 70, 26, 60, 175, 179, 93, 198, 144, 65, 132, 167, 113, 86, 3, 82, 181, 63, 13, 124, 119, 41, 108, 1, 15, 105, 139, 182, 102, 76, 104, 44, 16, 191, 35, 118, 136, 95, 17, 23, 152, 143, 192, 103, 142, 176, 153, 190, 138, 172, 114, 36, 183, 123, 126, 74, 29, 48, 85, 137, 165, 107, 9]
[19, 79, 180, 133, 37, 151, 145, 45, 24, 8, 33, 56, 177, 130, 156, 171, 34, 106, 94, 0, 89, 20, 122, 141, 188, 189, 116, 61, 68, 149, 100, 25, 99, 55, 112, 80, 46, 178, 78, 187, 64, 140, 71, 168, 6, 83, 57, 51, 115, 53, 162, 163, 42, 195, 185, 88, 117, 184, 158, 49, 54, 170, 87, 22, 21, 159, 161, 134, 18, 150, 91, 101, 199, 129, 43, 147, 40, 77, 154, 12, 186, 125, 109, 81, 62, 30, 47, 194, 50, 155, 120, 146, 32, 127, 111, 14, 5, 59, 164, 73]
36524

[60, 70, 11, 160, 8, 24, 45, 145, 165, 137, 85, 122, 20, 94, 166, 174, 58, 135, 28, 2, 141, 9, 188, 189, 116, 39, 197, 66, 196, 4, 131, 193, 61, 25, 99, 55, 100, 149, 68, 133, 29, 74, 126, 112, 178, 78, 187, 123, 71, 168, 114, 138, 22, 21, 170, 142, 54, 76, 1, 108, 12, 154, 77, 16, 44, 35, 95, 118, 91, 150, 18, 134, 129, 43, 199, 101, 147, 40, 191, 186, 125, 62, 30, 47, 194, 120, 81, 63, 13, 181, 82, 5, 3, 86, 132, 65, 144, 156, 171, 34]
[80, 46, 64, 140, 183, 36, 172, 87, 103, 192, 143, 159, 152, 23, 161, 136, 17, 104, 15, 41, 109, 155, 50, 127, 146, 111, 14, 32, 119, 124, 117, 184, 105, 139, 182, 102, 158, 49, 163, 176, 190, 153, 53, 162, 115, 51, 42, 88, 195, 185, 59, 164, 73, 113, 167, 198, 130, 177, 6, 83, 57, 33, 56, 93, 179, 175, 26, 106, 75, 96, 98, 7, 31, 97, 173, 0, 89, 107, 151, 37, 19, 79, 180, 48, 67, 84, 10, 157, 90, 128, 27, 92, 121, 72, 52, 169, 148, 69, 38, 110]
40076

[114, 36, 172, 138, 190, 153, 142, 176, 53, 162, 115, 51, 57, 83, 6, 160, 89, 20, 107, 165, 137, 85, 48, 180, 79, 112, 178, 80, 55, 99, 110, 189, 39, 38, 148, 169, 52, 188, 67, 9, 122, 141, 72, 84, 121, 92, 10, 27, 128, 90, 96, 98, 7, 75, 174, 106, 70, 26, 175, 177, 130, 198, 144, 65, 132, 3, 5, 14, 111, 127, 50, 194, 155, 120, 146, 32, 82, 181, 88, 42, 184, 163, 49, 158, 139, 15, 108, 1, 191, 40, 147, 43, 129, 101, 199, 18, 134, 192, 22, 87]
[24, 8, 45, 145, 151, 37, 19, 71, 183, 140, 46, 64, 123, 126, 187, 78, 100, 149, 74, 29, 133, 68, 25, 61, 193, 116, 131, 4, 196, 66, 197, 69, 2, 157, 28, 135, 58, 166, 31, 97, 94, 0, 173, 11, 179, 93, 60, 34, 171, 156, 167, 113, 86, 63, 13, 124, 119, 117, 105, 182, 102, 76, 104, 17, 77, 154, 12, 109, 41, 81, 47, 30, 62, 125, 186, 16, 44, 35, 118, 91, 150, 136, 95, 161, 23, 152, 159, 143, 103, 21, 170, 54, 195, 185, 59, 164, 73, 56, 33, 168]
41253

[156, 171, 34, 60, 177, 130, 198, 144, 65, 132, 167, 113, 86, 181, 82, 32, 14, 111, 146, 120, 81, 63, 13, 124, 125, 186, 77, 44, 35, 16, 191, 40, 147, 43, 101, 18, 150, 136, 95, 17, 104, 76, 102, 158, 49, 163, 42, 88, 195, 185, 59, 164, 73, 56, 6, 83, 33, 8, 24, 45, 145, 151, 165, 137, 85, 48, 193, 131, 4, 196, 66, 197, 69, 148, 38, 169, 52, 72, 84, 141, 94, 0, 89, 173, 11, 106, 31, 166, 174, 58, 75, 135, 28, 7, 98, 96, 157, 27, 90, 128]
[99, 55, 100, 25, 61, 68, 149, 74, 29, 133, 180, 126, 123, 64, 79, 19, 37, 107, 20, 122, 9, 67, 110, 189, 116, 39, 188, 121, 92, 10, 2, 97, 160, 70, 26, 175, 179, 93, 3, 5, 127, 50, 155, 194, 47, 30, 62, 12, 154, 1, 108, 109, 41, 119, 15, 182, 139, 105, 117, 184, 51, 115, 176, 142, 54, 152, 23, 161, 118, 91, 199, 129, 134, 159, 143, 192, 103, 170, 21, 22, 87, 172, 138, 190, 153, 162, 53, 57, 168, 114, 71, 36, 183, 140, 46, 178, 80, 112, 78, 187]
38552

[46, 172, 87, 170, 21, 22, 192, 152, 23, 76, 104, 17, 161, 44, 16, 191, 15, 119, 5, 3, 82, 181, 117, 182, 102, 49, 163, 176, 190, 153, 71, 36, 183, 64, 123, 126, 187, 78, 112, 178, 80, 55, 99, 25, 68, 149, 74, 29, 79, 19, 37, 180, 133, 48, 85, 137, 165, 107, 151, 145, 26, 175, 179, 93, 56, 164, 86, 113, 167, 132, 65, 144, 156, 171, 34, 106, 174, 58, 75, 96, 90, 128, 27, 98, 7, 135, 166, 31, 97, 0, 94, 84, 188, 189, 116, 193, 131, 4, 66, 196]
[139, 105, 124, 13, 63, 32, 14, 111, 127, 146, 81, 120, 155, 50, 194, 47, 30, 62, 186, 125, 109, 41, 108, 1, 12, 154, 77, 35, 118, 40, 147, 101, 43, 129, 199, 18, 150, 91, 95, 136, 134, 159, 143, 103, 54, 142, 138, 140, 100, 61, 39, 38, 197, 69, 148, 169, 52, 72, 121, 92, 10, 157, 2, 28, 173, 11, 70, 160, 89, 141, 9, 110, 67, 122, 20, 45, 8, 24, 168, 114, 53, 162, 115, 51, 57, 83, 6, 33, 60, 130, 198, 177, 73, 59, 185, 195, 88, 42, 184, 158]
40560

[172, 46, 55, 99, 25, 116, 69, 148, 169, 52, 157, 27, 128, 90, 96, 2, 141, 9, 67, 165, 107, 151, 37, 137, 85, 48, 133, 180, 29, 74, 183, 36, 71, 114, 168, 8, 160, 173, 11, 70, 60, 34, 171, 156, 130, 198, 144, 65, 132, 3, 82, 181, 5, 14, 111, 32, 146, 127, 50, 155, 194, 30, 125, 186, 12, 154, 77, 16, 191, 40, 147, 101, 91, 150, 18, 136, 95, 118, 35, 44, 161, 17, 104, 76, 23, 152, 143, 192, 87, 138, 190, 153, 176, 163, 184, 158, 49, 102, 139, 182]
[75, 58, 174, 106, 26, 175, 179, 93, 177, 73, 167, 113, 86, 88, 117, 105, 15, 1, 108, 41, 119, 124, 13, 63, 81, 120, 109, 47, 62, 43, 129, 199, 134, 159, 54, 103, 21, 22, 170, 142, 53, 162, 115, 51, 42, 195, 185, 59, 164, 56, 6, 83, 57, 33, 24, 45, 145, 19, 79, 126, 123, 64, 140, 187, 78, 112, 178, 80, 100, 149, 68, 61, 193, 131, 4, 196, 66, 197, 38, 39, 189, 110, 188, 72, 84, 121, 92, 10, 122, 20, 89, 0, 94, 97, 31, 166, 135, 28, 98, 7]
40535

[109, 108, 41, 119, 124, 13, 117, 184, 88, 86, 113, 167, 132, 156, 171, 106, 11, 160, 8, 24, 45, 173, 97, 31, 135, 28, 2, 72, 52, 169, 148, 69, 197, 4, 131, 61, 25, 99, 55, 100, 110, 67, 9, 141, 122, 165, 107, 151, 180, 133, 29, 74, 126, 112, 78, 187, 123, 64, 140, 183, 114, 168, 57, 83, 6, 56, 179, 93, 73, 164, 59, 185, 195, 51, 53, 162, 163, 76, 104, 152, 23, 17, 161, 95, 186, 125, 62, 30, 47, 194, 155, 50, 127, 111, 14, 5, 32, 146, 120, 81]
[103, 54, 143, 159, 192, 21, 22, 87, 170, 142, 176, 190, 153, 115, 42, 49, 158, 105, 139, 182, 102, 15, 1, 77, 44, 35, 118, 136, 91, 150, 18, 134, 129, 43, 199, 101, 147, 40, 191, 16, 154, 12, 63, 181, 82, 3, 65, 144, 198, 130, 177, 175, 33, 26, 60, 34, 70, 0, 94, 166, 174, 58, 75, 7, 98, 96, 90, 128, 27, 157, 10, 92, 121, 84, 188, 38, 189, 116, 39, 66, 196, 193, 68, 149, 79, 19, 37, 48, 85, 137, 20, 89, 145, 71, 36, 178, 80, 46, 172, 138]
40036

[107, 151, 165, 137, 85, 48, 67, 133, 180, 29, 74, 126, 123, 64, 140, 190, 153, 176, 163, 42, 88, 86, 113, 167, 132, 144, 65, 3, 5, 63, 13, 124, 119, 41, 120, 146, 14, 111, 127, 50, 155, 194, 47, 30, 62, 125, 186, 12, 154, 77, 191, 16, 44, 35, 118, 91, 150, 18, 136, 95, 23, 152, 159, 192, 172, 46, 80, 55, 99, 25, 61, 193, 169, 52, 72, 121, 157, 27, 128, 90, 96, 75, 58, 31, 97, 94, 0, 173, 160, 33, 168, 56, 93, 177, 198, 130, 156, 171, 34, 60]
[36, 114, 138, 87, 22, 21, 170, 142, 103, 143, 54, 49, 158, 105, 139, 182, 102, 15, 76, 104, 17, 161, 134, 129, 43, 199, 101, 147, 40, 1, 108, 109, 81, 32, 82, 181, 117, 184, 115, 162, 53, 51, 57, 83, 6, 195, 185, 59, 164, 73, 179, 175, 26, 70, 11, 106, 174, 166, 135, 28, 98, 7, 2, 10, 92, 84, 188, 189, 116, 39, 38, 148, 69, 197, 66, 196, 4, 131, 110, 9, 141, 122, 20, 89, 8, 24, 45, 145, 71, 37, 19, 79, 68, 149, 100, 112, 178, 78, 187, 183]
39620

[118, 95, 91, 101, 43, 147, 40, 191, 16, 77, 154, 108, 1, 15, 124, 13, 63, 119, 41, 109, 81, 146, 32, 5, 3, 82, 181, 117, 184, 158, 102, 152, 143, 103, 54, 142, 138, 172, 36, 183, 123, 126, 74, 29, 133, 180, 79, 19, 37, 145, 45, 24, 8, 33, 56, 177, 93, 179, 175, 60, 26, 70, 11, 173, 97, 106, 174, 166, 58, 135, 75, 7, 98, 96, 90, 128, 27, 141, 9, 110, 189, 116, 66, 196, 4, 131, 61, 55, 80, 112, 178, 46, 22, 21, 192, 159, 23, 104, 17, 35]
[186, 125, 62, 12, 44, 199, 129, 134, 18, 150, 136, 161, 76, 182, 139, 105, 49, 163, 176, 170, 87, 140, 64, 187, 78, 99, 25, 100, 149, 68, 193, 39, 38, 197, 69, 148, 169, 52, 188, 67, 48, 85, 137, 165, 151, 107, 20, 122, 72, 84, 121, 92, 10, 157, 2, 28, 31, 94, 0, 89, 160, 34, 171, 156, 130, 198, 144, 65, 132, 167, 113, 73, 164, 59, 185, 195, 51, 57, 83, 6, 168, 71, 114, 190, 153, 53, 162, 115, 42, 88, 86, 14, 111, 127, 120, 155, 50, 194, 30, 47]
39192

[19, 79, 126, 123, 187, 78, 112, 100, 25, 193, 66, 196, 4, 131, 61, 99, 55, 80, 46, 87, 170, 21, 22, 192, 143, 159, 17, 44, 136, 134, 129, 43, 147, 101, 199, 18, 150, 91, 35, 16, 77, 154, 12, 125, 109, 1, 104, 76, 102, 139, 105, 158, 184, 117, 181, 82, 5, 3, 132, 65, 144, 198, 167, 113, 86, 115, 162, 53, 114, 168, 57, 83, 6, 56, 33, 26, 97, 28, 96, 90, 128, 27, 157, 10, 92, 121, 84, 72, 141, 188, 52, 169, 38, 189, 110, 67, 85, 151, 145, 37]
[73, 164, 59, 88, 42, 163, 49, 182, 15, 108, 41, 119, 124, 13, 63, 32, 14, 111, 127, 146, 81, 120, 155, 50, 194, 47, 30, 62, 186, 191, 40, 118, 95, 161, 23, 152, 54, 103, 142, 176, 153, 190, 138, 172, 178, 149, 68, 116, 39, 197, 69, 148, 9, 122, 20, 107, 165, 137, 48, 133, 180, 29, 74, 64, 140, 183, 36, 71, 51, 195, 185, 93, 177, 130, 156, 171, 34, 60, 179, 175, 106, 31, 166, 174, 58, 135, 75, 98, 7, 2, 94, 0, 89, 173, 11, 160, 70, 8, 24, 45]
41491

[127, 50, 194, 155, 120, 109, 81, 146, 32, 82, 181, 63, 41, 108, 1, 154, 15, 102, 76, 16, 191, 40, 147, 91, 18, 134, 159, 192, 22, 21, 170, 87, 190, 162, 53, 138, 172, 140, 183, 168, 57, 83, 6, 56, 33, 89, 20, 85, 48, 133, 29, 74, 100, 126, 123, 187, 78, 112, 80, 55, 193, 116, 39, 196, 66, 197, 69, 148, 38, 189, 188, 110, 67, 9, 141, 122, 0, 94, 2, 157, 98, 7, 28, 135, 58, 166, 174, 106, 26, 175, 179, 93, 73, 164, 59, 86, 3, 5, 111, 14]
[173, 97, 31, 75, 96, 90, 128, 27, 10, 92, 121, 84, 72, 52, 169, 4, 131, 61, 99, 25, 68, 149, 178, 46, 64, 36, 71, 114, 153, 176, 142, 54, 103, 143, 152, 23, 104, 17, 161, 95, 136, 150, 199, 129, 43, 101, 118, 35, 44, 77, 12, 186, 125, 62, 30, 47, 119, 124, 13, 117, 105, 182, 139, 158, 49, 184, 163, 115, 51, 185, 195, 42, 88, 113, 167, 132, 65, 144, 198, 177, 130, 156, 171, 34, 60, 8, 24, 45, 145, 151, 37, 19, 79, 180, 137, 165, 107, 160, 70, 11]
39374

[160, 70, 11, 173, 106, 31, 135, 75, 98, 7, 28, 97, 94, 0, 89, 20, 122, 84, 121, 72, 52, 169, 148, 69, 197, 38, 66, 196, 4, 131, 193, 61, 99, 55, 112, 78, 187, 123, 64, 172, 138, 87, 170, 142, 163, 49, 158, 117, 181, 13, 124, 119, 63, 81, 109, 41, 108, 1, 12, 154, 77, 44, 35, 95, 136, 91, 101, 199, 129, 43, 147, 40, 191, 186, 30, 50, 127, 146, 32, 111, 14, 5, 3, 82, 86, 113, 167, 59, 185, 195, 115, 153, 190, 114, 71, 168, 175, 60, 34, 26]
[2, 141, 9, 67, 188, 189, 39, 116, 110, 48, 85, 137, 165, 107, 133, 180, 29, 74, 149, 68, 25, 100, 126, 178, 80, 46, 140, 183, 36, 79, 19, 37, 151, 145, 45, 24, 8, 33, 56, 179, 93, 177, 6, 83, 57, 51, 53, 162, 176, 54, 103, 21, 22, 192, 143, 159, 152, 23, 104, 17, 161, 134, 18, 150, 118, 16, 125, 62, 47, 194, 155, 120, 15, 76, 102, 182, 139, 105, 184, 42, 88, 164, 73, 132, 65, 144, 198, 130, 156, 171, 174, 166, 58, 96, 90, 128, 27, 157, 92, 10]
38695

[162, 53, 115, 51, 57, 168, 36, 183, 64, 123, 187, 78, 46, 140, 172, 138, 190, 153, 176, 163, 49, 139, 182, 105, 184, 88, 177, 93, 33, 8, 24, 45, 0, 94, 89, 85, 48, 133, 149, 68, 61, 131, 193, 110, 189, 116, 39, 38, 169, 52, 72, 121, 157, 27, 128, 90, 96, 75, 58, 174, 166, 97, 173, 70, 60, 34, 171, 156, 130, 198, 144, 65, 132, 3, 5, 14, 111, 127, 50, 30, 40, 147, 43, 129, 101, 199, 18, 150, 91, 118, 35, 95, 136, 134, 161, 159, 21, 22, 87, 170]
[125, 186, 62, 47, 194, 155, 120, 109, 41, 119, 124, 13, 63, 81, 146, 32, 82, 181, 117, 102, 76, 158, 42, 195, 185, 59, 86, 113, 167, 164, 73, 83, 6, 56, 179, 175, 26, 160, 11, 106, 31, 135, 28, 98, 7, 2, 10, 92, 84, 141, 122, 20, 145, 151, 107, 165, 137, 67, 9, 188, 148, 69, 197, 66, 196, 4, 25, 99, 55, 80, 178, 112, 126, 100, 74, 29, 180, 79, 19, 37, 71, 114, 142, 54, 103, 192, 143, 152, 23, 104, 17, 44, 16, 191, 77, 15, 1, 108, 12, 154]
40280

[119, 41, 109, 30, 62, 125, 186, 12, 154, 15, 102, 76, 104, 17, 95, 136, 18, 150, 91, 199, 101, 40, 147, 43, 129, 134, 159, 54, 142, 138, 172, 190, 53, 162, 115, 42, 195, 185, 51, 57, 83, 6, 33, 26, 145, 107, 85, 48, 133, 180, 29, 74, 126, 123, 187, 55, 99, 68, 193, 197, 69, 148, 169, 52, 72, 84, 121, 92, 10, 28, 171, 156, 130, 177, 198, 144, 65, 132, 88, 184, 117, 105, 139, 182, 124, 13, 181, 5, 14, 32, 146, 111, 127, 50, 155, 194, 47, 120, 81, 63]
[97, 94, 0, 89, 173, 11, 106, 31, 166, 174, 58, 135, 75, 7, 98, 96, 90, 128, 27, 157, 2, 141, 9, 67, 110, 188, 189, 116, 39, 38, 66, 196, 4, 131, 61, 25, 100, 149, 137, 165, 151, 37, 19, 79, 140, 64, 78, 112, 80, 178, 46, 87, 170, 21, 22, 192, 103, 143, 152, 23, 161, 118, 35, 44, 16, 191, 77, 1, 108, 158, 49, 163, 176, 153, 114, 183, 36, 71, 168, 56, 73, 164, 59, 86, 82, 3, 113, 167, 93, 179, 175, 60, 34, 70, 160, 8, 24, 45, 20, 122]
40442

[26, 70, 106, 160, 8, 24, 45, 89, 0, 94, 28, 135, 58, 75, 98, 96, 90, 128, 27, 157, 10, 92, 141, 9, 67, 85, 137, 48, 110, 116, 193, 66, 196, 4, 131, 61, 68, 74, 29, 19, 79, 126, 123, 187, 178, 80, 46, 172, 138, 87, 22, 21, 170, 54, 23, 161, 95, 136, 18, 150, 118, 77, 154, 1, 108, 12, 186, 125, 62, 30, 47, 194, 50, 155, 120, 146, 127, 111, 14, 32, 63, 13, 124, 119, 105, 158, 184, 42, 115, 51, 185, 59, 65, 144, 198, 156, 171, 34, 60, 175]
[93, 179, 56, 177, 130, 73, 164, 132, 167, 113, 86, 88, 195, 6, 83, 57, 168, 33, 11, 173, 97, 31, 166, 174, 7, 2, 121, 84, 72, 52, 169, 148, 69, 197, 38, 39, 189, 188, 122, 20, 145, 151, 107, 165, 133, 180, 37, 71, 36, 64, 100, 149, 25, 99, 55, 112, 78, 140, 183, 114, 53, 162, 153, 190, 176, 142, 163, 49, 139, 182, 102, 76, 152, 159, 143, 103, 192, 134, 129, 199, 91, 101, 43, 147, 40, 191, 16, 35, 44, 17, 104, 15, 41, 109, 81, 5, 3, 82, 181, 117]
39599

[193, 116, 110, 67, 9, 188, 169, 52, 72, 84, 141, 122, 20, 89, 2, 10, 157, 27, 128, 90, 28, 166, 174, 106, 60, 175, 8, 24, 45, 145, 107, 151, 37, 19, 126, 123, 64, 183, 36, 71, 168, 83, 57, 51, 115, 195, 185, 42, 163, 184, 117, 88, 86, 113, 167, 132, 144, 65, 5, 14, 111, 146, 32, 124, 119, 118, 91, 150, 18, 134, 159, 192, 103, 170, 21, 22, 87, 142, 176, 138, 172, 140, 46, 178, 187, 78, 112, 80, 55, 99, 100, 149, 74, 29, 133, 68, 25, 61, 4, 131]
[54, 143, 152, 23, 161, 95, 136, 101, 199, 129, 43, 147, 40, 191, 16, 35, 44, 17, 104, 76, 49, 158, 105, 139, 182, 102, 15, 1, 108, 41, 109, 12, 154, 77, 186, 125, 62, 30, 47, 194, 155, 50, 127, 120, 81, 63, 13, 181, 82, 3, 59, 164, 73, 177, 198, 130, 156, 171, 34, 179, 93, 56, 6, 33, 26, 70, 160, 11, 173, 0, 94, 97, 31, 58, 135, 75, 96, 98, 7, 92, 121, 148, 69, 197, 38, 66, 196, 39, 189, 48, 85, 137, 165, 180, 79, 114, 53, 162, 153, 190]
39493

[24, 33, 6, 83, 57, 168, 114, 138, 87, 170, 22, 21, 103, 143, 54, 49, 152, 23, 17, 104, 76, 119, 124, 13, 81, 120, 109, 41, 191, 40, 147, 62, 30, 47, 194, 155, 50, 127, 111, 14, 82, 86, 113, 167, 132, 73, 164, 59, 185, 56, 93, 179, 175, 60, 26, 70, 11, 97, 28, 31, 166, 174, 58, 135, 75, 7, 98, 96, 90, 128, 27, 157, 121, 72, 52, 169, 148, 69, 197, 38, 39, 193, 66, 196, 4, 131, 61, 133, 180, 37, 137, 48, 85, 165, 151, 107, 89, 173, 160, 8]
[158, 184, 88, 195, 42, 163, 115, 51, 162, 53, 153, 190, 176, 142, 172, 46, 187, 78, 112, 178, 80, 55, 99, 25, 68, 149, 100, 74, 29, 19, 79, 126, 123, 64, 140, 183, 36, 71, 145, 45, 20, 122, 141, 9, 67, 110, 116, 189, 188, 84, 92, 10, 2, 94, 0, 106, 34, 171, 156, 130, 177, 198, 144, 65, 3, 5, 32, 146, 63, 181, 117, 105, 139, 182, 102, 15, 1, 108, 125, 186, 12, 154, 77, 16, 44, 35, 95, 136, 161, 159, 192, 134, 18, 150, 118, 91, 199, 129, 43, 101]
40578

[168, 114, 138, 170, 192, 143, 159, 161, 134, 18, 150, 199, 101, 91, 118, 16, 77, 154, 12, 186, 125, 62, 30, 47, 194, 50, 155, 120, 109, 108, 41, 119, 124, 15, 104, 23, 152, 54, 142, 176, 190, 153, 115, 195, 185, 88, 181, 82, 5, 3, 86, 113, 132, 65, 144, 198, 177, 56, 93, 179, 175, 60, 34, 106, 11, 173, 89, 0, 94, 97, 28, 98, 7, 2, 10, 141, 122, 9, 67, 85, 48, 110, 188, 189, 116, 39, 193, 61, 68, 149, 100, 112, 178, 78, 187, 79, 19, 37, 45, 145]
[33, 24, 8, 26, 70, 160, 20, 107, 151, 165, 137, 133, 180, 29, 74, 126, 123, 64, 140, 183, 36, 71, 172, 46, 80, 55, 99, 25, 131, 4, 196, 66, 38, 197, 69, 148, 169, 52, 72, 84, 121, 92, 157, 27, 128, 90, 96, 75, 135, 58, 174, 166, 31, 171, 156, 130, 167, 73, 164, 59, 6, 83, 57, 51, 42, 163, 184, 117, 13, 63, 32, 14, 111, 127, 146, 81, 1, 191, 40, 147, 43, 129, 136, 95, 35, 44, 17, 76, 102, 182, 139, 105, 158, 49, 103, 21, 22, 87, 162, 53]
39945

[146, 111, 127, 50, 194, 155, 120, 109, 41, 16, 191, 40, 147, 43, 129, 199, 101, 91, 150, 18, 136, 95, 17, 104, 23, 152, 159, 192, 21, 22, 87, 172, 46, 64, 187, 78, 112, 100, 149, 74, 29, 180, 133, 110, 189, 196, 66, 197, 69, 148, 10, 157, 27, 98, 135, 58, 166, 174, 106, 173, 97, 28, 7, 2, 141, 67, 48, 85, 137, 165, 107, 45, 8, 26, 175, 179, 93, 60, 34, 171, 156, 177, 73, 164, 86, 88, 42, 115, 162, 153, 190, 176, 142, 163, 184, 182, 15, 119, 124, 63]
[3, 5, 14, 32, 13, 105, 139, 117, 181, 82, 113, 167, 132, 65, 144, 198, 130, 70, 160, 11, 31, 75, 96, 90, 128, 94, 0, 89, 20, 122, 9, 188, 84, 92, 121, 72, 52, 169, 38, 39, 116, 193, 4, 131, 61, 68, 25, 99, 55, 80, 178, 126, 123, 140, 183, 36, 71, 79, 19, 37, 151, 145, 24, 33, 168, 57, 83, 6, 56, 59, 185, 195, 51, 53, 114, 138, 170, 103, 143, 54, 49, 158, 102, 76, 161, 134, 118, 35, 44, 77, 1, 108, 154, 12, 186, 125, 62, 30, 47, 81]
42041

[59, 164, 73, 185, 195, 88, 42, 176, 190, 138, 172, 22, 21, 103, 192, 143, 159, 161, 17, 139, 105, 13, 63, 81, 32, 5, 132, 65, 156, 171, 34, 60, 175, 26, 70, 106, 97, 31, 166, 174, 58, 135, 75, 96, 90, 128, 27, 98, 7, 28, 2, 157, 10, 92, 121, 72, 84, 94, 0, 173, 11, 160, 8, 24, 45, 145, 89, 20, 107, 165, 137, 85, 48, 180, 79, 149, 68, 193, 39, 38, 197, 66, 196, 4, 131, 61, 25, 99, 55, 100, 126, 123, 78, 187, 64, 183, 36, 71, 83, 6]
[91, 150, 18, 199, 101, 147, 43, 129, 134, 136, 95, 118, 35, 44, 16, 77, 154, 12, 108, 1, 15, 182, 102, 76, 104, 23, 152, 54, 49, 163, 142, 170, 87, 153, 53, 162, 115, 51, 57, 114, 140, 46, 178, 80, 112, 74, 29, 133, 67, 110, 188, 189, 116, 69, 148, 169, 52, 9, 141, 122, 151, 37, 19, 168, 33, 56, 179, 93, 177, 130, 198, 144, 167, 113, 86, 3, 82, 181, 117, 184, 158, 124, 119, 41, 109, 120, 146, 14, 111, 127, 50, 155, 194, 47, 30, 62, 125, 186, 191, 40]
39109

[173, 97, 31, 166, 58, 135, 7, 98, 90, 128, 27, 121, 84, 72, 52, 169, 148, 69, 197, 38, 39, 66, 196, 4, 131, 61, 193, 116, 189, 188, 110, 68, 149, 25, 99, 80, 46, 64, 140, 183, 36, 114, 172, 138, 87, 22, 21, 170, 142, 103, 192, 143, 152, 23, 104, 17, 44, 77, 154, 186, 125, 62, 30, 47, 120, 81, 119, 41, 108, 1, 15, 76, 102, 182, 139, 105, 158, 49, 42, 185, 59, 164, 73, 177, 198, 130, 156, 171, 34, 60, 179, 93, 56, 175, 26, 8, 24, 45, 145, 89]
[43, 129, 199, 91, 150, 18, 134, 161, 159, 54, 163, 176, 190, 153, 53, 162, 115, 51, 57, 168, 71, 19, 37, 151, 107, 165, 137, 79, 126, 123, 187, 78, 178, 112, 55, 100, 74, 29, 180, 133, 48, 85, 67, 9, 141, 122, 20, 0, 94, 28, 2, 10, 92, 157, 96, 75, 174, 106, 11, 160, 70, 33, 6, 83, 195, 88, 184, 117, 124, 13, 63, 146, 32, 82, 181, 86, 113, 167, 132, 144, 65, 3, 5, 14, 111, 127, 50, 155, 194, 109, 12, 191, 16, 35, 95, 136, 118, 40, 147, 101]
37215

[129, 199, 150, 18, 134, 136, 95, 161, 192, 22, 21, 170, 87, 138, 172, 140, 183, 36, 71, 19, 79, 180, 29, 74, 126, 123, 64, 46, 80, 178, 187, 78, 112, 55, 99, 25, 169, 52, 72, 121, 84, 141, 122, 2, 10, 92, 157, 27, 128, 90, 96, 28, 45, 24, 8, 26, 60, 34, 171, 156, 130, 177, 179, 93, 73, 164, 59, 132, 167, 113, 86, 32, 146, 120, 155, 194, 47, 30, 62, 109, 41, 119, 117, 115, 153, 190, 176, 142, 103, 54, 139, 105, 182, 15, 108, 1, 40, 147, 101, 43]
[89, 20, 0, 94, 31, 135, 7, 98, 75, 58, 166, 174, 106, 97, 173, 11, 160, 70, 175, 198, 144, 65, 3, 5, 82, 181, 13, 124, 63, 81, 14, 111, 127, 50, 125, 186, 12, 154, 77, 191, 16, 44, 35, 118, 91, 17, 23, 159, 143, 152, 104, 76, 102, 158, 49, 163, 184, 42, 88, 185, 195, 51, 162, 53, 114, 57, 83, 6, 56, 33, 168, 145, 107, 151, 37, 133, 67, 110, 116, 193, 68, 149, 100, 61, 131, 4, 196, 66, 197, 69, 148, 38, 39, 189, 188, 9, 165, 137, 85, 48]
40855

[178, 46, 78, 187, 64, 123, 126, 68, 110, 67, 9, 107, 151, 145, 45, 24, 8, 33, 6, 168, 71, 36, 183, 114, 138, 87, 170, 142, 102, 76, 95, 136, 118, 91, 101, 191, 16, 77, 154, 12, 15, 1, 108, 41, 119, 124, 13, 81, 109, 125, 186, 62, 30, 47, 194, 155, 50, 127, 120, 146, 111, 14, 167, 132, 65, 144, 198, 130, 156, 171, 34, 60, 70, 160, 11, 173, 97, 166, 174, 58, 28, 94, 0, 89, 20, 122, 141, 188, 52, 169, 148, 69, 197, 38, 39, 66, 196, 55, 112, 80]
[51, 115, 162, 53, 153, 190, 176, 163, 49, 158, 105, 139, 182, 104, 44, 35, 40, 147, 43, 129, 199, 150, 18, 134, 161, 17, 23, 152, 159, 143, 54, 103, 192, 21, 22, 172, 140, 79, 19, 37, 165, 137, 85, 48, 133, 180, 29, 74, 149, 100, 99, 25, 61, 131, 4, 193, 116, 189, 72, 84, 121, 92, 10, 2, 157, 27, 128, 90, 96, 98, 7, 75, 135, 31, 106, 26, 175, 179, 93, 177, 56, 83, 57, 195, 185, 59, 164, 73, 113, 86, 3, 5, 32, 63, 82, 181, 117, 184, 42, 88]
38293

[86, 59, 164, 73, 177, 130, 93, 179, 56, 33, 8, 160, 106, 174, 166, 58, 75, 135, 28, 7, 98, 10, 92, 9, 122, 165, 137, 85, 48, 133, 180, 29, 67, 38, 197, 66, 196, 4, 68, 149, 100, 74, 126, 78, 178, 80, 46, 172, 36, 71, 195, 185, 88, 42, 184, 163, 142, 170, 22, 21, 103, 143, 54, 76, 104, 17, 95, 118, 101, 40, 35, 44, 77, 154, 12, 1, 108, 109, 47, 30, 194, 50, 155, 120, 127, 111, 14, 5, 32, 146, 81, 41, 119, 124, 63, 13, 117, 3, 82, 181]
[97, 173, 11, 70, 26, 175, 60, 34, 171, 156, 198, 144, 65, 132, 167, 113, 6, 83, 57, 51, 115, 162, 53, 153, 190, 176, 49, 158, 105, 139, 182, 102, 15, 62, 125, 186, 16, 191, 147, 43, 129, 199, 91, 150, 18, 136, 134, 161, 23, 152, 159, 192, 87, 138, 114, 168, 24, 45, 145, 89, 20, 107, 151, 37, 19, 79, 183, 140, 64, 123, 187, 112, 55, 99, 25, 61, 131, 193, 110, 188, 189, 116, 39, 69, 148, 169, 52, 72, 121, 84, 141, 0, 94, 31, 96, 90, 128, 27, 157, 2]
40614

[77, 147, 43, 129, 101, 199, 18, 150, 136, 95, 15, 139, 158, 49, 184, 88, 42, 51, 115, 153, 190, 176, 163, 54, 103, 21, 22, 87, 170, 142, 138, 114, 53, 162, 57, 83, 6, 33, 160, 11, 173, 107, 151, 37, 19, 126, 123, 64, 187, 78, 112, 80, 55, 99, 25, 68, 61, 131, 4, 196, 66, 193, 116, 189, 39, 197, 69, 148, 38, 188, 169, 52, 72, 84, 121, 2, 28, 31, 106, 171, 156, 198, 144, 65, 132, 167, 113, 32, 146, 120, 47, 30, 62, 125, 186, 12, 109, 108, 1, 154]
[174, 166, 58, 135, 75, 7, 98, 96, 90, 128, 27, 157, 10, 92, 141, 9, 110, 67, 122, 165, 137, 85, 48, 133, 180, 79, 29, 74, 149, 100, 178, 46, 140, 183, 172, 192, 143, 159, 152, 23, 17, 161, 134, 91, 118, 40, 191, 16, 35, 44, 104, 76, 102, 182, 105, 117, 181, 82, 63, 13, 124, 119, 41, 81, 194, 155, 50, 127, 111, 14, 5, 3, 86, 195, 185, 59, 164, 73, 130, 177, 56, 93, 179, 175, 60, 34, 26, 70, 8, 24, 45, 168, 71, 36, 145, 20, 89, 0, 94, 97]
39335

[169, 52, 148, 69, 197, 38, 110, 67, 9, 122, 165, 29, 74, 149, 100, 112, 78, 187, 64, 140, 183, 36, 71, 33, 168, 114, 53, 153, 190, 176, 163, 49, 158, 105, 139, 182, 102, 142, 170, 22, 21, 103, 54, 152, 23, 161, 136, 95, 118, 35, 44, 77, 154, 186, 125, 109, 119, 124, 13, 181, 82, 63, 81, 120, 155, 194, 50, 127, 111, 14, 5, 3, 59, 164, 73, 177, 198, 130, 156, 171, 34, 60, 93, 179, 175, 26, 8, 160, 70, 106, 174, 135, 28, 98, 7, 84, 72, 121, 92, 10]
[150, 18, 91, 199, 129, 43, 101, 147, 40, 191, 16, 17, 104, 76, 15, 41, 108, 1, 12, 62, 30, 47, 146, 32, 117, 184, 115, 162, 51, 57, 83, 6, 185, 195, 42, 88, 86, 113, 167, 132, 65, 144, 56, 24, 45, 145, 37, 151, 107, 20, 89, 0, 94, 173, 11, 97, 31, 166, 58, 75, 96, 90, 128, 27, 157, 2, 141, 188, 189, 116, 39, 66, 196, 4, 131, 193, 61, 55, 99, 25, 68, 48, 85, 137, 133, 180, 19, 79, 126, 123, 178, 80, 46, 172, 138, 87, 192, 143, 159, 134]
38847

[180, 133, 29, 74, 149, 100, 55, 99, 25, 68, 61, 38, 197, 69, 148, 188, 9, 122, 141, 7, 98, 28, 135, 31, 106, 34, 60, 70, 173, 97, 94, 0, 89, 20, 107, 165, 85, 48, 137, 37, 151, 145, 45, 24, 33, 56, 168, 71, 114, 138, 152, 23, 104, 76, 163, 42, 88, 86, 113, 164, 73, 144, 65, 132, 3, 5, 14, 32, 63, 41, 108, 1, 125, 186, 191, 147, 43, 129, 18, 150, 91, 95, 136, 134, 161, 159, 192, 22, 21, 170, 87, 172, 46, 178, 80, 112, 78, 187, 123, 126]
[118, 17, 15, 105, 184, 49, 158, 139, 182, 102, 54, 143, 103, 142, 176, 190, 153, 53, 162, 115, 51, 195, 185, 59, 6, 83, 57, 36, 183, 140, 64, 79, 19, 67, 110, 189, 116, 39, 193, 131, 4, 196, 66, 169, 52, 72, 84, 121, 92, 10, 2, 157, 27, 128, 90, 96, 75, 58, 174, 166, 11, 160, 8, 26, 175, 179, 93, 171, 156, 130, 198, 177, 167, 82, 181, 117, 119, 124, 13, 146, 111, 127, 50, 194, 30, 62, 47, 155, 120, 81, 109, 12, 154, 77, 16, 44, 35, 40, 101, 199]
40506

[193, 131, 4, 196, 66, 39, 38, 197, 69, 148, 169, 52, 188, 189, 116, 110, 67, 9, 122, 20, 89, 0, 94, 2, 7, 75, 135, 58, 166, 174, 106, 145, 45, 24, 8, 33, 56, 179, 93, 177, 59, 185, 195, 184, 117, 139, 105, 119, 124, 13, 63, 146, 127, 50, 30, 125, 186, 12, 154, 77, 118, 91, 199, 18, 150, 136, 23, 152, 143, 103, 21, 22, 46, 178, 112, 78, 187, 64, 140, 138, 190, 153, 142, 176, 162, 53, 114, 57, 83, 6, 168, 71, 36, 183, 180, 133, 29, 74, 68, 48]
[181, 82, 32, 111, 14, 5, 3, 86, 164, 73, 113, 167, 132, 65, 144, 198, 130, 156, 171, 34, 60, 175, 26, 70, 160, 11, 173, 97, 31, 28, 98, 96, 90, 128, 27, 157, 10, 92, 121, 84, 72, 141, 85, 137, 165, 107, 151, 37, 19, 79, 123, 126, 100, 149, 25, 61, 99, 55, 80, 172, 87, 170, 192, 134, 129, 43, 101, 147, 40, 191, 16, 44, 35, 95, 161, 159, 54, 102, 76, 104, 17, 1, 62, 47, 194, 155, 120, 81, 109, 41, 108, 15, 182, 158, 49, 163, 115, 51, 42, 88]
40011

[95, 136, 134, 161, 35, 17, 23, 104, 76, 49, 163, 54, 103, 142, 176, 138, 172, 114, 71, 36, 183, 140, 64, 187, 178, 112, 78, 123, 126, 29, 180, 133, 48, 85, 137, 165, 188, 69, 148, 169, 52, 72, 141, 122, 20, 107, 145, 45, 24, 8, 160, 97, 31, 135, 28, 7, 98, 157, 10, 92, 27, 128, 90, 96, 75, 58, 166, 174, 106, 26, 175, 60, 34, 171, 156, 198, 144, 65, 132, 59, 6, 83, 57, 168, 51, 42, 117, 119, 124, 13, 63, 81, 32, 14, 111, 146, 120, 47, 154, 44]
[40, 191, 12, 186, 125, 62, 30, 194, 155, 50, 127, 5, 3, 82, 181, 88, 195, 185, 86, 113, 167, 164, 73, 177, 130, 93, 179, 56, 33, 70, 11, 173, 94, 2, 121, 84, 0, 89, 151, 37, 19, 79, 74, 100, 149, 68, 67, 9, 110, 189, 116, 39, 38, 197, 66, 196, 4, 131, 193, 61, 25, 99, 55, 80, 46, 87, 22, 21, 170, 190, 153, 53, 162, 115, 184, 158, 143, 192, 159, 152, 102, 182, 139, 105, 15, 41, 109, 108, 1, 77, 16, 147, 101, 43, 129, 18, 150, 118, 91, 199]
41042

[17, 161, 134, 23, 152, 159, 143, 192, 22, 21, 170, 103, 54, 182, 139, 105, 158, 49, 115, 51, 83, 6, 57, 162, 53, 114, 140, 64, 123, 126, 187, 46, 178, 78, 112, 80, 55, 99, 25, 100, 180, 133, 48, 137, 85, 110, 189, 116, 39, 38, 197, 69, 148, 169, 52, 188, 9, 122, 20, 28, 7, 98, 90, 128, 96, 75, 135, 58, 174, 97, 173, 11, 160, 70, 8, 24, 45, 145, 168, 33, 56, 73, 164, 59, 185, 195, 42, 88, 86, 113, 167, 3, 5, 14, 111, 127, 146, 32, 124, 119]
[13, 63, 81, 120, 155, 50, 194, 47, 30, 62, 125, 186, 12, 109, 41, 108, 1, 15, 154, 77, 16, 191, 40, 147, 43, 129, 101, 199, 18, 150, 91, 118, 136, 95, 35, 44, 104, 76, 102, 117, 184, 163, 176, 142, 87, 153, 190, 138, 172, 183, 36, 71, 37, 19, 79, 29, 74, 149, 68, 61, 193, 131, 4, 196, 66, 72, 84, 121, 92, 10, 157, 27, 2, 141, 67, 165, 151, 107, 89, 0, 94, 31, 166, 106, 171, 156, 34, 60, 26, 175, 179, 93, 177, 130, 198, 144, 65, 132, 82, 181]
38576

[134, 129, 199, 91, 95, 76, 102, 182, 139, 105, 15, 1, 77, 154, 12, 108, 81, 32, 146, 127, 111, 14, 5, 117, 42, 176, 142, 170, 87, 138, 190, 153, 53, 162, 115, 51, 177, 130, 70, 173, 89, 20, 0, 94, 28, 135, 75, 7, 98, 96, 90, 128, 27, 157, 2, 10, 92, 121, 84, 72, 9, 67, 48, 133, 180, 29, 100, 149, 68, 116, 39, 38, 169, 52, 148, 69, 197, 66, 196, 61, 25, 99, 78, 187, 126, 123, 64, 140, 46, 22, 21, 192, 103, 54, 143, 159, 161, 136, 150, 18]
[83, 57, 168, 33, 8, 24, 45, 145, 107, 165, 85, 137, 151, 37, 19, 79, 74, 112, 178, 80, 55, 131, 4, 193, 189, 188, 110, 122, 141, 97, 31, 166, 58, 174, 106, 11, 160, 26, 175, 56, 93, 179, 60, 34, 171, 156, 198, 144, 65, 132, 167, 113, 73, 164, 59, 86, 3, 82, 181, 63, 13, 124, 119, 41, 109, 120, 155, 50, 194, 47, 30, 62, 125, 186, 191, 40, 147, 43, 101, 118, 35, 16, 44, 17, 104, 23, 152, 172, 183, 36, 71, 114, 163, 49, 158, 184, 88, 195, 185, 6]
40236

[168, 71, 64, 187, 123, 126, 79, 19, 37, 180, 133, 29, 74, 149, 68, 189, 116, 39, 193, 131, 4, 196, 66, 38, 169, 52, 72, 84, 7, 98, 28, 135, 106, 70, 26, 175, 60, 34, 171, 156, 130, 177, 198, 144, 65, 132, 167, 113, 86, 88, 117, 119, 124, 13, 63, 81, 32, 181, 82, 3, 5, 14, 111, 146, 127, 50, 30, 125, 77, 16, 40, 147, 101, 18, 150, 91, 118, 35, 44, 17, 104, 76, 102, 182, 139, 158, 49, 163, 54, 103, 170, 21, 22, 87, 172, 138, 190, 153, 162, 53]
[25, 99, 55, 100, 78, 112, 80, 178, 46, 140, 183, 36, 114, 115, 176, 142, 192, 143, 159, 152, 23, 161, 95, 136, 134, 199, 129, 43, 191, 186, 62, 47, 194, 155, 120, 109, 41, 108, 12, 154, 1, 15, 105, 184, 42, 59, 164, 73, 185, 195, 51, 57, 83, 6, 56, 93, 179, 33, 8, 24, 45, 145, 160, 11, 173, 89, 0, 94, 97, 31, 166, 174, 58, 75, 96, 90, 128, 27, 157, 2, 10, 92, 121, 141, 9, 67, 122, 20, 107, 151, 165, 137, 85, 48, 110, 188, 148, 69, 197, 61]
37293

[181, 63, 13, 49, 163, 176, 153, 190, 114, 53, 162, 115, 185, 59, 73, 164, 86, 113, 167, 132, 65, 144, 26, 70, 160, 145, 151, 37, 19, 165, 107, 20, 122, 67, 9, 141, 94, 0, 89, 173, 11, 97, 28, 2, 10, 92, 121, 72, 148, 69, 38, 188, 189, 116, 39, 193, 61, 25, 99, 55, 112, 78, 187, 126, 123, 64, 140, 183, 172, 138, 142, 54, 103, 170, 87, 22, 21, 192, 143, 159, 161, 101, 199, 129, 43, 147, 40, 191, 154, 12, 186, 125, 62, 30, 47, 120, 146, 32, 5, 82]
[31, 106, 60, 34, 171, 156, 130, 198, 177, 93, 179, 175, 56, 33, 6, 83, 195, 88, 3, 14, 111, 127, 50, 155, 194, 81, 109, 41, 108, 1, 77, 16, 35, 118, 91, 150, 18, 134, 136, 95, 44, 17, 23, 152, 104, 76, 102, 139, 105, 182, 15, 119, 124, 117, 158, 184, 42, 51, 57, 168, 24, 8, 45, 71, 36, 46, 178, 80, 100, 149, 68, 74, 29, 79, 180, 133, 137, 85, 48, 110, 131, 4, 196, 66, 197, 169, 52, 84, 157, 27, 128, 90, 96, 75, 58, 174, 166, 135, 98, 7]
39621

[152, 23, 76, 54, 142, 190, 153, 115, 162, 53, 71, 19, 79, 29, 74, 68, 110, 189, 116, 39, 193, 131, 4, 196, 66, 197, 69, 148, 38, 169, 52, 188, 9, 141, 122, 20, 67, 48, 85, 137, 133, 180, 37, 151, 145, 168, 83, 6, 56, 33, 45, 89, 0, 94, 2, 84, 72, 121, 92, 10, 157, 27, 96, 75, 58, 166, 174, 106, 171, 156, 65, 132, 167, 113, 164, 86, 82, 181, 88, 184, 139, 105, 41, 119, 124, 13, 63, 32, 14, 111, 127, 50, 155, 194, 30, 77, 16, 191, 40, 35]
[49, 158, 102, 182, 117, 3, 5, 146, 120, 81, 109, 47, 62, 125, 186, 12, 154, 108, 1, 15, 104, 17, 44, 95, 136, 118, 91, 101, 147, 43, 129, 199, 150, 18, 134, 161, 159, 143, 192, 103, 21, 22, 170, 87, 138, 172, 114, 36, 183, 140, 46, 64, 123, 126, 187, 78, 112, 178, 80, 55, 99, 61, 25, 100, 149, 165, 107, 173, 28, 7, 128, 90, 98, 135, 31, 97, 11, 160, 70, 8, 24, 26, 34, 60, 175, 179, 93, 177, 130, 198, 144, 73, 59, 185, 195, 57, 51, 42, 163, 176]
40639

[28, 31, 94, 0, 173, 11, 106, 70, 160, 145, 45, 24, 8, 33, 175, 60, 34, 171, 156, 198, 144, 65, 132, 167, 113, 164, 73, 56, 6, 83, 195, 185, 59, 86, 3, 82, 181, 109, 1, 77, 191, 16, 35, 40, 147, 101, 43, 129, 199, 136, 95, 161, 17, 104, 76, 102, 49, 163, 54, 103, 192, 22, 21, 170, 87, 138, 172, 46, 123, 126, 100, 74, 29, 133, 180, 79, 19, 37, 151, 107, 165, 110, 188, 197, 69, 148, 84, 121, 92, 10, 2, 157, 27, 128, 90, 96, 98, 75, 135, 7]
[67, 9, 122, 141, 72, 52, 169, 38, 39, 189, 116, 193, 66, 196, 4, 131, 61, 25, 68, 149, 99, 55, 80, 178, 112, 78, 187, 64, 140, 183, 36, 71, 114, 190, 153, 53, 162, 115, 176, 142, 143, 159, 152, 23, 134, 18, 150, 91, 118, 44, 154, 12, 186, 125, 62, 30, 47, 194, 50, 155, 120, 81, 32, 146, 127, 111, 14, 5, 63, 13, 124, 119, 41, 108, 15, 182, 139, 105, 158, 184, 117, 88, 42, 51, 57, 168, 179, 93, 177, 130, 26, 174, 58, 166, 97, 89, 20, 85, 48, 137]
37711

[82, 181, 88, 59, 164, 73, 177, 198, 144, 65, 132, 167, 113, 86, 3, 5, 14, 146, 120, 81, 109, 108, 1, 154, 12, 125, 186, 191, 40, 147, 43, 129, 199, 101, 91, 150, 18, 136, 134, 161, 95, 118, 35, 15, 105, 139, 182, 102, 54, 103, 143, 192, 22, 21, 170, 87, 190, 153, 162, 115, 51, 57, 168, 114, 138, 172, 46, 140, 183, 19, 37, 122, 141, 20, 89, 0, 26, 175, 70, 97, 28, 90, 128, 27, 10, 92, 121, 84, 72, 52, 66, 196, 4, 131, 61, 25, 99, 55, 100, 149]
[163, 176, 142, 159, 152, 23, 76, 104, 17, 44, 16, 77, 62, 30, 47, 194, 155, 50, 127, 111, 32, 63, 41, 119, 124, 13, 117, 158, 49, 184, 42, 195, 185, 83, 6, 33, 56, 179, 93, 130, 156, 171, 34, 60, 106, 31, 166, 174, 58, 135, 75, 96, 98, 7, 157, 2, 94, 173, 11, 160, 8, 24, 45, 145, 151, 107, 165, 137, 85, 48, 67, 9, 110, 116, 189, 188, 169, 148, 69, 197, 38, 39, 193, 68, 112, 80, 178, 78, 187, 64, 123, 126, 74, 29, 133, 180, 79, 71, 36, 53]
40868

[134, 18, 150, 91, 118, 95, 17, 77, 186, 125, 62, 108, 41, 109, 120, 155, 50, 146, 32, 81, 63, 13, 82, 181, 117, 184, 105, 139, 182, 143, 192, 103, 54, 142, 176, 51, 195, 185, 59, 86, 113, 167, 132, 144, 198, 130, 177, 93, 179, 175, 26, 106, 174, 166, 31, 97, 173, 11, 160, 24, 45, 145, 20, 122, 141, 84, 72, 52, 169, 148, 69, 197, 38, 39, 66, 196, 4, 131, 116, 189, 188, 110, 67, 9, 107, 151, 37, 19, 79, 126, 123, 64, 183, 36, 71, 114, 172, 138, 190, 153]
[102, 158, 49, 163, 115, 162, 53, 168, 57, 83, 6, 56, 73, 164, 88, 42, 124, 119, 47, 30, 194, 127, 111, 14, 5, 3, 65, 156, 171, 34, 60, 33, 8, 70, 58, 135, 28, 7, 98, 75, 96, 90, 128, 27, 157, 10, 92, 121, 2, 94, 0, 89, 165, 137, 85, 48, 133, 180, 29, 74, 100, 149, 68, 193, 61, 25, 99, 55, 80, 112, 78, 187, 178, 46, 140, 87, 170, 21, 22, 159, 152, 23, 161, 136, 199, 129, 43, 101, 147, 40, 191, 16, 35, 44, 154, 12, 1, 15, 76, 104]
40774

[124, 119, 41, 108, 1, 109, 155, 50, 194, 47, 30, 62, 125, 186, 12, 154, 77, 16, 44, 35, 95, 118, 91, 150, 136, 161, 17, 104, 76, 102, 182, 105, 139, 142, 176, 53, 162, 163, 184, 88, 177, 56, 33, 45, 145, 89, 20, 137, 85, 48, 29, 74, 149, 68, 25, 61, 193, 116, 188, 169, 52, 72, 84, 121, 92, 10, 98, 75, 58, 31, 97, 94, 0, 173, 11, 70, 26, 175, 179, 93, 60, 34, 171, 156, 130, 198, 144, 65, 3, 82, 181, 5, 14, 111, 127, 146, 120, 81, 32, 63]
[42, 195, 185, 59, 164, 73, 132, 167, 113, 86, 13, 117, 158, 49, 54, 143, 159, 152, 23, 15, 191, 40, 147, 43, 129, 101, 199, 18, 134, 192, 103, 21, 22, 170, 87, 138, 172, 114, 190, 153, 115, 51, 57, 83, 6, 168, 24, 8, 160, 106, 174, 166, 135, 28, 7, 96, 90, 128, 27, 157, 2, 141, 122, 165, 107, 151, 37, 19, 79, 180, 133, 67, 9, 110, 189, 39, 38, 148, 69, 197, 66, 196, 4, 131, 99, 55, 100, 126, 123, 187, 78, 112, 80, 178, 46, 140, 183, 36, 71, 64]
38915

[188, 52, 169, 148, 69, 39, 116, 193, 25, 80, 178, 112, 78, 187, 126, 79, 151, 145, 24, 45, 20, 122, 67, 110, 9, 141, 72, 84, 121, 92, 10, 2, 157, 27, 128, 90, 96, 98, 7, 75, 135, 58, 174, 166, 31, 106, 34, 60, 144, 65, 132, 3, 5, 14, 111, 32, 82, 181, 63, 109, 125, 186, 77, 16, 44, 35, 118, 101, 91, 150, 18, 136, 95, 17, 104, 15, 139, 105, 184, 158, 49, 182, 102, 76, 23, 152, 143, 192, 103, 54, 115, 51, 57, 56, 175, 26, 70, 160, 173, 11]
[170, 87, 138, 172, 140, 46, 64, 123, 100, 55, 99, 149, 68, 61, 131, 4, 196, 66, 197, 38, 189, 133, 180, 29, 74, 19, 37, 48, 85, 137, 165, 107, 89, 0, 94, 28, 97, 171, 156, 130, 198, 177, 93, 179, 8, 33, 6, 83, 195, 185, 59, 164, 73, 167, 113, 86, 88, 42, 162, 53, 168, 71, 36, 183, 114, 190, 153, 176, 142, 163, 117, 119, 124, 13, 146, 127, 50, 155, 120, 81, 41, 108, 1, 154, 12, 47, 194, 30, 62, 191, 40, 147, 43, 129, 199, 134, 161, 159, 22, 21]
41549

[115, 51, 185, 195, 42, 184, 117, 105, 139, 182, 152, 159, 192, 143, 54, 103, 170, 142, 176, 138, 114, 168, 71, 36, 74, 149, 100, 25, 61, 196, 66, 189, 110, 85, 145, 45, 70, 160, 11, 31, 135, 28, 2, 84, 121, 92, 10, 7, 98, 96, 75, 58, 166, 174, 106, 34, 198, 144, 65, 132, 167, 113, 73, 164, 59, 86, 3, 5, 14, 111, 127, 50, 155, 194, 81, 63, 13, 124, 119, 41, 109, 108, 1, 15, 154, 12, 125, 186, 77, 16, 191, 40, 147, 101, 43, 129, 199, 91, 95, 136]
[64, 123, 126, 187, 78, 112, 178, 80, 55, 99, 29, 79, 19, 37, 151, 107, 165, 137, 48, 180, 133, 68, 131, 4, 193, 116, 39, 197, 69, 148, 38, 188, 169, 52, 72, 157, 27, 128, 90, 97, 173, 89, 0, 94, 141, 9, 67, 122, 20, 24, 8, 26, 175, 60, 171, 156, 130, 177, 93, 179, 56, 33, 6, 83, 57, 53, 162, 153, 190, 88, 181, 82, 32, 146, 120, 47, 30, 62, 44, 35, 118, 150, 18, 134, 161, 17, 23, 104, 76, 102, 158, 49, 163, 21, 22, 87, 172, 46, 140, 183]
41495

[77, 1, 124, 119, 108, 12, 154, 191, 16, 35, 118, 91, 150, 18, 136, 95, 44, 17, 159, 192, 22, 21, 142, 190, 153, 176, 163, 158, 117, 184, 42, 51, 115, 162, 53, 114, 183, 140, 46, 178, 80, 112, 78, 187, 126, 133, 48, 85, 137, 122, 9, 67, 110, 131, 4, 196, 66, 38, 197, 69, 148, 52, 72, 84, 121, 92, 10, 7, 28, 135, 166, 174, 106, 11, 173, 97, 94, 0, 89, 20, 151, 37, 19, 36, 71, 168, 33, 175, 60, 130, 59, 185, 195, 86, 113, 167, 132, 3, 82, 181]
[107, 165, 180, 29, 74, 100, 55, 99, 25, 149, 68, 61, 193, 116, 189, 39, 169, 188, 141, 2, 157, 27, 128, 90, 96, 98, 75, 58, 31, 160, 70, 26, 34, 171, 156, 198, 144, 65, 164, 73, 177, 93, 179, 56, 6, 83, 57, 88, 13, 63, 41, 109, 81, 120, 146, 32, 5, 14, 111, 127, 50, 155, 194, 47, 30, 62, 125, 186, 40, 147, 101, 43, 129, 199, 134, 161, 23, 152, 76, 104, 15, 102, 182, 139, 105, 49, 54, 143, 103, 170, 87, 138, 172, 64, 123, 79, 145, 45, 8, 24]
39957

[108, 12, 186, 125, 62, 30, 47, 194, 155, 50, 127, 146, 111, 14, 32, 181, 82, 3, 132, 167, 113, 73, 164, 185, 195, 51, 115, 162, 53, 57, 56, 93, 179, 175, 70, 11, 106, 174, 166, 58, 96, 90, 128, 27, 157, 92, 84, 188, 39, 66, 196, 4, 131, 193, 61, 25, 99, 55, 100, 48, 85, 137, 165, 151, 37, 19, 79, 126, 123, 187, 78, 112, 80, 178, 46, 172, 142, 54, 152, 23, 17, 95, 136, 18, 150, 91, 101, 199, 129, 43, 147, 40, 191, 16, 104, 76, 102, 182, 15, 1]
[9, 67, 133, 180, 29, 74, 149, 68, 110, 189, 116, 38, 197, 69, 148, 169, 52, 72, 121, 10, 2, 28, 7, 98, 75, 135, 31, 97, 94, 141, 122, 20, 107, 145, 89, 0, 173, 160, 45, 24, 8, 26, 60, 34, 171, 156, 130, 177, 198, 144, 65, 5, 120, 81, 41, 109, 154, 77, 44, 35, 118, 134, 161, 159, 143, 192, 103, 170, 21, 22, 87, 138, 190, 153, 176, 163, 49, 158, 139, 105, 119, 124, 63, 13, 117, 184, 42, 88, 86, 59, 6, 83, 168, 114, 183, 140, 64, 36, 71, 33]
39367

[195, 185, 59, 164, 73, 177, 144, 132, 167, 113, 86, 88, 42, 184, 117, 119, 41, 81, 146, 120, 47, 109, 77, 191, 16, 44, 35, 40, 147, 101, 199, 43, 129, 134, 18, 150, 91, 118, 95, 136, 161, 17, 142, 190, 114, 123, 126, 187, 78, 112, 178, 80, 55, 99, 100, 29, 180, 133, 48, 137, 85, 110, 189, 193, 25, 61, 131, 4, 196, 66, 197, 69, 148, 38, 169, 52, 72, 84, 2, 28, 135, 166, 174, 106, 11, 160, 45, 24, 8, 26, 34, 60, 175, 179, 93, 56, 6, 83, 57, 33]
[111, 127, 50, 155, 194, 30, 62, 125, 186, 12, 154, 108, 1, 15, 76, 104, 23, 152, 159, 143, 192, 21, 22, 87, 170, 103, 54, 102, 182, 139, 105, 124, 13, 63, 82, 181, 158, 49, 163, 176, 115, 51, 162, 53, 153, 138, 172, 46, 64, 140, 183, 36, 71, 168, 145, 89, 20, 107, 165, 151, 37, 19, 79, 74, 149, 68, 116, 39, 188, 67, 9, 122, 141, 121, 92, 10, 157, 27, 128, 90, 96, 98, 7, 75, 58, 31, 97, 94, 0, 173, 70, 171, 156, 130, 198, 65, 3, 5, 14, 32]
38293

[57, 83, 56, 175, 179, 93, 73, 164, 59, 185, 195, 51, 115, 162, 53, 172, 138, 87, 22, 192, 159, 152, 23, 17, 161, 136, 95, 35, 44, 77, 1, 108, 41, 119, 124, 13, 117, 184, 181, 82, 63, 81, 109, 186, 125, 120, 146, 32, 5, 3, 86, 113, 167, 132, 65, 144, 198, 177, 130, 156, 171, 106, 97, 31, 28, 135, 166, 174, 58, 75, 7, 98, 96, 90, 128, 27, 157, 2, 10, 92, 121, 84, 72, 52, 169, 189, 100, 112, 78, 178, 80, 46, 187, 126, 79, 19, 37, 151, 145, 168]
[191, 16, 40, 147, 43, 129, 199, 101, 118, 91, 150, 18, 134, 104, 76, 54, 143, 103, 21, 170, 142, 176, 153, 190, 114, 71, 36, 183, 140, 64, 123, 55, 99, 25, 61, 131, 4, 193, 68, 149, 74, 29, 180, 133, 48, 85, 137, 165, 107, 9, 67, 110, 116, 39, 196, 66, 197, 69, 148, 38, 188, 141, 122, 20, 89, 0, 94, 173, 11, 160, 70, 34, 60, 26, 8, 45, 24, 33, 6, 88, 42, 163, 49, 158, 105, 139, 182, 102, 15, 154, 12, 62, 30, 47, 194, 155, 50, 127, 111, 14]
38171

[130, 198, 113, 167, 132, 65, 144, 156, 171, 60, 175, 26, 33, 168, 145, 107, 151, 37, 180, 19, 79, 183, 138, 176, 190, 153, 53, 162, 115, 51, 42, 184, 117, 181, 82, 5, 32, 146, 63, 13, 124, 119, 81, 120, 194, 47, 30, 62, 108, 1, 15, 104, 17, 95, 150, 18, 199, 43, 129, 134, 159, 143, 54, 103, 87, 172, 140, 123, 126, 55, 99, 25, 61, 131, 4, 196, 66, 193, 116, 141, 2, 157, 27, 128, 90, 96, 98, 75, 135, 58, 174, 166, 31, 97, 106, 11, 173, 160, 70, 34]
[3, 14, 111, 127, 50, 155, 109, 41, 125, 186, 12, 154, 77, 191, 16, 44, 35, 118, 40, 147, 101, 91, 136, 161, 192, 22, 21, 170, 142, 163, 152, 23, 76, 102, 182, 139, 105, 158, 49, 88, 86, 164, 73, 59, 185, 195, 56, 6, 83, 57, 114, 71, 36, 64, 187, 78, 178, 46, 80, 112, 100, 149, 68, 74, 29, 133, 48, 85, 137, 165, 20, 122, 9, 67, 110, 189, 39, 38, 197, 69, 148, 169, 52, 188, 72, 84, 121, 92, 10, 7, 28, 94, 0, 89, 45, 24, 8, 179, 93, 177]
40182

[52, 169, 72, 84, 121, 92, 141, 122, 9, 67, 110, 188, 189, 116, 39, 38, 148, 69, 197, 66, 196, 4, 131, 193, 61, 68, 25, 99, 55, 100, 149, 74, 29, 79, 19, 37, 71, 36, 183, 172, 138, 114, 168, 33, 56, 175, 179, 93, 164, 59, 88, 42, 184, 158, 102, 134, 129, 43, 199, 101, 147, 186, 125, 62, 109, 41, 81, 194, 155, 50, 127, 111, 14, 5, 3, 86, 113, 167, 132, 65, 144, 198, 130, 34, 60, 26, 8, 24, 145, 45, 70, 160, 11, 97, 31, 28, 7, 98, 157, 10]
[83, 6, 57, 195, 185, 73, 177, 156, 171, 106, 174, 166, 58, 135, 75, 96, 90, 128, 27, 2, 94, 0, 173, 89, 20, 107, 151, 165, 137, 85, 48, 133, 180, 126, 123, 78, 112, 80, 178, 187, 64, 140, 46, 87, 170, 142, 163, 49, 139, 182, 105, 108, 1, 15, 76, 104, 17, 23, 152, 143, 54, 103, 21, 22, 192, 159, 161, 136, 18, 150, 91, 118, 95, 35, 44, 40, 191, 16, 77, 154, 12, 30, 47, 120, 146, 32, 82, 181, 63, 13, 124, 119, 117, 51, 115, 53, 162, 176, 153, 190]
39260

[71, 114, 190, 153, 53, 162, 51, 115, 158, 139, 105, 15, 119, 124, 181, 88, 195, 6, 56, 93, 179, 175, 60, 34, 171, 156, 144, 65, 132, 167, 113, 86, 82, 3, 5, 111, 127, 50, 155, 194, 30, 77, 17, 23, 152, 159, 143, 54, 103, 192, 22, 21, 170, 87, 46, 178, 80, 112, 78, 187, 100, 55, 99, 25, 61, 193, 116, 131, 4, 196, 66, 197, 169, 52, 188, 9, 122, 0, 94, 28, 7, 98, 96, 75, 135, 58, 174, 166, 31, 97, 106, 11, 173, 107, 165, 29, 74, 126, 183, 36]
[95, 136, 150, 18, 134, 161, 104, 76, 102, 182, 49, 163, 176, 142, 138, 172, 140, 64, 123, 149, 68, 133, 180, 79, 19, 37, 24, 8, 45, 145, 151, 137, 85, 48, 67, 110, 189, 39, 38, 69, 148, 72, 84, 121, 92, 10, 157, 27, 128, 90, 2, 141, 20, 89, 160, 70, 26, 33, 168, 57, 83, 177, 130, 198, 73, 164, 59, 185, 42, 184, 117, 13, 63, 32, 14, 146, 81, 120, 47, 62, 109, 41, 108, 1, 154, 12, 125, 186, 16, 191, 40, 147, 43, 129, 199, 101, 91, 118, 35, 44]
38780

[141, 9, 67, 189, 116, 66, 196, 193, 68, 133, 180, 19, 79, 126, 123, 187, 46, 140, 172, 138, 176, 163, 49, 158, 102, 76, 23, 152, 143, 192, 159, 161, 95, 136, 199, 129, 43, 101, 147, 40, 77, 154, 12, 186, 125, 108, 41, 109, 81, 146, 127, 111, 14, 32, 63, 13, 124, 119, 117, 184, 88, 181, 82, 86, 113, 167, 132, 65, 144, 198, 156, 130, 177, 56, 33, 93, 179, 175, 60, 171, 34, 26, 8, 45, 145, 107, 165, 137, 48, 85, 122, 20, 0, 2, 121, 92, 10, 157, 27, 128]
[44, 104, 182, 139, 105, 15, 1, 62, 30, 47, 194, 50, 155, 120, 5, 3, 73, 164, 59, 185, 195, 42, 51, 57, 83, 6, 168, 71, 24, 160, 70, 106, 31, 166, 174, 58, 135, 75, 96, 90, 98, 7, 28, 94, 97, 11, 173, 89, 151, 37, 29, 74, 100, 149, 110, 188, 84, 72, 52, 169, 148, 69, 197, 38, 39, 4, 131, 61, 25, 99, 55, 80, 178, 112, 78, 64, 183, 36, 114, 53, 162, 115, 153, 190, 142, 87, 22, 21, 170, 103, 54, 17, 134, 18, 150, 91, 118, 35, 191, 16]
40300

[103, 192, 159, 161, 134, 18, 150, 91, 136, 95, 152, 143, 54, 163, 49, 158, 15, 154, 12, 186, 125, 119, 124, 13, 63, 181, 82, 86, 113, 164, 73, 177, 130, 175, 60, 34, 106, 31, 97, 11, 45, 145, 151, 37, 19, 79, 29, 180, 133, 48, 85, 137, 165, 107, 89, 20, 122, 110, 116, 189, 188, 84, 10, 157, 7, 98, 75, 96, 90, 128, 27, 92, 121, 72, 52, 169, 148, 69, 197, 38, 39, 66, 196, 4, 131, 193, 61, 25, 99, 55, 100, 112, 80, 178, 78, 187, 46, 140, 172, 138]
[16, 77, 1, 108, 41, 81, 109, 62, 30, 47, 194, 50, 155, 120, 146, 32, 127, 111, 14, 5, 3, 167, 132, 65, 144, 198, 156, 171, 70, 160, 173, 0, 94, 166, 174, 58, 135, 28, 2, 141, 9, 67, 68, 149, 74, 126, 123, 64, 183, 36, 71, 24, 8, 26, 33, 56, 179, 93, 59, 88, 195, 185, 6, 83, 57, 168, 114, 53, 162, 153, 190, 87, 22, 21, 170, 142, 176, 115, 51, 42, 184, 117, 105, 139, 182, 102, 76, 104, 23, 17, 44, 35, 118, 199, 129, 43, 101, 147, 40, 191]
38962

[137, 48, 85, 122, 20, 107, 165, 151, 145, 45, 8, 24, 168, 114, 87, 170, 21, 22, 192, 152, 23, 17, 35, 191, 16, 44, 104, 102, 182, 139, 117, 184, 88, 185, 195, 42, 176, 190, 153, 53, 162, 115, 51, 57, 83, 6, 33, 26, 60, 175, 179, 93, 56, 73, 164, 59, 86, 119, 41, 108, 47, 30, 194, 155, 50, 127, 111, 14, 5, 3, 132, 65, 144, 198, 130, 156, 171, 106, 11, 97, 31, 166, 2, 141, 9, 67, 52, 169, 188, 110, 133, 29, 180, 37, 19, 79, 64, 123, 126, 74]
[124, 63, 32, 146, 120, 81, 109, 62, 125, 186, 12, 154, 77, 40, 147, 101, 43, 129, 199, 18, 150, 91, 118, 95, 136, 134, 161, 159, 143, 103, 54, 76, 15, 1, 105, 158, 49, 163, 142, 138, 172, 71, 36, 183, 140, 46, 178, 80, 112, 78, 187, 100, 55, 99, 25, 149, 68, 61, 193, 131, 4, 196, 66, 39, 116, 189, 38, 197, 69, 148, 72, 84, 121, 92, 10, 157, 27, 128, 90, 96, 98, 7, 28, 135, 75, 58, 174, 94, 0, 89, 173, 160, 70, 34, 177, 167, 113, 82, 181, 13]
39230

[114, 140, 46, 178, 80, 112, 78, 187, 123, 126, 100, 55, 99, 25, 61, 193, 39, 38, 169, 52, 9, 67, 133, 48, 85, 122, 141, 94, 28, 7, 98, 135, 166, 174, 106, 70, 26, 175, 179, 93, 177, 144, 65, 132, 167, 113, 82, 181, 59, 164, 56, 33, 168, 6, 83, 57, 51, 115, 163, 49, 158, 76, 23, 104, 15, 81, 120, 155, 50, 194, 47, 30, 62, 186, 40, 147, 101, 43, 129, 199, 91, 118, 95, 136, 150, 18, 134, 152, 159, 143, 192, 22, 21, 170, 103, 54, 190, 153, 162, 53]
[75, 96, 90, 128, 27, 157, 2, 10, 92, 121, 84, 72, 188, 110, 189, 116, 148, 69, 197, 66, 196, 4, 131, 68, 149, 74, 29, 180, 37, 19, 79, 64, 183, 36, 71, 172, 138, 87, 142, 176, 195, 185, 88, 42, 184, 117, 105, 139, 182, 102, 17, 161, 35, 44, 16, 191, 77, 125, 12, 154, 1, 108, 109, 41, 119, 124, 13, 63, 32, 146, 127, 111, 14, 5, 3, 86, 73, 198, 130, 156, 171, 34, 60, 8, 24, 45, 145, 151, 107, 165, 137, 20, 89, 0, 160, 11, 173, 97, 31, 58]
38126

[137, 85, 48, 133, 180, 78, 112, 178, 80, 55, 99, 193, 39, 116, 189, 110, 67, 165, 151, 107, 20, 89, 173, 0, 94, 28, 7, 98, 75, 135, 58, 174, 166, 31, 97, 11, 160, 70, 106, 34, 171, 156, 130, 198, 177, 167, 113, 3, 5, 32, 14, 111, 127, 146, 81, 120, 155, 50, 194, 30, 12, 154, 77, 191, 40, 147, 101, 43, 129, 134, 18, 150, 199, 91, 118, 95, 136, 161, 23, 159, 192, 22, 21, 170, 87, 190, 153, 51, 57, 83, 6, 185, 195, 184, 49, 158, 117, 124, 13, 181]
[115, 42, 88, 86, 59, 164, 73, 144, 65, 132, 82, 63, 119, 41, 108, 1, 109, 47, 62, 125, 186, 16, 35, 44, 17, 104, 152, 143, 103, 54, 76, 15, 102, 182, 139, 105, 163, 176, 142, 138, 172, 140, 46, 187, 126, 123, 64, 183, 36, 37, 19, 79, 29, 74, 100, 149, 68, 25, 61, 131, 4, 196, 66, 197, 69, 148, 38, 169, 52, 188, 9, 72, 84, 121, 92, 10, 157, 27, 128, 90, 96, 2, 141, 122, 145, 45, 24, 8, 26, 60, 175, 179, 93, 56, 33, 168, 71, 114, 162, 53]
40019

[97, 11, 60, 34, 171, 156, 130, 177, 198, 144, 65, 132, 167, 113, 73, 164, 86, 181, 82, 3, 5, 32, 14, 111, 127, 146, 120, 62, 125, 186, 12, 1, 108, 109, 41, 119, 124, 63, 13, 117, 105, 15, 104, 23, 76, 102, 182, 139, 158, 184, 88, 42, 51, 115, 153, 190, 168, 71, 46, 64, 123, 79, 19, 37, 151, 145, 160, 173, 94, 0, 89, 20, 122, 85, 48, 100, 149, 68, 4, 196, 66, 197, 69, 148, 52, 72, 84, 121, 92, 10, 157, 96, 98, 7, 28, 135, 75, 58, 174, 166]
[150, 18, 134, 136, 95, 91, 199, 129, 43, 147, 101, 118, 35, 44, 16, 40, 191, 77, 154, 17, 161, 152, 159, 143, 192, 22, 21, 103, 54, 49, 163, 176, 142, 170, 87, 138, 172, 140, 183, 36, 114, 53, 162, 57, 83, 6, 33, 8, 24, 45, 107, 165, 137, 133, 180, 29, 74, 126, 187, 78, 112, 178, 80, 55, 99, 25, 61, 131, 193, 116, 189, 39, 38, 169, 188, 110, 67, 9, 141, 2, 27, 128, 90, 31, 106, 70, 26, 175, 179, 93, 56, 59, 185, 195, 81, 155, 50, 194, 47, 30]
39520

[28, 7, 98, 75, 96, 90, 128, 27, 157, 10, 92, 141, 9, 122, 20, 107, 165, 137, 85, 48, 180, 133, 110, 189, 116, 193, 61, 68, 29, 79, 19, 183, 36, 71, 114, 168, 6, 83, 57, 51, 115, 162, 53, 153, 190, 176, 163, 49, 158, 139, 182, 102, 76, 104, 152, 23, 161, 134, 129, 43, 147, 101, 199, 118, 35, 16, 62, 30, 47, 194, 50, 155, 120, 146, 81, 119, 117, 184, 42, 88, 195, 185, 59, 164, 73, 113, 167, 132, 65, 144, 198, 177, 130, 156, 171, 34, 106, 97, 94, 31]
[108, 1, 15, 105, 124, 13, 63, 32, 127, 111, 14, 5, 3, 82, 181, 86, 56, 33, 93, 179, 175, 60, 26, 70, 160, 11, 173, 166, 174, 58, 135, 2, 121, 84, 72, 52, 169, 38, 148, 69, 197, 66, 196, 4, 131, 39, 188, 67, 0, 89, 45, 8, 24, 145, 151, 37, 74, 149, 25, 99, 55, 100, 80, 178, 112, 78, 187, 126, 123, 64, 46, 140, 172, 138, 87, 22, 21, 192, 103, 170, 142, 54, 143, 159, 17, 44, 95, 136, 18, 150, 91, 40, 191, 77, 154, 12, 186, 125, 109, 41]
37452

[48, 85, 137, 165, 145, 45, 8, 24, 71, 36, 183, 140, 64, 123, 126, 79, 19, 180, 29, 74, 149, 100, 99, 55, 80, 178, 46, 172, 87, 22, 21, 170, 142, 176, 163, 49, 139, 182, 105, 158, 42, 195, 185, 82, 181, 13, 124, 119, 104, 23, 152, 159, 161, 95, 136, 150, 91, 118, 35, 44, 77, 154, 12, 62, 47, 32, 146, 127, 111, 14, 5, 3, 86, 59, 164, 73, 177, 198, 130, 156, 171, 34, 106, 75, 96, 90, 128, 27, 157, 2, 141, 67, 110, 189, 116, 39, 66, 196, 4, 131]
[51, 115, 54, 103, 143, 192, 134, 18, 199, 129, 43, 101, 147, 40, 191, 16, 17, 76, 102, 15, 1, 108, 41, 109, 125, 186, 30, 194, 50, 155, 120, 81, 63, 117, 184, 88, 113, 167, 132, 65, 144, 93, 179, 175, 60, 26, 70, 160, 11, 173, 89, 20, 0, 94, 97, 31, 166, 174, 58, 135, 28, 7, 98, 10, 92, 121, 84, 72, 52, 169, 148, 69, 197, 38, 188, 9, 122, 107, 151, 37, 133, 68, 193, 61, 25, 112, 78, 187, 138, 190, 153, 162, 53, 114, 168, 57, 83, 6, 56, 33]
39797

[23, 152, 159, 143, 103, 54, 142, 176, 59, 164, 86, 82, 181, 117, 184, 163, 49, 158, 105, 139, 182, 44, 35, 118, 95, 136, 91, 199, 129, 43, 101, 147, 40, 191, 16, 77, 154, 186, 125, 62, 30, 194, 50, 127, 111, 14, 32, 5, 3, 113, 167, 132, 65, 144, 73, 93, 179, 175, 60, 26, 160, 11, 173, 97, 31, 166, 58, 135, 75, 98, 7, 28, 122, 188, 189, 116, 39, 193, 74, 29, 180, 133, 137, 165, 151, 145, 45, 24, 8, 33, 6, 83, 57, 51, 172, 138, 87, 170, 21, 192]
[149, 68, 25, 99, 55, 100, 126, 123, 64, 140, 187, 78, 112, 80, 178, 46, 22, 134, 18, 150, 161, 17, 104, 76, 102, 15, 1, 12, 47, 155, 120, 146, 81, 109, 108, 41, 119, 124, 13, 63, 88, 42, 185, 195, 115, 162, 53, 153, 190, 114, 183, 36, 71, 168, 56, 177, 198, 130, 156, 171, 34, 70, 106, 174, 96, 90, 128, 27, 157, 2, 94, 0, 89, 20, 107, 37, 19, 79, 48, 85, 110, 67, 9, 141, 10, 92, 121, 84, 72, 52, 169, 148, 69, 197, 38, 66, 196, 4, 131, 61]
39574

[136, 95, 17, 104, 76, 152, 54, 142, 176, 153, 190, 172, 140, 64, 187, 178, 78, 123, 126, 79, 19, 180, 133, 29, 74, 100, 149, 193, 189, 116, 196, 66, 197, 69, 148, 169, 52, 188, 110, 141, 84, 121, 92, 157, 27, 128, 90, 96, 98, 7, 28, 24, 168, 57, 83, 6, 33, 56, 93, 177, 198, 144, 65, 132, 167, 113, 82, 14, 111, 127, 120, 81, 146, 32, 63, 124, 13, 181, 86, 164, 73, 59, 185, 195, 88, 42, 51, 115, 53, 162, 163, 49, 102, 1, 62, 47, 30, 125, 186, 118]
[105, 139, 182, 15, 12, 154, 77, 191, 16, 44, 35, 40, 147, 43, 129, 199, 101, 91, 150, 18, 134, 161, 23, 159, 143, 192, 103, 21, 22, 170, 87, 138, 114, 71, 36, 183, 46, 80, 112, 55, 99, 25, 68, 61, 131, 4, 39, 38, 72, 10, 2, 94, 0, 89, 20, 122, 9, 67, 48, 85, 137, 37, 151, 165, 107, 145, 45, 8, 160, 11, 173, 97, 135, 75, 58, 174, 166, 31, 106, 70, 26, 175, 179, 60, 34, 171, 156, 130, 3, 5, 50, 155, 194, 109, 108, 41, 119, 117, 184, 158]
40562

[71, 64, 187, 123, 126, 79, 19, 37, 151, 165, 137, 85, 48, 133, 180, 29, 74, 68, 149, 99, 55, 61, 193, 116, 110, 67, 9, 189, 39, 38, 197, 69, 148, 169, 52, 72, 27, 128, 90, 96, 98, 7, 28, 135, 75, 58, 174, 166, 31, 97, 173, 70, 73, 164, 167, 113, 86, 82, 3, 5, 14, 32, 81, 146, 111, 127, 50, 47, 62, 109, 41, 119, 124, 105, 139, 182, 17, 95, 118, 40, 147, 43, 129, 134, 159, 143, 192, 22, 21, 170, 87, 172, 138, 163, 42, 195, 6, 83, 57, 168]
[160, 11, 106, 171, 34, 60, 175, 26, 33, 56, 179, 93, 177, 130, 156, 198, 144, 65, 132, 59, 185, 88, 117, 181, 13, 63, 120, 155, 194, 30, 125, 186, 12, 154, 108, 1, 15, 77, 191, 16, 44, 35, 101, 199, 91, 150, 18, 136, 161, 23, 152, 104, 76, 102, 158, 184, 49, 54, 103, 142, 176, 190, 153, 115, 51, 162, 53, 114, 36, 183, 140, 46, 178, 80, 112, 78, 100, 25, 131, 4, 196, 66, 188, 84, 121, 92, 10, 157, 2, 141, 122, 20, 94, 0, 89, 107, 145, 45, 24, 8]
39061

[141, 9, 67, 110, 48, 85, 122, 0, 94, 97, 11, 160, 173, 89, 20, 107, 19, 79, 29, 74, 126, 78, 187, 64, 183, 36, 168, 57, 83, 6, 177, 130, 198, 144, 65, 132, 59, 185, 195, 88, 184, 49, 158, 139, 182, 15, 1, 108, 41, 109, 120, 155, 50, 194, 47, 30, 62, 12, 154, 77, 191, 40, 147, 101, 43, 129, 134, 161, 17, 104, 159, 192, 46, 178, 80, 112, 100, 149, 55, 99, 193, 116, 39, 197, 69, 148, 84, 92, 27, 128, 90, 96, 98, 75, 58, 174, 166, 135, 7, 2]
[14, 111, 32, 5, 3, 82, 181, 117, 105, 102, 76, 54, 163, 42, 51, 115, 162, 53, 114, 71, 37, 137, 165, 151, 145, 45, 24, 8, 33, 56, 179, 93, 73, 164, 86, 113, 167, 156, 171, 34, 60, 175, 26, 70, 106, 31, 28, 157, 10, 121, 72, 52, 169, 38, 188, 189, 66, 196, 4, 131, 61, 25, 68, 133, 180, 123, 140, 172, 138, 190, 153, 176, 142, 170, 87, 22, 21, 103, 143, 152, 23, 95, 136, 150, 18, 199, 91, 118, 35, 44, 16, 186, 125, 119, 124, 13, 63, 81, 146, 127]
40375

[58, 174, 166, 31, 94, 0, 20, 89, 160, 24, 8, 26, 175, 60, 70, 106, 34, 171, 156, 56, 6, 83, 59, 164, 73, 130, 198, 144, 65, 132, 167, 181, 82, 3, 5, 32, 14, 111, 127, 50, 155, 194, 81, 41, 119, 15, 1, 108, 12, 154, 101, 199, 134, 161, 17, 23, 152, 76, 102, 158, 49, 163, 176, 115, 51, 114, 71, 64, 187, 78, 112, 123, 126, 79, 19, 37, 180, 133, 68, 25, 61, 193, 116, 39, 38, 69, 148, 52, 72, 84, 121, 92, 10, 90, 96, 98, 75, 135, 7, 28]
[9, 67, 110, 188, 189, 131, 4, 196, 66, 197, 169, 141, 2, 157, 27, 128, 97, 11, 173, 122, 165, 107, 151, 145, 45, 33, 179, 93, 177, 113, 86, 88, 124, 13, 63, 146, 120, 47, 30, 62, 109, 125, 186, 77, 16, 191, 40, 147, 43, 129, 18, 150, 91, 136, 95, 118, 35, 44, 104, 182, 139, 105, 117, 184, 42, 195, 185, 57, 168, 53, 162, 153, 190, 142, 54, 103, 143, 159, 192, 22, 21, 170, 87, 138, 172, 36, 183, 140, 46, 178, 80, 55, 99, 100, 149, 74, 29, 137, 85, 48]
40627

[140, 172, 138, 162, 51, 115, 176, 142, 170, 87, 22, 21, 192, 103, 54, 143, 159, 95, 136, 101, 43, 147, 40, 191, 16, 35, 44, 17, 15, 119, 41, 1, 108, 109, 81, 146, 5, 3, 82, 86, 113, 198, 130, 156, 11, 173, 31, 166, 174, 58, 135, 28, 7, 98, 75, 96, 90, 128, 27, 157, 2, 10, 92, 121, 84, 72, 52, 169, 38, 39, 116, 189, 110, 9, 141, 122, 20, 45, 145, 151, 37, 19, 79, 180, 133, 29, 74, 149, 68, 196, 66, 4, 131, 61, 100, 78, 187, 126, 123, 64]
[167, 132, 65, 144, 177, 93, 179, 175, 60, 34, 171, 106, 97, 94, 0, 89, 160, 70, 26, 8, 24, 33, 56, 6, 83, 57, 168, 107, 165, 137, 85, 48, 67, 188, 148, 69, 197, 193, 25, 99, 55, 80, 112, 178, 46, 183, 36, 71, 114, 53, 153, 190, 163, 49, 158, 102, 182, 139, 105, 124, 13, 63, 120, 155, 47, 12, 154, 104, 76, 152, 23, 161, 134, 129, 199, 18, 150, 91, 118, 77, 186, 125, 62, 30, 194, 50, 127, 111, 14, 32, 181, 117, 184, 42, 88, 195, 185, 59, 73, 164]
38718

[50, 155, 194, 30, 47, 109, 41, 81, 120, 127, 111, 14, 5, 3, 82, 181, 117, 88, 195, 185, 59, 164, 73, 132, 65, 144, 198, 130, 177, 93, 179, 175, 60, 34, 70, 11, 135, 75, 96, 90, 128, 98, 7, 28, 94, 0, 89, 20, 165, 137, 85, 48, 133, 180, 29, 74, 126, 123, 79, 19, 37, 145, 24, 26, 33, 168, 114, 53, 162, 153, 190, 176, 142, 163, 184, 158, 49, 182, 139, 105, 108, 1, 12, 154, 191, 40, 16, 44, 17, 104, 23, 134, 18, 150, 91, 199, 129, 43, 147, 101]
[100, 149, 68, 193, 39, 116, 189, 110, 67, 9, 122, 141, 2, 27, 157, 10, 92, 121, 84, 72, 52, 169, 188, 38, 148, 69, 197, 66, 196, 4, 131, 61, 25, 99, 55, 80, 178, 46, 140, 172, 138, 87, 170, 21, 22, 192, 143, 103, 54, 115, 51, 57, 83, 6, 56, 42, 102, 15, 76, 152, 159, 161, 136, 95, 118, 35, 77, 186, 125, 62, 119, 124, 13, 63, 146, 32, 86, 113, 167, 156, 171, 106, 174, 58, 166, 31, 97, 173, 160, 8, 45, 107, 151, 71, 36, 183, 64, 187, 78, 112]
40555

[125, 109, 81, 120, 146, 32, 14, 5, 82, 181, 88, 185, 195, 51, 162, 53, 153, 114, 71, 168, 33, 177, 65, 144, 198, 175, 26, 160, 11, 106, 174, 75, 96, 90, 128, 27, 52, 169, 197, 66, 196, 4, 131, 193, 116, 189, 110, 67, 122, 20, 89, 8, 24, 45, 145, 151, 107, 165, 137, 85, 48, 133, 180, 29, 126, 123, 64, 187, 78, 112, 80, 178, 46, 140, 183, 172, 138, 87, 170, 22, 21, 103, 192, 134, 129, 18, 150, 91, 136, 161, 17, 159, 143, 54, 102, 15, 1, 154, 12, 186]
[84, 121, 72, 141, 9, 188, 148, 69, 38, 39, 61, 68, 149, 25, 99, 55, 100, 74, 79, 19, 37, 36, 190, 176, 142, 152, 23, 76, 104, 95, 118, 199, 101, 43, 147, 40, 191, 16, 35, 44, 77, 62, 30, 47, 194, 155, 50, 127, 111, 3, 86, 113, 167, 132, 73, 164, 59, 42, 184, 117, 13, 63, 124, 119, 41, 108, 182, 139, 105, 158, 49, 163, 115, 57, 83, 6, 56, 179, 93, 130, 156, 171, 34, 60, 70, 173, 0, 94, 97, 31, 166, 58, 135, 28, 98, 7, 2, 157, 10, 92]
39410

[143, 192, 103, 54, 76, 102, 139, 158, 49, 163, 115, 51, 83, 6, 57, 114, 183, 36, 71, 37, 19, 79, 74, 126, 123, 64, 140, 46, 187, 78, 112, 178, 80, 55, 99, 25, 100, 149, 68, 193, 116, 188, 169, 52, 72, 84, 121, 2, 31, 97, 94, 173, 11, 160, 70, 8, 45, 24, 26, 175, 156, 130, 198, 177, 73, 164, 144, 65, 132, 167, 113, 86, 88, 32, 14, 146, 120, 81, 109, 108, 12, 154, 77, 16, 44, 35, 40, 147, 101, 43, 129, 199, 18, 150, 136, 95, 17, 104, 23, 152]
[21, 22, 170, 159, 161, 134, 91, 118, 191, 186, 125, 62, 30, 47, 194, 155, 50, 127, 111, 5, 3, 82, 181, 63, 13, 124, 119, 41, 1, 15, 182, 105, 117, 184, 42, 195, 185, 59, 56, 93, 179, 60, 34, 171, 106, 174, 166, 58, 135, 28, 7, 98, 75, 96, 90, 128, 27, 157, 10, 92, 141, 122, 9, 67, 110, 189, 39, 38, 148, 69, 197, 66, 196, 4, 131, 61, 29, 180, 133, 48, 85, 137, 165, 151, 107, 20, 0, 89, 145, 33, 168, 53, 162, 153, 190, 176, 142, 138, 172, 87]
37087

[141, 122, 20, 85, 48, 137, 37, 19, 79, 29, 74, 126, 140, 183, 36, 71, 114, 138, 190, 153, 176, 142, 76, 104, 152, 23, 95, 136, 134, 129, 43, 199, 101, 147, 40, 191, 16, 77, 108, 41, 119, 81, 109, 125, 186, 62, 30, 194, 155, 50, 32, 5, 3, 65, 144, 156, 171, 34, 130, 177, 73, 164, 167, 113, 86, 88, 184, 158, 49, 163, 162, 53, 115, 51, 57, 33, 175, 26, 8, 24, 45, 160, 89, 0, 97, 31, 166, 58, 75, 96, 90, 128, 27, 121, 84, 72, 52, 169, 188, 9]
[82, 59, 185, 195, 42, 117, 105, 139, 182, 102, 15, 17, 44, 35, 118, 91, 150, 18, 161, 159, 143, 54, 103, 192, 22, 21, 170, 87, 172, 46, 64, 123, 187, 78, 112, 178, 80, 55, 99, 25, 100, 149, 180, 133, 68, 61, 131, 4, 196, 66, 197, 69, 148, 38, 39, 193, 116, 189, 110, 67, 165, 107, 151, 145, 168, 83, 6, 56, 93, 179, 70, 11, 173, 94, 2, 10, 92, 157, 98, 7, 28, 135, 174, 106, 60, 198, 132, 14, 111, 127, 146, 120, 47, 12, 154, 1, 124, 13, 63, 181]
40659

[134, 18, 150, 199, 129, 43, 101, 91, 136, 95, 77, 1, 108, 81, 32, 146, 127, 111, 14, 5, 3, 82, 181, 86, 59, 164, 73, 113, 167, 132, 65, 144, 198, 177, 130, 156, 171, 34, 60, 179, 93, 56, 175, 26, 70, 160, 106, 31, 166, 174, 58, 7, 2, 10, 92, 121, 72, 52, 169, 38, 188, 141, 94, 0, 173, 11, 151, 37, 180, 19, 79, 126, 123, 64, 187, 78, 112, 80, 178, 46, 140, 172, 138, 190, 53, 162, 51, 115, 163, 49, 158, 184, 117, 13, 63, 124, 15, 76, 104, 161]
[88, 139, 102, 182, 105, 119, 41, 109, 120, 155, 50, 194, 47, 30, 62, 125, 186, 12, 154, 191, 16, 44, 35, 40, 147, 118, 17, 23, 152, 159, 143, 54, 103, 192, 21, 22, 87, 170, 142, 176, 153, 114, 71, 36, 183, 74, 29, 133, 68, 149, 100, 55, 99, 25, 61, 131, 4, 196, 66, 197, 69, 148, 39, 193, 116, 189, 110, 67, 9, 84, 157, 27, 128, 90, 96, 98, 75, 135, 28, 97, 89, 20, 122, 85, 48, 137, 165, 107, 145, 45, 24, 8, 33, 168, 57, 83, 6, 185, 195, 42]
36847

[159, 152, 23, 104, 17, 118, 91, 150, 18, 199, 101, 129, 43, 147, 40, 35, 16, 191, 77, 154, 12, 186, 125, 62, 30, 194, 50, 127, 120, 155, 47, 109, 119, 63, 181, 82, 113, 167, 132, 65, 144, 198, 177, 130, 156, 60, 175, 26, 8, 24, 45, 89, 141, 52, 169, 148, 69, 197, 38, 66, 196, 39, 189, 110, 67, 68, 149, 100, 126, 74, 29, 180, 133, 137, 165, 107, 151, 145, 168, 71, 36, 183, 64, 187, 178, 46, 140, 172, 138, 114, 190, 153, 53, 162, 42, 184, 163, 54, 192, 143]
[48, 85, 37, 19, 79, 123, 78, 112, 80, 55, 99, 25, 61, 131, 4, 193, 116, 188, 9, 122, 20, 0, 94, 173, 11, 160, 70, 179, 93, 56, 33, 6, 83, 57, 51, 115, 176, 170, 87, 22, 21, 103, 142, 195, 185, 88, 13, 124, 117, 158, 49, 105, 139, 182, 102, 15, 76, 161, 134, 136, 95, 44, 1, 108, 41, 81, 32, 146, 111, 14, 5, 3, 86, 59, 164, 73, 171, 34, 106, 97, 31, 166, 174, 58, 75, 135, 28, 7, 98, 96, 90, 128, 27, 157, 2, 10, 92, 121, 84, 72]
39275

[127, 111, 14, 5, 3, 82, 181, 86, 113, 198, 130, 177, 73, 164, 59, 83, 6, 56, 93, 179, 175, 26, 24, 8, 70, 160, 11, 106, 97, 31, 166, 174, 58, 135, 75, 98, 96, 90, 128, 27, 157, 92, 10, 2, 94, 0, 20, 122, 141, 9, 67, 110, 188, 189, 66, 196, 4, 99, 55, 80, 178, 46, 183, 36, 114, 53, 162, 42, 88, 117, 184, 158, 105, 139, 182, 102, 54, 103, 152, 23, 17, 161, 95, 136, 150, 18, 129, 43, 101, 199, 91, 118, 35, 44, 1, 109, 81, 194, 50, 155]
[77, 16, 191, 40, 147, 134, 159, 143, 192, 21, 22, 87, 170, 142, 176, 153, 190, 138, 172, 140, 64, 123, 126, 187, 78, 112, 100, 25, 61, 131, 193, 116, 39, 38, 197, 69, 148, 169, 52, 72, 84, 121, 7, 28, 173, 89, 107, 151, 37, 165, 137, 85, 48, 133, 180, 29, 68, 149, 74, 79, 19, 71, 168, 57, 33, 145, 45, 60, 34, 171, 156, 144, 65, 132, 167, 185, 195, 51, 115, 163, 49, 76, 104, 15, 108, 41, 119, 124, 13, 63, 32, 146, 120, 47, 30, 62, 125, 186, 12, 154]
38398

[88, 117, 182, 102, 76, 15, 1, 108, 109, 12, 191, 40, 147, 101, 43, 129, 199, 91, 136, 95, 17, 104, 159, 192, 22, 21, 170, 87, 190, 153, 53, 114, 71, 36, 183, 140, 64, 187, 78, 112, 80, 55, 99, 25, 61, 131, 4, 196, 66, 197, 69, 148, 39, 189, 116, 193, 68, 149, 100, 74, 29, 180, 79, 19, 37, 151, 165, 137, 67, 9, 122, 141, 2, 157, 96, 75, 98, 7, 28, 135, 58, 174, 166, 31, 97, 0, 173, 11, 106, 160, 70, 175, 179, 93, 177, 73, 164, 59, 195, 185]
[33, 26, 8, 24, 45, 145, 107, 20, 89, 94, 90, 128, 27, 10, 92, 121, 84, 72, 52, 169, 38, 188, 110, 85, 48, 133, 126, 123, 178, 46, 172, 138, 176, 115, 51, 162, 168, 6, 83, 57, 42, 184, 105, 139, 158, 49, 163, 142, 54, 103, 143, 152, 23, 161, 134, 18, 150, 118, 35, 44, 16, 77, 154, 186, 125, 62, 30, 47, 194, 155, 50, 127, 146, 120, 81, 41, 119, 124, 13, 63, 32, 111, 14, 5, 3, 82, 181, 86, 113, 167, 132, 65, 144, 198, 130, 156, 171, 34, 60, 56]
36372

[74, 126, 123, 64, 187, 78, 46, 140, 168, 6, 83, 57, 51, 163, 142, 170, 21, 103, 54, 143, 152, 23, 104, 17, 35, 118, 95, 136, 91, 101, 43, 147, 40, 191, 16, 77, 186, 125, 62, 30, 47, 194, 50, 155, 120, 41, 108, 1, 15, 76, 102, 182, 139, 105, 158, 49, 42, 88, 195, 185, 59, 164, 73, 56, 93, 179, 175, 33, 8, 24, 45, 173, 11, 106, 31, 28, 7, 98, 90, 128, 27, 2, 141, 52, 169, 189, 116, 193, 61, 25, 99, 100, 149, 68, 48, 85, 137, 133, 180, 29]
[153, 190, 115, 162, 53, 114, 138, 172, 183, 36, 71, 145, 20, 122, 9, 67, 110, 165, 107, 151, 37, 19, 79, 112, 178, 80, 55, 131, 4, 196, 66, 197, 69, 148, 38, 39, 188, 72, 84, 121, 92, 10, 157, 96, 75, 135, 58, 174, 166, 97, 94, 0, 89, 160, 70, 26, 60, 34, 171, 156, 130, 177, 198, 144, 65, 132, 167, 113, 86, 3, 5, 82, 181, 184, 117, 119, 124, 13, 63, 32, 14, 111, 127, 146, 81, 109, 12, 154, 44, 150, 18, 199, 129, 134, 161, 159, 192, 22, 87, 176]
37727

[179, 60, 171, 34, 70, 160, 8, 24, 33, 56, 93, 59, 88, 181, 41, 109, 47, 30, 62, 125, 186, 12, 154, 77, 16, 44, 35, 118, 91, 150, 18, 136, 134, 159, 54, 142, 153, 190, 138, 172, 140, 46, 178, 80, 112, 78, 187, 64, 123, 126, 29, 74, 149, 68, 25, 100, 55, 99, 196, 66, 116, 189, 188, 141, 121, 92, 10, 157, 27, 128, 90, 96, 98, 7, 75, 135, 58, 174, 166, 97, 94, 0, 89, 20, 19, 79, 183, 36, 71, 114, 53, 162, 115, 163, 49, 158, 105, 117, 184, 42]
[51, 195, 185, 6, 83, 57, 168, 45, 145, 37, 180, 133, 48, 85, 137, 165, 151, 107, 122, 9, 67, 110, 193, 61, 131, 4, 39, 38, 197, 69, 148, 169, 52, 72, 84, 2, 28, 31, 106, 173, 11, 26, 175, 156, 130, 177, 198, 144, 65, 132, 167, 113, 73, 164, 86, 82, 3, 5, 32, 146, 14, 111, 127, 50, 194, 155, 120, 81, 63, 13, 124, 119, 139, 182, 102, 15, 108, 1, 191, 40, 147, 43, 129, 199, 101, 95, 161, 17, 104, 76, 23, 152, 143, 192, 103, 21, 22, 87, 170, 176]
39196

[167, 113, 132, 144, 177, 73, 88, 42, 57, 168, 33, 93, 179, 175, 60, 171, 34, 70, 106, 174, 58, 75, 96, 98, 7, 28, 31, 97, 173, 94, 0, 89, 20, 122, 141, 2, 84, 52, 169, 66, 196, 4, 131, 61, 25, 68, 193, 39, 116, 189, 110, 67, 85, 137, 48, 133, 180, 19, 79, 29, 74, 78, 112, 80, 178, 46, 172, 138, 87, 170, 21, 22, 192, 103, 54, 143, 159, 161, 95, 136, 91, 118, 35, 44, 154, 12, 62, 47, 155, 120, 146, 81, 63, 119, 15, 182, 139, 105, 184, 117]
[188, 38, 197, 69, 148, 72, 121, 92, 10, 157, 27, 128, 90, 135, 166, 11, 160, 145, 45, 24, 8, 26, 156, 130, 198, 65, 3, 5, 32, 14, 111, 127, 50, 194, 30, 186, 125, 109, 41, 108, 1, 77, 16, 191, 40, 147, 101, 199, 43, 129, 18, 150, 134, 17, 104, 23, 152, 76, 102, 142, 163, 49, 158, 124, 13, 181, 82, 86, 164, 59, 185, 195, 56, 6, 83, 51, 115, 176, 190, 153, 162, 53, 114, 71, 36, 183, 140, 64, 187, 123, 126, 100, 55, 99, 149, 37, 151, 107, 165, 9]
40352

[183, 172, 138, 176, 153, 190, 114, 71, 79, 19, 168, 6, 83, 57, 51, 115, 163, 49, 182, 102, 76, 104, 161, 134, 129, 43, 147, 40, 191, 15, 1, 41, 108, 154, 12, 30, 47, 194, 50, 155, 120, 127, 111, 14, 5, 3, 86, 164, 113, 167, 132, 65, 144, 198, 130, 156, 171, 34, 70, 160, 151, 107, 165, 137, 85, 67, 188, 9, 141, 173, 11, 97, 166, 174, 58, 135, 75, 98, 10, 92, 121, 84, 72, 52, 169, 148, 69, 39, 116, 193, 131, 61, 25, 100, 126, 123, 78, 187, 64, 140]
[55, 80, 46, 87, 170, 142, 54, 143, 103, 21, 22, 192, 159, 152, 23, 17, 95, 136, 18, 150, 91, 199, 101, 118, 35, 44, 16, 77, 186, 125, 62, 109, 81, 146, 32, 63, 119, 124, 13, 82, 181, 117, 105, 139, 158, 184, 42, 88, 195, 185, 59, 73, 177, 60, 106, 31, 28, 7, 96, 90, 128, 27, 157, 2, 94, 0, 89, 20, 122, 48, 133, 110, 189, 38, 197, 66, 196, 4, 68, 149, 74, 29, 180, 37, 145, 45, 24, 8, 26, 175, 179, 93, 56, 33, 162, 53, 36, 178, 112, 99]
40953

[145, 31, 135, 28, 98, 7, 2, 92, 121, 72, 148, 69, 197, 66, 196, 4, 131, 99, 55, 80, 178, 112, 78, 187, 100, 149, 68, 67, 9, 122, 20, 107, 151, 165, 133, 180, 29, 74, 79, 71, 36, 183, 140, 46, 172, 176, 142, 103, 143, 159, 161, 134, 129, 43, 147, 40, 35, 16, 191, 77, 154, 12, 186, 125, 62, 50, 127, 111, 14, 146, 81, 63, 13, 124, 119, 41, 108, 1, 15, 105, 182, 23, 152, 54, 49, 163, 168, 33, 179, 93, 73, 164, 113, 167, 177, 130, 60, 8, 45, 24]
[56, 6, 83, 57, 51, 115, 162, 53, 153, 190, 114, 138, 87, 170, 21, 22, 192, 95, 136, 18, 150, 91, 199, 101, 118, 44, 17, 104, 76, 102, 139, 158, 117, 184, 42, 88, 195, 185, 59, 86, 82, 181, 109, 47, 30, 194, 155, 120, 32, 5, 3, 132, 65, 144, 198, 156, 171, 34, 106, 174, 166, 58, 75, 96, 90, 128, 27, 157, 10, 84, 52, 169, 38, 39, 116, 193, 61, 25, 126, 123, 64, 19, 37, 137, 85, 48, 110, 189, 188, 141, 89, 0, 94, 97, 173, 11, 160, 70, 26, 175]
41272

[88, 13, 124, 119, 63, 81, 120, 194, 47, 30, 62, 125, 186, 12, 154, 77, 191, 16, 44, 1, 108, 15, 105, 139, 182, 102, 54, 143, 192, 103, 170, 21, 22, 87, 172, 138, 190, 53, 162, 115, 51, 57, 83, 6, 168, 33, 8, 24, 45, 145, 89, 20, 107, 151, 71, 36, 183, 140, 46, 80, 55, 99, 25, 61, 131, 4, 196, 66, 197, 69, 148, 38, 39, 188, 169, 52, 72, 84, 2, 28, 135, 31, 106, 11, 160, 26, 175, 156, 130, 177, 198, 144, 65, 132, 167, 113, 86, 164, 73, 59]
[134, 18, 150, 136, 95, 161, 159, 152, 23, 76, 49, 163, 142, 176, 153, 114, 64, 178, 112, 78, 187, 123, 126, 79, 19, 37, 165, 137, 85, 48, 133, 180, 29, 74, 100, 149, 68, 193, 116, 189, 110, 67, 9, 122, 141, 121, 92, 10, 157, 27, 128, 90, 96, 98, 7, 75, 58, 174, 166, 97, 94, 0, 173, 70, 34, 171, 60, 179, 93, 56, 185, 195, 42, 184, 158, 117, 181, 82, 3, 5, 32, 146, 14, 111, 127, 50, 155, 109, 41, 104, 17, 118, 91, 199, 129, 43, 101, 147, 40, 35]
36888

[37, 19, 79, 100, 149, 74, 29, 180, 133, 137, 165, 151, 107, 122, 72, 84, 121, 92, 10, 2, 28, 97, 94, 0, 160, 70, 60, 34, 171, 156, 33, 168, 57, 83, 195, 185, 59, 130, 198, 144, 167, 113, 86, 88, 181, 82, 3, 5, 32, 146, 50, 155, 194, 47, 30, 62, 125, 186, 12, 108, 41, 119, 124, 63, 13, 117, 184, 158, 76, 104, 23, 17, 44, 35, 16, 191, 40, 147, 43, 129, 134, 159, 143, 54, 142, 176, 115, 162, 53, 71, 36, 183, 140, 64, 123, 126, 187, 78, 112, 178]
[193, 66, 196, 4, 131, 61, 68, 85, 48, 25, 99, 55, 80, 46, 114, 153, 190, 138, 172, 87, 22, 21, 170, 103, 192, 152, 161, 136, 18, 150, 91, 199, 101, 118, 95, 77, 154, 109, 120, 127, 111, 14, 81, 1, 15, 102, 182, 139, 105, 49, 163, 42, 51, 6, 56, 73, 164, 132, 65, 177, 93, 179, 175, 26, 8, 24, 45, 145, 20, 89, 173, 11, 106, 31, 166, 174, 58, 135, 75, 7, 98, 96, 90, 128, 27, 157, 141, 9, 67, 110, 188, 52, 169, 148, 69, 197, 38, 39, 116, 189]
39176

[79, 19, 37, 107, 151, 71, 36, 183, 140, 172, 138, 87, 22, 21, 192, 159, 134, 118, 35, 186, 125, 194, 155, 50, 127, 111, 14, 146, 120, 81, 63, 41, 119, 124, 13, 82, 132, 65, 144, 198, 130, 156, 171, 34, 60, 93, 177, 73, 164, 59, 185, 195, 88, 42, 184, 158, 49, 163, 115, 162, 53, 168, 145, 45, 160, 173, 2, 90, 128, 27, 157, 10, 92, 121, 84, 72, 141, 52, 169, 148, 69, 197, 38, 39, 66, 196, 4, 131, 193, 116, 189, 48, 85, 137, 133, 180, 29, 149, 100, 74]
[12, 154, 77, 44, 16, 191, 40, 147, 101, 199, 43, 129, 18, 150, 91, 136, 95, 161, 143, 103, 170, 190, 153, 114, 33, 24, 8, 89, 20, 165, 126, 123, 64, 187, 78, 112, 178, 46, 80, 55, 99, 25, 61, 68, 110, 188, 67, 9, 122, 0, 94, 28, 7, 98, 96, 75, 135, 58, 174, 166, 31, 97, 106, 11, 70, 26, 175, 179, 56, 6, 83, 57, 51, 176, 142, 54, 152, 23, 17, 104, 76, 15, 102, 182, 139, 105, 117, 181, 86, 113, 167, 3, 5, 32, 47, 30, 62, 109, 108, 1]
39745

[40, 118, 91, 150, 18, 199, 101, 147, 43, 129, 134, 136, 95, 161, 76, 102, 158, 184, 42, 115, 162, 53, 168, 71, 19, 79, 64, 123, 100, 55, 99, 131, 4, 196, 66, 72, 84, 121, 92, 27, 128, 90, 96, 75, 135, 58, 31, 141, 9, 122, 145, 24, 8, 45, 89, 173, 97, 11, 160, 70, 60, 34, 171, 156, 198, 144, 65, 132, 167, 73, 164, 59, 185, 195, 88, 105, 139, 182, 15, 1, 108, 109, 41, 119, 124, 81, 120, 146, 14, 111, 127, 50, 155, 194, 47, 30, 12, 154, 77, 191]
[51, 57, 83, 6, 33, 56, 177, 130, 93, 179, 175, 26, 106, 174, 166, 28, 7, 98, 157, 10, 2, 94, 0, 20, 107, 151, 37, 180, 29, 133, 48, 85, 137, 165, 67, 110, 189, 188, 52, 169, 148, 69, 197, 38, 39, 116, 193, 61, 25, 68, 149, 74, 126, 187, 78, 112, 80, 178, 46, 140, 183, 36, 114, 172, 138, 142, 170, 87, 22, 21, 192, 103, 54, 143, 159, 152, 23, 104, 17, 44, 35, 16, 186, 125, 62, 32, 5, 3, 113, 86, 82, 181, 63, 13, 117, 49, 163, 176, 153, 190]
39040

[84, 121, 92, 10, 157, 2, 28, 166, 174, 106, 171, 156, 198, 144, 65, 132, 167, 113, 73, 164, 59, 185, 88, 32, 14, 111, 146, 127, 50, 155, 120, 81, 63, 124, 15, 16, 95, 136, 150, 18, 199, 43, 129, 134, 161, 159, 192, 22, 21, 103, 143, 54, 102, 182, 139, 105, 42, 195, 57, 51, 115, 53, 114, 71, 168, 83, 6, 56, 33, 26, 8, 24, 160, 11, 89, 20, 122, 165, 107, 151, 45, 145, 37, 19, 79, 78, 112, 178, 80, 100, 55, 99, 25, 149, 68, 61, 110, 67, 9, 141]
[197, 69, 148, 38, 169, 52, 72, 27, 128, 90, 96, 98, 7, 75, 135, 58, 31, 97, 94, 0, 173, 70, 34, 60, 175, 179, 93, 177, 130, 86, 3, 5, 82, 181, 13, 119, 41, 108, 109, 47, 194, 30, 62, 125, 186, 12, 154, 1, 77, 191, 40, 147, 101, 91, 118, 35, 44, 17, 104, 23, 152, 76, 49, 158, 117, 184, 163, 176, 142, 170, 87, 190, 153, 162, 138, 172, 36, 183, 140, 46, 187, 64, 123, 126, 74, 29, 180, 133, 137, 85, 48, 188, 189, 116, 39, 66, 196, 4, 131, 193]
39708

[185, 59, 73, 164, 82, 181, 117, 13, 63, 81, 120, 109, 108, 1, 12, 154, 77, 191, 16, 35, 40, 147, 43, 129, 134, 161, 17, 23, 152, 192, 21, 22, 87, 170, 142, 190, 176, 163, 49, 42, 115, 51, 83, 6, 56, 177, 130, 93, 179, 175, 33, 24, 45, 8, 70, 160, 11, 173, 97, 94, 0, 89, 20, 122, 107, 151, 37, 19, 79, 180, 133, 29, 74, 68, 131, 4, 196, 66, 116, 189, 110, 188, 84, 121, 92, 157, 27, 128, 90, 96, 75, 98, 7, 28, 135, 58, 174, 166, 31, 106]
[124, 119, 41, 15, 104, 44, 118, 101, 199, 91, 150, 18, 136, 95, 159, 143, 103, 54, 76, 102, 182, 139, 105, 158, 184, 88, 195, 57, 168, 71, 114, 53, 162, 153, 138, 172, 36, 183, 140, 64, 123, 126, 187, 78, 112, 178, 46, 80, 55, 99, 100, 149, 25, 61, 193, 39, 38, 197, 69, 148, 169, 52, 72, 10, 2, 141, 9, 67, 48, 85, 137, 165, 145, 26, 60, 34, 171, 156, 198, 144, 65, 132, 167, 113, 86, 3, 5, 14, 111, 127, 50, 155, 194, 30, 186, 125, 62, 47, 146, 32]
38361

[145, 107, 151, 37, 180, 133, 29, 74, 189, 116, 193, 131, 61, 25, 149, 100, 99, 55, 80, 112, 78, 64, 140, 183, 36, 71, 168, 6, 83, 57, 53, 162, 176, 142, 143, 159, 134, 129, 43, 147, 40, 101, 199, 91, 150, 18, 136, 95, 17, 104, 102, 182, 139, 105, 41, 109, 47, 194, 50, 155, 120, 127, 111, 14, 32, 146, 81, 119, 124, 13, 63, 181, 82, 5, 3, 86, 132, 65, 177, 93, 179, 56, 33, 8, 24, 45, 106, 7, 98, 27, 128, 90, 96, 75, 58, 166, 174, 171, 34, 60]
[49, 158, 163, 184, 117, 88, 42, 115, 51, 195, 185, 59, 164, 73, 113, 167, 144, 198, 130, 156, 175, 26, 70, 160, 11, 173, 89, 165, 137, 48, 85, 20, 0, 94, 97, 31, 135, 28, 2, 157, 10, 92, 121, 84, 72, 141, 122, 9, 67, 110, 188, 52, 169, 148, 69, 197, 38, 39, 66, 196, 4, 68, 19, 79, 126, 123, 187, 178, 46, 114, 153, 190, 138, 172, 87, 170, 21, 22, 192, 103, 54, 76, 15, 1, 108, 30, 62, 125, 186, 12, 154, 77, 191, 16, 44, 35, 118, 161, 23, 152]
39036

[133, 180, 48, 137, 85, 67, 110, 188, 148, 69, 197, 38, 193, 61, 25, 100, 74, 29, 79, 19, 37, 145, 24, 8, 45, 0, 94, 10, 92, 157, 96, 75, 135, 58, 174, 166, 31, 97, 106, 11, 70, 60, 34, 171, 156, 130, 175, 179, 93, 177, 198, 144, 65, 132, 167, 113, 86, 82, 3, 5, 14, 111, 32, 181, 63, 81, 30, 62, 12, 154, 35, 118, 136, 95, 17, 23, 152, 159, 143, 103, 192, 22, 21, 170, 142, 176, 162, 115, 42, 195, 51, 57, 83, 6, 71, 36, 183, 64, 123, 126]
[33, 26, 160, 173, 89, 20, 107, 151, 165, 122, 9, 141, 2, 28, 7, 98, 90, 128, 27, 121, 84, 72, 52, 169, 189, 116, 39, 66, 196, 4, 131, 68, 149, 99, 55, 80, 178, 112, 78, 187, 46, 140, 172, 114, 168, 53, 153, 190, 138, 87, 54, 163, 49, 158, 105, 139, 182, 102, 76, 104, 161, 134, 18, 150, 91, 101, 199, 129, 43, 147, 40, 191, 16, 44, 77, 186, 125, 1, 15, 108, 41, 109, 47, 194, 50, 155, 120, 127, 146, 13, 124, 119, 117, 184, 88, 185, 59, 164, 73, 56]
39350

[6, 56, 59, 164, 73, 177, 130, 198, 144, 65, 132, 167, 181, 117, 102, 15, 77, 154, 1, 108, 41, 109, 81, 146, 120, 155, 50, 194, 47, 30, 62, 147, 43, 101, 199, 129, 134, 18, 150, 91, 136, 95, 35, 44, 104, 76, 54, 143, 103, 176, 163, 184, 42, 195, 83, 57, 168, 71, 36, 183, 140, 64, 187, 123, 126, 100, 25, 4, 196, 66, 197, 169, 52, 72, 84, 121, 7, 98, 28, 135, 174, 171, 156, 34, 60, 160, 11, 97, 173, 89, 20, 122, 85, 48, 68, 149, 74, 29, 79, 19]
[119, 124, 13, 63, 32, 127, 111, 14, 5, 82, 3, 113, 93, 179, 175, 33, 26, 70, 106, 31, 166, 58, 75, 96, 90, 128, 27, 157, 92, 10, 2, 94, 0, 8, 24, 45, 145, 37, 151, 107, 165, 137, 180, 133, 67, 9, 141, 110, 188, 148, 69, 38, 39, 189, 116, 193, 131, 61, 99, 55, 80, 178, 112, 78, 46, 172, 114, 51, 185, 86, 88, 115, 162, 53, 153, 190, 138, 142, 170, 87, 22, 21, 192, 159, 152, 23, 17, 161, 118, 40, 191, 16, 186, 125, 12, 182, 139, 49, 158, 105]
42405

[185, 6, 83, 57, 168, 24, 45, 145, 20, 89, 97, 31, 75, 96, 90, 128, 27, 121, 84, 72, 141, 122, 107, 151, 165, 137, 85, 48, 67, 9, 52, 169, 148, 69, 197, 66, 196, 61, 55, 99, 25, 149, 100, 187, 78, 112, 80, 178, 46, 172, 138, 87, 22, 21, 170, 103, 142, 176, 53, 162, 115, 51, 42, 184, 139, 182, 102, 54, 143, 192, 159, 161, 134, 129, 43, 147, 40, 12, 186, 125, 30, 194, 50, 127, 111, 14, 5, 3, 132, 167, 113, 86, 82, 181, 13, 124, 119, 117, 88, 195]
[193, 116, 39, 38, 189, 188, 110, 133, 180, 37, 19, 79, 36, 71, 8, 160, 11, 173, 0, 94, 2, 10, 92, 157, 98, 7, 28, 135, 58, 166, 174, 106, 70, 26, 175, 33, 56, 59, 164, 73, 93, 179, 60, 34, 171, 156, 130, 177, 198, 144, 65, 32, 146, 120, 155, 47, 62, 154, 77, 191, 16, 44, 35, 118, 91, 101, 199, 18, 150, 136, 95, 17, 23, 152, 76, 104, 15, 1, 108, 41, 109, 81, 63, 105, 158, 49, 163, 153, 190, 114, 183, 140, 64, 123, 126, 74, 29, 68, 131, 4]
39570

[171, 34, 106, 31, 28, 7, 98, 27, 157, 10, 92, 121, 197, 66, 196, 4, 131, 61, 25, 68, 67, 9, 122, 94, 0, 89, 37, 19, 79, 29, 74, 99, 55, 80, 112, 78, 187, 178, 46, 183, 36, 71, 168, 24, 8, 70, 26, 60, 175, 179, 93, 56, 6, 83, 57, 185, 195, 88, 42, 138, 87, 22, 192, 159, 134, 129, 43, 199, 91, 136, 95, 161, 154, 12, 125, 109, 41, 119, 124, 108, 1, 15, 76, 104, 17, 23, 152, 143, 163, 184, 117, 13, 63, 32, 82, 181, 86, 132, 65, 144]
[118, 150, 18, 101, 147, 40, 191, 16, 77, 186, 62, 30, 47, 194, 50, 155, 120, 81, 146, 127, 111, 14, 5, 3, 167, 113, 59, 164, 73, 198, 156, 130, 177, 33, 145, 45, 160, 11, 173, 97, 166, 174, 58, 135, 75, 96, 90, 128, 2, 141, 20, 107, 151, 165, 137, 85, 48, 180, 133, 110, 189, 188, 84, 72, 52, 169, 148, 69, 38, 39, 116, 193, 149, 100, 126, 123, 64, 140, 172, 114, 51, 115, 162, 53, 153, 190, 176, 142, 170, 21, 103, 54, 49, 158, 105, 139, 182, 102, 44, 35]
41129

[164, 73, 59, 6, 83, 57, 185, 195, 88, 117, 63, 81, 120, 127, 50, 155, 194, 30, 186, 77, 16, 191, 40, 101, 18, 150, 91, 118, 35, 44, 95, 136, 161, 17, 104, 15, 102, 76, 23, 152, 159, 22, 21, 170, 87, 46, 25, 61, 131, 4, 39, 116, 189, 169, 52, 188, 110, 67, 180, 29, 79, 19, 37, 89, 11, 173, 0, 94, 141, 72, 84, 121, 92, 10, 157, 27, 128, 90, 96, 75, 58, 166, 174, 106, 70, 45, 145, 33, 56, 26, 175, 179, 93, 177, 198, 144, 65, 132, 167, 113]
[165, 137, 85, 48, 133, 68, 193, 196, 66, 197, 69, 148, 38, 9, 122, 20, 2, 7, 98, 28, 135, 31, 97, 160, 24, 8, 60, 34, 171, 156, 130, 86, 181, 82, 3, 5, 32, 14, 111, 146, 41, 109, 47, 62, 125, 12, 154, 147, 43, 129, 199, 134, 1, 108, 119, 124, 13, 105, 139, 182, 49, 158, 184, 42, 115, 51, 168, 114, 53, 162, 153, 190, 176, 163, 54, 143, 192, 103, 142, 138, 172, 140, 187, 78, 112, 178, 80, 55, 99, 100, 149, 74, 126, 123, 64, 183, 36, 71, 151, 107]
41505

[119, 124, 105, 117, 13, 63, 181, 82, 5, 3, 88, 184, 163, 176, 168, 71, 145, 45, 24, 8, 33, 60, 34, 177, 86, 113, 167, 132, 65, 144, 198, 130, 156, 171, 31, 166, 174, 58, 135, 157, 2, 52, 169, 148, 69, 197, 38, 116, 189, 110, 67, 20, 0, 89, 107, 133, 180, 29, 74, 149, 100, 25, 99, 55, 80, 178, 112, 78, 187, 126, 123, 46, 172, 138, 142, 54, 17, 95, 136, 18, 150, 91, 118, 1, 108, 41, 81, 109, 62, 30, 47, 194, 50, 155, 120, 127, 111, 14, 32, 146]
[84, 121, 72, 141, 122, 9, 188, 39, 66, 196, 4, 131, 193, 61, 68, 48, 85, 137, 165, 151, 37, 19, 79, 64, 140, 183, 36, 114, 53, 162, 51, 115, 153, 190, 87, 22, 21, 170, 103, 192, 143, 159, 152, 23, 161, 134, 129, 43, 199, 101, 147, 40, 191, 16, 35, 44, 77, 154, 186, 125, 12, 15, 104, 76, 102, 182, 139, 158, 49, 42, 195, 185, 59, 164, 73, 57, 83, 6, 56, 93, 179, 175, 26, 70, 160, 11, 106, 97, 173, 94, 28, 7, 98, 75, 96, 90, 128, 27, 92, 10]
39322

[148, 69, 169, 52, 72, 84, 121, 92, 10, 7, 28, 31, 97, 173, 11, 70, 160, 0, 141, 122, 20, 107, 151, 37, 180, 29, 133, 48, 116, 39, 38, 197, 66, 196, 4, 131, 80, 46, 178, 112, 78, 187, 64, 140, 183, 36, 172, 138, 54, 143, 152, 23, 76, 104, 17, 95, 136, 150, 147, 40, 15, 102, 182, 139, 117, 13, 124, 119, 41, 109, 47, 30, 194, 155, 50, 127, 111, 14, 113, 167, 132, 65, 144, 198, 177, 73, 164, 59, 115, 51, 57, 168, 45, 24, 8, 26, 175, 179, 93, 33]
[58, 166, 174, 106, 60, 34, 171, 156, 130, 56, 6, 83, 185, 195, 88, 42, 184, 163, 49, 158, 105, 1, 108, 81, 63, 181, 82, 86, 3, 5, 32, 146, 120, 62, 125, 186, 12, 154, 77, 191, 16, 44, 35, 118, 91, 101, 43, 129, 199, 18, 134, 161, 159, 192, 103, 170, 21, 22, 87, 142, 176, 190, 153, 162, 53, 114, 71, 123, 126, 79, 19, 74, 68, 149, 100, 55, 99, 25, 61, 193, 189, 188, 110, 67, 9, 85, 137, 165, 145, 89, 94, 2, 157, 27, 128, 90, 96, 98, 75, 135]
41408

[19, 126, 123, 178, 46, 172, 87, 22, 21, 190, 153, 142, 54, 152, 23, 76, 104, 17, 44, 161, 95, 136, 91, 199, 129, 43, 101, 147, 40, 191, 154, 12, 186, 125, 62, 30, 47, 194, 50, 155, 120, 81, 109, 41, 108, 1, 139, 105, 119, 124, 13, 63, 32, 5, 3, 113, 167, 132, 65, 144, 198, 156, 130, 177, 179, 175, 70, 160, 11, 173, 89, 0, 97, 106, 31, 166, 174, 96, 90, 128, 27, 157, 84, 169, 148, 69, 197, 38, 193, 68, 48, 85, 137, 165, 122, 20, 107, 151, 145, 37]
[176, 163, 49, 158, 184, 117, 181, 146, 127, 111, 14, 82, 88, 42, 115, 162, 53, 51, 195, 185, 59, 86, 164, 73, 171, 34, 60, 26, 8, 45, 24, 33, 93, 56, 6, 83, 57, 168, 71, 36, 79, 74, 29, 180, 133, 110, 67, 9, 141, 94, 28, 135, 58, 75, 98, 7, 2, 10, 92, 121, 72, 52, 188, 189, 116, 39, 66, 196, 4, 131, 61, 25, 149, 100, 99, 55, 80, 112, 78, 187, 64, 140, 183, 114, 138, 170, 103, 192, 143, 159, 134, 18, 150, 118, 35, 16, 77, 15, 182, 102]
40355

[101, 91, 199, 129, 43, 147, 40, 191, 120, 111, 14, 32, 5, 3, 59, 185, 195, 42, 184, 117, 105, 139, 182, 102, 76, 54, 115, 51, 57, 83, 6, 168, 36, 183, 140, 64, 74, 29, 180, 133, 48, 85, 137, 145, 45, 24, 8, 33, 26, 175, 56, 164, 73, 93, 179, 60, 34, 106, 174, 75, 96, 90, 128, 27, 98, 7, 31, 97, 173, 94, 0, 89, 20, 67, 110, 189, 39, 38, 148, 69, 197, 66, 196, 4, 131, 61, 25, 99, 55, 80, 178, 46, 172, 103, 192, 143, 159, 134, 18, 150]
[9, 122, 141, 52, 169, 188, 116, 193, 68, 149, 100, 112, 78, 187, 123, 126, 79, 19, 165, 107, 151, 37, 71, 114, 138, 87, 22, 21, 170, 142, 190, 153, 53, 162, 176, 163, 49, 158, 15, 104, 152, 23, 17, 161, 136, 95, 118, 35, 44, 16, 77, 154, 12, 186, 125, 62, 1, 108, 41, 109, 47, 30, 194, 155, 50, 127, 146, 81, 63, 119, 124, 13, 181, 82, 88, 86, 113, 167, 132, 65, 144, 198, 177, 130, 156, 171, 70, 160, 11, 166, 58, 135, 28, 2, 157, 10, 92, 121, 84, 72]
39195

[5, 3, 86, 164, 73, 198, 130, 177, 179, 175, 26, 8, 160, 11, 173, 89, 0, 94, 28, 7, 98, 90, 128, 27, 2, 141, 169, 148, 69, 197, 38, 188, 67, 85, 137, 48, 133, 29, 74, 149, 68, 25, 99, 55, 100, 126, 123, 78, 112, 80, 22, 21, 170, 87, 138, 114, 168, 6, 83, 57, 51, 184, 117, 105, 102, 76, 104, 23, 152, 143, 159, 161, 17, 44, 95, 136, 150, 18, 134, 129, 43, 101, 199, 91, 118, 35, 16, 186, 125, 62, 155, 50, 127, 146, 111, 14, 32, 63, 82, 181]
[13, 124, 119, 81, 120, 194, 30, 47, 109, 41, 108, 1, 12, 154, 77, 191, 40, 147, 15, 182, 139, 158, 49, 54, 192, 103, 142, 163, 42, 88, 113, 167, 132, 65, 144, 59, 185, 195, 115, 162, 53, 176, 153, 190, 172, 46, 178, 187, 64, 140, 183, 36, 71, 33, 56, 93, 156, 171, 34, 60, 70, 106, 97, 31, 166, 174, 58, 135, 75, 96, 157, 10, 92, 121, 84, 72, 52, 39, 66, 196, 4, 131, 61, 193, 116, 189, 110, 9, 122, 20, 107, 165, 180, 79, 19, 37, 151, 145, 45, 24]
40928

[132, 167, 65, 144, 93, 56, 6, 185, 195, 184, 163, 49, 117, 181, 82, 3, 5, 32, 81, 63, 13, 124, 119, 41, 109, 47, 30, 62, 108, 1, 15, 104, 17, 95, 136, 161, 192, 87, 138, 190, 153, 114, 172, 64, 123, 55, 99, 61, 131, 4, 193, 25, 74, 29, 133, 180, 37, 165, 137, 85, 48, 110, 116, 39, 196, 66, 197, 69, 148, 38, 188, 141, 2, 157, 27, 128, 90, 96, 98, 7, 75, 135, 58, 174, 166, 31, 106, 97, 173, 11, 160, 8, 24, 45, 145, 20, 89, 0, 94, 28]
[100, 149, 68, 189, 169, 52, 72, 84, 121, 92, 10, 9, 67, 122, 107, 151, 19, 79, 126, 187, 78, 112, 80, 178, 46, 140, 183, 36, 71, 168, 57, 83, 33, 179, 175, 26, 70, 60, 34, 171, 156, 130, 198, 177, 73, 164, 59, 113, 86, 88, 42, 51, 115, 162, 53, 176, 142, 170, 22, 21, 103, 54, 143, 159, 152, 23, 76, 102, 182, 139, 158, 105, 120, 146, 14, 111, 127, 50, 155, 194, 125, 186, 12, 154, 77, 44, 35, 118, 16, 191, 40, 147, 101, 43, 129, 199, 91, 150, 18, 134]
42163

[37, 19, 79, 126, 123, 112, 80, 178, 36, 71, 114, 53, 162, 51, 115, 153, 190, 176, 142, 143, 159, 152, 23, 76, 104, 17, 161, 134, 129, 91, 118, 35, 44, 16, 186, 125, 62, 12, 154, 15, 119, 124, 13, 63, 181, 164, 59, 185, 88, 184, 42, 195, 6, 33, 24, 8, 70, 160, 11, 173, 0, 94, 97, 106, 174, 58, 166, 31, 28, 135, 75, 7, 98, 96, 90, 128, 27, 157, 188, 189, 116, 38, 148, 69, 39, 193, 61, 68, 25, 99, 55, 100, 149, 74, 29, 180, 133, 48, 137, 85]
[122, 20, 89, 60, 34, 171, 156, 130, 198, 177, 73, 144, 65, 132, 167, 113, 86, 82, 3, 5, 32, 14, 111, 127, 146, 81, 120, 155, 50, 194, 30, 47, 109, 41, 108, 1, 77, 191, 40, 147, 43, 101, 199, 18, 150, 136, 95, 102, 182, 139, 105, 117, 158, 49, 163, 54, 103, 192, 22, 21, 170, 87, 138, 172, 46, 78, 187, 64, 140, 183, 168, 57, 83, 56, 93, 179, 175, 26, 45, 145, 151, 107, 165, 67, 110, 131, 4, 196, 66, 197, 169, 52, 72, 84, 121, 92, 10, 2, 141, 9]
37712

[13, 124, 117, 184, 88, 3, 5, 14, 111, 32, 81, 41, 108, 1, 12, 125, 186, 191, 16, 104, 76, 49, 163, 176, 153, 190, 170, 21, 22, 87, 138, 71, 36, 183, 64, 187, 78, 178, 46, 80, 112, 74, 29, 79, 19, 37, 145, 24, 45, 151, 107, 165, 137, 85, 48, 110, 189, 39, 196, 66, 38, 197, 69, 148, 169, 52, 188, 72, 84, 121, 92, 10, 157, 2, 7, 98, 28, 135, 58, 166, 31, 97, 173, 11, 160, 70, 26, 175, 60, 171, 156, 130, 198, 177, 93, 179, 56, 185, 195, 42]
[155, 120, 146, 127, 50, 194, 47, 30, 62, 109, 119, 63, 82, 181, 105, 182, 102, 139, 158, 115, 51, 162, 53, 114, 168, 8, 33, 6, 83, 57, 59, 73, 164, 86, 113, 167, 132, 65, 144, 34, 106, 174, 75, 96, 90, 128, 27, 94, 0, 89, 20, 122, 141, 9, 67, 133, 180, 100, 149, 68, 116, 193, 4, 131, 61, 25, 99, 55, 126, 123, 140, 172, 142, 54, 103, 192, 143, 159, 152, 23, 161, 134, 136, 95, 35, 44, 17, 15, 154, 77, 40, 147, 101, 43, 129, 199, 18, 150, 91, 118]
41274

[65, 132, 144, 198, 177, 93, 179, 175, 60, 34, 26, 33, 8, 24, 45, 145, 67, 188, 9, 141, 122, 20, 89, 0, 94, 2, 90, 128, 27, 157, 10, 92, 121, 84, 72, 52, 169, 38, 66, 196, 193, 68, 149, 100, 80, 178, 112, 78, 126, 19, 114, 172, 138, 87, 22, 21, 170, 54, 152, 23, 134, 129, 43, 118, 17, 104, 76, 154, 12, 186, 125, 62, 30, 194, 155, 120, 81, 63, 13, 124, 119, 41, 108, 1, 15, 102, 142, 176, 190, 153, 53, 162, 51, 195, 185, 88, 181, 82, 5, 3]
[59, 164, 73, 167, 113, 86, 32, 14, 111, 146, 127, 50, 47, 109, 77, 44, 35, 16, 191, 40, 147, 101, 199, 91, 150, 18, 136, 95, 161, 159, 143, 192, 103, 115, 57, 168, 71, 36, 183, 140, 46, 187, 64, 123, 55, 99, 25, 61, 131, 4, 197, 69, 148, 39, 116, 189, 110, 133, 29, 74, 79, 180, 48, 85, 137, 165, 37, 151, 107, 173, 97, 28, 7, 98, 96, 75, 135, 58, 174, 166, 31, 106, 11, 160, 70, 171, 156, 130, 56, 6, 83, 42, 184, 117, 105, 182, 139, 158, 49, 163]
40538

[45, 8, 70, 160, 11, 173, 97, 0, 94, 157, 27, 128, 90, 31, 106, 60, 34, 171, 156, 179, 93, 130, 198, 144, 65, 132, 167, 113, 73, 164, 59, 185, 195, 88, 42, 184, 158, 139, 182, 105, 117, 41, 81, 32, 3, 5, 14, 111, 120, 125, 186, 191, 40, 147, 43, 129, 199, 101, 161, 17, 104, 23, 152, 49, 163, 176, 53, 162, 115, 51, 57, 83, 6, 56, 175, 26, 33, 24, 145, 107, 151, 37, 19, 79, 29, 74, 149, 100, 178, 46, 78, 187, 123, 64, 140, 183, 36, 114, 168, 71]
[193, 116, 189, 188, 9, 141, 2, 10, 92, 121, 84, 72, 52, 169, 148, 69, 197, 38, 39, 66, 196, 4, 131, 61, 55, 80, 112, 99, 25, 68, 133, 180, 126, 172, 138, 190, 153, 87, 22, 21, 170, 142, 54, 103, 192, 143, 159, 134, 18, 150, 91, 118, 136, 95, 35, 44, 16, 77, 12, 154, 76, 102, 15, 1, 108, 109, 62, 30, 47, 194, 155, 50, 127, 146, 63, 119, 124, 13, 181, 82, 86, 177, 174, 166, 58, 135, 75, 96, 98, 7, 28, 89, 20, 122, 165, 137, 85, 48, 67, 110]
40674

[70, 26, 33, 168, 6, 83, 57, 51, 115, 162, 53, 153, 190, 176, 159, 152, 76, 23, 161, 150, 18, 199, 101, 91, 118, 35, 44, 16, 191, 77, 15, 102, 182, 139, 105, 41, 109, 125, 186, 62, 30, 47, 194, 155, 50, 127, 120, 81, 32, 82, 181, 88, 42, 195, 86, 113, 167, 198, 156, 171, 34, 60, 106, 31, 28, 2, 10, 92, 121, 84, 72, 52, 148, 69, 197, 66, 196, 4, 131, 61, 25, 99, 100, 149, 74, 29, 79, 19, 183, 36, 114, 71, 107, 122, 20, 89, 0, 94, 97, 173]
[134, 129, 43, 147, 40, 136, 95, 17, 104, 154, 12, 1, 108, 119, 124, 158, 49, 54, 103, 143, 192, 22, 21, 170, 142, 163, 184, 117, 13, 63, 146, 111, 14, 5, 3, 132, 65, 144, 73, 164, 59, 185, 56, 177, 130, 93, 179, 175, 8, 24, 45, 145, 160, 11, 166, 174, 58, 135, 75, 7, 98, 96, 90, 128, 27, 157, 141, 9, 67, 48, 85, 137, 165, 151, 37, 180, 133, 68, 110, 188, 169, 38, 39, 189, 116, 193, 55, 112, 80, 46, 178, 78, 187, 126, 123, 64, 140, 172, 138, 87]
40303

[9, 67, 110, 193, 131, 4, 38, 148, 169, 141, 92, 10, 2, 28, 135, 31, 97, 173, 11, 70, 34, 171, 156, 60, 179, 56, 185, 195, 86, 113, 167, 132, 65, 3, 5, 82, 181, 63, 81, 120, 146, 32, 14, 111, 127, 50, 155, 194, 47, 30, 12, 154, 77, 16, 44, 35, 118, 91, 199, 43, 129, 134, 161, 23, 143, 54, 103, 21, 170, 142, 176, 163, 49, 158, 76, 104, 15, 1, 105, 184, 42, 51, 115, 162, 53, 168, 33, 8, 24, 45, 145, 37, 137, 85, 165, 151, 107, 89, 20, 122]
[197, 69, 52, 72, 84, 121, 157, 27, 128, 90, 96, 98, 7, 75, 58, 166, 174, 106, 175, 93, 177, 130, 198, 144, 73, 164, 59, 88, 117, 13, 124, 119, 41, 108, 109, 62, 125, 186, 191, 40, 147, 101, 18, 150, 136, 95, 17, 182, 139, 102, 152, 159, 192, 22, 87, 153, 190, 138, 172, 140, 183, 36, 71, 114, 57, 83, 6, 26, 160, 94, 0, 48, 133, 68, 149, 100, 74, 29, 180, 19, 79, 126, 123, 64, 187, 46, 80, 178, 78, 112, 55, 99, 25, 61, 116, 189, 188, 39, 66, 196]
40351

[145, 165, 137, 133, 180, 29, 74, 187, 46, 178, 78, 112, 80, 55, 99, 25, 61, 193, 9, 122, 141, 10, 157, 98, 7, 28, 135, 58, 166, 31, 97, 173, 160, 33, 57, 83, 6, 56, 177, 60, 34, 171, 156, 130, 198, 144, 65, 132, 167, 73, 164, 59, 185, 195, 86, 113, 3, 82, 181, 88, 42, 51, 115, 163, 49, 184, 117, 105, 13, 124, 119, 41, 109, 125, 12, 154, 77, 191, 40, 16, 44, 35, 118, 91, 199, 129, 134, 161, 17, 23, 152, 104, 76, 54, 170, 21, 22, 87, 114, 71]
[197, 69, 148, 38, 169, 52, 72, 84, 2, 94, 0, 89, 20, 107, 151, 37, 19, 79, 48, 85, 67, 110, 188, 189, 116, 39, 66, 196, 4, 131, 68, 149, 100, 126, 123, 64, 140, 183, 36, 172, 138, 190, 153, 176, 142, 103, 192, 143, 159, 95, 136, 150, 18, 101, 43, 147, 186, 62, 30, 47, 194, 50, 155, 120, 146, 127, 111, 14, 5, 32, 63, 81, 108, 1, 15, 102, 182, 139, 158, 162, 53, 168, 45, 24, 8, 93, 179, 175, 26, 70, 11, 106, 174, 75, 96, 90, 128, 27, 92, 121]
40142

[78, 112, 80, 172, 138, 190, 53, 162, 153, 87, 22, 21, 170, 103, 54, 142, 176, 163, 49, 158, 42, 184, 117, 119, 41, 108, 1, 154, 12, 186, 125, 62, 30, 47, 120, 146, 127, 111, 14, 3, 86, 164, 73, 59, 185, 115, 51, 168, 33, 175, 60, 70, 160, 8, 45, 20, 89, 0, 173, 11, 97, 135, 96, 90, 128, 27, 157, 2, 10, 92, 121, 148, 69, 197, 38, 39, 66, 196, 4, 131, 193, 116, 189, 67, 9, 141, 122, 137, 85, 48, 133, 180, 29, 74, 149, 25, 61, 99, 55, 100]
[40, 191, 77, 109, 194, 50, 155, 81, 63, 32, 5, 82, 181, 113, 167, 132, 65, 144, 198, 130, 156, 171, 34, 106, 31, 166, 174, 58, 75, 98, 7, 28, 94, 84, 72, 52, 169, 188, 110, 68, 126, 123, 187, 178, 46, 140, 114, 71, 36, 183, 64, 79, 19, 37, 165, 107, 151, 145, 24, 26, 179, 93, 177, 56, 6, 83, 57, 195, 88, 13, 124, 15, 105, 139, 182, 102, 76, 143, 192, 159, 152, 23, 104, 17, 161, 134, 136, 95, 118, 35, 44, 16, 147, 101, 43, 129, 199, 91, 18, 150]
40023

[6, 83, 57, 51, 115, 162, 53, 153, 190, 176, 87, 170, 142, 49, 158, 139, 182, 102, 76, 104, 95, 136, 199, 129, 43, 118, 35, 44, 16, 191, 77, 12, 186, 125, 62, 47, 155, 120, 81, 109, 41, 119, 124, 13, 63, 5, 3, 86, 113, 167, 93, 179, 8, 160, 0, 94, 141, 2, 7, 98, 75, 96, 157, 10, 121, 72, 52, 169, 188, 189, 116, 39, 38, 148, 69, 197, 66, 196, 4, 131, 193, 61, 25, 100, 149, 68, 48, 85, 137, 79, 126, 123, 78, 187, 64, 140, 183, 36, 168, 33]
[45, 24, 145, 151, 37, 19, 71, 114, 138, 172, 46, 178, 112, 80, 55, 99, 74, 29, 180, 133, 110, 84, 92, 27, 128, 90, 28, 135, 58, 174, 166, 31, 97, 106, 60, 34, 171, 156, 130, 177, 198, 144, 65, 132, 73, 164, 59, 185, 88, 184, 105, 15, 154, 1, 108, 117, 181, 82, 32, 146, 14, 111, 127, 50, 194, 30, 40, 147, 101, 91, 150, 18, 134, 161, 17, 23, 152, 159, 143, 192, 22, 21, 103, 54, 163, 42, 195, 56, 175, 26, 70, 11, 173, 89, 20, 122, 9, 67, 165, 107]
40135

[21, 103, 192, 143, 159, 161, 134, 150, 18, 129, 199, 118, 35, 16, 77, 12, 109, 194, 155, 50, 127, 146, 63, 13, 117, 184, 158, 49, 163, 42, 51, 115, 162, 53, 114, 168, 57, 83, 6, 195, 185, 59, 164, 56, 33, 8, 24, 45, 145, 160, 11, 173, 89, 0, 94, 28, 135, 75, 7, 98, 96, 90, 128, 27, 157, 10, 92, 121, 141, 9, 133, 180, 68, 193, 116, 189, 39, 148, 69, 197, 66, 196, 4, 131, 61, 25, 100, 149, 74, 126, 123, 78, 112, 178, 187, 64, 140, 87, 170, 22]
[73, 144, 65, 132, 167, 113, 86, 3, 5, 14, 111, 32, 82, 181, 88, 105, 139, 182, 102, 15, 154, 1, 108, 41, 119, 124, 81, 120, 47, 30, 62, 125, 186, 191, 40, 147, 43, 101, 91, 136, 95, 44, 17, 104, 76, 23, 152, 54, 142, 176, 153, 190, 138, 172, 71, 36, 183, 46, 80, 55, 99, 29, 79, 19, 37, 48, 85, 137, 165, 151, 107, 20, 122, 67, 110, 188, 38, 169, 52, 72, 84, 2, 58, 174, 166, 31, 97, 106, 70, 26, 34, 171, 156, 60, 175, 179, 93, 177, 198, 130]
38426

[152, 104, 76, 102, 119, 124, 13, 63, 41, 108, 1, 12, 154, 77, 40, 101, 129, 43, 147, 30, 47, 194, 155, 50, 127, 111, 14, 5, 3, 185, 59, 164, 73, 60, 34, 70, 106, 31, 135, 98, 7, 157, 92, 10, 2, 141, 122, 9, 67, 110, 189, 38, 148, 69, 197, 66, 196, 4, 131, 61, 25, 99, 55, 112, 78, 187, 37, 151, 107, 20, 89, 0, 94, 173, 160, 8, 24, 26, 175, 179, 93, 56, 6, 83, 195, 163, 115, 51, 162, 53, 153, 190, 176, 142, 170, 87, 22, 21, 192, 159]
[48, 133, 180, 29, 74, 19, 79, 126, 123, 64, 140, 183, 36, 71, 114, 168, 57, 33, 145, 45, 11, 97, 28, 27, 128, 90, 96, 75, 58, 166, 174, 171, 156, 130, 177, 198, 144, 65, 132, 167, 113, 86, 82, 181, 88, 42, 184, 49, 158, 117, 105, 139, 182, 15, 109, 81, 32, 146, 120, 62, 125, 186, 191, 16, 44, 35, 118, 95, 136, 91, 199, 150, 18, 134, 161, 17, 23, 143, 54, 103, 138, 172, 46, 178, 80, 100, 149, 68, 193, 116, 39, 169, 52, 72, 121, 84, 188, 85, 137, 165]
40080

[21, 22, 170, 87, 114, 57, 83, 6, 56, 93, 179, 175, 33, 140, 64, 178, 78, 187, 123, 126, 133, 180, 79, 19, 37, 151, 107, 165, 137, 85, 48, 67, 9, 122, 20, 89, 173, 97, 11, 160, 70, 171, 156, 144, 65, 132, 73, 164, 59, 185, 195, 88, 184, 42, 51, 176, 142, 163, 158, 105, 139, 182, 49, 54, 103, 143, 159, 152, 23, 136, 95, 35, 44, 16, 40, 191, 77, 154, 12, 186, 125, 62, 30, 47, 194, 50, 155, 120, 127, 111, 14, 5, 3, 82, 181, 63, 41, 108, 1, 15]
[168, 71, 36, 183, 145, 45, 24, 8, 26, 60, 34, 106, 174, 58, 75, 96, 90, 128, 27, 98, 7, 135, 166, 31, 28, 94, 0, 141, 2, 157, 10, 92, 121, 84, 72, 52, 169, 148, 69, 197, 38, 188, 110, 189, 116, 39, 193, 66, 196, 4, 131, 61, 68, 25, 99, 55, 100, 149, 29, 74, 112, 80, 46, 172, 138, 53, 162, 115, 153, 190, 192, 161, 134, 150, 18, 129, 43, 147, 101, 199, 91, 118, 17, 104, 76, 102, 117, 13, 124, 119, 109, 81, 146, 32, 86, 113, 167, 198, 130, 177]
39812

[79, 19, 180, 133, 29, 74, 149, 126, 123, 187, 78, 46, 172, 138, 103, 143, 54, 102, 182, 139, 105, 15, 104, 17, 95, 150, 18, 134, 129, 43, 118, 35, 44, 16, 191, 77, 154, 12, 125, 62, 47, 194, 155, 120, 81, 109, 1, 108, 41, 119, 124, 13, 63, 82, 181, 117, 88, 86, 113, 167, 132, 65, 73, 164, 59, 185, 195, 42, 163, 176, 115, 51, 57, 83, 6, 56, 93, 179, 175, 26, 45, 145, 107, 20, 89, 173, 11, 31, 166, 58, 135, 2, 121, 84, 72, 141, 122, 85, 48, 137]
[96, 90, 128, 27, 92, 10, 157, 7, 98, 75, 174, 106, 70, 60, 34, 171, 156, 130, 177, 198, 144, 3, 5, 14, 32, 146, 111, 127, 50, 30, 186, 40, 147, 101, 199, 91, 136, 161, 23, 76, 158, 184, 49, 152, 159, 192, 21, 22, 87, 170, 142, 190, 153, 162, 53, 114, 71, 36, 183, 140, 64, 178, 80, 112, 100, 55, 99, 25, 68, 61, 131, 4, 196, 66, 193, 116, 39, 38, 197, 69, 148, 169, 52, 188, 189, 110, 67, 9, 165, 151, 37, 168, 33, 24, 8, 160, 0, 94, 97, 28]
38561

[71, 79, 19, 37, 151, 145, 89, 10, 92, 121, 84, 72, 141, 9, 67, 122, 20, 107, 165, 137, 180, 74, 149, 100, 25, 99, 55, 80, 112, 78, 187, 64, 140, 183, 87, 170, 21, 22, 192, 143, 159, 23, 17, 161, 134, 18, 136, 95, 118, 40, 191, 16, 154, 12, 186, 125, 62, 30, 47, 194, 155, 50, 127, 120, 109, 41, 81, 32, 63, 119, 124, 13, 181, 82, 88, 59, 93, 179, 8, 24, 168, 57, 51, 115, 163, 49, 158, 102, 76, 104, 152, 54, 103, 142, 176, 153, 162, 53, 114, 36]
[147, 43, 129, 199, 101, 150, 91, 35, 44, 77, 1, 108, 146, 111, 14, 5, 3, 86, 113, 167, 132, 65, 144, 164, 73, 177, 198, 130, 156, 171, 34, 60, 26, 175, 56, 6, 83, 33, 45, 70, 160, 11, 173, 0, 94, 97, 106, 31, 166, 174, 58, 75, 135, 28, 7, 98, 96, 90, 128, 27, 157, 2, 188, 110, 189, 116, 193, 39, 169, 52, 148, 69, 197, 38, 66, 196, 4, 131, 61, 68, 48, 85, 133, 29, 126, 123, 178, 46, 172, 138, 190, 195, 185, 42, 184, 117, 105, 139, 182, 15]
39490

[174, 58, 75, 96, 157, 10, 84, 188, 110, 189, 38, 148, 69, 197, 66, 196, 4, 68, 29, 180, 133, 67, 9, 122, 20, 89, 107, 165, 79, 19, 37, 151, 145, 45, 24, 168, 87, 170, 21, 22, 192, 103, 54, 143, 159, 161, 134, 129, 43, 199, 91, 118, 17, 23, 152, 76, 15, 12, 186, 125, 62, 30, 47, 194, 155, 50, 127, 111, 14, 32, 146, 120, 109, 41, 81, 63, 124, 13, 181, 82, 5, 3, 86, 132, 65, 144, 198, 156, 171, 60, 179, 93, 33, 8, 173, 97, 166, 31, 0, 94]
[142, 138, 172, 46, 178, 80, 112, 78, 187, 100, 149, 25, 99, 55, 61, 131, 193, 116, 39, 169, 52, 72, 121, 92, 27, 128, 90, 98, 7, 135, 28, 2, 141, 137, 85, 48, 74, 126, 123, 64, 140, 183, 36, 71, 114, 190, 153, 53, 162, 115, 51, 57, 83, 6, 56, 175, 26, 70, 160, 11, 106, 34, 130, 177, 167, 113, 73, 164, 59, 185, 195, 88, 42, 184, 117, 119, 108, 1, 154, 77, 16, 191, 40, 147, 101, 18, 150, 136, 95, 35, 44, 104, 102, 182, 139, 105, 158, 49, 163, 176]
39229

[151, 107, 122, 9, 141, 20, 173, 97, 31, 166, 174, 58, 135, 28, 7, 98, 10, 92, 121, 84, 72, 52, 169, 148, 197, 66, 196, 4, 131, 193, 48, 133, 180, 29, 74, 149, 68, 25, 99, 55, 80, 112, 178, 46, 140, 183, 36, 172, 138, 190, 153, 176, 142, 143, 159, 161, 134, 199, 129, 43, 40, 191, 16, 44, 23, 152, 76, 102, 182, 105, 117, 119, 124, 13, 63, 81, 120, 146, 32, 3, 86, 113, 167, 132, 65, 144, 59, 185, 42, 163, 115, 51, 162, 53, 168, 33, 145, 37, 19, 79]
[175, 93, 179, 26, 70, 160, 11, 106, 75, 96, 90, 128, 27, 157, 2, 94, 0, 89, 8, 24, 45, 165, 137, 85, 67, 110, 188, 189, 38, 69, 39, 116, 61, 100, 126, 123, 78, 187, 64, 71, 114, 87, 170, 21, 22, 192, 103, 54, 49, 158, 139, 15, 104, 17, 95, 136, 18, 150, 91, 101, 147, 118, 35, 77, 154, 12, 1, 108, 41, 109, 125, 186, 62, 30, 47, 194, 155, 50, 127, 111, 14, 5, 82, 181, 184, 88, 195, 57, 83, 6, 56, 164, 73, 177, 198, 130, 156, 171, 34, 60]
38755

[130, 156, 26, 33, 19, 79, 180, 37, 151, 107, 145, 45, 24, 8, 70, 160, 11, 97, 31, 166, 174, 58, 75, 96, 90, 128, 27, 157, 72, 52, 169, 148, 69, 197, 38, 66, 196, 4, 39, 188, 67, 9, 141, 122, 48, 133, 29, 112, 80, 178, 78, 187, 123, 64, 71, 168, 57, 83, 6, 195, 42, 51, 115, 162, 53, 153, 192, 143, 159, 152, 23, 44, 35, 199, 129, 43, 101, 147, 40, 191, 16, 77, 154, 12, 62, 30, 194, 50, 127, 111, 14, 32, 5, 3, 86, 132, 65, 144, 198, 177]
[185, 59, 113, 167, 164, 73, 56, 93, 179, 175, 60, 34, 171, 106, 173, 0, 94, 28, 135, 98, 7, 2, 10, 92, 121, 84, 89, 20, 165, 137, 85, 110, 189, 116, 193, 131, 61, 25, 99, 55, 100, 149, 68, 74, 126, 46, 140, 183, 36, 114, 190, 138, 172, 87, 170, 22, 21, 103, 54, 142, 176, 163, 49, 158, 105, 139, 182, 102, 76, 104, 17, 161, 134, 18, 150, 91, 118, 136, 95, 15, 1, 108, 41, 109, 125, 186, 47, 155, 120, 146, 81, 63, 119, 124, 13, 82, 181, 117, 184, 88]
38683

[81, 120, 63, 41, 109, 12, 154, 77, 1, 108, 15, 44, 35, 118, 95, 136, 150, 18, 199, 129, 134, 161, 17, 23, 152, 104, 76, 102, 54, 143, 103, 21, 170, 142, 190, 153, 162, 176, 163, 49, 158, 42, 195, 185, 51, 57, 83, 6, 33, 168, 114, 71, 36, 187, 78, 112, 55, 99, 25, 100, 74, 149, 68, 61, 193, 131, 4, 196, 66, 39, 188, 67, 9, 141, 2, 157, 7, 28, 135, 97, 173, 0, 89, 45, 24, 8, 70, 160, 11, 106, 171, 156, 144, 65, 132, 167, 32, 146, 111, 14]
[37, 180, 133, 29, 126, 178, 80, 46, 140, 172, 138, 87, 22, 192, 159, 91, 101, 43, 147, 40, 191, 16, 186, 125, 62, 30, 47, 194, 155, 50, 127, 5, 3, 82, 181, 13, 124, 119, 182, 139, 105, 117, 184, 88, 86, 113, 198, 130, 177, 34, 60, 26, 20, 122, 94, 31, 166, 174, 58, 75, 98, 96, 90, 128, 27, 10, 92, 121, 84, 72, 52, 169, 148, 69, 197, 38, 116, 189, 110, 48, 85, 137, 165, 107, 151, 145, 175, 179, 93, 56, 73, 164, 59, 115, 53, 183, 64, 123, 79, 19]
40779

[122, 20, 141, 9, 67, 110, 188, 189, 116, 39, 38, 197, 69, 148, 169, 52, 72, 84, 121, 92, 10, 2, 157, 27, 128, 90, 174, 106, 11, 70, 156, 144, 65, 132, 167, 3, 14, 111, 127, 50, 155, 194, 47, 30, 12, 154, 77, 44, 35, 150, 18, 129, 134, 161, 104, 1, 108, 109, 120, 81, 63, 124, 119, 105, 158, 184, 42, 195, 185, 51, 115, 163, 49, 54, 103, 21, 170, 142, 176, 190, 153, 162, 53, 114, 36, 183, 46, 178, 80, 112, 79, 48, 133, 180, 29, 74, 149, 100, 25, 68]
[166, 31, 97, 173, 160, 45, 24, 8, 26, 60, 34, 171, 175, 179, 93, 56, 33, 71, 168, 57, 83, 6, 59, 164, 73, 177, 130, 198, 113, 86, 88, 117, 139, 182, 102, 76, 15, 41, 13, 181, 82, 5, 32, 146, 62, 125, 186, 16, 191, 40, 118, 101, 147, 43, 199, 91, 136, 95, 17, 23, 152, 159, 143, 192, 22, 87, 138, 172, 140, 64, 187, 78, 123, 126, 55, 99, 61, 131, 4, 196, 66, 193, 85, 137, 165, 107, 151, 37, 19, 145, 89, 0, 94, 28, 135, 7, 98, 96, 75, 58]
39808

[1, 108, 12, 154, 77, 44, 16, 191, 40, 147, 43, 129, 101, 199, 18, 150, 91, 118, 35, 17, 104, 23, 152, 54, 103, 142, 163, 176, 162, 53, 114, 183, 140, 78, 187, 123, 64, 36, 71, 24, 8, 45, 145, 107, 165, 137, 85, 48, 68, 131, 4, 193, 39, 188, 121, 92, 10, 157, 27, 98, 7, 28, 135, 58, 166, 31, 97, 173, 11, 160, 34, 171, 156, 130, 198, 177, 93, 179, 56, 33, 6, 83, 195, 42, 105, 139, 182, 102, 15, 124, 119, 41, 109, 47, 155, 194, 30, 62, 186, 125]
[2, 128, 90, 96, 75, 174, 106, 70, 26, 175, 60, 144, 65, 132, 167, 113, 73, 164, 59, 185, 86, 181, 82, 3, 5, 14, 111, 127, 50, 120, 146, 32, 81, 63, 13, 117, 88, 184, 158, 49, 76, 95, 136, 134, 161, 159, 143, 192, 22, 21, 170, 87, 172, 138, 190, 153, 115, 51, 57, 168, 46, 178, 112, 80, 55, 99, 100, 126, 79, 19, 37, 151, 180, 133, 29, 74, 149, 25, 61, 196, 66, 197, 69, 148, 38, 169, 52, 72, 84, 141, 9, 189, 116, 110, 67, 122, 94, 0, 89, 20]
39734

[41, 119, 124, 13, 181, 113, 167, 156, 171, 34, 60, 8, 24, 45, 89, 173, 11, 160, 70, 106, 174, 58, 166, 31, 97, 94, 0, 20, 110, 189, 188, 141, 10, 92, 121, 84, 72, 52, 148, 69, 197, 38, 39, 116, 66, 196, 61, 25, 99, 55, 100, 133, 48, 85, 137, 165, 151, 37, 19, 79, 64, 140, 172, 138, 190, 53, 162, 51, 115, 163, 49, 158, 105, 139, 182, 102, 15, 104, 76, 159, 134, 18, 150, 101, 199, 129, 43, 147, 30, 47, 194, 50, 155, 120, 127, 111, 14, 146, 81, 63]
[57, 83, 6, 56, 33, 145, 107, 67, 9, 122, 28, 135, 75, 7, 98, 96, 90, 128, 27, 157, 2, 169, 4, 131, 193, 68, 149, 74, 29, 180, 126, 123, 187, 78, 112, 80, 178, 46, 183, 36, 71, 168, 114, 153, 176, 142, 170, 87, 22, 21, 192, 143, 103, 54, 152, 23, 17, 161, 95, 136, 91, 118, 35, 44, 40, 191, 16, 77, 186, 125, 62, 109, 12, 154, 1, 108, 117, 184, 42, 88, 195, 185, 59, 86, 82, 32, 5, 3, 132, 65, 144, 198, 130, 177, 175, 26, 179, 93, 164, 73]
40556

[114, 168, 71, 36, 183, 140, 172, 138, 103, 192, 159, 143, 54, 76, 104, 152, 23, 161, 134, 136, 95, 35, 44, 77, 154, 12, 1, 108, 41, 119, 124, 13, 109, 81, 63, 5, 3, 82, 181, 117, 42, 115, 51, 83, 6, 164, 73, 144, 198, 156, 130, 177, 93, 179, 60, 34, 171, 106, 31, 97, 0, 173, 11, 160, 8, 45, 145, 37, 19, 79, 137, 85, 48, 9, 141, 28, 7, 98, 90, 128, 27, 92, 121, 84, 72, 52, 169, 39, 116, 189, 68, 126, 123, 187, 78, 112, 80, 178, 46, 64]
[182, 105, 139, 102, 15, 17, 118, 91, 150, 18, 199, 101, 129, 43, 147, 40, 191, 16, 186, 125, 62, 30, 47, 194, 155, 50, 127, 120, 146, 32, 111, 14, 65, 132, 167, 113, 86, 59, 56, 175, 26, 70, 174, 166, 58, 135, 75, 96, 157, 10, 2, 94, 20, 122, 67, 110, 188, 38, 148, 69, 197, 66, 196, 4, 131, 193, 61, 25, 99, 55, 100, 149, 74, 29, 180, 133, 165, 151, 107, 89, 24, 33, 57, 53, 162, 153, 190, 87, 22, 21, 170, 142, 176, 163, 195, 185, 88, 184, 158, 49]
40121

[57, 83, 6, 89, 20, 107, 151, 165, 137, 85, 48, 67, 9, 122, 7, 98, 96, 90, 128, 27, 157, 2, 10, 92, 121, 84, 72, 52, 38, 148, 69, 197, 66, 196, 39, 116, 189, 110, 149, 100, 74, 29, 133, 180, 19, 79, 126, 187, 78, 112, 80, 178, 46, 172, 138, 87, 170, 142, 54, 103, 21, 22, 192, 143, 159, 152, 23, 95, 136, 18, 150, 91, 199, 101, 118, 35, 44, 77, 154, 12, 186, 125, 62, 30, 47, 109, 41, 119, 105, 182, 139, 117, 184, 88, 42, 51, 115, 153, 162, 53]
[8, 24, 45, 145, 37, 36, 71, 168, 195, 185, 59, 164, 73, 177, 56, 93, 179, 175, 60, 34, 171, 156, 130, 198, 144, 65, 132, 167, 113, 86, 181, 82, 3, 5, 14, 111, 127, 50, 194, 155, 120, 146, 32, 81, 63, 13, 124, 108, 1, 15, 16, 191, 40, 147, 43, 129, 134, 161, 17, 104, 76, 102, 158, 49, 163, 176, 190, 114, 183, 140, 64, 123, 55, 99, 25, 68, 61, 131, 4, 193, 188, 169, 141, 94, 0, 173, 11, 97, 31, 28, 135, 75, 58, 166, 174, 106, 160, 70, 26, 33]
37160

[48, 85, 137, 165, 107, 151, 145, 45, 24, 71, 36, 183, 140, 64, 46, 172, 114, 190, 153, 176, 142, 49, 158, 102, 76, 104, 17, 161, 134, 199, 101, 91, 118, 35, 44, 16, 191, 77, 1, 108, 154, 12, 186, 125, 62, 30, 47, 194, 50, 127, 111, 14, 81, 63, 119, 124, 13, 181, 82, 56, 93, 179, 175, 26, 106, 97, 31, 166, 174, 58, 135, 28, 7, 98, 75, 96, 90, 128, 27, 157, 10, 92, 121, 84, 141, 20, 122, 9, 116, 193, 180, 37, 19, 79, 74, 149, 25, 99, 55, 100]
[156, 171, 130, 198, 177, 73, 164, 59, 185, 195, 88, 42, 51, 115, 53, 162, 163, 184, 117, 86, 113, 167, 132, 144, 65, 3, 5, 32, 146, 120, 155, 109, 41, 105, 139, 182, 15, 40, 147, 43, 129, 18, 150, 136, 95, 23, 152, 159, 143, 54, 103, 192, 22, 21, 170, 87, 138, 178, 80, 112, 78, 187, 123, 126, 168, 57, 83, 6, 33, 8, 89, 0, 67, 110, 133, 29, 68, 61, 131, 4, 196, 66, 197, 69, 148, 38, 39, 189, 188, 169, 52, 72, 2, 94, 173, 11, 160, 70, 60, 34]
40065

[103, 143, 159, 95, 136, 150, 18, 199, 101, 147, 40, 191, 12, 109, 41, 119, 81, 120, 127, 111, 14, 5, 3, 86, 113, 167, 132, 177, 93, 56, 6, 83, 185, 195, 88, 184, 117, 181, 82, 13, 105, 158, 49, 163, 54, 170, 87, 138, 172, 46, 80, 178, 64, 123, 126, 187, 78, 112, 55, 99, 100, 149, 74, 29, 19, 37, 137, 85, 9, 67, 110, 188, 189, 116, 39, 66, 197, 69, 148, 38, 169, 52, 72, 84, 121, 2, 7, 98, 28, 135, 58, 166, 31, 97, 173, 11, 160, 45, 183, 140]
[17, 23, 152, 192, 22, 21, 142, 176, 190, 153, 162, 53, 114, 36, 71, 79, 180, 133, 68, 25, 61, 131, 4, 196, 193, 48, 165, 107, 151, 145, 24, 8, 0, 94, 89, 20, 122, 141, 92, 10, 157, 27, 128, 90, 96, 75, 174, 106, 70, 26, 175, 179, 60, 34, 171, 156, 130, 198, 144, 65, 73, 164, 59, 33, 168, 57, 51, 115, 42, 139, 182, 102, 76, 104, 15, 124, 63, 32, 146, 50, 155, 194, 47, 30, 62, 125, 186, 108, 1, 154, 77, 16, 44, 35, 118, 91, 43, 129, 134, 161]
40063

[90, 96, 98, 7, 75, 31, 97, 94, 0, 89, 20, 122, 68, 74, 29, 180, 133, 48, 85, 137, 165, 107, 151, 45, 8, 179, 93, 177, 167, 113, 86, 82, 181, 13, 124, 63, 32, 14, 146, 81, 120, 47, 62, 109, 41, 119, 108, 1, 77, 44, 35, 118, 150, 18, 136, 95, 161, 23, 76, 182, 105, 117, 184, 88, 42, 115, 176, 142, 138, 114, 183, 140, 64, 123, 187, 78, 178, 112, 55, 100, 149, 25, 61, 131, 4, 196, 66, 39, 116, 189, 169, 52, 72, 84, 121, 92, 10, 157, 27, 128]
[153, 190, 170, 87, 172, 46, 80, 99, 193, 38, 197, 69, 148, 188, 110, 67, 9, 141, 2, 28, 135, 58, 166, 174, 106, 173, 11, 160, 70, 26, 175, 60, 34, 171, 156, 130, 198, 144, 65, 132, 3, 5, 111, 127, 50, 155, 194, 30, 125, 186, 12, 154, 15, 104, 17, 16, 191, 40, 147, 101, 91, 199, 43, 129, 134, 159, 192, 22, 21, 103, 54, 143, 152, 102, 139, 158, 49, 163, 195, 185, 59, 164, 73, 56, 33, 24, 145, 37, 19, 79, 126, 36, 71, 168, 6, 83, 57, 51, 162, 53]
38610

[198, 144, 65, 3, 5, 14, 111, 127, 146, 32, 82, 181, 88, 184, 117, 13, 124, 119, 41, 109, 47, 194, 30, 62, 125, 186, 16, 35, 118, 91, 150, 18, 199, 129, 134, 95, 44, 77, 1, 108, 15, 182, 139, 105, 158, 87, 138, 190, 153, 162, 53, 114, 172, 140, 46, 178, 80, 55, 99, 100, 149, 74, 29, 133, 180, 37, 33, 8, 160, 11, 173, 89, 20, 141, 188, 189, 116, 39, 72, 121, 92, 10, 2, 7, 98, 96, 75, 28, 135, 58, 174, 166, 31, 106, 70, 60, 34, 171, 156, 130]
[79, 19, 24, 45, 145, 151, 107, 165, 137, 48, 85, 122, 9, 67, 110, 193, 68, 126, 123, 187, 78, 112, 25, 61, 131, 4, 196, 66, 197, 69, 148, 38, 169, 52, 84, 157, 27, 128, 90, 94, 0, 97, 26, 175, 179, 93, 56, 177, 73, 164, 59, 132, 167, 113, 86, 63, 81, 120, 50, 155, 12, 154, 191, 40, 147, 43, 101, 136, 161, 17, 23, 159, 192, 22, 21, 170, 103, 54, 143, 152, 104, 76, 102, 49, 163, 142, 176, 115, 51, 42, 195, 185, 6, 83, 57, 168, 71, 36, 183, 64]
40898

[14, 32, 146, 111, 127, 50, 155, 194, 30, 62, 47, 120, 81, 109, 77, 16, 191, 40, 147, 43, 129, 199, 101, 91, 118, 35, 44, 76, 102, 49, 163, 142, 138, 172, 46, 178, 80, 112, 78, 187, 123, 126, 74, 29, 9, 122, 141, 92, 10, 2, 7, 75, 135, 58, 174, 166, 31, 97, 106, 11, 173, 89, 20, 107, 37, 36, 71, 6, 83, 57, 53, 162, 176, 115, 51, 88, 13, 63, 181, 82, 5, 3, 86, 113, 167, 164, 73, 177, 93, 179, 175, 60, 34, 171, 156, 130, 198, 144, 65, 132]
[98, 28, 94, 0, 160, 70, 26, 8, 24, 45, 145, 151, 165, 137, 85, 48, 133, 180, 79, 19, 168, 33, 56, 59, 185, 195, 42, 184, 117, 158, 139, 182, 105, 124, 119, 41, 108, 1, 125, 186, 12, 154, 15, 104, 17, 95, 136, 150, 18, 134, 161, 23, 152, 159, 143, 54, 103, 192, 22, 21, 170, 87, 190, 153, 114, 183, 140, 64, 100, 55, 99, 25, 149, 68, 61, 131, 4, 193, 116, 110, 67, 188, 189, 39, 196, 66, 197, 69, 148, 38, 169, 52, 72, 84, 121, 157, 27, 128, 90, 96]
38433

[126, 123, 79, 19, 37, 165, 107, 151, 145, 33, 6, 83, 57, 51, 115, 176, 142, 54, 143, 103, 170, 138, 87, 22, 21, 192, 159, 161, 44, 186, 125, 62, 30, 194, 50, 155, 120, 47, 109, 81, 146, 127, 111, 14, 32, 181, 117, 105, 182, 139, 158, 49, 184, 42, 195, 185, 59, 73, 177, 60, 174, 166, 58, 75, 135, 28, 98, 7, 2, 121, 84, 72, 52, 169, 148, 69, 197, 38, 188, 189, 116, 39, 66, 196, 4, 131, 193, 61, 68, 149, 25, 99, 55, 112, 178, 78, 187, 64, 140, 183]
[106, 31, 96, 90, 128, 27, 157, 10, 92, 141, 9, 110, 67, 122, 20, 89, 0, 94, 97, 173, 11, 160, 70, 8, 24, 45, 137, 85, 48, 133, 180, 29, 74, 100, 80, 46, 172, 36, 71, 168, 114, 53, 162, 153, 190, 163, 102, 15, 104, 76, 152, 23, 17, 35, 118, 91, 95, 136, 134, 18, 150, 101, 199, 129, 43, 147, 40, 191, 16, 77, 154, 12, 1, 108, 41, 119, 124, 13, 63, 5, 3, 82, 88, 86, 164, 113, 167, 132, 65, 144, 198, 130, 156, 171, 34, 179, 93, 56, 175, 26]
37802

[54, 170, 21, 22, 87, 138, 114, 71, 36, 183, 64, 80, 55, 99, 25, 100, 133, 180, 79, 19, 37, 145, 151, 107, 20, 89, 0, 173, 11, 31, 166, 58, 174, 106, 160, 70, 60, 34, 171, 156, 177, 185, 195, 163, 49, 158, 105, 139, 182, 102, 15, 76, 104, 17, 161, 134, 136, 95, 118, 91, 150, 18, 199, 129, 43, 101, 147, 40, 191, 16, 12, 186, 125, 62, 30, 47, 194, 50, 155, 120, 146, 32, 127, 111, 14, 5, 3, 86, 82, 181, 13, 63, 81, 109, 108, 41, 119, 124, 117, 184]
[8, 45, 24, 26, 33, 56, 175, 179, 93, 130, 198, 144, 65, 132, 167, 113, 73, 164, 59, 6, 83, 57, 168, 51, 115, 42, 88, 1, 154, 77, 44, 35, 23, 152, 159, 143, 192, 103, 142, 176, 162, 53, 153, 190, 172, 140, 46, 178, 112, 78, 187, 123, 126, 29, 74, 149, 68, 61, 193, 131, 4, 196, 66, 116, 189, 39, 38, 197, 69, 148, 169, 52, 72, 121, 84, 141, 9, 188, 110, 67, 48, 85, 137, 165, 122, 94, 97, 28, 135, 75, 96, 98, 7, 2, 10, 92, 157, 90, 128, 27]
38440

[108, 155, 120, 146, 14, 111, 127, 50, 194, 47, 30, 62, 125, 186, 16, 191, 40, 147, 101, 199, 91, 118, 35, 44, 77, 154, 12, 1, 15, 104, 76, 54, 103, 170, 87, 142, 163, 49, 158, 105, 117, 184, 42, 88, 86, 113, 167, 132, 65, 144, 185, 195, 51, 115, 153, 190, 138, 172, 114, 57, 83, 6, 56, 93, 179, 175, 26, 70, 11, 106, 31, 135, 75, 96, 90, 128, 27, 157, 121, 84, 72, 52, 148, 69, 197, 4, 131, 61, 55, 99, 25, 68, 149, 100, 74, 126, 123, 187, 78, 46]
[13, 63, 124, 119, 41, 109, 81, 32, 5, 3, 82, 181, 59, 164, 73, 177, 198, 130, 156, 171, 34, 60, 33, 168, 71, 36, 79, 19, 37, 151, 107, 145, 45, 24, 8, 160, 173, 0, 89, 20, 122, 94, 97, 166, 174, 58, 28, 98, 7, 2, 10, 92, 141, 9, 67, 188, 169, 38, 189, 116, 39, 66, 196, 193, 110, 85, 165, 137, 48, 133, 180, 29, 112, 80, 178, 64, 140, 183, 53, 162, 176, 21, 22, 192, 143, 159, 152, 23, 161, 134, 129, 43, 18, 150, 136, 95, 17, 102, 182, 139]
40089

[112, 78, 178, 46, 172, 87, 170, 143, 17, 147, 40, 191, 16, 186, 125, 12, 154, 1, 15, 182, 139, 105, 13, 124, 119, 41, 109, 81, 63, 82, 181, 88, 42, 115, 176, 190, 153, 162, 53, 168, 45, 24, 8, 33, 6, 83, 57, 51, 195, 185, 59, 132, 65, 144, 198, 130, 177, 179, 175, 26, 70, 160, 11, 173, 94, 97, 31, 28, 7, 98, 157, 10, 92, 121, 84, 72, 52, 169, 38, 39, 193, 116, 189, 110, 67, 9, 20, 0, 89, 145, 107, 151, 37, 19, 79, 29, 74, 99, 55, 80]
[194, 155, 120, 146, 32, 117, 184, 158, 49, 163, 142, 103, 54, 102, 76, 104, 108, 47, 30, 62, 77, 44, 35, 95, 136, 150, 91, 118, 101, 43, 129, 199, 18, 134, 161, 23, 152, 159, 192, 21, 22, 138, 114, 71, 36, 183, 140, 64, 187, 123, 126, 100, 149, 68, 25, 61, 131, 4, 196, 66, 197, 69, 148, 188, 85, 137, 48, 133, 180, 165, 122, 141, 2, 27, 128, 90, 96, 75, 135, 58, 166, 174, 106, 60, 34, 171, 156, 93, 56, 73, 164, 167, 113, 86, 3, 5, 14, 111, 127, 50]
39228

[87, 170, 22, 21, 103, 142, 54, 143, 192, 159, 134, 18, 150, 101, 199, 129, 43, 147, 77, 154, 12, 186, 125, 62, 30, 47, 194, 155, 50, 127, 146, 120, 81, 109, 108, 1, 41, 119, 124, 63, 13, 117, 105, 182, 139, 158, 184, 42, 88, 113, 167, 132, 65, 144, 177, 179, 175, 106, 31, 166, 174, 58, 157, 2, 94, 97, 173, 11, 160, 8, 24, 45, 145, 89, 0, 20, 151, 37, 133, 110, 189, 66, 196, 4, 131, 25, 80, 178, 46, 140, 183, 36, 71, 168, 114, 53, 162, 176, 153, 190]
[121, 84, 72, 141, 9, 122, 107, 165, 137, 85, 48, 67, 188, 52, 169, 148, 69, 197, 38, 39, 116, 193, 61, 68, 149, 99, 55, 112, 78, 187, 100, 74, 29, 180, 19, 79, 126, 123, 64, 172, 138, 115, 51, 57, 83, 6, 33, 93, 56, 185, 195, 163, 49, 102, 76, 104, 152, 23, 17, 161, 95, 136, 91, 118, 35, 40, 191, 16, 44, 15, 32, 111, 14, 5, 3, 82, 181, 86, 59, 164, 73, 198, 130, 156, 171, 34, 60, 26, 70, 28, 7, 98, 135, 75, 96, 90, 128, 27, 92, 10]
39216

[84, 92, 10, 2, 31, 106, 97, 94, 0, 89, 173, 11, 160, 70, 60, 175, 26, 33, 83, 6, 56, 177, 198, 144, 65, 132, 167, 113, 86, 88, 139, 102, 182, 105, 181, 82, 32, 14, 111, 146, 120, 109, 108, 1, 154, 12, 125, 186, 77, 95, 136, 150, 18, 159, 143, 192, 103, 54, 142, 176, 163, 115, 51, 57, 53, 162, 153, 190, 114, 64, 187, 78, 112, 123, 126, 74, 100, 149, 68, 25, 61, 131, 4, 196, 66, 197, 69, 148, 38, 39, 110, 48, 85, 19, 37, 151, 165, 67, 9, 141]
[3, 5, 127, 50, 155, 194, 47, 30, 62, 81, 63, 13, 124, 119, 41, 15, 76, 104, 17, 44, 16, 191, 40, 35, 118, 91, 199, 101, 147, 43, 129, 134, 161, 23, 152, 22, 21, 170, 87, 138, 172, 183, 140, 46, 178, 80, 55, 99, 193, 116, 189, 188, 169, 52, 72, 121, 157, 27, 128, 90, 96, 98, 75, 58, 174, 166, 135, 7, 28, 122, 20, 45, 8, 24, 145, 107, 137, 133, 180, 29, 79, 36, 71, 168, 93, 179, 34, 171, 156, 130, 73, 164, 59, 185, 195, 42, 184, 49, 158, 117]
40049

[126, 123, 187, 178, 80, 46, 183, 114, 57, 83, 6, 33, 56, 185, 195, 42, 51, 115, 53, 162, 176, 163, 49, 158, 105, 139, 182, 102, 76, 152, 23, 161, 136, 95, 17, 104, 186, 125, 62, 109, 41, 119, 111, 14, 5, 3, 113, 167, 132, 65, 144, 198, 175, 26, 70, 106, 31, 28, 98, 96, 90, 128, 27, 157, 84, 72, 94, 0, 173, 11, 160, 8, 24, 45, 145, 37, 67, 188, 52, 169, 148, 69, 197, 38, 39, 189, 116, 193, 4, 131, 61, 68, 133, 29, 74, 149, 100, 55, 99, 25]
[118, 91, 150, 18, 199, 101, 129, 43, 147, 40, 35, 44, 16, 191, 77, 15, 1, 108, 154, 12, 30, 47, 194, 155, 50, 127, 120, 81, 146, 32, 63, 13, 124, 117, 184, 88, 181, 82, 86, 59, 164, 73, 177, 130, 156, 171, 34, 60, 179, 93, 168, 71, 36, 19, 79, 180, 48, 85, 137, 165, 151, 107, 20, 89, 97, 166, 174, 58, 135, 75, 7, 2, 10, 92, 121, 141, 122, 9, 110, 66, 196, 112, 78, 64, 140, 172, 138, 190, 153, 142, 87, 22, 21, 170, 103, 54, 143, 192, 159, 134]
40007

[145, 24, 8, 33, 168, 83, 57, 53, 162, 195, 185, 88, 117, 184, 158, 76, 152, 143, 192, 159, 161, 95, 136, 91, 118, 35, 44, 16, 30, 194, 50, 155, 120, 81, 109, 41, 119, 124, 63, 32, 146, 127, 111, 14, 5, 3, 113, 167, 132, 65, 144, 198, 130, 177, 93, 156, 171, 34, 106, 31, 28, 7, 157, 10, 2, 141, 9, 188, 66, 196, 189, 110, 67, 122, 20, 107, 165, 137, 85, 48, 133, 180, 29, 79, 19, 37, 151, 71, 114, 36, 183, 140, 187, 78, 178, 80, 112, 100, 149, 74]
[153, 190, 138, 172, 46, 64, 123, 126, 55, 99, 25, 68, 61, 131, 4, 193, 116, 39, 38, 197, 69, 148, 169, 52, 72, 84, 121, 92, 27, 128, 90, 96, 98, 75, 135, 58, 174, 166, 97, 173, 94, 0, 89, 45, 160, 11, 70, 26, 60, 175, 179, 56, 6, 59, 73, 164, 86, 82, 181, 13, 15, 1, 108, 47, 62, 125, 186, 12, 154, 77, 191, 40, 147, 43, 129, 199, 101, 150, 18, 134, 17, 23, 104, 102, 182, 139, 105, 49, 163, 42, 51, 115, 176, 142, 87, 22, 21, 170, 103, 54]
39212

[58, 135, 75, 7, 98, 96, 90, 128, 27, 72, 52, 169, 189, 116, 193, 48, 85, 107, 89, 11, 160, 70, 26, 175, 33, 8, 24, 45, 145, 29, 74, 99, 55, 123, 64, 140, 172, 138, 87, 190, 153, 53, 162, 115, 176, 142, 103, 54, 163, 49, 158, 102, 76, 104, 15, 182, 139, 105, 13, 63, 119, 41, 109, 12, 154, 35, 118, 91, 150, 18, 199, 101, 129, 43, 147, 40, 191, 62, 47, 120, 146, 127, 111, 14, 86, 59, 164, 73, 113, 167, 132, 65, 144, 198, 177, 130, 156, 171, 34, 174]
[28, 2, 157, 10, 92, 121, 84, 141, 122, 9, 67, 110, 188, 148, 69, 197, 38, 39, 66, 196, 4, 131, 61, 25, 68, 149, 100, 126, 187, 78, 112, 80, 178, 46, 183, 36, 71, 114, 51, 57, 83, 6, 168, 151, 37, 19, 79, 180, 133, 137, 165, 20, 0, 94, 173, 97, 31, 166, 106, 60, 179, 93, 56, 185, 195, 88, 181, 82, 3, 5, 32, 81, 155, 50, 194, 30, 125, 186, 16, 95, 136, 134, 161, 159, 192, 22, 21, 170, 143, 152, 23, 17, 44, 77, 1, 108, 124, 117, 184, 42]
42617

[82, 3, 5, 32, 15, 16, 191, 40, 147, 43, 129, 199, 101, 91, 150, 18, 134, 136, 95, 161, 17, 23, 152, 159, 143, 192, 103, 54, 163, 51, 115, 176, 142, 170, 21, 22, 87, 138, 114, 168, 71, 36, 183, 140, 64, 80, 55, 99, 25, 61, 193, 116, 189, 39, 197, 69, 148, 38, 188, 67, 48, 133, 180, 29, 74, 79, 19, 37, 107, 20, 122, 9, 141, 92, 10, 2, 28, 7, 98, 75, 135, 97, 94, 173, 11, 160, 70, 34, 171, 156, 198, 130, 175, 26, 33, 195, 185, 59, 164, 86]
[77, 154, 1, 108, 41, 119, 124, 13, 109, 12, 186, 125, 62, 30, 47, 194, 50, 155, 120, 127, 111, 14, 146, 81, 63, 181, 113, 167, 132, 65, 144, 177, 73, 57, 83, 6, 56, 93, 179, 60, 106, 31, 166, 174, 58, 96, 90, 128, 27, 157, 121, 84, 72, 52, 169, 66, 196, 4, 131, 110, 0, 89, 8, 24, 45, 145, 151, 165, 137, 85, 68, 149, 100, 126, 123, 187, 78, 112, 178, 46, 172, 190, 153, 53, 162, 42, 88, 184, 49, 158, 117, 105, 139, 182, 102, 76, 104, 118, 35, 44]
39275

[152, 159, 143, 192, 103, 54, 76, 102, 182, 49, 176, 190, 114, 71, 36, 183, 21, 22, 46, 178, 80, 112, 78, 187, 123, 126, 74, 29, 180, 151, 145, 45, 24, 8, 89, 20, 122, 67, 110, 189, 116, 68, 149, 25, 99, 55, 61, 131, 4, 196, 66, 197, 169, 52, 121, 92, 10, 2, 157, 27, 128, 90, 96, 75, 98, 7, 28, 135, 58, 174, 97, 173, 11, 160, 70, 26, 175, 179, 60, 171, 156, 167, 113, 3, 32, 81, 120, 155, 109, 108, 1, 191, 40, 147, 101, 199, 150, 18, 134, 161]
[163, 142, 170, 87, 138, 172, 140, 64, 100, 193, 39, 38, 69, 148, 188, 72, 84, 141, 9, 48, 133, 79, 19, 37, 137, 85, 165, 107, 0, 94, 31, 166, 106, 34, 130, 198, 177, 93, 56, 33, 168, 6, 83, 57, 51, 162, 53, 153, 115, 195, 185, 59, 164, 73, 144, 65, 132, 86, 88, 42, 158, 139, 105, 119, 124, 13, 63, 41, 15, 104, 23, 17, 95, 136, 129, 43, 91, 118, 35, 44, 16, 77, 154, 12, 186, 125, 62, 30, 47, 194, 50, 127, 146, 111, 14, 5, 82, 181, 117, 184]
40406

[101, 118, 91, 199, 129, 43, 147, 40, 191, 16, 154, 12, 186, 125, 62, 30, 47, 194, 50, 155, 120, 146, 32, 127, 111, 14, 5, 3, 113, 167, 132, 65, 144, 198, 130, 26, 11, 173, 106, 31, 166, 174, 58, 135, 28, 2, 10, 84, 148, 69, 197, 38, 188, 110, 67, 9, 141, 122, 85, 137, 165, 107, 151, 37, 19, 79, 126, 123, 46, 172, 22, 21, 87, 138, 71, 168, 56, 6, 83, 57, 42, 163, 184, 117, 119, 41, 108, 1, 15, 105, 139, 182, 102, 76, 23, 152, 159, 134, 150, 18]
[121, 72, 52, 169, 189, 116, 39, 66, 196, 4, 131, 193, 61, 55, 99, 25, 149, 68, 48, 133, 180, 29, 74, 100, 112, 80, 178, 78, 187, 64, 140, 183, 36, 145, 45, 24, 8, 33, 175, 179, 93, 51, 115, 162, 53, 114, 190, 153, 176, 142, 170, 103, 192, 143, 54, 49, 158, 104, 17, 161, 136, 95, 35, 44, 77, 109, 81, 63, 124, 13, 181, 82, 88, 195, 185, 59, 86, 164, 73, 177, 156, 171, 34, 60, 70, 160, 89, 20, 0, 94, 97, 7, 98, 75, 96, 90, 128, 27, 157, 92]
38717

[170, 87, 22, 21, 103, 143, 192, 134, 18, 199, 129, 43, 101, 147, 40, 186, 125, 62, 30, 47, 194, 50, 155, 120, 119, 124, 13, 113, 167, 132, 65, 144, 164, 73, 56, 33, 93, 179, 175, 70, 160, 11, 106, 174, 166, 135, 28, 94, 0, 20, 165, 85, 122, 141, 9, 67, 110, 188, 39, 66, 196, 4, 131, 55, 80, 178, 112, 78, 187, 126, 123, 64, 46, 140, 172, 138, 153, 162, 53, 114, 36, 71, 168, 6, 83, 57, 51, 115, 195, 185, 88, 42, 184, 49, 158, 105, 139, 182, 102, 54]
[38, 197, 69, 148, 169, 52, 72, 84, 121, 92, 10, 2, 157, 27, 128, 90, 96, 98, 7, 75, 58, 31, 97, 173, 89, 107, 151, 145, 45, 24, 8, 26, 60, 34, 171, 156, 130, 198, 177, 59, 86, 3, 5, 14, 111, 127, 146, 32, 81, 109, 12, 154, 191, 16, 35, 95, 118, 91, 150, 136, 161, 159, 152, 23, 76, 15, 104, 17, 44, 77, 1, 108, 41, 63, 82, 181, 117, 163, 142, 176, 190, 183, 79, 19, 37, 137, 48, 189, 116, 193, 68, 133, 180, 29, 74, 149, 100, 99, 25, 61]
38952

[36, 183, 64, 123, 126, 180, 133, 29, 74, 149, 100, 25, 99, 55, 80, 178, 112, 78, 187, 46, 140, 172, 22, 21, 103, 143, 54, 142, 176, 163, 49, 23, 161, 95, 136, 134, 18, 150, 91, 199, 129, 43, 101, 118, 35, 44, 17, 104, 102, 182, 139, 105, 119, 41, 109, 63, 82, 181, 88, 42, 115, 51, 195, 185, 113, 167, 132, 65, 144, 198, 106, 174, 166, 58, 135, 28, 7, 98, 10, 92, 121, 84, 72, 52, 169, 38, 188, 9, 141, 122, 107, 151, 145, 45, 71, 114, 190, 153, 162, 53]
[13, 81, 120, 146, 32, 5, 14, 111, 127, 50, 155, 194, 47, 30, 62, 125, 186, 12, 191, 40, 147, 16, 77, 154, 108, 1, 15, 76, 152, 159, 192, 170, 87, 138, 168, 33, 8, 24, 37, 19, 79, 68, 61, 131, 4, 196, 66, 197, 69, 148, 39, 193, 116, 189, 110, 67, 48, 85, 137, 165, 20, 89, 0, 94, 2, 157, 27, 128, 90, 96, 75, 31, 97, 173, 11, 160, 70, 26, 60, 34, 171, 156, 130, 177, 93, 179, 175, 56, 6, 83, 57, 59, 73, 164, 86, 3, 117, 184, 158, 124]
39490

[132, 65, 144, 171, 34, 60, 175, 26, 8, 24, 45, 70, 160, 97, 94, 2, 10, 92, 121, 84, 72, 52, 169, 148, 69, 197, 66, 196, 4, 131, 193, 61, 25, 99, 55, 78, 187, 64, 140, 87, 170, 22, 21, 103, 142, 54, 143, 192, 159, 134, 136, 18, 150, 91, 199, 129, 43, 147, 101, 118, 40, 191, 1, 108, 12, 62, 30, 47, 120, 109, 41, 119, 124, 13, 63, 81, 82, 181, 117, 184, 163, 42, 195, 185, 51, 115, 183, 123, 100, 149, 68, 189, 116, 39, 38, 188, 110, 67, 122, 20]
[6, 83, 57, 168, 71, 36, 114, 53, 162, 153, 190, 176, 138, 172, 46, 178, 80, 112, 126, 74, 29, 133, 180, 79, 19, 37, 151, 107, 165, 137, 85, 48, 9, 141, 157, 27, 128, 90, 96, 75, 98, 7, 28, 135, 58, 174, 166, 31, 106, 11, 173, 0, 89, 145, 33, 56, 179, 93, 177, 130, 156, 198, 73, 164, 59, 88, 86, 113, 167, 3, 5, 14, 32, 146, 111, 127, 50, 155, 194, 125, 186, 154, 77, 16, 44, 35, 95, 161, 17, 23, 152, 104, 76, 102, 49, 158, 105, 139, 182, 15]
40287

[139, 105, 182, 102, 76, 104, 15, 1, 41, 119, 124, 13, 63, 32, 111, 127, 50, 30, 40, 147, 43, 129, 199, 101, 136, 95, 17, 23, 152, 159, 143, 54, 103, 21, 22, 87, 170, 142, 176, 163, 49, 158, 184, 117, 88, 86, 65, 144, 198, 130, 156, 171, 34, 60, 26, 8, 24, 45, 145, 20, 89, 0, 28, 135, 75, 7, 98, 96, 90, 128, 27, 157, 92, 121, 84, 141, 122, 9, 67, 165, 107, 151, 37, 137, 85, 48, 133, 180, 19, 79, 183, 36, 71, 33, 56, 73, 164, 59, 185, 42]
[177, 93, 179, 175, 70, 160, 106, 97, 11, 173, 94, 31, 166, 174, 58, 2, 10, 72, 52, 169, 188, 110, 189, 116, 39, 38, 148, 69, 197, 66, 196, 4, 131, 193, 61, 68, 149, 100, 25, 99, 55, 80, 112, 178, 46, 140, 64, 187, 78, 123, 126, 74, 29, 168, 57, 83, 6, 195, 51, 115, 162, 53, 153, 190, 114, 172, 138, 192, 161, 134, 18, 150, 91, 118, 35, 44, 16, 191, 77, 154, 12, 186, 125, 108, 109, 62, 47, 194, 155, 120, 81, 146, 14, 5, 3, 82, 181, 113, 167, 132]
37771

[48, 188, 189, 66, 196, 4, 131, 99, 55, 80, 178, 112, 78, 46, 187, 123, 126, 168, 6, 83, 57, 114, 53, 162, 115, 51, 195, 42, 184, 158, 105, 139, 182, 49, 163, 176, 153, 190, 142, 87, 170, 103, 54, 143, 192, 159, 102, 15, 161, 134, 129, 43, 147, 101, 199, 91, 150, 18, 136, 95, 118, 35, 40, 62, 30, 47, 194, 50, 155, 120, 32, 3, 86, 185, 59, 164, 73, 177, 93, 179, 175, 70, 160, 106, 97, 11, 173, 89, 20, 122, 107, 165, 37, 19, 79, 29, 180, 133, 137, 85]
[132, 65, 144, 198, 130, 156, 171, 34, 60, 174, 166, 58, 75, 135, 31, 28, 7, 98, 96, 90, 128, 27, 157, 10, 92, 121, 84, 72, 52, 169, 148, 69, 197, 38, 39, 116, 193, 61, 25, 100, 74, 149, 68, 110, 67, 9, 141, 2, 94, 0, 151, 145, 45, 24, 8, 26, 56, 33, 71, 36, 183, 64, 140, 172, 138, 22, 21, 152, 23, 76, 104, 17, 44, 16, 191, 77, 186, 125, 12, 154, 1, 108, 41, 109, 81, 146, 127, 111, 14, 5, 82, 181, 63, 13, 124, 119, 117, 88, 167, 113]
38921

[55, 99, 100, 29, 180, 133, 48, 85, 137, 165, 107, 20, 122, 9, 67, 189, 116, 39, 193, 131, 4, 196, 66, 38, 197, 69, 148, 72, 84, 121, 92, 10, 157, 27, 128, 90, 28, 31, 106, 11, 173, 160, 70, 8, 45, 24, 179, 93, 144, 65, 132, 167, 113, 3, 5, 82, 181, 117, 105, 15, 1, 108, 12, 154, 147, 101, 43, 129, 199, 134, 136, 161, 159, 152, 23, 17, 104, 76, 102, 158, 49, 42, 195, 185, 51, 115, 53, 114, 36, 64, 123, 126, 187, 78, 112, 80, 178, 46, 140, 183]
[87, 22, 21, 170, 138, 172, 71, 151, 37, 19, 79, 74, 149, 25, 61, 68, 110, 188, 169, 52, 141, 2, 7, 98, 96, 75, 135, 58, 174, 166, 97, 94, 0, 89, 145, 168, 33, 26, 175, 60, 34, 171, 156, 130, 198, 177, 56, 6, 83, 57, 162, 153, 190, 176, 142, 163, 59, 73, 164, 86, 88, 184, 139, 182, 41, 119, 124, 13, 63, 32, 146, 14, 111, 127, 50, 155, 120, 81, 109, 47, 194, 30, 62, 125, 186, 77, 16, 191, 40, 118, 91, 150, 18, 95, 35, 44, 143, 192, 103, 54]
39122

[92, 10, 157, 27, 128, 90, 96, 75, 58, 31, 97, 0, 94, 2, 141, 133, 180, 29, 74, 79, 19, 37, 107, 20, 89, 160, 26, 175, 33, 53, 162, 176, 142, 163, 49, 158, 105, 184, 88, 59, 164, 73, 198, 144, 65, 132, 167, 113, 86, 117, 63, 81, 109, 120, 146, 32, 181, 82, 3, 5, 14, 111, 127, 50, 155, 194, 47, 30, 62, 125, 186, 12, 154, 44, 35, 118, 95, 136, 192, 87, 138, 172, 183, 140, 187, 78, 112, 149, 68, 61, 131, 4, 196, 66, 193, 39, 38, 197, 69, 148]
[72, 121, 84, 52, 169, 188, 189, 116, 110, 67, 9, 122, 85, 48, 137, 165, 151, 145, 45, 24, 8, 11, 173, 28, 7, 98, 135, 166, 174, 106, 70, 60, 34, 171, 156, 130, 177, 93, 179, 56, 6, 83, 168, 114, 71, 36, 64, 123, 126, 100, 25, 99, 55, 80, 178, 46, 22, 21, 170, 190, 153, 115, 51, 57, 185, 195, 42, 139, 182, 102, 15, 124, 13, 119, 41, 108, 1, 77, 16, 191, 40, 147, 43, 101, 91, 150, 18, 199, 129, 134, 161, 17, 104, 76, 23, 152, 159, 143, 103, 54]
41897

[24, 8, 33, 57, 168, 36, 183, 140, 64, 123, 126, 187, 78, 178, 46, 172, 138, 190, 87, 170, 21, 22, 192, 143, 159, 161, 134, 43, 147, 40, 191, 30, 194, 50, 155, 47, 62, 125, 186, 154, 23, 152, 76, 102, 182, 139, 105, 184, 42, 115, 51, 59, 86, 113, 167, 164, 73, 93, 179, 175, 60, 26, 70, 160, 45, 145, 151, 37, 19, 79, 180, 133, 29, 74, 100, 99, 25, 149, 68, 67, 110, 189, 116, 169, 52, 72, 84, 157, 27, 128, 90, 96, 75, 58, 31, 97, 11, 173, 0, 89]
[3, 65, 132, 82, 5, 32, 181, 88, 195, 185, 83, 6, 56, 177, 144, 198, 130, 156, 171, 34, 106, 174, 166, 135, 28, 98, 7, 2, 10, 92, 121, 141, 94, 20, 122, 9, 188, 148, 69, 197, 38, 39, 66, 196, 4, 131, 193, 61, 55, 80, 112, 48, 85, 137, 165, 107, 71, 114, 53, 162, 153, 176, 142, 103, 54, 163, 49, 158, 117, 13, 63, 81, 146, 14, 111, 127, 120, 109, 41, 119, 124, 15, 104, 17, 95, 136, 150, 18, 129, 199, 101, 91, 118, 35, 44, 16, 77, 1, 108, 12]
41563

[6, 83, 57, 51, 168, 33, 56, 164, 59, 185, 195, 42, 163, 54, 103, 192, 134, 199, 129, 43, 101, 147, 40, 191, 16, 186, 125, 62, 109, 108, 119, 124, 13, 146, 127, 111, 14, 3, 113, 167, 132, 65, 144, 198, 177, 93, 179, 175, 60, 171, 34, 70, 160, 11, 173, 0, 94, 97, 31, 166, 174, 58, 75, 96, 90, 128, 2, 141, 9, 188, 84, 121, 72, 52, 69, 197, 66, 196, 189, 110, 67, 122, 20, 89, 107, 165, 137, 133, 149, 25, 100, 74, 29, 180, 151, 145, 45, 24, 8, 26]
[78, 112, 80, 178, 46, 140, 183, 36, 71, 114, 172, 138, 87, 22, 21, 170, 142, 176, 190, 153, 53, 162, 115, 49, 158, 105, 139, 182, 102, 76, 104, 17, 23, 152, 143, 159, 161, 95, 136, 18, 150, 91, 118, 35, 44, 77, 15, 1, 154, 12, 30, 47, 194, 50, 155, 120, 81, 41, 63, 32, 5, 82, 181, 117, 184, 88, 86, 73, 130, 156, 106, 135, 28, 7, 98, 27, 157, 10, 92, 169, 148, 38, 39, 116, 193, 4, 131, 61, 55, 99, 68, 48, 85, 37, 19, 79, 126, 123, 187, 64]
39318

[77, 186, 125, 12, 154, 1, 108, 41, 109, 120, 111, 14, 32, 146, 81, 119, 124, 105, 158, 49, 163, 184, 117, 13, 63, 181, 82, 86, 113, 167, 65, 144, 198, 156, 171, 34, 106, 31, 28, 90, 128, 2, 141, 110, 68, 99, 55, 112, 78, 187, 126, 79, 19, 37, 165, 107, 151, 145, 26, 175, 73, 164, 59, 88, 195, 185, 6, 33, 168, 83, 57, 51, 115, 162, 53, 153, 190, 176, 142, 170, 87, 22, 21, 103, 54, 143, 192, 159, 161, 134, 129, 43, 101, 199, 91, 150, 18, 136, 95, 16]
[61, 25, 149, 100, 80, 178, 46, 172, 138, 114, 71, 36, 183, 140, 64, 123, 74, 29, 180, 133, 137, 85, 48, 67, 9, 122, 20, 89, 160, 45, 24, 8, 179, 93, 56, 42, 139, 182, 102, 76, 152, 23, 17, 104, 15, 44, 35, 118, 147, 40, 191, 62, 30, 47, 194, 155, 50, 127, 5, 3, 132, 177, 130, 60, 70, 11, 173, 0, 94, 97, 166, 174, 58, 135, 75, 7, 98, 96, 27, 157, 10, 92, 121, 84, 72, 52, 169, 148, 69, 197, 38, 188, 189, 116, 39, 66, 196, 4, 131, 193]
39168

[59, 164, 73, 177, 198, 130, 156, 171, 34, 93, 179, 26, 8, 24, 45, 145, 137, 48, 85, 94, 28, 96, 90, 128, 27, 157, 2, 141, 9, 67, 110, 189, 116, 39, 148, 69, 197, 66, 196, 4, 131, 193, 61, 68, 149, 100, 80, 178, 36, 71, 168, 6, 83, 57, 53, 162, 153, 190, 142, 54, 103, 170, 87, 22, 21, 192, 143, 159, 152, 23, 104, 17, 44, 35, 118, 95, 136, 91, 101, 199, 129, 43, 147, 40, 186, 125, 30, 194, 50, 127, 111, 14, 82, 181, 88, 42, 115, 51, 185, 195]
[122, 0, 89, 20, 107, 165, 151, 37, 19, 79, 126, 180, 133, 29, 74, 25, 99, 55, 112, 78, 187, 123, 64, 46, 140, 183, 114, 172, 138, 176, 163, 49, 158, 184, 117, 105, 139, 182, 102, 15, 76, 161, 134, 18, 150, 191, 16, 77, 154, 12, 1, 108, 109, 62, 47, 155, 120, 81, 41, 119, 124, 13, 63, 146, 32, 5, 3, 86, 113, 167, 132, 65, 144, 56, 33, 175, 60, 70, 160, 173, 11, 106, 97, 31, 166, 174, 58, 135, 75, 98, 7, 10, 92, 121, 84, 72, 52, 169, 38, 188]
37528

[99, 55, 100, 126, 187, 78, 112, 80, 178, 46, 140, 172, 138, 143, 159, 152, 23, 161, 95, 136, 134, 18, 150, 91, 118, 35, 16, 44, 17, 15, 182, 139, 105, 13, 63, 5, 3, 113, 167, 132, 65, 144, 73, 164, 59, 42, 184, 158, 49, 163, 153, 162, 53, 57, 83, 56, 93, 179, 175, 26, 8, 70, 160, 11, 97, 31, 166, 174, 58, 135, 28, 2, 10, 121, 72, 52, 169, 148, 69, 197, 38, 39, 189, 110, 67, 9, 141, 122, 20, 107, 165, 137, 85, 48, 133, 180, 29, 74, 149, 25]
[111, 14, 32, 82, 181, 86, 177, 198, 130, 156, 171, 34, 60, 106, 173, 89, 0, 94, 7, 98, 75, 96, 90, 128, 27, 157, 92, 84, 188, 116, 193, 66, 196, 4, 131, 61, 68, 151, 145, 45, 24, 33, 6, 168, 37, 19, 79, 123, 64, 183, 36, 71, 114, 190, 87, 170, 21, 22, 192, 103, 54, 104, 76, 102, 142, 176, 115, 51, 195, 185, 88, 117, 124, 119, 108, 1, 12, 154, 77, 191, 101, 199, 129, 43, 147, 40, 186, 125, 62, 30, 47, 194, 50, 155, 109, 41, 81, 120, 127, 146]
39234

[97, 173, 160, 45, 145, 107, 151, 37, 19, 48, 85, 9, 67, 110, 193, 61, 99, 55, 80, 46, 172, 138, 53, 162, 115, 176, 142, 170, 103, 192, 143, 159, 152, 23, 161, 136, 95, 118, 40, 191, 15, 102, 182, 139, 49, 158, 105, 124, 119, 41, 108, 1, 12, 109, 62, 30, 47, 194, 155, 50, 127, 111, 14, 146, 120, 81, 63, 181, 82, 86, 59, 83, 6, 56, 73, 164, 113, 167, 132, 198, 130, 93, 179, 175, 60, 34, 156, 171, 106, 174, 75, 96, 90, 128, 27, 157, 92, 121, 84, 141]
[185, 195, 88, 42, 184, 117, 13, 32, 5, 3, 65, 144, 177, 26, 70, 11, 31, 166, 58, 135, 28, 98, 7, 2, 10, 72, 52, 169, 148, 69, 197, 38, 188, 189, 116, 39, 66, 196, 4, 131, 68, 149, 25, 100, 74, 29, 79, 180, 133, 137, 165, 122, 20, 94, 0, 89, 8, 24, 33, 168, 71, 36, 64, 123, 126, 187, 78, 112, 178, 140, 183, 114, 153, 190, 87, 21, 22, 134, 150, 18, 129, 43, 147, 101, 199, 91, 35, 44, 16, 186, 125, 154, 77, 17, 104, 76, 54, 163, 51, 57]
41301

[74, 29, 180, 133, 61, 131, 4, 196, 66, 197, 69, 148, 52, 169, 38, 39, 116, 189, 188, 67, 9, 141, 72, 84, 121, 92, 10, 157, 27, 128, 90, 96, 75, 28, 135, 58, 174, 166, 31, 97, 89, 20, 26, 175, 179, 93, 60, 34, 171, 156, 130, 177, 56, 59, 185, 195, 115, 190, 153, 88, 117, 13, 41, 109, 62, 125, 186, 12, 154, 77, 40, 147, 101, 43, 129, 199, 18, 150, 91, 118, 95, 136, 134, 161, 17, 23, 152, 159, 192, 143, 54, 103, 170, 21, 22, 87, 172, 46, 178, 79]
[162, 53, 176, 163, 142, 138, 114, 168, 6, 83, 57, 51, 42, 184, 158, 49, 102, 182, 139, 105, 124, 119, 108, 1, 15, 76, 104, 44, 35, 16, 191, 30, 47, 194, 50, 155, 120, 81, 146, 127, 111, 14, 5, 32, 63, 181, 82, 3, 86, 164, 73, 113, 167, 132, 65, 144, 198, 106, 70, 160, 11, 173, 0, 94, 7, 98, 2, 122, 110, 193, 68, 149, 25, 99, 55, 100, 80, 112, 78, 187, 126, 123, 64, 140, 183, 19, 37, 48, 85, 137, 165, 107, 151, 145, 45, 24, 8, 33, 71, 36]
39162

[46, 140, 183, 64, 123, 126, 29, 74, 149, 61, 131, 4, 196, 66, 197, 69, 148, 169, 52, 9, 165, 107, 89, 20, 122, 141, 2, 27, 128, 90, 96, 98, 75, 135, 58, 166, 174, 106, 70, 26, 175, 179, 93, 56, 164, 59, 51, 162, 53, 153, 190, 138, 176, 158, 105, 124, 119, 81, 32, 63, 13, 117, 184, 42, 86, 113, 167, 132, 198, 144, 65, 3, 5, 14, 111, 146, 127, 50, 194, 30, 62, 108, 1, 15, 76, 104, 44, 35, 118, 95, 161, 17, 23, 152, 143, 142, 87, 22, 21, 170]
[16, 77, 154, 12, 186, 125, 41, 109, 47, 155, 120, 82, 181, 88, 195, 185, 73, 177, 130, 156, 171, 34, 60, 33, 8, 24, 45, 160, 11, 173, 0, 94, 97, 31, 28, 7, 157, 10, 92, 121, 84, 72, 38, 39, 193, 25, 99, 55, 80, 178, 112, 78, 187, 100, 68, 116, 189, 188, 110, 67, 85, 137, 48, 133, 180, 79, 19, 37, 151, 145, 71, 36, 172, 114, 168, 6, 83, 57, 115, 163, 49, 139, 182, 102, 54, 103, 192, 159, 134, 136, 18, 150, 91, 191, 40, 147, 101, 43, 129, 199]
41551

[113, 167, 132, 3, 5, 14, 111, 127, 146, 32, 81, 109, 12, 154, 77, 1, 108, 41, 119, 124, 181, 82, 86, 59, 56, 93, 179, 33, 168, 114, 190, 142, 54, 143, 159, 17, 44, 35, 40, 118, 95, 136, 134, 192, 103, 21, 22, 170, 87, 138, 172, 36, 183, 140, 46, 64, 123, 19, 37, 79, 126, 187, 78, 112, 178, 80, 55, 61, 131, 4, 193, 116, 189, 188, 84, 92, 10, 2, 28, 135, 31, 94, 0, 20, 165, 151, 107, 89, 11, 160, 70, 26, 60, 34, 171, 156, 130, 177, 73, 164]
[173, 145, 45, 24, 8, 175, 198, 144, 65, 185, 195, 88, 42, 184, 117, 13, 63, 120, 155, 50, 194, 47, 30, 62, 125, 186, 16, 191, 147, 43, 129, 199, 101, 91, 150, 18, 161, 23, 152, 76, 104, 15, 102, 182, 139, 105, 158, 49, 163, 176, 153, 53, 162, 115, 51, 57, 83, 6, 71, 100, 99, 25, 68, 149, 74, 29, 180, 133, 48, 85, 137, 122, 141, 9, 67, 110, 39, 196, 66, 197, 69, 148, 38, 169, 52, 72, 121, 157, 27, 128, 90, 96, 98, 7, 75, 58, 166, 174, 106, 97]
38981

[58, 75, 135, 166, 174, 97, 0, 94, 2, 157, 10, 92, 141, 9, 110, 189, 116, 68, 149, 100, 80, 178, 46, 140, 64, 123, 74, 29, 180, 133, 48, 122, 20, 89, 160, 70, 26, 60, 175, 33, 8, 24, 45, 145, 168, 114, 190, 153, 53, 162, 115, 51, 57, 83, 6, 56, 179, 93, 177, 73, 164, 59, 185, 195, 88, 42, 184, 54, 143, 102, 139, 182, 15, 76, 104, 17, 95, 136, 91, 147, 40, 191, 16, 108, 41, 119, 124, 13, 63, 109, 81, 146, 32, 5, 82, 181, 113, 167, 156, 171]
[4, 196, 66, 39, 193, 131, 61, 25, 99, 55, 112, 78, 187, 126, 79, 19, 37, 151, 107, 165, 137, 85, 67, 188, 38, 197, 69, 148, 169, 52, 72, 84, 121, 27, 128, 90, 96, 98, 7, 28, 31, 106, 34, 130, 198, 144, 65, 132, 3, 14, 111, 127, 120, 155, 50, 194, 47, 30, 62, 125, 186, 12, 154, 1, 77, 44, 35, 118, 150, 18, 199, 101, 43, 129, 134, 161, 23, 152, 159, 192, 103, 170, 21, 22, 87, 138, 172, 183, 36, 71, 176, 142, 163, 49, 158, 105, 117, 86, 11, 173]
42250

[168, 71, 123, 149, 68, 193, 196, 66, 39, 116, 189, 38, 169, 52, 188, 110, 67, 9, 84, 92, 10, 2, 141, 122, 165, 107, 151, 180, 133, 29, 74, 79, 19, 37, 145, 24, 45, 89, 0, 97, 31, 106, 11, 173, 160, 70, 26, 175, 93, 177, 130, 198, 144, 132, 167, 113, 164, 73, 51, 115, 153, 190, 138, 172, 87, 22, 21, 170, 142, 176, 54, 103, 192, 143, 159, 134, 18, 150, 199, 101, 16, 154, 12, 186, 125, 62, 30, 194, 155, 47, 109, 41, 119, 117, 105, 182, 139, 158, 49, 163]
[111, 14, 32, 5, 181, 82, 3, 65, 156, 171, 34, 60, 179, 56, 33, 8, 36, 183, 140, 64, 187, 78, 126, 48, 85, 137, 20, 94, 28, 135, 166, 174, 58, 75, 7, 98, 96, 90, 128, 27, 157, 121, 72, 148, 69, 197, 4, 131, 61, 25, 100, 99, 55, 80, 112, 178, 46, 114, 53, 162, 57, 83, 6, 59, 86, 88, 185, 195, 42, 184, 102, 15, 104, 76, 152, 23, 17, 161, 136, 95, 44, 35, 118, 91, 129, 43, 147, 40, 191, 77, 1, 108, 124, 13, 63, 81, 146, 127, 50, 120]
40797

[90, 96, 98, 28, 135, 174, 106, 97, 173, 11, 8, 168, 71, 114, 53, 115, 51, 57, 195, 185, 59, 164, 73, 177, 198, 144, 65, 132, 167, 113, 86, 181, 82, 3, 5, 32, 14, 111, 146, 120, 127, 50, 155, 194, 30, 12, 154, 77, 1, 41, 81, 63, 13, 124, 119, 117, 105, 139, 158, 184, 88, 42, 163, 176, 142, 54, 103, 170, 21, 22, 87, 172, 46, 178, 126, 100, 99, 25, 149, 68, 193, 196, 66, 197, 69, 148, 169, 52, 188, 110, 85, 137, 165, 20, 122, 9, 141, 94, 27, 128]
[79, 19, 180, 133, 29, 74, 189, 116, 39, 38, 4, 131, 61, 55, 80, 112, 78, 187, 123, 64, 140, 183, 36, 138, 192, 143, 159, 152, 23, 104, 17, 161, 136, 95, 44, 35, 118, 91, 150, 18, 134, 199, 129, 43, 101, 147, 40, 191, 16, 186, 125, 62, 47, 109, 108, 15, 76, 102, 182, 49, 190, 153, 162, 83, 6, 33, 56, 179, 93, 130, 156, 171, 34, 60, 175, 26, 70, 160, 89, 0, 31, 166, 58, 75, 7, 2, 157, 10, 92, 121, 84, 72, 67, 48, 37, 151, 107, 45, 24, 145]
39516

[81, 181, 86, 164, 73, 198, 130, 156, 171, 34, 60, 177, 93, 179, 33, 168, 71, 19, 37, 48, 85, 137, 89, 173, 11, 160, 70, 106, 174, 58, 135, 75, 96, 90, 128, 27, 157, 10, 92, 9, 67, 110, 68, 149, 100, 74, 29, 133, 180, 79, 64, 140, 183, 36, 114, 190, 153, 53, 162, 115, 51, 57, 83, 6, 88, 13, 124, 119, 182, 102, 76, 152, 23, 17, 161, 95, 136, 101, 147, 40, 191, 16, 44, 104, 15, 154, 12, 186, 125, 62, 30, 47, 194, 155, 50, 127, 111, 146, 120, 109]
[148, 69, 169, 52, 72, 84, 121, 2, 7, 98, 28, 166, 31, 97, 0, 94, 141, 122, 20, 107, 165, 151, 145, 45, 24, 8, 26, 175, 56, 195, 42, 185, 59, 113, 167, 132, 144, 65, 3, 82, 5, 14, 32, 63, 117, 184, 163, 49, 158, 139, 105, 41, 108, 1, 77, 35, 118, 91, 150, 18, 199, 43, 129, 134, 159, 143, 54, 103, 192, 21, 22, 87, 170, 142, 176, 138, 172, 46, 178, 80, 112, 78, 187, 123, 126, 55, 99, 25, 61, 193, 131, 4, 196, 66, 39, 116, 189, 188, 38, 197]
38243

[97, 173, 11, 160, 0, 94, 31, 58, 135, 28, 7, 98, 75, 96, 90, 128, 27, 157, 2, 10, 92, 121, 84, 72, 141, 122, 9, 67, 110, 116, 189, 188, 52, 169, 66, 196, 4, 131, 133, 180, 48, 85, 137, 165, 107, 20, 89, 145, 45, 8, 60, 177, 65, 14, 111, 127, 120, 155, 50, 194, 109, 41, 124, 88, 195, 185, 83, 57, 51, 115, 176, 142, 103, 143, 152, 23, 17, 44, 16, 191, 35, 118, 91, 150, 18, 134, 159, 192, 22, 21, 170, 87, 140, 183, 36, 71, 114, 168, 33, 24]
[25, 61, 193, 197, 69, 148, 38, 39, 68, 149, 99, 55, 100, 74, 29, 151, 37, 19, 79, 126, 123, 64, 187, 78, 112, 80, 178, 46, 172, 138, 190, 153, 162, 53, 6, 56, 93, 179, 175, 26, 70, 106, 166, 174, 34, 171, 156, 130, 198, 144, 132, 167, 113, 73, 164, 59, 86, 3, 5, 82, 181, 117, 105, 139, 182, 102, 76, 104, 15, 1, 108, 119, 13, 63, 32, 146, 81, 47, 30, 62, 125, 186, 12, 154, 77, 40, 147, 101, 43, 129, 199, 136, 95, 161, 54, 163, 49, 158, 184, 42]
41229

[75, 58, 174, 166, 135, 28, 2, 10, 92, 84, 188, 189, 4, 131, 193, 110, 9, 141, 122, 67, 29, 74, 68, 149, 100, 99, 55, 80, 46, 178, 112, 78, 187, 126, 123, 64, 140, 183, 36, 114, 172, 138, 190, 153, 142, 170, 87, 22, 21, 192, 143, 103, 54, 102, 76, 104, 17, 95, 136, 101, 199, 129, 43, 147, 40, 191, 16, 186, 125, 62, 47, 120, 81, 146, 127, 111, 14, 32, 5, 3, 132, 167, 113, 59, 57, 83, 6, 175, 60, 171, 34, 26, 70, 11, 173, 89, 0, 94, 97, 31]
[184, 42, 195, 185, 88, 86, 164, 73, 65, 144, 198, 156, 130, 177, 93, 179, 56, 33, 8, 24, 45, 145, 160, 106, 7, 98, 96, 90, 128, 27, 157, 121, 72, 52, 169, 148, 69, 197, 38, 39, 116, 66, 196, 61, 25, 79, 19, 180, 133, 48, 85, 137, 165, 20, 107, 151, 37, 71, 168, 51, 115, 162, 53, 176, 163, 49, 158, 117, 181, 82, 63, 13, 124, 119, 41, 1, 108, 109, 155, 50, 194, 30, 12, 154, 77, 44, 35, 118, 91, 150, 18, 134, 161, 159, 152, 23, 15, 105, 139, 182]
38509

[195, 42, 115, 176, 142, 170, 103, 54, 152, 23, 17, 44, 77, 1, 108, 109, 41, 119, 181, 82, 3, 5, 14, 111, 127, 120, 155, 50, 194, 47, 30, 62, 125, 186, 12, 154, 16, 191, 40, 147, 35, 118, 91, 199, 101, 43, 129, 134, 18, 150, 136, 95, 161, 159, 143, 192, 21, 22, 87, 138, 172, 140, 46, 78, 112, 178, 80, 55, 99, 61, 131, 4, 196, 66, 193, 116, 189, 39, 38, 197, 69, 148, 169, 52, 72, 84, 121, 92, 10, 94, 0, 141, 122, 20, 89, 106, 60, 175, 56, 185]
[64, 183, 36, 71, 114, 168, 145, 45, 24, 8, 26, 33, 6, 83, 57, 51, 162, 53, 153, 190, 163, 49, 158, 105, 139, 182, 102, 76, 104, 15, 81, 146, 32, 63, 13, 124, 117, 184, 88, 86, 59, 164, 73, 113, 167, 132, 65, 144, 198, 177, 93, 179, 130, 156, 171, 34, 70, 160, 11, 173, 97, 28, 31, 166, 174, 58, 135, 75, 7, 98, 96, 90, 128, 27, 157, 2, 9, 67, 188, 110, 68, 149, 25, 100, 74, 29, 133, 48, 85, 137, 165, 107, 151, 37, 180, 19, 79, 126, 187, 123]
36323

[11, 173, 94, 0, 89, 20, 145, 45, 26, 60, 175, 179, 93, 6, 57, 83, 177, 130, 198, 73, 164, 86, 3, 5, 111, 127, 50, 120, 81, 119, 124, 117, 105, 139, 182, 102, 76, 15, 1, 108, 154, 77, 191, 40, 16, 44, 35, 118, 91, 150, 18, 136, 159, 192, 21, 22, 172, 138, 190, 153, 114, 71, 36, 183, 140, 46, 178, 80, 112, 78, 187, 126, 74, 29, 180, 133, 110, 189, 116, 193, 39, 38, 72, 84, 121, 92, 10, 157, 27, 128, 90, 96, 98, 7, 75, 135, 58, 166, 174, 106]
[199, 101, 147, 95, 17, 104, 12, 186, 125, 62, 30, 47, 194, 155, 109, 41, 13, 63, 32, 146, 14, 82, 181, 88, 113, 167, 132, 65, 144, 156, 171, 34, 70, 160, 97, 31, 28, 2, 141, 122, 9, 67, 188, 52, 169, 148, 69, 197, 66, 196, 4, 131, 61, 25, 99, 55, 100, 149, 68, 48, 85, 137, 165, 107, 151, 37, 19, 79, 123, 64, 168, 24, 8, 33, 56, 59, 185, 195, 42, 184, 158, 49, 54, 142, 176, 163, 115, 51, 162, 53, 87, 170, 103, 143, 152, 23, 161, 134, 129, 43]
38778

[116, 189, 169, 72, 121, 84, 141, 122, 9, 67, 48, 85, 137, 165, 89, 173, 11, 160, 70, 8, 24, 45, 145, 151, 133, 180, 183, 36, 71, 114, 53, 162, 51, 168, 33, 26, 175, 60, 171, 156, 130, 177, 93, 179, 56, 59, 164, 73, 132, 167, 113, 86, 3, 82, 181, 88, 185, 195, 42, 184, 117, 15, 1, 62, 30, 125, 186, 35, 118, 101, 43, 129, 199, 150, 18, 134, 161, 23, 152, 159, 143, 103, 192, 22, 21, 170, 87, 172, 46, 178, 80, 100, 149, 68, 61, 131, 4, 196, 66, 39]
[28, 97, 94, 0, 20, 107, 37, 19, 79, 123, 126, 74, 29, 110, 188, 2, 157, 10, 92, 52, 148, 69, 197, 38, 193, 25, 99, 55, 112, 78, 187, 64, 140, 138, 190, 153, 57, 6, 83, 115, 176, 142, 54, 163, 49, 158, 105, 139, 182, 102, 76, 104, 17, 44, 95, 136, 91, 147, 40, 191, 16, 77, 154, 12, 108, 41, 109, 47, 120, 155, 194, 50, 127, 111, 146, 81, 119, 124, 13, 63, 32, 14, 5, 65, 144, 198, 34, 106, 31, 166, 174, 58, 135, 75, 7, 98, 96, 90, 27, 128]
40346

[56, 177, 198, 130, 156, 171, 34, 60, 33, 6, 83, 114, 36, 71, 37, 20, 89, 0, 173, 11, 97, 31, 58, 75, 96, 98, 7, 28, 94, 141, 122, 9, 67, 110, 188, 169, 148, 69, 38, 39, 193, 4, 131, 61, 25, 100, 149, 68, 29, 133, 180, 19, 79, 126, 123, 64, 187, 78, 46, 140, 183, 172, 22, 21, 54, 163, 49, 158, 76, 23, 161, 134, 18, 150, 199, 129, 43, 147, 40, 191, 16, 186, 125, 62, 30, 47, 194, 50, 155, 120, 32, 5, 3, 88, 42, 195, 185, 59, 164, 73]
[128, 90, 27, 157, 2, 10, 92, 121, 84, 72, 52, 197, 66, 196, 116, 189, 99, 55, 80, 178, 112, 74, 48, 85, 137, 165, 107, 151, 145, 45, 8, 24, 168, 57, 51, 115, 162, 53, 153, 190, 138, 87, 170, 192, 159, 152, 143, 103, 142, 176, 184, 117, 13, 124, 119, 15, 105, 139, 182, 102, 104, 17, 95, 136, 91, 101, 118, 35, 44, 77, 154, 12, 1, 108, 109, 41, 63, 81, 146, 127, 111, 14, 82, 181, 86, 113, 167, 132, 65, 144, 93, 179, 175, 26, 70, 160, 106, 174, 166, 135]
38487

[107, 145, 45, 26, 60, 175, 179, 93, 177, 144, 132, 167, 113, 86, 181, 82, 5, 32, 81, 146, 127, 50, 155, 194, 30, 62, 125, 186, 191, 16, 35, 136, 95, 104, 76, 102, 105, 124, 119, 41, 63, 13, 117, 184, 163, 142, 176, 190, 153, 115, 42, 88, 59, 164, 73, 56, 168, 36, 183, 140, 64, 79, 19, 137, 85, 48, 67, 110, 188, 189, 38, 197, 69, 148, 169, 52, 72, 84, 121, 92, 10, 157, 2, 141, 9, 122, 20, 89, 0, 94, 173, 11, 160, 70, 97, 31, 166, 135, 98, 7]
[53, 114, 71, 37, 151, 165, 133, 180, 29, 74, 149, 68, 193, 116, 39, 66, 196, 4, 131, 61, 25, 99, 55, 100, 126, 123, 187, 78, 112, 80, 178, 46, 172, 138, 87, 170, 22, 21, 103, 192, 143, 159, 161, 134, 150, 18, 129, 43, 147, 40, 101, 199, 91, 118, 44, 17, 23, 152, 54, 49, 158, 139, 182, 15, 77, 154, 12, 1, 108, 109, 47, 120, 111, 14, 3, 65, 198, 130, 156, 171, 34, 106, 174, 58, 75, 96, 90, 128, 27, 28, 8, 24, 33, 6, 83, 57, 185, 195, 51, 162]
39758

[125, 186, 12, 62, 30, 47, 194, 50, 155, 120, 146, 32, 108, 1, 15, 154, 77, 16, 191, 40, 44, 17, 23, 152, 143, 54, 163, 49, 158, 117, 184, 42, 88, 195, 51, 115, 138, 172, 114, 168, 57, 83, 6, 185, 59, 73, 164, 86, 181, 82, 113, 167, 132, 144, 177, 60, 34, 106, 70, 160, 11, 173, 94, 0, 89, 45, 24, 145, 20, 122, 9, 141, 72, 52, 169, 67, 85, 137, 165, 107, 151, 37, 19, 79, 71, 36, 183, 64, 187, 46, 80, 178, 78, 112, 55, 99, 149, 68, 61, 25]
[91, 150, 18, 134, 199, 129, 43, 147, 101, 118, 35, 104, 76, 102, 182, 139, 105, 13, 63, 124, 119, 41, 109, 81, 127, 111, 14, 5, 3, 65, 198, 130, 156, 171, 179, 93, 56, 33, 175, 26, 8, 97, 31, 166, 174, 58, 75, 135, 28, 7, 98, 96, 90, 128, 27, 157, 2, 10, 92, 121, 84, 148, 69, 197, 38, 39, 66, 196, 4, 131, 193, 116, 189, 188, 110, 48, 133, 180, 29, 74, 100, 126, 123, 140, 53, 162, 153, 190, 176, 142, 170, 87, 22, 21, 103, 192, 159, 161, 95, 136]
41254

[47, 62, 12, 154, 77, 16, 191, 40, 147, 43, 129, 199, 101, 118, 91, 134, 159, 143, 103, 170, 172, 46, 64, 187, 178, 80, 55, 99, 25, 61, 193, 39, 38, 197, 69, 148, 169, 52, 72, 84, 121, 92, 10, 157, 98, 7, 28, 135, 166, 31, 97, 173, 11, 160, 8, 24, 45, 145, 151, 37, 19, 140, 183, 36, 71, 114, 190, 153, 176, 142, 54, 152, 15, 1, 108, 13, 63, 181, 82, 86, 185, 195, 115, 51, 6, 56, 175, 179, 93, 177, 144, 65, 132, 167, 113, 3, 5, 32, 120, 155]
[165, 137, 85, 48, 133, 180, 29, 74, 79, 126, 123, 78, 112, 100, 149, 68, 131, 4, 196, 66, 116, 189, 188, 110, 67, 9, 122, 141, 2, 27, 128, 90, 96, 75, 58, 174, 106, 60, 34, 171, 156, 130, 198, 73, 164, 59, 88, 42, 163, 49, 102, 76, 104, 182, 139, 105, 158, 184, 117, 124, 119, 41, 109, 81, 146, 14, 111, 127, 50, 194, 30, 125, 186, 44, 35, 95, 136, 150, 18, 161, 17, 23, 192, 21, 22, 87, 138, 162, 53, 57, 83, 168, 33, 26, 70, 94, 0, 89, 20, 107]
38309

[133, 180, 37, 19, 79, 29, 74, 149, 68, 48, 137, 85, 67, 110, 188, 52, 169, 148, 69, 197, 38, 189, 116, 39, 66, 196, 4, 131, 99, 55, 80, 46, 140, 36, 168, 83, 57, 51, 115, 21, 22, 192, 103, 54, 143, 159, 152, 23, 17, 95, 136, 18, 150, 91, 118, 35, 44, 16, 191, 77, 154, 12, 186, 125, 62, 30, 50, 127, 111, 5, 3, 82, 181, 13, 124, 119, 105, 182, 102, 139, 184, 88, 86, 164, 73, 113, 167, 132, 65, 144, 198, 177, 130, 156, 171, 34, 33, 71, 123, 126]
[26, 70, 60, 175, 179, 93, 56, 6, 59, 185, 195, 42, 117, 63, 32, 14, 146, 81, 120, 155, 194, 47, 109, 41, 108, 1, 15, 104, 40, 147, 43, 129, 101, 199, 134, 161, 76, 158, 49, 163, 176, 142, 170, 87, 172, 138, 190, 153, 162, 53, 114, 183, 64, 187, 78, 178, 112, 100, 25, 61, 193, 9, 122, 141, 72, 84, 121, 92, 10, 2, 157, 27, 128, 90, 96, 75, 58, 174, 166, 135, 98, 7, 28, 31, 106, 160, 11, 173, 97, 94, 0, 89, 20, 107, 165, 151, 145, 45, 24, 8]
37863

[107, 165, 48, 133, 180, 79, 29, 74, 196, 66, 4, 131, 61, 55, 80, 112, 178, 46, 172, 138, 190, 115, 51, 57, 83, 6, 56, 185, 195, 42, 158, 102, 76, 104, 95, 136, 150, 91, 118, 35, 44, 15, 1, 77, 154, 12, 108, 119, 124, 13, 81, 120, 47, 194, 155, 111, 14, 3, 86, 113, 198, 130, 177, 93, 179, 175, 26, 33, 168, 71, 24, 8, 45, 145, 20, 122, 141, 2, 10, 92, 157, 27, 128, 90, 96, 75, 98, 7, 28, 135, 58, 174, 166, 31, 106, 97, 173, 11, 70, 160]
[68, 193, 39, 116, 189, 188, 38, 197, 69, 148, 169, 52, 72, 84, 121, 94, 0, 89, 9, 67, 110, 85, 137, 151, 37, 19, 149, 25, 99, 100, 126, 123, 78, 187, 64, 140, 183, 36, 114, 53, 162, 153, 176, 142, 163, 49, 105, 139, 182, 54, 143, 103, 170, 87, 22, 21, 192, 159, 152, 23, 17, 161, 134, 18, 199, 101, 129, 43, 147, 40, 191, 16, 186, 125, 62, 30, 50, 127, 146, 32, 5, 82, 181, 63, 109, 41, 117, 184, 88, 59, 164, 73, 167, 132, 65, 144, 156, 171, 34, 60]
40602

[108, 1, 15, 182, 102, 76, 23, 95, 136, 150, 18, 161, 152, 192, 103, 170, 21, 22, 87, 142, 138, 172, 114, 36, 183, 140, 46, 64, 187, 78, 112, 178, 80, 55, 99, 25, 61, 131, 4, 196, 66, 116, 189, 188, 169, 52, 84, 157, 27, 128, 90, 96, 28, 94, 0, 122, 85, 137, 165, 107, 20, 89, 173, 97, 11, 70, 26, 60, 34, 130, 198, 144, 65, 132, 167, 113, 86, 88, 184, 117, 181, 82, 3, 63, 41, 109, 155, 127, 50, 194, 47, 30, 62, 125, 186, 12, 154, 191, 16, 77]
[180, 133, 48, 110, 67, 9, 141, 2, 10, 92, 121, 72, 148, 69, 197, 38, 39, 193, 68, 149, 100, 126, 123, 71, 168, 33, 175, 179, 93, 56, 6, 83, 57, 51, 115, 162, 53, 153, 190, 176, 163, 54, 143, 159, 134, 129, 43, 147, 101, 199, 91, 118, 40, 35, 44, 17, 104, 119, 81, 120, 146, 111, 14, 5, 32, 13, 124, 105, 139, 158, 49, 42, 195, 185, 59, 164, 73, 177, 156, 171, 174, 166, 58, 75, 98, 7, 135, 31, 106, 160, 8, 24, 45, 145, 151, 37, 19, 79, 74, 29]
39354

[110, 189, 116, 169, 52, 72, 84, 121, 92, 10, 157, 7, 98, 31, 106, 171, 156, 130, 198, 177, 93, 179, 56, 73, 164, 144, 65, 132, 167, 113, 42, 184, 117, 13, 63, 127, 50, 155, 194, 30, 47, 120, 109, 62, 125, 186, 16, 191, 40, 118, 161, 17, 23, 152, 104, 76, 102, 182, 139, 105, 158, 49, 163, 176, 142, 103, 21, 22, 170, 87, 138, 172, 140, 183, 114, 190, 153, 53, 162, 115, 51, 83, 6, 33, 175, 26, 8, 24, 122, 141, 9, 67, 133, 180, 123, 126, 100, 149, 68, 25]
[45, 145, 151, 107, 165, 85, 48, 137, 37, 19, 79, 29, 74, 55, 99, 61, 193, 131, 4, 196, 66, 39, 197, 69, 148, 38, 188, 2, 27, 128, 90, 96, 75, 58, 174, 166, 135, 28, 94, 0, 20, 89, 173, 97, 11, 160, 70, 34, 60, 59, 86, 82, 3, 5, 14, 111, 146, 32, 81, 41, 108, 1, 12, 154, 77, 44, 35, 95, 136, 150, 91, 199, 101, 147, 43, 129, 18, 134, 159, 192, 143, 54, 15, 119, 124, 181, 88, 195, 185, 57, 168, 71, 36, 64, 46, 178, 80, 112, 78, 187]
40709

[77, 154, 12, 186, 125, 109, 108, 41, 13, 181, 82, 86, 132, 65, 144, 198, 130, 156, 171, 34, 60, 70, 173, 97, 31, 166, 174, 58, 135, 28, 98, 7, 121, 84, 72, 52, 169, 9, 141, 122, 165, 137, 85, 48, 67, 110, 188, 38, 148, 69, 197, 39, 189, 116, 193, 66, 196, 4, 131, 61, 68, 74, 29, 133, 180, 145, 26, 175, 179, 93, 177, 59, 185, 88, 42, 195, 6, 83, 57, 162, 53, 114, 172, 138, 190, 153, 163, 54, 103, 192, 143, 159, 152, 23, 17, 44, 35, 101, 43, 147]
[81, 120, 146, 14, 111, 127, 50, 155, 194, 47, 30, 62, 16, 191, 40, 118, 91, 199, 129, 134, 18, 150, 136, 95, 161, 104, 76, 1, 15, 102, 182, 139, 105, 117, 158, 49, 184, 51, 115, 176, 142, 170, 21, 22, 87, 140, 46, 187, 78, 112, 178, 80, 55, 99, 25, 149, 100, 126, 123, 64, 183, 36, 71, 168, 79, 19, 37, 151, 107, 20, 89, 0, 94, 2, 10, 92, 157, 27, 128, 90, 96, 75, 106, 11, 160, 45, 24, 8, 33, 56, 73, 164, 113, 167, 3, 5, 32, 63, 124, 119]
38708

[160, 70, 60, 34, 171, 156, 130, 198, 144, 65, 132, 167, 113, 164, 59, 88, 184, 49, 158, 119, 124, 13, 63, 82, 3, 5, 14, 32, 109, 125, 186, 12, 108, 1, 15, 76, 152, 23, 104, 17, 136, 91, 199, 129, 18, 150, 134, 159, 143, 54, 103, 170, 142, 190, 153, 53, 162, 115, 51, 168, 71, 19, 37, 137, 85, 165, 151, 107, 89, 20, 122, 9, 67, 110, 189, 188, 72, 84, 121, 92, 10, 157, 27, 128, 90, 2, 94, 28, 135, 7, 98, 96, 75, 58, 174, 166, 31, 97, 11, 106]
[123, 126, 100, 55, 99, 25, 61, 131, 4, 196, 66, 197, 69, 148, 38, 169, 52, 141, 0, 173, 26, 175, 179, 93, 56, 33, 8, 24, 45, 145, 48, 116, 39, 193, 68, 149, 74, 29, 133, 180, 79, 183, 36, 114, 138, 176, 163, 42, 195, 185, 57, 83, 6, 177, 73, 86, 181, 117, 105, 139, 182, 102, 41, 81, 120, 146, 111, 127, 50, 155, 194, 47, 30, 62, 154, 77, 191, 16, 44, 35, 40, 147, 43, 101, 118, 95, 161, 192, 21, 22, 87, 172, 140, 64, 187, 46, 178, 80, 112, 78]
39280

[58, 174, 106, 160, 70, 26, 60, 34, 171, 156, 198, 130, 179, 175, 8, 145, 36, 71, 168, 57, 195, 185, 164, 73, 113, 3, 5, 14, 111, 127, 50, 155, 194, 47, 30, 62, 186, 125, 109, 108, 12, 154, 77, 44, 35, 16, 191, 40, 147, 101, 43, 129, 199, 91, 118, 23, 152, 104, 76, 102, 182, 139, 158, 49, 184, 42, 51, 115, 53, 162, 176, 153, 190, 46, 80, 100, 55, 99, 25, 68, 149, 74, 79, 19, 151, 165, 107, 20, 72, 84, 121, 92, 10, 157, 27, 128, 90, 96, 98, 75]
[177, 93, 56, 33, 24, 45, 89, 0, 94, 173, 11, 97, 31, 166, 135, 28, 7, 2, 141, 122, 9, 67, 188, 52, 169, 148, 69, 197, 38, 39, 66, 196, 4, 131, 61, 193, 116, 189, 110, 48, 85, 137, 37, 180, 133, 29, 126, 123, 78, 112, 178, 187, 64, 140, 183, 114, 172, 138, 142, 170, 87, 22, 21, 192, 159, 143, 103, 54, 163, 83, 6, 59, 86, 88, 117, 105, 15, 17, 161, 134, 18, 150, 136, 95, 1, 41, 119, 124, 13, 63, 81, 120, 146, 32, 181, 82, 167, 132, 65, 144]
38689

[192, 143, 103, 176, 153, 190, 138, 140, 64, 187, 126, 123, 183, 36, 71, 114, 53, 162, 115, 51, 195, 185, 57, 168, 19, 37, 151, 107, 165, 137, 85, 48, 110, 116, 189, 9, 122, 141, 10, 2, 28, 135, 166, 31, 97, 173, 94, 0, 89, 20, 145, 45, 24, 8, 33, 56, 60, 34, 171, 156, 130, 198, 144, 65, 5, 14, 146, 120, 155, 194, 30, 47, 81, 63, 32, 82, 181, 13, 117, 158, 105, 139, 182, 102, 15, 76, 54, 152, 23, 104, 17, 95, 136, 91, 199, 43, 129, 134, 161, 159]
[90, 96, 128, 27, 157, 92, 121, 84, 72, 52, 169, 148, 69, 197, 38, 188, 67, 133, 180, 79, 29, 74, 149, 100, 25, 68, 193, 39, 66, 196, 4, 131, 61, 99, 55, 80, 178, 112, 78, 46, 172, 87, 22, 21, 170, 142, 163, 49, 124, 119, 41, 109, 108, 1, 77, 44, 35, 118, 150, 18, 101, 147, 40, 191, 16, 154, 12, 186, 125, 62, 50, 127, 111, 3, 167, 113, 86, 88, 184, 42, 83, 6, 59, 164, 73, 132, 177, 93, 179, 175, 26, 70, 160, 11, 106, 174, 58, 7, 98, 75]
40263

[176, 142, 54, 103, 143, 159, 161, 136, 95, 118, 35, 44, 16, 15, 182, 105, 13, 124, 119, 12, 186, 125, 62, 30, 47, 194, 50, 155, 120, 146, 32, 14, 5, 3, 82, 181, 86, 185, 195, 115, 51, 83, 6, 56, 179, 93, 130, 198, 156, 171, 106, 97, 31, 166, 174, 58, 75, 135, 28, 10, 92, 121, 84, 72, 52, 169, 148, 69, 197, 38, 188, 165, 107, 151, 145, 45, 8, 24, 37, 19, 29, 74, 149, 68, 25, 99, 55, 80, 112, 78, 64, 140, 183, 36, 71, 168, 53, 162, 153, 190]
[158, 139, 102, 76, 104, 17, 23, 152, 170, 87, 22, 21, 192, 134, 18, 150, 91, 101, 199, 129, 43, 147, 40, 191, 77, 154, 1, 108, 109, 41, 63, 81, 127, 111, 65, 144, 132, 167, 113, 59, 164, 73, 177, 34, 60, 70, 11, 173, 0, 94, 7, 98, 96, 90, 128, 27, 157, 2, 141, 122, 9, 67, 110, 189, 116, 39, 193, 66, 196, 4, 131, 61, 100, 126, 123, 187, 178, 46, 172, 138, 114, 79, 180, 133, 48, 85, 137, 20, 89, 160, 26, 175, 33, 57, 163, 42, 88, 117, 184, 49]
39397

[106, 174, 166, 58, 135, 75, 7, 98, 96, 90, 128, 10, 92, 121, 84, 72, 52, 169, 38, 148, 69, 197, 66, 196, 193, 68, 133, 48, 20, 89, 160, 70, 8, 24, 37, 19, 79, 71, 114, 190, 153, 176, 170, 87, 22, 21, 103, 192, 143, 159, 152, 161, 134, 18, 150, 91, 199, 129, 43, 101, 16, 77, 15, 105, 117, 119, 124, 13, 63, 81, 120, 155, 50, 127, 111, 14, 5, 82, 181, 88, 42, 184, 163, 115, 168, 33, 60, 34, 171, 156, 130, 177, 198, 144, 65, 132, 167, 113, 164, 73]
[141, 2, 157, 27, 28, 31, 97, 11, 173, 0, 94, 122, 9, 67, 85, 137, 165, 107, 151, 145, 45, 26, 175, 179, 93, 56, 6, 83, 57, 53, 162, 51, 195, 185, 59, 86, 3, 32, 146, 41, 109, 47, 194, 30, 62, 125, 186, 12, 108, 1, 154, 191, 40, 147, 118, 136, 95, 35, 44, 17, 23, 104, 76, 102, 182, 139, 158, 49, 54, 142, 138, 172, 36, 183, 140, 46, 178, 80, 112, 78, 187, 64, 123, 126, 180, 29, 74, 149, 100, 55, 99, 25, 61, 131, 4, 39, 116, 189, 188, 110]
38734

[55, 99, 25, 100, 149, 74, 29, 79, 19, 71, 114, 176, 142, 170, 103, 143, 152, 23, 17, 95, 136, 150, 101, 147, 186, 125, 62, 30, 47, 194, 50, 155, 120, 81, 146, 127, 111, 14, 32, 5, 3, 82, 63, 13, 15, 104, 54, 163, 49, 184, 42, 88, 164, 73, 65, 144, 177, 93, 179, 175, 60, 156, 171, 34, 26, 33, 168, 145, 45, 24, 8, 160, 70, 106, 174, 96, 90, 128, 27, 157, 10, 92, 121, 141, 122, 94, 0, 151, 37, 137, 85, 110, 189, 116, 39, 66, 196, 4, 131, 61]
[6, 56, 130, 198, 132, 167, 113, 86, 181, 117, 158, 76, 102, 182, 139, 105, 124, 119, 41, 109, 108, 1, 12, 154, 77, 16, 191, 40, 44, 35, 118, 91, 199, 43, 129, 18, 134, 161, 159, 192, 21, 22, 87, 138, 190, 153, 53, 162, 115, 51, 195, 185, 59, 83, 57, 36, 183, 172, 140, 64, 187, 123, 126, 180, 133, 48, 165, 107, 67, 9, 20, 89, 173, 11, 97, 31, 166, 58, 135, 75, 98, 7, 28, 2, 84, 72, 188, 52, 169, 148, 69, 197, 38, 193, 68, 78, 112, 80, 178, 46]
41286

[188, 39, 38, 148, 169, 141, 122, 20, 89, 173, 11, 160, 45, 145, 151, 107, 133, 180, 29, 74, 79, 126, 123, 64, 187, 78, 178, 46, 140, 172, 138, 87, 192, 143, 159, 161, 134, 150, 18, 129, 43, 199, 118, 35, 44, 17, 104, 105, 158, 184, 42, 190, 153, 115, 51, 57, 83, 6, 56, 179, 93, 185, 195, 88, 117, 124, 119, 41, 81, 120, 155, 146, 32, 63, 13, 181, 82, 86, 113, 167, 132, 65, 144, 156, 171, 34, 60, 26, 70, 106, 31, 166, 174, 58, 135, 128, 27, 157, 92, 84]
[16, 191, 40, 147, 101, 91, 136, 95, 23, 152, 76, 102, 182, 139, 49, 163, 54, 103, 21, 22, 170, 142, 176, 162, 53, 114, 168, 71, 36, 183, 37, 19, 112, 80, 55, 99, 61, 25, 100, 149, 68, 48, 85, 137, 165, 9, 67, 110, 189, 116, 193, 131, 4, 196, 66, 197, 69, 52, 72, 121, 10, 2, 90, 96, 75, 98, 7, 28, 97, 94, 0, 8, 24, 33, 175, 177, 130, 198, 73, 164, 59, 3, 5, 14, 111, 127, 50, 194, 47, 30, 62, 186, 125, 109, 108, 1, 15, 77, 12, 154]
39634

[78, 112, 80, 178, 46, 53, 162, 51, 115, 153, 190, 176, 142, 103, 192, 159, 143, 54, 49, 158, 76, 104, 152, 23, 17, 161, 134, 136, 95, 44, 35, 118, 91, 150, 18, 199, 129, 43, 101, 147, 40, 154, 12, 41, 119, 124, 117, 13, 146, 14, 32, 82, 86, 113, 167, 132, 156, 171, 34, 70, 106, 174, 58, 75, 7, 98, 96, 90, 128, 27, 157, 2, 141, 9, 67, 188, 52, 169, 69, 197, 66, 196, 25, 99, 55, 79, 19, 37, 151, 20, 94, 0, 89, 145, 71, 36, 183, 64, 123, 187]
[111, 5, 3, 65, 144, 198, 130, 177, 73, 164, 59, 6, 83, 57, 114, 168, 33, 56, 93, 179, 175, 60, 26, 8, 24, 45, 160, 11, 173, 97, 31, 166, 135, 28, 10, 92, 121, 84, 72, 122, 107, 165, 137, 85, 48, 110, 189, 148, 38, 39, 116, 193, 4, 131, 61, 68, 149, 100, 74, 29, 133, 180, 126, 140, 172, 138, 87, 22, 21, 170, 163, 184, 42, 195, 185, 88, 181, 63, 81, 120, 109, 108, 1, 15, 105, 139, 182, 102, 77, 16, 191, 186, 125, 62, 30, 47, 194, 155, 50, 127]
40086

[102, 104, 17, 44, 15, 154, 77, 16, 35, 118, 134, 192, 143, 103, 54, 163, 49, 158, 184, 117, 13, 63, 124, 119, 109, 47, 30, 194, 50, 155, 120, 146, 32, 82, 181, 88, 42, 195, 51, 114, 71, 123, 178, 80, 112, 126, 133, 48, 85, 137, 165, 67, 110, 68, 61, 131, 4, 196, 66, 116, 189, 188, 72, 84, 121, 92, 10, 157, 27, 128, 90, 2, 141, 122, 107, 151, 145, 160, 11, 97, 31, 166, 135, 58, 174, 106, 70, 26, 175, 60, 34, 171, 156, 198, 130, 179, 93, 73, 59, 185]
[56, 6, 83, 57, 115, 162, 53, 168, 33, 8, 24, 45, 173, 28, 75, 96, 98, 7, 94, 0, 89, 20, 9, 52, 169, 148, 69, 197, 38, 39, 193, 25, 99, 55, 100, 149, 74, 29, 180, 37, 19, 79, 36, 183, 64, 187, 78, 46, 140, 172, 138, 87, 22, 21, 170, 142, 190, 153, 176, 105, 139, 182, 76, 23, 152, 159, 161, 95, 136, 18, 150, 91, 101, 199, 129, 43, 147, 40, 191, 186, 125, 62, 12, 1, 108, 41, 81, 127, 111, 14, 5, 3, 86, 164, 113, 167, 132, 65, 144, 177]
40909

[38, 169, 52, 148, 69, 197, 66, 196, 4, 131, 39, 116, 189, 188, 110, 193, 61, 25, 99, 55, 100, 149, 68, 74, 64, 140, 53, 162, 115, 153, 190, 176, 142, 170, 21, 103, 143, 159, 23, 152, 54, 163, 49, 158, 105, 139, 182, 102, 15, 1, 77, 154, 12, 186, 125, 62, 108, 124, 13, 82, 181, 117, 184, 88, 42, 51, 195, 185, 86, 164, 73, 59, 6, 33, 24, 8, 175, 26, 70, 160, 11, 173, 97, 31, 75, 96, 90, 128, 27, 2, 94, 0, 89, 20, 137, 48, 85, 122, 141, 9]
[134, 192, 22, 87, 138, 172, 46, 178, 80, 112, 78, 187, 126, 123, 183, 36, 71, 114, 57, 83, 168, 45, 145, 107, 165, 151, 37, 19, 79, 29, 180, 133, 67, 72, 84, 121, 92, 10, 157, 98, 7, 28, 135, 58, 166, 174, 106, 34, 171, 156, 60, 179, 93, 56, 177, 130, 198, 144, 65, 132, 167, 113, 3, 5, 32, 14, 111, 127, 146, 81, 63, 119, 41, 109, 120, 155, 50, 194, 47, 30, 191, 40, 147, 101, 43, 129, 199, 91, 118, 35, 16, 44, 104, 76, 17, 161, 95, 136, 150, 18]
38837

[160, 70, 8, 45, 145, 24, 26, 130, 132, 167, 113, 73, 164, 59, 185, 195, 6, 83, 57, 168, 114, 53, 162, 115, 163, 49, 158, 105, 139, 182, 102, 76, 104, 1, 108, 41, 109, 47, 155, 50, 194, 30, 62, 125, 186, 12, 154, 77, 44, 35, 95, 136, 134, 161, 192, 103, 21, 22, 170, 153, 190, 138, 172, 36, 183, 140, 123, 126, 74, 29, 180, 133, 137, 85, 48, 67, 110, 188, 189, 38, 169, 52, 9, 122, 141, 2, 28, 7, 98, 96, 75, 135, 58, 174, 166, 31, 97, 106, 11, 173]
[15, 16, 191, 40, 147, 101, 43, 129, 199, 18, 150, 91, 118, 17, 23, 152, 159, 143, 54, 176, 142, 87, 46, 178, 112, 80, 55, 99, 25, 61, 193, 116, 39, 131, 4, 196, 66, 197, 69, 148, 72, 84, 121, 92, 10, 157, 27, 128, 90, 94, 0, 89, 20, 107, 165, 151, 37, 19, 79, 68, 149, 100, 78, 187, 64, 71, 51, 42, 184, 88, 177, 93, 179, 56, 33, 175, 60, 34, 171, 156, 198, 144, 65, 86, 181, 82, 3, 5, 32, 14, 111, 127, 146, 120, 81, 63, 13, 124, 119, 117]
38581

[108, 1, 154, 12, 125, 186, 191, 40, 147, 43, 129, 199, 101, 118, 44, 17, 23, 152, 159, 192, 143, 54, 76, 15, 41, 119, 124, 13, 81, 120, 146, 127, 111, 14, 32, 5, 3, 65, 144, 132, 167, 56, 33, 175, 26, 70, 106, 28, 7, 96, 90, 128, 27, 157, 2, 141, 9, 67, 110, 39, 38, 148, 69, 197, 66, 196, 4, 131, 193, 61, 25, 126, 187, 78, 112, 80, 178, 46, 183, 36, 71, 114, 190, 153, 53, 162, 115, 51, 57, 83, 6, 185, 195, 42, 88, 117, 105, 139, 182, 102]
[30, 47, 194, 50, 155, 109, 63, 181, 82, 86, 113, 198, 130, 156, 171, 34, 60, 179, 93, 177, 73, 164, 59, 168, 24, 8, 45, 145, 151, 37, 19, 79, 180, 133, 48, 85, 137, 165, 107, 122, 20, 89, 0, 94, 173, 160, 11, 97, 31, 166, 174, 58, 135, 75, 98, 10, 92, 121, 84, 72, 52, 169, 188, 189, 116, 68, 99, 55, 100, 149, 74, 29, 123, 64, 140, 172, 138, 87, 22, 21, 170, 103, 142, 176, 163, 184, 158, 49, 104, 161, 134, 18, 150, 91, 136, 95, 35, 16, 77, 62]
37603

[117, 13, 124, 119, 81, 146, 32, 14, 111, 127, 120, 62, 125, 186, 12, 154, 77, 16, 44, 35, 118, 150, 18, 199, 129, 134, 136, 161, 159, 143, 192, 21, 22, 87, 170, 103, 54, 49, 163, 142, 176, 190, 153, 162, 53, 114, 71, 64, 78, 112, 80, 55, 99, 100, 25, 61, 68, 149, 133, 107, 122, 189, 39, 38, 169, 52, 72, 84, 121, 92, 10, 157, 27, 128, 90, 96, 98, 7, 75, 58, 174, 106, 11, 26, 60, 34, 198, 144, 65, 132, 73, 164, 59, 185, 179, 175, 33, 168, 51, 88]
[31, 166, 135, 28, 2, 141, 9, 188, 148, 69, 197, 66, 196, 4, 131, 193, 116, 110, 67, 48, 85, 137, 165, 37, 19, 79, 180, 29, 74, 126, 123, 187, 178, 46, 140, 183, 36, 172, 138, 115, 42, 184, 158, 105, 139, 182, 102, 76, 104, 152, 23, 17, 95, 91, 101, 43, 147, 40, 191, 30, 194, 50, 155, 47, 109, 108, 1, 15, 41, 63, 181, 82, 5, 3, 167, 113, 86, 195, 57, 83, 6, 56, 93, 177, 130, 156, 171, 70, 160, 8, 24, 45, 145, 151, 20, 89, 0, 94, 173, 97]
39071

[104, 17, 35, 118, 95, 136, 134, 18, 150, 91, 101, 199, 129, 43, 147, 40, 77, 154, 12, 186, 125, 119, 124, 13, 63, 120, 155, 194, 50, 127, 32, 181, 82, 3, 86, 59, 164, 73, 177, 198, 130, 156, 171, 34, 106, 97, 31, 166, 174, 58, 135, 75, 7, 98, 96, 90, 128, 27, 157, 10, 92, 121, 72, 52, 169, 4, 131, 61, 25, 100, 123, 64, 183, 36, 71, 79, 19, 145, 26, 60, 175, 179, 93, 56, 83, 57, 51, 115, 162, 53, 172, 138, 176, 163, 184, 158, 102, 76, 152, 23]
[109, 47, 30, 62, 191, 16, 44, 161, 159, 192, 143, 49, 54, 103, 21, 22, 87, 170, 142, 190, 153, 114, 140, 46, 178, 112, 80, 55, 99, 149, 68, 193, 196, 66, 197, 69, 148, 38, 39, 116, 189, 188, 84, 2, 28, 94, 141, 122, 9, 67, 110, 133, 180, 29, 74, 78, 187, 126, 37, 151, 107, 165, 137, 48, 85, 20, 89, 0, 173, 11, 160, 70, 45, 24, 8, 33, 168, 6, 113, 167, 132, 144, 65, 5, 14, 111, 146, 81, 41, 108, 1, 15, 182, 139, 105, 117, 88, 42, 195, 185]
41064

[21, 22, 170, 87, 138, 172, 140, 183, 36, 53, 162, 176, 163, 49, 158, 117, 184, 195, 185, 57, 83, 6, 33, 122, 9, 67, 48, 133, 180, 29, 100, 55, 99, 196, 66, 84, 121, 92, 10, 98, 75, 106, 70, 26, 34, 171, 60, 175, 179, 93, 56, 177, 130, 156, 198, 144, 65, 132, 167, 113, 73, 164, 59, 86, 3, 5, 32, 146, 14, 111, 127, 50, 155, 194, 30, 62, 47, 120, 81, 109, 41, 13, 124, 119, 108, 1, 76, 104, 17, 23, 152, 54, 143, 159, 134, 18, 150, 118, 35, 95]
[89, 20, 107, 151, 165, 85, 137, 37, 19, 79, 74, 149, 68, 25, 61, 131, 4, 193, 39, 38, 197, 69, 148, 169, 52, 72, 188, 189, 116, 110, 141, 2, 157, 27, 128, 90, 96, 7, 28, 135, 58, 174, 166, 31, 97, 94, 0, 173, 11, 160, 8, 24, 45, 145, 71, 168, 51, 115, 42, 88, 181, 82, 63, 105, 139, 182, 102, 15, 154, 12, 125, 186, 77, 44, 16, 191, 40, 147, 43, 129, 199, 101, 91, 136, 161, 192, 103, 142, 190, 153, 114, 46, 64, 123, 126, 187, 78, 112, 178, 80]
41543

[17, 15, 77, 154, 1, 108, 105, 182, 139, 163, 162, 53, 57, 83, 6, 56, 73, 164, 59, 82, 181, 63, 109, 62, 30, 47, 194, 155, 50, 127, 111, 5, 3, 132, 65, 144, 198, 177, 93, 179, 33, 26, 175, 60, 70, 11, 31, 28, 7, 90, 128, 2, 122, 20, 107, 165, 180, 29, 74, 133, 48, 67, 110, 189, 116, 39, 66, 196, 61, 25, 99, 55, 80, 112, 178, 46, 140, 183, 36, 71, 87, 170, 21, 22, 192, 159, 161, 35, 44, 16, 191, 40, 118, 91, 150, 18, 199, 43, 129, 134]
[34, 171, 156, 130, 167, 113, 86, 88, 185, 195, 51, 115, 42, 184, 158, 117, 13, 32, 14, 146, 120, 81, 124, 119, 41, 12, 125, 186, 147, 101, 136, 95, 23, 152, 143, 103, 54, 104, 76, 102, 49, 142, 176, 153, 190, 138, 172, 114, 168, 24, 8, 45, 160, 173, 97, 94, 0, 89, 145, 151, 85, 137, 37, 19, 79, 126, 123, 64, 187, 78, 100, 149, 68, 193, 131, 4, 38, 197, 69, 148, 169, 52, 188, 9, 141, 72, 84, 121, 92, 10, 157, 27, 96, 98, 75, 135, 58, 166, 174, 106]
41351

[138, 103, 54, 49, 139, 182, 15, 1, 108, 81, 32, 82, 181, 88, 59, 164, 73, 177, 198, 144, 132, 167, 113, 86, 5, 14, 146, 120, 155, 194, 30, 186, 77, 16, 191, 40, 147, 43, 129, 101, 199, 18, 150, 136, 95, 35, 44, 17, 159, 143, 192, 172, 183, 36, 19, 79, 126, 123, 187, 78, 112, 80, 55, 99, 61, 193, 116, 189, 39, 38, 169, 52, 188, 9, 141, 92, 10, 157, 27, 128, 90, 96, 75, 135, 58, 174, 166, 97, 94, 0, 173, 11, 160, 26, 175, 179, 93, 168, 71, 114]
[60, 70, 106, 31, 28, 98, 7, 2, 121, 84, 72, 148, 69, 197, 66, 196, 4, 131, 68, 149, 25, 100, 178, 46, 140, 64, 74, 29, 180, 133, 48, 137, 165, 85, 110, 67, 122, 20, 89, 107, 151, 37, 145, 45, 24, 8, 33, 56, 6, 83, 57, 51, 162, 53, 153, 190, 87, 22, 21, 170, 142, 176, 115, 195, 185, 42, 163, 158, 184, 117, 13, 63, 109, 41, 119, 124, 105, 102, 76, 104, 152, 23, 161, 134, 91, 118, 154, 12, 125, 62, 47, 50, 127, 111, 3, 65, 156, 171, 34, 130]
41218

[174, 166, 58, 75, 98, 7, 28, 135, 31, 97, 106, 160, 70, 26, 60, 34, 171, 156, 130, 198, 144, 65, 177, 93, 179, 175, 37, 36, 71, 168, 6, 83, 57, 51, 195, 88, 184, 49, 158, 117, 181, 63, 32, 14, 111, 127, 50, 30, 125, 186, 16, 191, 40, 147, 43, 129, 199, 18, 150, 91, 118, 35, 44, 95, 136, 161, 159, 143, 176, 190, 153, 162, 53, 114, 138, 172, 46, 187, 123, 126, 78, 112, 178, 80, 55, 99, 193, 197, 69, 148, 38, 188, 67, 165, 151, 107, 20, 89, 94, 0]
[194, 155, 120, 146, 5, 3, 82, 86, 113, 167, 132, 73, 164, 59, 185, 56, 33, 8, 24, 45, 145, 11, 173, 122, 9, 141, 2, 96, 90, 128, 27, 157, 10, 92, 121, 84, 72, 52, 169, 66, 196, 4, 131, 61, 25, 100, 149, 68, 116, 39, 189, 110, 48, 85, 137, 133, 180, 29, 74, 79, 19, 64, 140, 183, 115, 42, 163, 54, 103, 142, 170, 87, 22, 21, 192, 134, 101, 77, 154, 12, 1, 108, 41, 15, 104, 17, 23, 152, 76, 102, 182, 139, 105, 119, 124, 13, 81, 109, 62, 47]
40764

[156, 171, 34, 60, 106, 31, 166, 174, 58, 135, 28, 7, 98, 75, 96, 90, 128, 27, 157, 92, 121, 72, 84, 10, 2, 97, 160, 70, 8, 26, 175, 179, 93, 177, 130, 198, 73, 164, 195, 42, 184, 163, 142, 176, 153, 114, 71, 37, 151, 107, 165, 67, 110, 189, 116, 39, 38, 169, 52, 148, 69, 197, 66, 196, 4, 131, 68, 29, 74, 126, 123, 64, 140, 170, 159, 134, 129, 43, 147, 40, 101, 199, 136, 95, 35, 44, 16, 191, 77, 186, 125, 62, 30, 47, 63, 181, 86, 132, 65, 144]
[138, 190, 53, 162, 115, 51, 57, 83, 6, 56, 167, 113, 59, 185, 88, 117, 105, 13, 124, 119, 41, 81, 146, 32, 82, 3, 5, 14, 111, 127, 50, 194, 155, 120, 109, 108, 12, 154, 1, 15, 104, 17, 118, 91, 150, 18, 161, 23, 152, 76, 102, 182, 139, 158, 49, 54, 103, 143, 192, 21, 22, 87, 46, 178, 80, 112, 78, 187, 100, 149, 25, 99, 55, 61, 193, 188, 9, 122, 141, 94, 0, 173, 11, 89, 20, 137, 85, 48, 133, 180, 79, 19, 145, 45, 24, 33, 168, 36, 183, 172]
40017

[17, 161, 199, 129, 43, 101, 147, 40, 35, 44, 77, 1, 108, 105, 182, 139, 158, 184, 42, 88, 195, 185, 59, 164, 83, 57, 168, 71, 114, 170, 21, 22, 87, 46, 178, 187, 123, 126, 79, 180, 133, 29, 74, 100, 99, 25, 149, 68, 189, 116, 39, 38, 169, 52, 72, 157, 27, 128, 90, 96, 75, 58, 135, 28, 98, 7, 141, 122, 9, 67, 48, 85, 137, 165, 151, 107, 31, 166, 174, 106, 34, 171, 156, 130, 177, 198, 144, 65, 132, 167, 113, 82, 181, 124, 119, 41, 109, 186, 191, 16]
[55, 80, 112, 78, 64, 19, 37, 36, 183, 140, 172, 138, 190, 153, 53, 162, 115, 51, 6, 56, 33, 8, 24, 45, 145, 89, 0, 20, 110, 193, 61, 131, 4, 196, 66, 197, 69, 148, 188, 84, 121, 92, 10, 2, 94, 97, 173, 11, 160, 70, 26, 60, 175, 179, 93, 73, 86, 3, 5, 32, 146, 14, 111, 127, 50, 194, 30, 125, 62, 47, 155, 120, 81, 63, 13, 117, 49, 163, 176, 142, 54, 103, 192, 143, 159, 152, 23, 104, 76, 102, 15, 12, 154, 118, 91, 150, 18, 95, 136, 134]
43079

[53, 162, 51, 195, 88, 181, 63, 13, 124, 119, 117, 105, 182, 102, 139, 158, 49, 163, 176, 190, 138, 172, 87, 170, 142, 103, 21, 22, 192, 152, 23, 161, 150, 18, 199, 91, 136, 95, 17, 104, 76, 15, 1, 108, 194, 50, 155, 120, 146, 127, 111, 14, 5, 3, 167, 132, 65, 144, 198, 130, 177, 70, 160, 89, 20, 122, 141, 188, 52, 169, 148, 38, 39, 189, 116, 193, 25, 149, 100, 99, 55, 80, 178, 112, 78, 74, 29, 79, 19, 37, 180, 133, 110, 67, 9, 107, 151, 145, 45, 168]
[191, 40, 147, 16, 77, 44, 35, 118, 101, 43, 129, 134, 159, 143, 54, 184, 42, 115, 153, 114, 71, 36, 183, 140, 46, 187, 64, 123, 126, 165, 137, 85, 48, 68, 61, 131, 4, 196, 66, 197, 69, 72, 84, 121, 92, 10, 2, 157, 27, 128, 90, 96, 75, 58, 174, 166, 135, 98, 7, 28, 31, 97, 94, 0, 173, 11, 106, 60, 34, 171, 156, 179, 93, 56, 175, 26, 8, 24, 33, 6, 83, 57, 185, 59, 164, 73, 113, 86, 82, 32, 81, 41, 109, 47, 30, 62, 125, 186, 154, 12]
39473

[91, 150, 18, 134, 143, 54, 103, 21, 22, 170, 142, 176, 190, 153, 115, 51, 57, 83, 6, 168, 36, 46, 178, 78, 74, 29, 180, 133, 68, 149, 100, 25, 61, 193, 39, 116, 189, 110, 67, 48, 85, 137, 165, 107, 145, 45, 24, 8, 160, 20, 122, 9, 141, 84, 2, 28, 135, 166, 174, 106, 70, 26, 175, 179, 93, 177, 130, 156, 198, 144, 73, 164, 59, 185, 42, 117, 184, 163, 49, 158, 139, 105, 119, 124, 13, 63, 81, 47, 109, 1, 104, 76, 152, 23, 17, 44, 16, 191, 35, 118]
[41, 108, 15, 102, 182, 181, 82, 3, 88, 86, 113, 167, 132, 65, 171, 34, 60, 33, 56, 195, 162, 53, 114, 71, 79, 19, 37, 151, 89, 0, 94, 173, 11, 97, 31, 58, 75, 7, 98, 96, 90, 128, 27, 157, 10, 92, 121, 72, 188, 52, 169, 148, 69, 197, 38, 66, 196, 4, 131, 99, 55, 80, 112, 187, 126, 123, 64, 140, 183, 172, 138, 87, 192, 159, 161, 95, 136, 101, 199, 129, 43, 147, 40, 77, 154, 12, 186, 125, 62, 30, 194, 50, 155, 120, 127, 111, 14, 5, 32, 146]
39373

[49, 163, 176, 153, 53, 162, 115, 51, 57, 83, 6, 177, 198, 130, 175, 26, 160, 11, 106, 31, 135, 28, 2, 157, 10, 92, 121, 84, 141, 20, 89, 107, 137, 85, 48, 133, 180, 79, 29, 74, 149, 100, 187, 78, 112, 80, 178, 46, 172, 87, 170, 192, 143, 159, 152, 23, 17, 95, 136, 118, 91, 150, 18, 199, 101, 147, 40, 191, 16, 35, 44, 154, 12, 186, 125, 62, 109, 47, 30, 194, 155, 50, 127, 120, 81, 119, 124, 13, 181, 82, 86, 164, 73, 59, 185, 195, 88, 42, 184, 158]
[24, 8, 45, 145, 151, 37, 19, 165, 122, 9, 72, 52, 169, 148, 69, 197, 38, 39, 66, 196, 4, 131, 193, 116, 189, 188, 110, 67, 68, 61, 25, 99, 55, 126, 123, 64, 140, 183, 36, 71, 114, 138, 22, 21, 103, 54, 142, 190, 168, 33, 56, 179, 93, 132, 167, 113, 117, 105, 139, 182, 102, 15, 76, 104, 161, 134, 129, 43, 77, 1, 108, 41, 63, 32, 146, 111, 14, 5, 3, 65, 144, 156, 171, 34, 60, 70, 173, 97, 166, 174, 58, 75, 96, 128, 27, 90, 98, 7, 94, 0]
38950

[48, 85, 137, 122, 141, 10, 92, 121, 84, 72, 52, 169, 148, 69, 197, 38, 188, 110, 189, 116, 39, 193, 66, 196, 4, 131, 61, 25, 99, 55, 80, 178, 46, 172, 87, 170, 21, 22, 192, 159, 76, 104, 17, 161, 134, 199, 129, 43, 101, 118, 95, 35, 44, 77, 154, 12, 186, 125, 62, 30, 47, 194, 155, 50, 127, 120, 81, 63, 184, 42, 6, 56, 93, 33, 162, 53, 114, 168, 24, 8, 70, 106, 97, 28, 98, 7, 94, 0, 89, 173, 11, 160, 45, 145, 37, 19, 79, 29, 180, 133]
[175, 179, 73, 164, 59, 185, 195, 115, 51, 57, 83, 71, 36, 183, 64, 123, 126, 74, 68, 149, 100, 112, 78, 187, 140, 138, 190, 153, 176, 142, 163, 158, 49, 54, 103, 143, 152, 23, 136, 18, 150, 91, 147, 40, 191, 16, 15, 102, 182, 139, 105, 13, 124, 119, 41, 108, 1, 109, 146, 111, 14, 32, 5, 3, 82, 181, 117, 88, 86, 113, 167, 132, 65, 144, 198, 177, 130, 156, 171, 34, 60, 31, 166, 174, 58, 135, 75, 96, 90, 128, 27, 157, 2, 9, 67, 165, 151, 107, 20, 26]
39582

[50, 127, 111, 14, 5, 82, 3, 132, 65, 144, 156, 171, 34, 130, 198, 73, 164, 59, 185, 195, 168, 24, 45, 145, 151, 107, 20, 89, 94, 28, 7, 98, 135, 58, 75, 96, 90, 128, 27, 157, 121, 84, 72, 52, 169, 38, 39, 189, 116, 193, 25, 99, 100, 149, 68, 110, 67, 122, 165, 137, 85, 48, 133, 180, 29, 74, 126, 187, 78, 178, 46, 138, 176, 142, 87, 22, 21, 170, 103, 152, 17, 44, 35, 118, 91, 101, 199, 129, 43, 147, 40, 191, 16, 104, 41, 120, 155, 194, 30, 47]
[190, 153, 163, 54, 143, 192, 159, 134, 18, 150, 136, 95, 161, 23, 76, 102, 158, 49, 42, 184, 117, 105, 139, 182, 15, 124, 13, 119, 108, 1, 77, 154, 12, 186, 125, 62, 109, 81, 146, 32, 63, 181, 88, 86, 113, 167, 177, 93, 179, 175, 60, 106, 70, 160, 11, 173, 0, 97, 31, 174, 166, 2, 10, 92, 141, 9, 188, 148, 69, 197, 66, 196, 4, 131, 61, 55, 80, 112, 64, 123, 79, 19, 37, 8, 26, 33, 56, 6, 83, 57, 51, 115, 162, 53, 114, 172, 140, 183, 71, 36]
40431

[44, 35, 16, 191, 77, 154, 12, 1, 108, 41, 119, 124, 13, 63, 181, 82, 3, 144, 198, 130, 156, 171, 34, 60, 175, 26, 8, 24, 45, 145, 160, 70, 106, 11, 173, 0, 94, 97, 31, 166, 174, 58, 75, 135, 28, 7, 98, 96, 90, 128, 27, 157, 10, 92, 72, 52, 169, 148, 69, 197, 38, 116, 189, 110, 85, 48, 133, 180, 37, 19, 79, 36, 71, 168, 33, 179, 93, 177, 59, 185, 195, 42, 117, 105, 139, 182, 102, 161, 136, 95, 118, 91, 150, 18, 199, 101, 129, 43, 147, 40]
[134, 159, 152, 23, 17, 186, 125, 62, 30, 47, 194, 50, 155, 120, 146, 127, 111, 14, 5, 32, 81, 109, 15, 104, 76, 54, 143, 192, 103, 142, 163, 49, 158, 184, 88, 86, 113, 167, 132, 65, 164, 73, 56, 6, 83, 57, 51, 115, 162, 53, 176, 153, 190, 114, 183, 64, 187, 78, 123, 126, 29, 74, 149, 68, 137, 165, 151, 107, 89, 20, 122, 67, 9, 141, 2, 121, 84, 188, 39, 66, 196, 4, 131, 193, 61, 25, 100, 99, 55, 80, 112, 178, 46, 140, 172, 138, 87, 170, 21, 22]
37272

[13, 124, 119, 41, 108, 1, 12, 154, 15, 182, 139, 102, 76, 104, 77, 16, 44, 35, 118, 147, 101, 136, 95, 17, 23, 152, 103, 54, 163, 42, 51, 195, 185, 59, 164, 73, 6, 83, 57, 168, 37, 19, 183, 140, 64, 123, 126, 100, 55, 99, 25, 68, 48, 67, 9, 110, 39, 196, 66, 197, 69, 148, 38, 72, 121, 92, 10, 157, 7, 28, 2, 141, 122, 20, 0, 94, 97, 106, 26, 175, 56, 93, 179, 171, 156, 130, 198, 144, 65, 3, 5, 82, 181, 63, 32, 14, 146, 50, 127, 111]
[172, 114, 71, 36, 46, 178, 80, 112, 78, 187, 79, 180, 151, 107, 165, 137, 85, 133, 29, 74, 149, 61, 131, 4, 193, 116, 189, 188, 169, 52, 84, 27, 128, 90, 96, 98, 75, 135, 58, 174, 166, 31, 34, 60, 70, 160, 11, 173, 89, 145, 45, 24, 8, 33, 177, 132, 167, 113, 86, 88, 117, 184, 49, 158, 105, 109, 81, 120, 155, 194, 47, 30, 62, 125, 186, 191, 40, 43, 129, 199, 91, 150, 18, 134, 161, 159, 143, 192, 22, 21, 170, 87, 138, 142, 176, 190, 153, 53, 162, 115]
41120

[190, 153, 54, 103, 143, 192, 172, 140, 64, 123, 126, 187, 78, 112, 25, 61, 193, 116, 39, 38, 69, 148, 169, 52, 188, 189, 110, 67, 9, 122, 37, 183, 36, 71, 24, 8, 26, 33, 6, 56, 179, 60, 34, 171, 156, 130, 177, 198, 144, 65, 132, 59, 185, 195, 51, 115, 42, 88, 82, 3, 5, 14, 111, 127, 146, 81, 120, 155, 50, 194, 47, 30, 62, 109, 108, 125, 186, 12, 154, 77, 16, 191, 40, 147, 101, 43, 129, 199, 91, 150, 18, 134, 136, 95, 118, 35, 44, 104, 139, 158]
[197, 72, 121, 84, 141, 2, 10, 92, 157, 27, 128, 90, 96, 98, 7, 28, 135, 75, 58, 174, 166, 31, 106, 97, 94, 0, 173, 11, 160, 89, 20, 107, 151, 145, 45, 70, 175, 93, 73, 164, 167, 113, 86, 181, 32, 63, 13, 124, 119, 41, 1, 15, 17, 161, 159, 152, 23, 76, 102, 182, 105, 117, 184, 49, 163, 176, 142, 170, 21, 22, 87, 138, 114, 53, 162, 57, 83, 168, 19, 79, 46, 178, 80, 55, 99, 100, 149, 74, 29, 180, 133, 165, 137, 85, 48, 68, 131, 4, 196, 66]
39442

[187, 78, 112, 80, 178, 46, 140, 64, 123, 126, 79, 19, 74, 149, 25, 68, 189, 116, 39, 193, 131, 4, 196, 66, 197, 52, 2, 128, 90, 98, 7, 28, 135, 58, 166, 31, 97, 11, 160, 173, 94, 0, 89, 145, 71, 168, 57, 83, 6, 33, 56, 195, 185, 144, 65, 132, 3, 5, 32, 14, 111, 127, 50, 155, 194, 47, 30, 62, 109, 119, 63, 13, 124, 105, 158, 184, 163, 49, 76, 104, 17, 35, 95, 161, 159, 192, 22, 21, 170, 87, 172, 138, 190, 153, 53, 162, 115, 51, 114, 183]
[130, 198, 177, 73, 164, 59, 167, 113, 86, 181, 82, 146, 120, 81, 41, 108, 1, 15, 154, 12, 125, 186, 77, 44, 16, 191, 40, 147, 101, 43, 129, 199, 91, 118, 136, 150, 18, 134, 23, 152, 102, 182, 139, 117, 88, 42, 176, 54, 143, 103, 142, 36, 37, 180, 133, 29, 100, 55, 99, 61, 38, 69, 148, 169, 188, 110, 9, 67, 48, 85, 137, 165, 151, 107, 20, 122, 141, 72, 84, 121, 92, 10, 157, 27, 96, 75, 174, 106, 70, 45, 24, 8, 26, 175, 179, 93, 60, 34, 171, 156]
39689

[151, 37, 19, 79, 48, 85, 137, 165, 107, 20, 89, 0, 97, 106, 31, 28, 166, 174, 58, 135, 75, 7, 98, 96, 90, 128, 27, 121, 84, 72, 52, 169, 148, 69, 197, 38, 39, 188, 189, 116, 193, 61, 25, 99, 55, 100, 149, 68, 29, 74, 126, 123, 64, 140, 183, 36, 71, 114, 53, 162, 153, 190, 87, 170, 103, 54, 76, 104, 154, 109, 41, 108, 1, 15, 102, 49, 158, 184, 163, 115, 51, 6, 56, 93, 177, 132, 65, 144, 198, 130, 156, 171, 34, 60, 175, 33, 24, 145, 45, 8]
[88, 181, 82, 5, 3, 86, 113, 167, 164, 73, 179, 26, 70, 160, 11, 173, 94, 2, 157, 10, 92, 141, 122, 9, 67, 110, 66, 196, 4, 131, 133, 180, 187, 78, 112, 80, 178, 46, 168, 57, 83, 59, 185, 195, 42, 176, 142, 138, 172, 22, 21, 192, 143, 159, 152, 23, 17, 161, 134, 136, 95, 44, 35, 118, 91, 150, 18, 199, 129, 43, 101, 147, 40, 191, 16, 77, 12, 186, 125, 62, 30, 47, 194, 50, 155, 120, 146, 127, 111, 14, 32, 81, 63, 13, 124, 117, 105, 139, 182, 119]
37910

[190, 138, 172, 114, 53, 162, 57, 83, 6, 168, 71, 151, 107, 165, 133, 180, 29, 74, 100, 25, 61, 193, 116, 188, 9, 141, 2, 10, 157, 27, 128, 90, 96, 98, 7, 75, 58, 135, 28, 97, 173, 0, 20, 89, 160, 70, 60, 34, 171, 156, 93, 177, 130, 198, 144, 65, 132, 73, 164, 59, 185, 195, 86, 3, 82, 181, 13, 124, 63, 81, 109, 62, 125, 186, 191, 16, 35, 118, 91, 150, 136, 95, 44, 77, 154, 12, 1, 15, 76, 102, 182, 139, 105, 117, 184, 158, 49, 163, 176, 153]
[50, 155, 120, 146, 32, 127, 111, 14, 5, 167, 113, 88, 42, 115, 51, 36, 183, 79, 19, 37, 145, 45, 24, 8, 33, 56, 179, 175, 26, 11, 106, 174, 166, 31, 94, 122, 137, 85, 48, 67, 110, 189, 39, 38, 169, 84, 92, 121, 72, 52, 148, 69, 197, 66, 196, 4, 131, 68, 149, 99, 55, 80, 178, 112, 78, 187, 126, 123, 64, 140, 46, 87, 22, 21, 170, 142, 54, 103, 192, 143, 159, 152, 23, 104, 17, 161, 134, 18, 199, 129, 43, 101, 147, 40, 108, 119, 41, 47, 30, 194]
39125

[187, 61, 131, 4, 116, 189, 188, 169, 52, 72, 84, 121, 92, 10, 157, 27, 128, 94, 97, 173, 11, 8, 24, 45, 145, 89, 0, 20, 107, 165, 151, 37, 180, 79, 19, 71, 114, 53, 162, 176, 142, 170, 103, 54, 42, 88, 195, 185, 33, 56, 177, 130, 198, 144, 65, 132, 167, 113, 3, 5, 14, 111, 127, 50, 47, 62, 109, 81, 63, 13, 181, 117, 184, 105, 104, 17, 40, 147, 43, 129, 199, 101, 91, 136, 95, 23, 152, 159, 143, 192, 21, 22, 87, 138, 172, 36, 183, 140, 64, 123]
[160, 70, 106, 31, 166, 174, 58, 75, 135, 28, 7, 98, 96, 90, 2, 141, 122, 9, 67, 110, 39, 38, 148, 69, 197, 66, 196, 193, 48, 85, 137, 133, 29, 74, 126, 100, 149, 68, 25, 99, 55, 80, 178, 112, 78, 46, 168, 6, 83, 57, 51, 115, 153, 190, 163, 49, 158, 139, 182, 102, 76, 161, 134, 18, 150, 118, 35, 44, 16, 191, 77, 154, 1, 15, 124, 119, 41, 108, 12, 186, 125, 30, 194, 155, 120, 146, 32, 82, 86, 59, 164, 73, 93, 179, 175, 26, 60, 156, 171, 34]
39723

[71, 36, 183, 64, 187, 123, 126, 149, 61, 131, 4, 196, 66, 39, 116, 193, 68, 133, 180, 48, 137, 85, 110, 67, 9, 122, 141, 2, 7, 98, 28, 135, 58, 166, 31, 97, 173, 94, 0, 89, 20, 107, 165, 151, 145, 45, 60, 34, 171, 156, 144, 65, 132, 167, 113, 3, 5, 14, 111, 146, 32, 81, 120, 47, 30, 62, 125, 186, 16, 191, 40, 147, 43, 101, 18, 150, 136, 95, 35, 44, 104, 76, 23, 152, 159, 143, 54, 102, 158, 49, 163, 142, 176, 115, 51, 162, 53, 114, 168, 33]
[8, 24, 37, 19, 79, 29, 74, 100, 55, 99, 25, 189, 188, 38, 197, 69, 148, 169, 52, 72, 84, 121, 92, 10, 157, 27, 128, 90, 96, 75, 174, 106, 11, 160, 70, 26, 175, 56, 6, 83, 57, 153, 190, 138, 172, 140, 78, 112, 80, 178, 46, 87, 170, 22, 21, 103, 192, 17, 161, 134, 129, 199, 91, 118, 77, 154, 12, 108, 1, 15, 182, 139, 105, 184, 117, 13, 63, 124, 119, 41, 109, 194, 155, 50, 127, 82, 181, 88, 42, 195, 185, 59, 86, 164, 73, 198, 130, 177, 93, 179]
38608

[50, 155, 194, 191, 16, 44, 35, 118, 136, 95, 152, 190, 153, 115, 162, 53, 114, 71, 36, 138, 172, 46, 178, 80, 112, 78, 187, 126, 29, 74, 149, 100, 55, 99, 25, 193, 116, 189, 122, 20, 89, 0, 97, 31, 28, 2, 10, 157, 90, 98, 7, 135, 166, 174, 106, 160, 45, 8, 24, 168, 83, 6, 56, 175, 60, 34, 171, 179, 93, 177, 73, 164, 59, 132, 167, 113, 86, 88, 117, 105, 139, 182, 15, 1, 108, 41, 119, 124, 13, 63, 181, 82, 3, 5, 14, 111, 127, 146, 81, 120]
[57, 51, 185, 195, 42, 184, 158, 102, 76, 104, 17, 23, 49, 163, 176, 142, 170, 87, 22, 21, 103, 54, 143, 192, 159, 161, 134, 18, 150, 91, 199, 129, 43, 101, 147, 40, 77, 154, 12, 186, 125, 62, 30, 47, 109, 32, 65, 144, 198, 130, 156, 58, 75, 96, 128, 27, 92, 121, 84, 72, 52, 169, 148, 69, 197, 38, 39, 66, 196, 4, 131, 61, 68, 133, 180, 79, 123, 64, 140, 183, 19, 37, 145, 151, 107, 165, 137, 85, 48, 67, 110, 188, 9, 141, 94, 173, 11, 70, 26, 33]
40607

[45, 145, 137, 85, 48, 67, 9, 110, 188, 52, 169, 148, 69, 197, 38, 66, 196, 4, 131, 61, 149, 74, 29, 37, 19, 79, 126, 123, 187, 178, 46, 140, 183, 114, 190, 153, 53, 162, 115, 163, 49, 182, 102, 54, 138, 172, 87, 170, 21, 22, 192, 134, 18, 150, 91, 199, 101, 118, 35, 44, 77, 181, 82, 86, 113, 73, 164, 59, 88, 195, 185, 83, 6, 33, 175, 60, 34, 171, 106, 174, 166, 58, 75, 98, 96, 90, 128, 27, 157, 10, 92, 121, 84, 72, 141, 122, 20, 160, 8, 24]
[3, 5, 14, 32, 146, 111, 127, 120, 155, 50, 194, 47, 30, 62, 125, 186, 12, 154, 1, 108, 41, 109, 81, 63, 13, 124, 119, 117, 184, 42, 158, 139, 105, 15, 104, 76, 152, 23, 17, 16, 191, 40, 147, 43, 129, 136, 95, 161, 159, 143, 103, 142, 176, 51, 57, 168, 71, 36, 64, 78, 112, 80, 100, 55, 99, 25, 193, 39, 116, 189, 68, 133, 180, 165, 151, 107, 89, 0, 94, 2, 7, 28, 135, 31, 97, 173, 11, 70, 26, 179, 93, 56, 177, 130, 156, 198, 144, 65, 132, 167]
38688

[40, 147, 101, 43, 129, 199, 91, 150, 18, 134, 143, 54, 142, 190, 114, 57, 83, 6, 33, 168, 71, 36, 183, 140, 64, 123, 126, 187, 78, 112, 80, 55, 99, 25, 61, 131, 4, 193, 39, 116, 189, 110, 68, 149, 133, 180, 79, 19, 37, 151, 107, 165, 137, 85, 48, 67, 9, 122, 20, 89, 0, 94, 28, 7, 98, 135, 166, 174, 106, 70, 179, 93, 56, 73, 164, 59, 185, 195, 88, 42, 184, 117, 119, 124, 13, 63, 120, 155, 50, 194, 47, 30, 62, 154, 104, 23, 17, 44, 16, 191]
[49, 158, 102, 76, 152, 103, 170, 87, 22, 21, 192, 159, 161, 136, 95, 118, 35, 77, 186, 125, 12, 108, 1, 15, 182, 139, 105, 41, 109, 81, 146, 127, 111, 14, 32, 5, 3, 82, 181, 86, 113, 167, 132, 65, 144, 198, 177, 130, 156, 171, 34, 60, 175, 26, 160, 11, 173, 97, 31, 58, 75, 96, 90, 128, 27, 157, 2, 10, 92, 121, 84, 72, 52, 169, 148, 69, 197, 66, 196, 38, 188, 141, 8, 24, 45, 145, 29, 74, 100, 178, 46, 172, 138, 176, 163, 115, 51, 162, 53, 153]
37385

[86, 113, 167, 198, 130, 156, 171, 34, 106, 31, 166, 174, 58, 75, 135, 28, 7, 98, 96, 90, 128, 27, 157, 9, 67, 85, 137, 48, 110, 189, 39, 38, 148, 69, 197, 66, 196, 4, 131, 61, 68, 149, 100, 126, 123, 19, 37, 151, 145, 168, 57, 83, 6, 195, 42, 184, 158, 49, 163, 142, 176, 162, 153, 190, 138, 172, 87, 170, 21, 22, 192, 103, 143, 159, 152, 76, 102, 182, 139, 117, 13, 63, 81, 41, 109, 12, 154, 77, 35, 118, 40, 191, 16, 186, 30, 194, 50, 127, 111, 3]
[72, 84, 121, 92, 10, 2, 94, 97, 173, 11, 160, 70, 26, 60, 93, 179, 175, 8, 45, 24, 33, 56, 177, 144, 65, 132, 73, 164, 59, 185, 88, 181, 82, 5, 14, 32, 146, 120, 155, 47, 62, 125, 147, 101, 43, 129, 134, 161, 136, 150, 18, 199, 91, 95, 44, 1, 108, 119, 124, 105, 15, 104, 17, 23, 54, 115, 51, 53, 114, 71, 36, 183, 140, 64, 187, 46, 80, 178, 78, 112, 55, 99, 25, 74, 29, 79, 180, 133, 193, 116, 169, 52, 188, 165, 107, 20, 89, 0, 122, 141]
40324

[25, 61, 131, 4, 196, 66, 197, 69, 9, 122, 20, 107, 37, 79, 19, 45, 24, 8, 11, 173, 0, 94, 2, 28, 135, 166, 31, 97, 106, 26, 175, 179, 93, 185, 195, 88, 117, 13, 124, 119, 41, 108, 109, 47, 155, 120, 127, 50, 194, 30, 62, 125, 186, 12, 154, 77, 44, 35, 16, 191, 40, 147, 43, 101, 199, 129, 134, 18, 150, 91, 118, 95, 136, 161, 17, 104, 23, 152, 159, 143, 192, 103, 54, 176, 115, 51, 162, 53, 153, 190, 138, 172, 46, 78, 187, 123, 126, 100, 99, 55]
[63, 105, 182, 139, 158, 49, 184, 59, 164, 73, 167, 113, 86, 181, 82, 3, 132, 65, 144, 198, 130, 177, 56, 33, 145, 151, 165, 137, 85, 48, 67, 110, 189, 188, 141, 89, 160, 70, 60, 34, 156, 171, 174, 58, 75, 7, 98, 96, 90, 128, 27, 157, 10, 92, 121, 84, 72, 52, 169, 148, 38, 39, 116, 193, 68, 149, 133, 180, 29, 74, 112, 80, 178, 64, 140, 183, 36, 71, 114, 168, 6, 83, 57, 42, 163, 142, 87, 22, 21, 170, 76, 102, 15, 1, 81, 146, 111, 14, 5, 32]
39179

[114, 36, 183, 140, 64, 123, 126, 79, 19, 180, 133, 29, 74, 149, 100, 25, 68, 110, 188, 72, 84, 121, 92, 10, 28, 135, 31, 97, 173, 94, 0, 89, 70, 26, 60, 34, 171, 156, 130, 179, 93, 177, 198, 144, 65, 132, 167, 113, 3, 5, 146, 120, 155, 50, 194, 47, 30, 62, 108, 1, 15, 16, 191, 40, 147, 101, 43, 129, 199, 18, 150, 136, 161, 17, 104, 23, 152, 76, 102, 182, 139, 105, 184, 117, 181, 82, 88, 42, 115, 153, 190, 138, 172, 87, 22, 21, 192, 143, 103, 170]
[37, 151, 107, 165, 137, 48, 85, 20, 145, 45, 24, 8, 160, 11, 106, 174, 166, 58, 75, 7, 98, 96, 90, 128, 27, 157, 2, 141, 122, 9, 67, 189, 116, 39, 38, 169, 52, 148, 69, 197, 66, 196, 4, 131, 193, 61, 99, 55, 80, 178, 112, 78, 187, 46, 71, 168, 33, 175, 56, 73, 164, 86, 59, 185, 195, 6, 83, 57, 51, 163, 49, 158, 13, 63, 32, 14, 111, 127, 81, 124, 119, 41, 109, 125, 186, 12, 154, 77, 44, 35, 95, 118, 91, 134, 159, 54, 142, 176, 162, 53]
38252

[196, 66, 197, 69, 148, 38, 110, 67, 107, 89, 0, 97, 28, 135, 174, 106, 60, 34, 171, 156, 130, 198, 73, 164, 144, 65, 132, 86, 88, 181, 32, 146, 108, 1, 119, 124, 105, 158, 163, 49, 139, 182, 102, 15, 77, 191, 16, 44, 35, 95, 118, 91, 150, 18, 199, 129, 134, 23, 152, 159, 143, 192, 103, 21, 22, 170, 87, 172, 138, 190, 53, 162, 115, 51, 168, 71, 36, 183, 79, 19, 37, 180, 126, 123, 64, 140, 46, 187, 78, 112, 178, 80, 55, 99, 25, 68, 61, 131, 4, 193]
[177, 167, 113, 59, 185, 195, 42, 184, 117, 82, 3, 5, 14, 111, 127, 50, 194, 155, 120, 81, 63, 13, 41, 109, 47, 30, 62, 125, 186, 12, 154, 40, 147, 43, 101, 136, 161, 17, 104, 76, 54, 142, 176, 153, 114, 57, 83, 6, 33, 8, 24, 45, 145, 151, 165, 137, 85, 48, 133, 29, 74, 100, 149, 189, 116, 39, 169, 52, 188, 9, 141, 122, 20, 94, 2, 84, 72, 121, 92, 10, 157, 27, 128, 90, 96, 98, 7, 75, 58, 166, 31, 173, 11, 160, 70, 26, 175, 56, 179, 93]
38333

[125, 186, 12, 1, 109, 62, 30, 47, 194, 155, 50, 127, 146, 111, 14, 5, 3, 86, 113, 167, 132, 65, 144, 198, 130, 177, 93, 179, 175, 26, 89, 0, 94, 31, 75, 96, 90, 128, 27, 157, 10, 92, 141, 122, 20, 107, 165, 151, 37, 137, 67, 9, 188, 169, 38, 4, 131, 61, 55, 99, 25, 68, 149, 100, 126, 123, 64, 187, 78, 112, 80, 178, 46, 114, 168, 83, 6, 73, 164, 59, 185, 195, 88, 42, 184, 54, 76, 152, 23, 161, 95, 91, 199, 101, 118, 35, 44, 15, 77, 154]
[121, 84, 72, 52, 148, 69, 197, 66, 196, 193, 39, 116, 189, 110, 85, 48, 133, 180, 29, 74, 79, 19, 71, 36, 183, 140, 172, 138, 142, 170, 87, 22, 21, 103, 192, 143, 159, 134, 136, 150, 18, 129, 43, 147, 40, 191, 16, 17, 104, 102, 182, 139, 105, 108, 41, 119, 124, 13, 63, 81, 120, 32, 82, 181, 117, 158, 49, 163, 176, 190, 153, 53, 162, 115, 51, 57, 33, 56, 156, 171, 34, 60, 8, 24, 145, 45, 70, 160, 11, 173, 97, 106, 174, 166, 58, 135, 28, 98, 7, 2]
37745

[189, 110, 67, 9, 122, 0, 89, 20, 137, 165, 107, 151, 145, 71, 36, 64, 123, 126, 187, 78, 178, 140, 172, 138, 142, 176, 153, 190, 114, 168, 6, 83, 57, 53, 162, 115, 51, 42, 184, 158, 102, 104, 161, 17, 15, 1, 108, 109, 81, 146, 32, 181, 88, 195, 185, 59, 167, 132, 65, 144, 198, 130, 177, 93, 179, 175, 60, 156, 171, 34, 26, 8, 24, 45, 70, 160, 11, 173, 97, 94, 90, 128, 27, 157, 10, 92, 141, 188, 38, 39, 116, 193, 68, 149, 100, 74, 29, 79, 19, 37]
[111, 127, 120, 155, 50, 194, 47, 30, 62, 125, 186, 191, 40, 147, 43, 129, 199, 101, 91, 150, 18, 134, 136, 95, 118, 35, 44, 16, 77, 154, 12, 41, 63, 13, 124, 119, 105, 139, 182, 76, 23, 152, 159, 192, 21, 22, 46, 80, 112, 55, 99, 25, 61, 131, 4, 196, 66, 197, 69, 148, 169, 52, 72, 84, 121, 2, 28, 7, 98, 96, 75, 135, 58, 174, 166, 31, 106, 73, 164, 56, 33, 85, 48, 133, 180, 183, 87, 170, 103, 143, 54, 163, 49, 117, 86, 113, 3, 82, 14, 5]
41582

[89, 0, 94, 20, 122, 9, 67, 110, 68, 149, 74, 71, 36, 183, 46, 178, 80, 112, 100, 25, 61, 196, 66, 197, 69, 188, 141, 2, 27, 128, 90, 96, 98, 75, 135, 58, 166, 174, 106, 60, 34, 171, 156, 198, 144, 65, 132, 167, 113, 164, 59, 185, 195, 51, 57, 83, 6, 33, 168, 114, 53, 162, 115, 153, 190, 138, 87, 22, 21, 170, 142, 176, 163, 49, 158, 102, 76, 161, 134, 136, 95, 191, 16, 15, 1, 108, 41, 119, 124, 13, 63, 32, 146, 127, 111, 14, 82, 181, 88, 42]
[120, 155, 50, 194, 47, 30, 62, 125, 186, 40, 147, 101, 43, 129, 199, 18, 150, 91, 118, 35, 44, 77, 154, 12, 109, 81, 117, 184, 105, 139, 182, 104, 17, 23, 152, 159, 192, 143, 54, 103, 172, 140, 64, 123, 126, 187, 78, 55, 99, 131, 4, 193, 116, 189, 39, 38, 148, 169, 52, 72, 84, 121, 92, 10, 157, 7, 28, 31, 97, 173, 11, 160, 70, 45, 145, 151, 107, 165, 137, 85, 48, 133, 180, 29, 79, 19, 37, 24, 8, 26, 175, 56, 179, 93, 130, 177, 73, 86, 3, 5]
39606

[5, 146, 81, 109, 41, 119, 124, 13, 117, 15, 1, 108, 12, 154, 77, 16, 191, 40, 147, 101, 43, 129, 199, 150, 91, 118, 35, 44, 95, 136, 161, 17, 104, 23, 152, 159, 192, 22, 21, 170, 142, 176, 153, 190, 138, 172, 140, 126, 100, 55, 99, 25, 61, 193, 131, 4, 196, 66, 39, 38, 197, 69, 148, 169, 52, 188, 67, 137, 165, 151, 145, 168, 83, 57, 162, 115, 51, 42, 88, 59, 73, 56, 93, 179, 175, 60, 171, 34, 26, 70, 160, 8, 45, 89, 20, 107, 122, 2, 94, 0]
[49, 158, 184, 105, 139, 182, 102, 76, 134, 18, 186, 125, 62, 30, 47, 194, 50, 155, 120, 127, 111, 14, 32, 63, 181, 82, 3, 86, 164, 113, 167, 132, 65, 144, 198, 177, 130, 156, 106, 11, 173, 97, 28, 31, 166, 174, 58, 135, 75, 7, 98, 96, 90, 128, 27, 157, 10, 92, 121, 84, 72, 141, 9, 189, 116, 110, 85, 48, 180, 133, 68, 149, 74, 29, 79, 19, 37, 24, 33, 6, 185, 195, 163, 54, 143, 53, 114, 71, 36, 183, 64, 123, 187, 78, 112, 80, 178, 46, 87, 103]
42074

[173, 11, 106, 34, 171, 156, 130, 198, 144, 65, 5, 14, 111, 127, 146, 32, 117, 158, 49, 182, 139, 105, 41, 109, 108, 1, 154, 15, 102, 76, 104, 23, 17, 16, 191, 40, 147, 43, 129, 199, 101, 118, 91, 150, 18, 134, 159, 143, 192, 22, 21, 170, 142, 176, 190, 153, 115, 195, 185, 73, 177, 93, 179, 60, 175, 33, 26, 70, 160, 89, 165, 137, 85, 48, 37, 19, 79, 183, 140, 180, 133, 131, 4, 196, 66, 197, 38, 189, 188, 110, 67, 9, 122, 141, 94, 28, 7, 98, 31, 97]
[96, 75, 135, 58, 174, 166, 0, 20, 107, 151, 145, 45, 8, 24, 168, 71, 36, 114, 57, 83, 6, 56, 164, 59, 51, 53, 162, 163, 184, 42, 88, 86, 113, 167, 132, 3, 82, 181, 13, 124, 119, 63, 81, 120, 155, 50, 194, 47, 30, 62, 125, 186, 12, 77, 44, 35, 95, 136, 161, 152, 54, 103, 87, 138, 172, 46, 178, 80, 112, 78, 187, 64, 123, 126, 74, 29, 68, 149, 100, 55, 99, 25, 61, 193, 116, 39, 69, 148, 169, 52, 72, 84, 121, 92, 10, 2, 157, 27, 128, 90]
38883

[21, 22, 170, 142, 190, 153, 162, 53, 114, 168, 71, 36, 183, 64, 123, 100, 55, 99, 25, 149, 68, 110, 67, 122, 165, 107, 151, 145, 20, 89, 0, 94, 7, 98, 27, 128, 90, 96, 75, 58, 31, 97, 173, 160, 45, 24, 8, 26, 60, 34, 171, 156, 144, 65, 132, 167, 113, 181, 63, 41, 109, 108, 1, 12, 154, 77, 16, 101, 199, 18, 150, 161, 15, 102, 76, 152, 159, 143, 54, 163, 49, 158, 139, 182, 105, 117, 184, 42, 88, 59, 164, 73, 93, 179, 56, 33, 57, 51, 115, 176]
[92, 10, 157, 2, 28, 135, 166, 174, 106, 11, 70, 175, 130, 198, 177, 6, 83, 195, 185, 86, 3, 5, 82, 13, 124, 119, 81, 32, 14, 111, 127, 146, 120, 155, 50, 194, 47, 30, 62, 125, 186, 191, 40, 147, 43, 129, 134, 136, 95, 91, 118, 35, 44, 17, 104, 23, 192, 103, 87, 138, 172, 140, 46, 178, 80, 112, 78, 187, 126, 74, 29, 180, 79, 19, 37, 137, 85, 48, 133, 61, 193, 131, 4, 196, 66, 197, 38, 39, 116, 189, 188, 9, 141, 84, 121, 72, 52, 169, 148, 69]
39095

[106, 34, 60, 198, 144, 65, 132, 167, 113, 3, 5, 82, 181, 88, 117, 124, 13, 63, 81, 146, 32, 14, 111, 127, 120, 109, 108, 1, 15, 105, 182, 102, 76, 152, 23, 17, 161, 136, 134, 159, 143, 192, 22, 21, 170, 87, 138, 172, 46, 78, 187, 126, 123, 64, 183, 36, 71, 168, 114, 53, 162, 57, 83, 33, 175, 26, 70, 160, 11, 97, 94, 0, 122, 9, 141, 2, 27, 157, 10, 92, 121, 84, 72, 52, 169, 148, 69, 197, 193, 68, 25, 100, 149, 74, 29, 165, 107, 20, 89, 173]
[43, 129, 18, 150, 95, 44, 35, 118, 91, 199, 101, 147, 40, 191, 16, 77, 154, 12, 186, 125, 62, 30, 194, 50, 155, 47, 41, 119, 86, 164, 73, 177, 130, 156, 171, 174, 58, 75, 96, 128, 90, 98, 7, 28, 135, 166, 31, 8, 24, 45, 145, 151, 37, 19, 79, 180, 133, 48, 137, 85, 67, 110, 188, 189, 116, 39, 38, 66, 196, 4, 131, 61, 99, 55, 80, 112, 178, 140, 190, 153, 176, 142, 103, 54, 163, 115, 51, 6, 56, 179, 93, 59, 185, 195, 42, 184, 49, 158, 139, 104]
39630

[110, 48, 133, 180, 79, 19, 37, 137, 85, 165, 122, 9, 169, 52, 72, 84, 121, 92, 157, 27, 128, 90, 96, 75, 98, 7, 28, 135, 58, 174, 166, 31, 97, 173, 11, 106, 26, 175, 179, 93, 73, 164, 32, 14, 111, 127, 146, 120, 81, 63, 13, 105, 139, 182, 102, 15, 118, 199, 101, 43, 129, 18, 150, 134, 161, 159, 143, 192, 170, 87, 142, 176, 163, 184, 88, 42, 190, 153, 162, 53, 57, 83, 6, 56, 33, 168, 71, 36, 183, 64, 123, 187, 78, 112, 178, 80, 55, 99, 68, 193]
[91, 136, 95, 35, 44, 17, 23, 152, 104, 76, 54, 103, 21, 22, 138, 172, 114, 140, 46, 126, 29, 74, 149, 100, 25, 61, 131, 4, 196, 66, 39, 116, 189, 38, 197, 69, 148, 188, 67, 107, 151, 145, 45, 24, 8, 89, 20, 141, 10, 2, 94, 0, 160, 70, 60, 34, 171, 156, 130, 177, 198, 144, 65, 132, 167, 113, 86, 3, 5, 82, 181, 59, 185, 195, 51, 115, 49, 158, 117, 124, 119, 41, 1, 108, 109, 155, 50, 194, 47, 30, 62, 125, 186, 12, 154, 77, 16, 191, 40, 147]
38576

[179, 93, 60, 34, 171, 156, 130, 177, 198, 144, 65, 132, 167, 113, 86, 59, 88, 184, 117, 181, 82, 3, 63, 13, 124, 119, 108, 1, 154, 77, 16, 44, 35, 118, 199, 101, 147, 43, 129, 18, 134, 23, 152, 76, 104, 15, 102, 182, 139, 105, 158, 49, 163, 115, 51, 168, 33, 8, 24, 45, 145, 151, 37, 36, 183, 140, 46, 64, 123, 126, 74, 193, 38, 197, 69, 148, 169, 52, 72, 121, 84, 141, 9, 67, 85, 137, 20, 89, 0, 97, 31, 166, 174, 58, 135, 75, 96, 98, 7, 28]
[83, 57, 6, 164, 73, 56, 175, 26, 70, 160, 106, 11, 173, 94, 2, 90, 128, 27, 157, 10, 92, 122, 107, 165, 48, 110, 188, 189, 116, 39, 66, 196, 4, 131, 61, 68, 149, 100, 25, 99, 55, 80, 178, 112, 78, 187, 29, 133, 180, 79, 19, 71, 114, 172, 138, 190, 153, 53, 162, 176, 142, 54, 103, 170, 87, 22, 21, 192, 143, 159, 17, 161, 95, 136, 150, 91, 40, 191, 12, 186, 125, 62, 30, 47, 194, 155, 50, 127, 111, 14, 5, 32, 146, 120, 81, 109, 41, 42, 195, 185]
38569

[178, 80, 112, 78, 187, 100, 25, 4, 196, 66, 116, 39, 38, 197, 69, 148, 169, 52, 72, 84, 121, 92, 10, 27, 128, 90, 96, 98, 7, 75, 135, 58, 174, 156, 144, 65, 132, 56, 6, 83, 57, 168, 33, 24, 45, 20, 122, 9, 67, 85, 48, 37, 19, 71, 36, 114, 53, 162, 115, 51, 42, 184, 88, 82, 181, 117, 119, 124, 13, 63, 32, 146, 120, 81, 109, 41, 108, 77, 16, 191, 40, 147, 101, 91, 118, 95, 35, 44, 17, 104, 23, 152, 159, 143, 54, 163, 176, 138, 172, 46]
[186, 12, 154, 1, 15, 182, 139, 105, 158, 49, 102, 76, 161, 136, 150, 18, 199, 43, 129, 134, 192, 103, 170, 21, 22, 87, 142, 190, 153, 183, 140, 64, 123, 126, 79, 180, 133, 29, 74, 68, 149, 99, 55, 61, 131, 193, 189, 110, 188, 141, 2, 157, 28, 166, 31, 106, 70, 160, 11, 173, 97, 94, 0, 89, 107, 165, 137, 151, 145, 8, 26, 60, 34, 171, 175, 179, 93, 130, 198, 177, 73, 164, 59, 185, 195, 86, 113, 167, 3, 5, 14, 111, 127, 50, 155, 194, 47, 30, 62, 125]
38596

[182, 102, 15, 154, 77, 44, 95, 161, 17, 23, 152, 159, 143, 192, 103, 142, 190, 36, 183, 140, 64, 123, 100, 55, 99, 25, 131, 4, 196, 66, 38, 197, 69, 148, 52, 169, 39, 189, 110, 67, 9, 122, 141, 2, 157, 27, 128, 90, 96, 98, 75, 174, 106, 34, 171, 156, 130, 198, 177, 93, 179, 175, 8, 24, 45, 89, 0, 20, 165, 85, 48, 137, 19, 168, 33, 6, 83, 57, 185, 195, 42, 88, 86, 132, 144, 65, 3, 5, 14, 111, 146, 63, 13, 117, 184, 163, 49, 158, 105, 139]
[108, 1, 104, 76, 54, 176, 153, 53, 162, 115, 51, 114, 71, 79, 29, 133, 180, 37, 151, 107, 145, 56, 73, 164, 59, 113, 167, 60, 26, 70, 160, 11, 173, 94, 97, 31, 166, 58, 135, 28, 7, 10, 92, 121, 84, 72, 188, 116, 193, 61, 68, 149, 74, 126, 187, 78, 112, 80, 178, 46, 172, 138, 87, 170, 21, 22, 134, 18, 150, 136, 118, 91, 101, 199, 129, 43, 147, 40, 35, 16, 191, 186, 125, 12, 109, 41, 81, 120, 155, 47, 62, 30, 194, 50, 127, 32, 82, 181, 124, 119]
40439

[60, 175, 26, 8, 70, 160, 11, 173, 106, 97, 0, 94, 2, 7, 28, 135, 31, 166, 174, 58, 75, 98, 96, 90, 128, 27, 157, 10, 92, 121, 84, 72, 52, 169, 148, 69, 197, 38, 66, 196, 39, 189, 110, 9, 67, 133, 180, 29, 74, 99, 55, 78, 187, 140, 87, 22, 21, 170, 103, 192, 161, 134, 136, 18, 150, 91, 199, 129, 43, 101, 147, 40, 191, 77, 154, 12, 1, 108, 41, 15, 76, 102, 117, 181, 82, 32, 111, 14, 5, 3, 113, 167, 132, 65, 144, 198, 130, 156, 171, 34]
[49, 158, 139, 182, 105, 119, 124, 13, 63, 81, 120, 146, 127, 50, 155, 194, 30, 47, 109, 62, 125, 186, 16, 44, 35, 118, 95, 17, 104, 23, 152, 159, 143, 54, 163, 184, 88, 86, 164, 73, 59, 185, 195, 42, 115, 51, 57, 83, 6, 168, 33, 56, 177, 93, 179, 24, 45, 145, 89, 20, 122, 141, 188, 116, 193, 4, 131, 61, 25, 68, 149, 100, 112, 80, 178, 46, 172, 138, 142, 176, 190, 153, 162, 53, 114, 71, 36, 183, 64, 123, 126, 79, 19, 37, 151, 107, 165, 85, 48, 137]
38064

[160, 26, 60, 175, 179, 93, 56, 6, 83, 57, 195, 185, 59, 164, 73, 177, 144, 132, 167, 113, 86, 117, 119, 41, 108, 109, 47, 155, 194, 30, 62, 125, 186, 44, 35, 95, 118, 101, 91, 150, 18, 136, 161, 17, 104, 76, 15, 102, 49, 54, 103, 170, 21, 22, 87, 138, 172, 114, 183, 64, 123, 187, 78, 112, 178, 80, 100, 68, 131, 4, 196, 66, 169, 52, 72, 84, 121, 92, 10, 157, 98, 7, 28, 135, 97, 11, 173, 0, 89, 20, 145, 151, 107, 165, 122, 67, 137, 37, 19, 79]
[48, 133, 29, 74, 149, 25, 99, 55, 61, 193, 116, 189, 39, 197, 69, 148, 38, 188, 110, 9, 141, 94, 2, 27, 128, 90, 96, 75, 58, 174, 166, 31, 106, 70, 34, 171, 156, 130, 198, 65, 3, 82, 181, 5, 32, 14, 111, 127, 50, 120, 146, 81, 63, 13, 124, 1, 12, 154, 77, 16, 191, 40, 147, 43, 129, 199, 134, 23, 152, 159, 143, 192, 142, 176, 163, 158, 139, 182, 105, 184, 88, 42, 51, 115, 153, 190, 162, 53, 168, 33, 8, 24, 45, 71, 36, 140, 46, 126, 180, 85]
39552

[183, 36, 71, 79, 74, 29, 133, 180, 19, 37, 151, 107, 165, 137, 85, 48, 110, 67, 9, 122, 141, 94, 0, 89, 20, 145, 45, 24, 8, 6, 83, 57, 51, 115, 176, 142, 163, 105, 139, 182, 102, 15, 76, 104, 17, 95, 91, 118, 44, 1, 108, 109, 120, 127, 111, 146, 32, 14, 5, 3, 82, 181, 185, 59, 164, 73, 179, 175, 26, 70, 160, 173, 11, 106, 97, 28, 96, 90, 128, 27, 10, 92, 121, 72, 52, 169, 148, 69, 197, 38, 39, 193, 68, 149, 25, 100, 112, 80, 178, 46]
[134, 129, 43, 199, 101, 147, 40, 35, 16, 191, 77, 154, 12, 186, 125, 62, 30, 47, 194, 50, 155, 81, 63, 41, 119, 124, 13, 117, 88, 86, 113, 167, 132, 65, 144, 198, 156, 130, 177, 93, 56, 114, 168, 33, 60, 34, 171, 31, 166, 174, 58, 135, 75, 98, 7, 157, 2, 84, 188, 189, 116, 66, 196, 4, 131, 61, 99, 55, 78, 187, 126, 123, 64, 140, 172, 138, 190, 153, 53, 162, 195, 42, 184, 158, 49, 54, 103, 170, 87, 22, 21, 192, 143, 159, 152, 23, 161, 136, 150, 18]
38037

[137, 37, 19, 79, 183, 36, 114, 83, 6, 56, 93, 179, 175, 33, 8, 24, 45, 145, 89, 0, 188, 38, 197, 69, 148, 169, 52, 72, 2, 157, 7, 28, 106, 34, 171, 156, 177, 167, 113, 73, 164, 59, 185, 195, 153, 190, 54, 102, 182, 139, 105, 158, 49, 184, 117, 119, 124, 13, 63, 81, 146, 111, 127, 120, 41, 109, 47, 30, 62, 125, 186, 12, 154, 191, 40, 16, 44, 35, 118, 91, 150, 18, 134, 192, 21, 22, 138, 172, 140, 46, 80, 178, 78, 126, 74, 29, 180, 133, 48, 85]
[103, 170, 87, 142, 176, 53, 162, 115, 51, 57, 168, 71, 64, 123, 187, 112, 55, 99, 100, 149, 68, 25, 61, 131, 4, 196, 66, 193, 39, 116, 189, 110, 67, 9, 165, 151, 107, 20, 122, 141, 84, 121, 92, 10, 27, 128, 90, 96, 98, 75, 135, 58, 174, 166, 31, 97, 94, 173, 11, 160, 70, 26, 60, 130, 198, 144, 65, 132, 86, 3, 5, 14, 50, 194, 155, 32, 82, 181, 88, 42, 163, 76, 15, 108, 1, 77, 147, 101, 43, 129, 199, 136, 95, 161, 17, 104, 23, 152, 159, 143]
39661

[45, 8, 24, 145, 79, 126, 123, 187, 78, 112, 178, 80, 55, 99, 25, 61, 131, 193, 68, 149, 100, 74, 29, 137, 85, 110, 116, 189, 188, 122, 97, 31, 10, 92, 157, 27, 128, 90, 75, 135, 58, 166, 174, 106, 173, 11, 160, 70, 26, 34, 60, 175, 33, 57, 162, 53, 114, 36, 183, 138, 190, 153, 176, 142, 54, 49, 184, 88, 181, 82, 3, 5, 111, 127, 50, 155, 194, 47, 30, 62, 125, 186, 108, 1, 15, 76, 152, 23, 17, 44, 16, 191, 40, 147, 43, 129, 134, 161, 159, 103]
[2, 96, 98, 7, 28, 94, 0, 89, 20, 107, 165, 151, 37, 19, 71, 168, 83, 6, 56, 93, 179, 171, 156, 130, 177, 198, 144, 65, 132, 167, 113, 86, 164, 73, 59, 185, 195, 42, 51, 115, 163, 158, 117, 13, 124, 119, 41, 63, 81, 32, 14, 146, 120, 109, 12, 154, 77, 35, 118, 91, 101, 199, 18, 150, 136, 95, 104, 102, 182, 105, 139, 143, 192, 22, 21, 170, 87, 172, 140, 46, 64, 180, 133, 48, 67, 9, 141, 84, 121, 72, 52, 148, 69, 197, 66, 196, 4, 39, 38, 169]
41426

[14, 5, 3, 132, 65, 156, 171, 34, 60, 26, 70, 106, 174, 166, 31, 28, 135, 58, 75, 7, 98, 96, 90, 128, 72, 52, 169, 148, 69, 197, 38, 39, 189, 110, 67, 9, 137, 165, 107, 151, 45, 8, 24, 145, 37, 19, 79, 180, 133, 29, 74, 112, 78, 64, 36, 114, 153, 190, 142, 176, 162, 53, 83, 6, 185, 195, 88, 42, 163, 139, 182, 102, 15, 76, 152, 23, 104, 17, 161, 134, 150, 18, 129, 199, 118, 35, 44, 16, 77, 1, 108, 41, 119, 81, 109, 194, 155, 50, 127, 111]
[126, 85, 48, 68, 149, 100, 55, 99, 25, 61, 131, 4, 196, 66, 193, 116, 188, 84, 121, 92, 10, 157, 27, 2, 141, 122, 20, 89, 0, 94, 97, 173, 11, 160, 175, 179, 93, 56, 33, 71, 168, 57, 51, 115, 54, 103, 143, 49, 158, 105, 117, 184, 86, 59, 164, 73, 177, 130, 198, 144, 167, 113, 82, 181, 13, 124, 63, 32, 146, 120, 47, 30, 62, 125, 186, 12, 154, 191, 40, 147, 43, 101, 91, 136, 95, 159, 192, 22, 21, 170, 87, 138, 172, 183, 140, 46, 80, 178, 187, 123]
39049

[72, 52, 169, 148, 69, 197, 38, 188, 9, 94, 0, 20, 165, 137, 133, 180, 37, 19, 79, 29, 74, 99, 55, 80, 112, 78, 64, 140, 183, 36, 114, 53, 162, 57, 51, 115, 176, 54, 103, 170, 21, 22, 192, 143, 159, 152, 23, 161, 134, 18, 150, 91, 118, 77, 154, 12, 186, 125, 30, 194, 50, 127, 111, 14, 81, 63, 13, 124, 119, 117, 86, 113, 167, 132, 65, 144, 198, 177, 130, 156, 171, 175, 33, 24, 8, 160, 11, 106, 97, 31, 166, 58, 75, 7, 98, 96, 90, 128, 27, 157]
[85, 122, 141, 84, 121, 92, 10, 2, 28, 135, 174, 34, 60, 26, 70, 173, 89, 45, 145, 107, 151, 71, 168, 83, 6, 56, 179, 93, 73, 164, 59, 185, 195, 42, 88, 181, 82, 3, 5, 32, 146, 120, 155, 47, 62, 109, 41, 108, 1, 15, 16, 191, 40, 147, 101, 43, 129, 199, 136, 95, 35, 44, 17, 104, 76, 102, 182, 139, 105, 184, 158, 49, 163, 153, 190, 142, 87, 138, 172, 46, 178, 187, 123, 126, 100, 149, 68, 25, 61, 131, 4, 196, 66, 193, 39, 116, 189, 110, 67, 48]
38366

[180, 79, 126, 112, 178, 78, 187, 123, 168, 6, 83, 57, 153, 190, 54, 152, 76, 104, 161, 134, 129, 199, 91, 118, 154, 12, 186, 125, 62, 30, 47, 194, 155, 50, 127, 111, 14, 5, 32, 146, 120, 81, 63, 109, 108, 15, 102, 182, 105, 117, 88, 59, 164, 73, 113, 167, 132, 65, 144, 198, 177, 130, 156, 171, 34, 60, 179, 93, 56, 175, 26, 89, 20, 0, 94, 28, 98, 96, 90, 128, 27, 157, 84, 52, 148, 69, 197, 66, 196, 193, 68, 149, 74, 29, 67, 9, 141, 122, 48, 133]
[181, 13, 124, 119, 41, 1, 77, 44, 35, 16, 191, 40, 147, 43, 101, 18, 150, 136, 95, 17, 23, 159, 143, 192, 103, 170, 21, 22, 87, 142, 176, 163, 49, 158, 139, 184, 42, 195, 51, 115, 162, 53, 138, 172, 114, 71, 36, 183, 140, 64, 46, 80, 55, 99, 61, 131, 4, 25, 100, 19, 37, 24, 8, 45, 145, 151, 107, 165, 137, 85, 110, 188, 189, 116, 39, 38, 169, 72, 121, 92, 10, 2, 7, 75, 135, 58, 174, 166, 31, 97, 106, 11, 173, 160, 70, 33, 185, 86, 3, 82]
39144

[77, 1, 108, 30, 194, 50, 155, 109, 41, 119, 124, 117, 88, 59, 164, 73, 177, 198, 130, 156, 171, 106, 75, 96, 90, 128, 27, 157, 2, 94, 20, 107, 165, 151, 37, 19, 79, 137, 85, 48, 67, 110, 52, 169, 39, 189, 116, 193, 4, 131, 61, 55, 80, 46, 140, 172, 138, 190, 153, 162, 176, 142, 170, 87, 22, 21, 103, 54, 163, 51, 57, 83, 6, 33, 26, 56, 185, 195, 49, 76, 104, 17, 161, 134, 129, 199, 101, 43, 147, 40, 191, 16, 44, 35, 118, 95, 136, 18, 150, 91]
[13, 63, 81, 120, 47, 62, 125, 186, 12, 154, 15, 23, 152, 159, 192, 143, 102, 182, 139, 105, 158, 184, 42, 115, 53, 114, 168, 24, 8, 45, 160, 11, 173, 0, 89, 145, 71, 36, 183, 64, 178, 112, 78, 187, 123, 126, 180, 133, 29, 74, 100, 99, 25, 149, 68, 196, 66, 197, 69, 148, 38, 188, 9, 122, 141, 72, 84, 121, 92, 10, 98, 7, 28, 135, 58, 174, 166, 31, 97, 70, 34, 60, 175, 179, 93, 167, 113, 86, 181, 82, 32, 146, 127, 111, 14, 5, 3, 132, 65, 144]
40802

[140, 172, 138, 142, 176, 163, 49, 158, 184, 115, 162, 53, 153, 190, 114, 71, 37, 19, 79, 187, 46, 80, 178, 78, 112, 100, 55, 99, 68, 67, 9, 110, 189, 116, 39, 38, 169, 52, 72, 84, 121, 92, 10, 2, 157, 27, 98, 7, 28, 31, 97, 94, 0, 89, 20, 107, 151, 145, 33, 6, 83, 57, 195, 185, 59, 164, 73, 144, 65, 3, 82, 5, 146, 120, 155, 47, 62, 154, 77, 16, 191, 40, 44, 35, 95, 118, 91, 150, 18, 136, 134, 161, 23, 152, 159, 192, 21, 22, 87, 170]
[186, 125, 30, 194, 50, 127, 111, 14, 32, 63, 181, 86, 113, 167, 132, 177, 198, 130, 156, 171, 34, 60, 179, 93, 56, 175, 26, 24, 45, 8, 70, 160, 11, 173, 106, 174, 166, 58, 135, 75, 96, 90, 128, 141, 122, 165, 180, 133, 137, 85, 48, 188, 148, 69, 197, 66, 196, 4, 131, 193, 61, 25, 149, 74, 29, 126, 123, 64, 183, 36, 168, 51, 42, 88, 117, 124, 13, 81, 109, 12, 1, 108, 41, 119, 15, 182, 105, 139, 102, 54, 103, 143, 76, 104, 17, 199, 129, 43, 101, 147]
40082

[162, 115, 51, 57, 83, 6, 195, 185, 59, 164, 86, 88, 42, 184, 49, 158, 105, 139, 182, 102, 76, 15, 44, 35, 118, 91, 129, 43, 147, 186, 62, 30, 47, 109, 41, 81, 146, 120, 155, 194, 50, 127, 111, 14, 32, 132, 65, 144, 177, 179, 70, 160, 11, 106, 174, 166, 28, 7, 98, 27, 157, 2, 94, 0, 20, 107, 151, 37, 19, 79, 180, 48, 137, 85, 188, 189, 116, 39, 193, 61, 99, 55, 80, 112, 126, 123, 64, 140, 183, 172, 87, 22, 21, 170, 54, 163, 176, 190, 153, 53]
[52, 169, 38, 148, 69, 197, 66, 196, 4, 131, 110, 67, 9, 72, 84, 121, 92, 10, 141, 122, 165, 133, 29, 74, 149, 68, 25, 100, 187, 78, 178, 46, 36, 71, 114, 138, 142, 103, 192, 143, 159, 152, 23, 104, 17, 161, 95, 136, 134, 18, 150, 199, 101, 40, 191, 16, 77, 125, 12, 154, 1, 108, 119, 124, 63, 13, 117, 181, 82, 5, 3, 167, 113, 73, 56, 168, 33, 93, 130, 198, 156, 171, 34, 60, 175, 26, 8, 24, 45, 145, 89, 173, 97, 31, 58, 135, 75, 96, 90, 128]
39634

[127, 111, 14, 146, 81, 41, 108, 1, 15, 117, 184, 42, 115, 51, 57, 179, 93, 177, 132, 65, 144, 198, 130, 156, 171, 34, 60, 106, 0, 94, 31, 166, 135, 28, 98, 96, 90, 128, 27, 157, 10, 92, 121, 84, 72, 69, 197, 66, 196, 4, 131, 193, 116, 189, 110, 68, 25, 99, 100, 149, 74, 29, 133, 48, 85, 137, 165, 33, 168, 71, 36, 183, 64, 187, 46, 172, 138, 22, 192, 103, 54, 143, 159, 134, 18, 199, 101, 129, 43, 147, 40, 191, 16, 77, 30, 47, 194, 50, 155, 120]
[145, 45, 24, 8, 89, 20, 107, 151, 37, 19, 79, 180, 67, 188, 52, 169, 148, 38, 39, 61, 55, 80, 178, 112, 78, 126, 123, 140, 114, 53, 162, 153, 190, 87, 21, 170, 142, 176, 163, 49, 158, 105, 139, 182, 102, 76, 104, 152, 23, 17, 161, 95, 136, 150, 91, 118, 35, 44, 154, 12, 186, 125, 62, 109, 119, 124, 13, 63, 32, 5, 3, 82, 181, 167, 113, 86, 88, 195, 185, 59, 164, 73, 83, 6, 56, 175, 26, 70, 160, 11, 173, 97, 174, 58, 75, 7, 2, 141, 122, 9]
38523

[17, 44, 104, 76, 15, 1, 108, 154, 12, 186, 125, 62, 30, 47, 194, 155, 109, 41, 119, 124, 13, 181, 82, 86, 113, 167, 132, 65, 144, 164, 59, 185, 73, 177, 198, 130, 156, 171, 34, 60, 106, 31, 135, 28, 7, 2, 10, 92, 121, 84, 9, 67, 48, 110, 188, 189, 116, 39, 38, 148, 69, 197, 66, 196, 4, 131, 68, 133, 180, 37, 151, 165, 107, 20, 89, 0, 94, 173, 11, 160, 33, 6, 168, 36, 183, 172, 138, 87, 170, 142, 176, 53, 162, 163, 54, 103, 143, 159, 152, 23]
[150, 18, 91, 118, 95, 136, 134, 161, 192, 22, 21, 190, 153, 114, 71, 79, 19, 145, 45, 24, 8, 141, 122, 85, 137, 29, 74, 126, 123, 64, 140, 46, 178, 80, 112, 78, 187, 100, 149, 25, 99, 55, 61, 193, 169, 52, 72, 157, 27, 128, 90, 96, 98, 75, 58, 174, 166, 97, 70, 26, 175, 179, 93, 56, 83, 57, 51, 115, 195, 42, 88, 3, 5, 14, 111, 127, 50, 120, 146, 32, 81, 63, 117, 184, 49, 158, 105, 139, 182, 102, 77, 191, 16, 35, 40, 147, 101, 43, 129, 199]
39460

[2, 10, 188, 110, 189, 116, 193, 39, 38, 66, 196, 4, 131, 61, 25, 100, 126, 74, 29, 180, 133, 165, 107, 151, 145, 45, 24, 8, 33, 175, 179, 93, 56, 6, 51, 115, 53, 162, 54, 152, 134, 18, 150, 118, 35, 44, 17, 104, 182, 139, 105, 15, 1, 154, 12, 62, 47, 109, 108, 41, 119, 124, 13, 63, 81, 120, 146, 32, 82, 181, 117, 158, 184, 42, 195, 88, 86, 113, 167, 132, 65, 144, 198, 177, 130, 156, 171, 70, 160, 173, 11, 106, 97, 31, 166, 174, 58, 135, 28, 7]
[21, 22, 87, 170, 103, 192, 159, 143, 142, 176, 163, 49, 102, 76, 23, 161, 95, 136, 91, 199, 129, 43, 101, 147, 40, 191, 16, 77, 186, 125, 30, 194, 155, 50, 127, 111, 14, 5, 3, 73, 164, 59, 185, 83, 57, 153, 190, 138, 172, 114, 168, 71, 36, 183, 140, 46, 178, 80, 55, 99, 149, 68, 197, 69, 148, 169, 52, 72, 84, 121, 92, 157, 27, 128, 90, 96, 98, 75, 34, 60, 26, 94, 0, 89, 20, 122, 141, 9, 67, 48, 85, 137, 37, 19, 79, 123, 64, 187, 78, 112]
39425

[71, 168, 6, 83, 57, 51, 115, 162, 53, 153, 190, 176, 163, 142, 192, 143, 159, 152, 23, 17, 16, 77, 154, 12, 186, 125, 62, 30, 109, 108, 15, 182, 139, 105, 117, 181, 5, 3, 82, 88, 59, 164, 73, 177, 156, 171, 34, 60, 179, 93, 56, 33, 70, 106, 174, 58, 75, 96, 98, 7, 135, 166, 94, 0, 89, 20, 165, 137, 85, 48, 68, 189, 169, 52, 148, 69, 197, 38, 39, 116, 193, 4, 131, 61, 55, 99, 25, 149, 100, 112, 80, 178, 78, 187, 140, 183, 36, 172, 138, 114]
[107, 151, 37, 19, 79, 145, 45, 122, 9, 67, 110, 196, 66, 188, 141, 72, 84, 121, 92, 10, 2, 157, 27, 128, 90, 28, 31, 97, 173, 11, 160, 24, 8, 26, 175, 130, 198, 144, 65, 132, 167, 113, 86, 185, 195, 42, 184, 158, 119, 124, 13, 63, 32, 14, 111, 127, 50, 155, 194, 47, 120, 146, 81, 41, 1, 191, 40, 147, 101, 199, 43, 129, 134, 18, 150, 91, 136, 118, 35, 44, 95, 161, 104, 76, 102, 49, 54, 103, 170, 21, 22, 87, 46, 64, 123, 126, 74, 29, 133, 180]
38580

[27, 128, 90, 96, 75, 58, 135, 98, 7, 2, 121, 84, 72, 52, 188, 9, 122, 85, 48, 137, 165, 37, 19, 79, 126, 123, 64, 187, 100, 149, 68, 25, 99, 55, 80, 112, 78, 178, 46, 140, 183, 114, 53, 162, 172, 138, 87, 22, 21, 192, 23, 17, 35, 101, 129, 43, 147, 40, 191, 16, 186, 125, 62, 30, 47, 194, 155, 50, 127, 111, 5, 3, 82, 117, 158, 184, 42, 195, 56, 179, 93, 177, 65, 144, 198, 130, 156, 171, 34, 60, 175, 26, 70, 160, 11, 173, 97, 0, 94, 141]
[148, 169, 92, 10, 157, 28, 31, 166, 174, 106, 89, 20, 107, 151, 145, 45, 24, 8, 33, 6, 83, 185, 59, 164, 73, 132, 167, 113, 86, 88, 181, 32, 14, 146, 120, 109, 81, 63, 13, 124, 119, 41, 108, 1, 12, 154, 77, 44, 95, 136, 118, 91, 199, 150, 18, 134, 161, 159, 143, 103, 170, 142, 54, 152, 76, 104, 15, 102, 182, 139, 105, 49, 163, 176, 190, 153, 115, 51, 57, 168, 71, 36, 74, 29, 180, 133, 67, 110, 189, 116, 39, 193, 61, 131, 4, 196, 66, 38, 69, 197]
38473

[82, 181, 117, 102, 76, 104, 23, 152, 159, 192, 143, 54, 176, 115, 162, 53, 153, 190, 138, 172, 46, 123, 126, 19, 37, 165, 137, 67, 9, 188, 110, 68, 149, 100, 55, 99, 25, 61, 131, 193, 38, 197, 69, 148, 169, 52, 72, 84, 121, 2, 7, 75, 135, 58, 174, 166, 31, 106, 11, 160, 70, 34, 171, 33, 168, 56, 179, 93, 177, 144, 65, 132, 167, 3, 14, 111, 146, 127, 50, 155, 194, 47, 120, 81, 109, 12, 154, 16, 101, 199, 18, 150, 91, 118, 95, 136, 161, 17, 15, 63]
[77, 44, 35, 134, 129, 43, 147, 40, 191, 186, 125, 30, 62, 1, 108, 41, 119, 124, 13, 105, 139, 182, 49, 158, 184, 42, 163, 103, 21, 22, 87, 170, 142, 114, 71, 36, 183, 140, 64, 187, 78, 112, 178, 80, 4, 196, 66, 39, 116, 189, 74, 29, 79, 180, 133, 48, 85, 122, 141, 92, 10, 157, 27, 128, 90, 96, 98, 28, 97, 173, 94, 0, 89, 20, 107, 151, 145, 45, 24, 8, 26, 60, 175, 6, 83, 57, 51, 195, 185, 59, 164, 73, 130, 156, 198, 113, 86, 88, 5, 32]
41382

[15, 17, 23, 104, 76, 102, 184, 42, 6, 83, 57, 71, 36, 183, 126, 74, 29, 133, 188, 52, 72, 84, 121, 92, 10, 2, 157, 27, 96, 98, 75, 58, 174, 106, 160, 11, 173, 0, 94, 141, 122, 20, 107, 165, 37, 151, 145, 45, 24, 8, 60, 34, 171, 156, 130, 177, 198, 144, 65, 132, 59, 185, 195, 88, 117, 1, 108, 41, 119, 124, 13, 181, 82, 32, 127, 50, 155, 194, 30, 47, 120, 109, 62, 125, 186, 12, 154, 77, 16, 191, 40, 147, 43, 101, 199, 91, 118, 95, 35, 44]
[129, 134, 159, 192, 22, 21, 170, 87, 138, 172, 114, 140, 64, 123, 187, 46, 80, 178, 78, 112, 55, 99, 100, 149, 68, 25, 61, 131, 4, 196, 66, 197, 69, 148, 169, 38, 39, 193, 116, 189, 110, 67, 9, 128, 90, 7, 28, 135, 166, 31, 97, 89, 137, 85, 48, 180, 79, 19, 168, 33, 70, 26, 175, 179, 93, 56, 73, 164, 167, 113, 86, 3, 5, 14, 111, 146, 81, 63, 105, 182, 139, 158, 49, 163, 176, 115, 51, 162, 53, 153, 190, 142, 54, 103, 143, 152, 161, 136, 18, 150]
39184

[125, 186, 191, 16, 91, 18, 150, 118, 35, 44, 77, 154, 12, 1, 15, 117, 158, 49, 184, 42, 185, 195, 163, 176, 142, 54, 152, 159, 143, 192, 21, 22, 172, 46, 187, 78, 112, 178, 80, 55, 99, 193, 116, 189, 169, 52, 188, 110, 67, 107, 151, 145, 45, 8, 24, 114, 190, 153, 53, 162, 115, 51, 57, 33, 26, 160, 173, 0, 94, 2, 157, 27, 128, 90, 96, 98, 7, 75, 58, 31, 11, 70, 34, 171, 60, 175, 179, 93, 56, 177, 167, 113, 86, 88, 82, 181, 124, 119, 108, 62]
[37, 165, 137, 85, 48, 133, 180, 29, 68, 149, 100, 25, 61, 131, 4, 196, 66, 39, 38, 197, 69, 148, 72, 84, 121, 92, 10, 141, 9, 122, 20, 89, 97, 28, 135, 166, 174, 106, 156, 130, 198, 144, 65, 132, 73, 164, 59, 3, 5, 32, 63, 13, 41, 109, 81, 120, 146, 14, 111, 127, 50, 155, 194, 47, 30, 40, 147, 43, 101, 199, 129, 134, 136, 95, 161, 17, 23, 104, 76, 102, 182, 105, 139, 103, 170, 87, 138, 140, 64, 123, 126, 74, 79, 19, 183, 36, 71, 168, 6, 83]
41080

[96, 90, 128, 27, 157, 72, 52, 169, 148, 69, 197, 38, 188, 189, 116, 39, 193, 61, 55, 99, 68, 48, 137, 165, 20, 107, 151, 37, 180, 133, 29, 74, 78, 112, 80, 178, 46, 172, 138, 87, 170, 21, 22, 192, 159, 161, 134, 129, 18, 150, 136, 95, 35, 44, 16, 77, 154, 12, 186, 125, 108, 1, 15, 54, 142, 176, 51, 57, 83, 6, 168, 8, 33, 56, 179, 93, 177, 167, 113, 86, 181, 82, 32, 111, 14, 5, 3, 132, 65, 144, 198, 130, 156, 171, 34, 70, 11, 106, 174, 75]
[13, 124, 119, 117, 184, 163, 42, 88, 195, 185, 59, 164, 73, 60, 175, 26, 160, 173, 97, 31, 166, 58, 135, 98, 7, 28, 94, 0, 89, 122, 141, 2, 10, 92, 121, 84, 9, 67, 85, 110, 66, 196, 4, 131, 25, 100, 149, 79, 19, 145, 45, 24, 71, 36, 64, 123, 126, 187, 140, 183, 114, 53, 162, 115, 153, 190, 103, 143, 152, 23, 49, 158, 105, 139, 182, 102, 76, 104, 17, 118, 91, 199, 101, 43, 147, 40, 191, 62, 109, 41, 81, 120, 47, 30, 194, 155, 50, 127, 146, 63]
40413

[73, 164, 59, 83, 57, 114, 172, 138, 176, 163, 49, 105, 139, 182, 102, 76, 104, 17, 118, 101, 43, 147, 40, 191, 154, 109, 120, 127, 111, 14, 81, 41, 119, 124, 13, 63, 181, 82, 3, 86, 113, 167, 132, 65, 144, 198, 130, 156, 171, 177, 93, 179, 56, 33, 175, 60, 34, 106, 174, 58, 75, 96, 90, 128, 27, 157, 2, 10, 92, 121, 84, 72, 52, 148, 69, 197, 38, 39, 66, 196, 4, 131, 193, 61, 55, 80, 46, 178, 112, 78, 187, 123, 126, 74, 29, 180, 79, 19, 37, 145]
[149, 68, 110, 189, 116, 169, 188, 9, 67, 133, 48, 85, 137, 165, 151, 107, 20, 89, 0, 122, 141, 28, 7, 98, 135, 166, 31, 97, 94, 173, 11, 160, 70, 26, 8, 45, 24, 6, 185, 195, 88, 42, 184, 158, 117, 5, 32, 146, 50, 155, 194, 47, 30, 62, 125, 186, 12, 108, 1, 15, 77, 16, 44, 35, 95, 136, 91, 199, 129, 18, 150, 134, 161, 23, 152, 159, 143, 54, 103, 192, 21, 22, 87, 170, 142, 190, 153, 53, 162, 115, 51, 168, 71, 36, 183, 140, 64, 100, 99, 25]
38329

[138, 172, 140, 64, 123, 126, 100, 149, 25, 99, 55, 61, 131, 4, 196, 66, 197, 69, 148, 39, 189, 116, 193, 68, 180, 145, 45, 20, 122, 141, 92, 10, 157, 27, 128, 90, 96, 98, 7, 75, 174, 106, 60, 34, 171, 156, 130, 198, 144, 65, 132, 167, 113, 86, 3, 14, 111, 127, 50, 194, 30, 125, 186, 40, 147, 43, 129, 199, 101, 44, 104, 76, 15, 102, 158, 49, 163, 195, 185, 59, 164, 73, 177, 93, 179, 56, 8, 24, 6, 83, 57, 51, 115, 162, 53, 153, 190, 176, 142, 170]
[175, 33, 168, 114, 42, 88, 184, 139, 182, 105, 117, 181, 82, 5, 32, 146, 81, 63, 13, 124, 119, 41, 108, 109, 120, 155, 47, 62, 12, 154, 1, 77, 191, 16, 35, 118, 91, 150, 18, 134, 136, 95, 161, 17, 23, 152, 159, 143, 54, 103, 192, 21, 22, 87, 46, 178, 80, 112, 78, 187, 183, 36, 71, 151, 107, 165, 137, 85, 48, 37, 19, 79, 74, 29, 133, 67, 9, 110, 188, 38, 169, 52, 72, 84, 121, 2, 28, 135, 58, 166, 31, 97, 94, 0, 89, 173, 11, 160, 70, 26]
38259

[54, 143, 103, 142, 176, 153, 190, 138, 87, 170, 21, 22, 192, 159, 95, 136, 199, 101, 91, 118, 35, 44, 154, 12, 186, 125, 109, 127, 111, 32, 63, 13, 41, 108, 15, 104, 23, 152, 76, 102, 182, 139, 105, 184, 86, 113, 167, 132, 65, 144, 198, 177, 93, 56, 6, 83, 33, 24, 45, 145, 151, 180, 133, 89, 31, 166, 174, 58, 135, 28, 7, 98, 75, 96, 90, 128, 27, 157, 72, 52, 197, 66, 196, 4, 68, 126, 123, 64, 187, 78, 112, 80, 178, 46, 140, 172, 114, 183, 36, 71]
[69, 148, 38, 39, 116, 193, 131, 61, 25, 99, 55, 100, 149, 74, 29, 79, 19, 37, 168, 57, 51, 53, 162, 115, 42, 163, 49, 158, 117, 124, 119, 1, 77, 17, 161, 134, 150, 18, 129, 43, 147, 40, 191, 16, 62, 30, 47, 194, 50, 155, 120, 81, 146, 14, 5, 3, 82, 181, 88, 195, 185, 59, 164, 73, 130, 156, 171, 34, 60, 179, 175, 26, 8, 70, 160, 11, 106, 97, 173, 0, 94, 2, 10, 92, 121, 84, 141, 122, 20, 107, 165, 137, 85, 48, 67, 9, 110, 189, 188, 169]
39401

[2, 10, 92, 121, 84, 72, 52, 169, 148, 69, 197, 38, 39, 66, 196, 4, 131, 193, 116, 189, 188, 110, 67, 48, 85, 137, 165, 37, 180, 133, 29, 149, 68, 61, 25, 99, 55, 100, 126, 123, 64, 172, 87, 22, 21, 192, 103, 49, 105, 139, 182, 76, 161, 134, 129, 43, 147, 40, 191, 16, 77, 186, 125, 47, 120, 146, 127, 111, 14, 5, 82, 181, 86, 177, 93, 179, 56, 33, 6, 83, 57, 168, 36, 71, 24, 8, 175, 60, 26, 70, 160, 11, 106, 174, 166, 135, 90, 128, 27, 157]
[167, 113, 73, 164, 59, 185, 195, 51, 115, 162, 53, 153, 190, 138, 114, 183, 140, 46, 178, 80, 112, 78, 187, 74, 79, 19, 151, 107, 122, 9, 141, 20, 0, 94, 28, 7, 98, 96, 75, 58, 31, 97, 173, 89, 145, 45, 34, 171, 156, 130, 198, 144, 65, 132, 3, 32, 81, 155, 50, 194, 30, 62, 12, 154, 15, 1, 108, 109, 41, 119, 124, 63, 13, 117, 88, 42, 184, 158, 102, 104, 17, 44, 35, 118, 91, 101, 199, 18, 150, 136, 95, 23, 152, 159, 143, 54, 163, 176, 142, 170]
39460

[127, 12, 40, 147, 101, 43, 129, 134, 161, 17, 104, 23, 152, 54, 176, 163, 49, 158, 42, 195, 185, 168, 114, 71, 36, 183, 140, 46, 178, 78, 187, 64, 123, 126, 100, 55, 99, 25, 61, 193, 131, 4, 196, 66, 197, 69, 148, 38, 39, 116, 189, 67, 9, 122, 137, 85, 48, 133, 180, 29, 74, 79, 165, 107, 20, 141, 2, 157, 27, 128, 90, 96, 75, 58, 31, 97, 94, 0, 173, 11, 160, 70, 8, 45, 24, 33, 179, 177, 130, 198, 144, 65, 132, 3, 82, 5, 32, 146, 111, 14]
[15, 1, 108, 154, 77, 16, 44, 35, 95, 136, 150, 18, 199, 91, 118, 191, 186, 125, 62, 30, 194, 50, 155, 120, 47, 109, 41, 81, 63, 13, 124, 119, 105, 139, 182, 102, 76, 159, 143, 192, 103, 170, 21, 22, 87, 142, 138, 172, 80, 112, 149, 68, 110, 188, 169, 52, 72, 84, 121, 92, 10, 98, 7, 28, 135, 166, 174, 106, 89, 151, 37, 19, 145, 26, 175, 60, 34, 171, 156, 93, 56, 6, 83, 57, 51, 115, 162, 53, 153, 190, 184, 117, 88, 59, 164, 73, 167, 113, 86, 181]
39590

[85, 48, 110, 67, 122, 20, 0, 94, 2, 27, 128, 90, 96, 98, 75, 135, 58, 174, 166, 31, 106, 173, 11, 160, 70, 34, 171, 60, 26, 8, 24, 45, 145, 79, 126, 123, 64, 140, 183, 51, 57, 83, 6, 59, 86, 82, 3, 5, 14, 111, 127, 50, 155, 194, 81, 109, 41, 108, 1, 15, 12, 154, 77, 191, 40, 147, 43, 129, 199, 101, 91, 136, 95, 17, 104, 182, 139, 105, 117, 184, 158, 163, 153, 190, 172, 46, 178, 80, 112, 78, 187, 100, 55, 99, 25, 149, 74, 29, 180, 133]
[61, 131, 4, 196, 66, 193, 68, 137, 165, 107, 151, 37, 19, 71, 36, 114, 138, 87, 170, 21, 22, 192, 103, 54, 142, 176, 53, 162, 115, 49, 102, 76, 152, 143, 159, 23, 161, 134, 18, 150, 118, 35, 44, 16, 186, 125, 62, 30, 47, 120, 146, 32, 63, 119, 124, 13, 181, 88, 42, 195, 185, 164, 73, 113, 167, 132, 65, 144, 198, 177, 130, 156, 175, 179, 93, 56, 33, 168, 89, 97, 28, 7, 157, 10, 92, 121, 84, 72, 141, 9, 188, 189, 116, 169, 52, 148, 69, 197, 38, 39]
39081

[190, 153, 162, 51, 57, 83, 6, 168, 33, 8, 26, 175, 56, 93, 179, 60, 34, 171, 156, 130, 177, 73, 164, 59, 185, 195, 88, 5, 111, 127, 50, 194, 155, 120, 81, 13, 117, 105, 139, 182, 161, 95, 136, 91, 150, 18, 134, 192, 22, 87, 138, 172, 140, 46, 80, 178, 78, 112, 55, 99, 25, 61, 193, 116, 189, 39, 38, 69, 148, 188, 9, 122, 141, 72, 84, 121, 92, 10, 157, 27, 128, 90, 96, 98, 7, 75, 58, 174, 166, 97, 173, 89, 107, 151, 165, 137, 85, 20, 94, 0]
[30, 62, 109, 41, 119, 124, 15, 1, 108, 125, 186, 12, 154, 77, 44, 16, 191, 40, 147, 101, 43, 129, 199, 118, 35, 17, 104, 102, 76, 23, 152, 159, 143, 54, 103, 21, 170, 142, 176, 163, 49, 158, 184, 42, 115, 53, 114, 71, 36, 183, 64, 187, 123, 126, 79, 19, 24, 45, 145, 37, 180, 133, 29, 74, 100, 149, 68, 48, 67, 110, 131, 4, 196, 66, 197, 169, 52, 2, 28, 135, 31, 106, 11, 160, 70, 198, 144, 65, 132, 167, 113, 86, 3, 82, 181, 63, 32, 14, 146, 47]
40315

[26, 175, 179, 60, 34, 171, 156, 198, 144, 65, 132, 167, 113, 3, 5, 14, 146, 81, 120, 155, 194, 47, 62, 109, 41, 108, 1, 154, 15, 76, 104, 44, 95, 136, 150, 18, 161, 17, 23, 152, 159, 143, 54, 103, 192, 22, 21, 170, 87, 114, 53, 162, 115, 51, 195, 6, 83, 57, 168, 71, 36, 183, 140, 64, 123, 126, 187, 78, 112, 80, 55, 99, 149, 68, 74, 29, 79, 19, 180, 133, 110, 189, 39, 38, 197, 69, 148, 188, 9, 141, 92, 10, 157, 98, 7, 28, 135, 166, 174, 106]
[82, 181, 13, 124, 119, 63, 32, 111, 127, 50, 30, 125, 186, 12, 77, 16, 191, 40, 35, 118, 91, 101, 147, 43, 129, 199, 134, 102, 49, 158, 139, 182, 105, 117, 88, 42, 185, 59, 86, 164, 73, 177, 130, 93, 56, 33, 8, 24, 145, 45, 70, 160, 11, 173, 97, 31, 58, 75, 96, 90, 128, 27, 2, 94, 0, 89, 20, 122, 107, 151, 37, 165, 137, 85, 48, 67, 84, 121, 72, 52, 169, 116, 193, 66, 196, 4, 131, 61, 25, 100, 178, 46, 172, 138, 190, 153, 176, 142, 163, 184]
38289

[183, 140, 46, 178, 80, 112, 78, 187, 64, 123, 126, 74, 29, 133, 48, 85, 137, 180, 79, 19, 37, 24, 8, 45, 89, 0, 20, 122, 141, 9, 67, 110, 169, 52, 72, 121, 92, 10, 2, 157, 27, 128, 90, 96, 75, 135, 58, 174, 166, 31, 97, 173, 11, 106, 34, 171, 156, 93, 56, 59, 185, 195, 42, 184, 88, 181, 117, 139, 182, 102, 15, 1, 108, 41, 109, 120, 155, 194, 47, 12, 154, 77, 16, 191, 40, 147, 43, 134, 159, 192, 22, 21, 170, 87, 138, 172, 114, 168, 71, 36]
[26, 70, 160, 94, 28, 98, 7, 84, 188, 189, 116, 39, 38, 148, 69, 197, 66, 196, 4, 131, 193, 61, 25, 99, 55, 100, 149, 68, 165, 107, 151, 145, 33, 6, 83, 57, 53, 162, 153, 190, 176, 142, 54, 103, 143, 152, 23, 76, 104, 17, 161, 95, 136, 150, 18, 129, 199, 101, 91, 118, 35, 44, 186, 125, 62, 30, 50, 127, 111, 146, 81, 32, 14, 5, 3, 82, 63, 13, 124, 119, 105, 158, 49, 163, 115, 51, 73, 164, 86, 113, 167, 132, 65, 144, 198, 130, 177, 179, 175, 60]
36992

[71, 172, 138, 87, 170, 22, 21, 103, 192, 143, 159, 152, 23, 161, 134, 136, 95, 118, 147, 40, 191, 16, 44, 17, 104, 76, 102, 124, 119, 41, 109, 47, 194, 155, 50, 127, 5, 3, 88, 42, 51, 115, 162, 57, 83, 164, 73, 175, 60, 34, 156, 171, 106, 174, 166, 31, 97, 94, 0, 173, 11, 160, 70, 26, 8, 24, 45, 145, 89, 20, 10, 92, 121, 84, 72, 52, 169, 188, 116, 4, 131, 193, 110, 67, 133, 180, 29, 74, 149, 68, 61, 25, 99, 55, 100, 126, 123, 64, 183, 36]
[15, 182, 139, 105, 117, 184, 158, 49, 163, 54, 142, 176, 190, 153, 53, 114, 140, 46, 178, 80, 112, 78, 187, 79, 19, 37, 165, 137, 85, 48, 189, 39, 196, 66, 38, 197, 69, 148, 157, 27, 128, 90, 96, 75, 58, 135, 28, 98, 7, 2, 141, 9, 122, 107, 151, 33, 168, 6, 56, 179, 93, 177, 130, 198, 144, 65, 132, 167, 113, 59, 185, 195, 86, 82, 181, 13, 63, 32, 14, 111, 146, 120, 81, 108, 154, 12, 62, 30, 125, 186, 101, 199, 43, 129, 18, 150, 91, 35, 77, 1]
40375

[112, 178, 78, 183, 36, 71, 74, 29, 37, 151, 107, 20, 89, 0, 94, 2, 27, 128, 90, 28, 31, 106, 11, 173, 160, 70, 34, 171, 60, 93, 177, 130, 156, 198, 144, 65, 132, 167, 113, 88, 32, 146, 50, 155, 194, 47, 30, 62, 125, 186, 12, 154, 77, 191, 40, 147, 16, 44, 35, 118, 91, 150, 18, 199, 101, 43, 129, 134, 136, 95, 161, 159, 152, 23, 17, 104, 76, 15, 139, 158, 49, 184, 163, 115, 51, 42, 195, 185, 57, 168, 53, 162, 153, 190, 176, 142, 103, 172, 46, 80]
[68, 149, 100, 55, 99, 25, 61, 193, 131, 4, 196, 66, 197, 69, 148, 52, 169, 38, 39, 116, 189, 188, 110, 67, 9, 141, 72, 84, 121, 92, 10, 157, 7, 98, 96, 75, 135, 58, 174, 166, 97, 122, 165, 137, 85, 48, 79, 19, 145, 45, 24, 8, 26, 175, 179, 56, 33, 6, 83, 59, 73, 164, 86, 3, 5, 14, 111, 127, 120, 81, 109, 1, 108, 41, 119, 124, 13, 63, 82, 181, 117, 105, 182, 102, 54, 143, 192, 22, 21, 170, 87, 138, 114, 140, 64, 187, 123, 126, 180, 133]
37627

[72, 84, 188, 52, 169, 69, 197, 66, 196, 4, 131, 61, 68, 149, 126, 123, 78, 187, 64, 140, 114, 53, 153, 176, 54, 103, 21, 22, 192, 143, 159, 152, 23, 76, 104, 17, 44, 35, 16, 77, 154, 1, 108, 12, 186, 125, 62, 47, 50, 127, 111, 14, 5, 32, 146, 81, 109, 41, 119, 124, 13, 117, 184, 195, 185, 59, 73, 164, 86, 113, 167, 132, 65, 144, 198, 130, 177, 56, 93, 179, 175, 156, 171, 34, 60, 26, 45, 145, 89, 0, 94, 28, 7, 98, 90, 128, 27, 10, 121, 92]
[180, 29, 74, 100, 55, 99, 25, 193, 116, 39, 38, 148, 189, 110, 67, 9, 141, 2, 157, 96, 75, 135, 58, 174, 166, 31, 97, 106, 70, 33, 6, 83, 57, 162, 115, 51, 42, 88, 3, 82, 181, 63, 120, 155, 194, 30, 191, 40, 147, 101, 43, 129, 134, 18, 150, 199, 91, 118, 95, 136, 161, 15, 102, 182, 139, 105, 158, 49, 163, 142, 170, 87, 190, 138, 172, 46, 178, 80, 112, 183, 36, 71, 168, 24, 8, 160, 11, 173, 20, 122, 165, 107, 151, 37, 19, 79, 137, 85, 48, 133]
38273

[44, 35, 95, 136, 18, 150, 91, 101, 43, 129, 199, 134, 161, 159, 143, 192, 103, 54, 163, 115, 162, 53, 153, 114, 183, 140, 64, 6, 56, 33, 145, 137, 85, 48, 67, 133, 180, 19, 79, 29, 74, 126, 78, 112, 55, 99, 100, 149, 68, 25, 61, 131, 4, 196, 66, 193, 116, 189, 39, 197, 69, 148, 141, 94, 28, 7, 135, 106, 26, 175, 73, 164, 59, 185, 88, 117, 184, 158, 139, 182, 105, 119, 124, 13, 63, 81, 146, 32, 181, 82, 3, 5, 14, 111, 127, 50, 194, 155, 120, 41]
[20, 122, 9, 110, 188, 38, 169, 52, 72, 84, 121, 92, 10, 2, 157, 27, 128, 90, 96, 98, 75, 58, 174, 166, 31, 97, 173, 11, 160, 0, 89, 45, 8, 24, 168, 71, 36, 151, 107, 165, 37, 123, 187, 178, 80, 46, 172, 138, 87, 22, 21, 170, 190, 176, 142, 152, 23, 17, 118, 147, 40, 191, 16, 77, 154, 12, 186, 125, 62, 30, 47, 109, 108, 1, 15, 104, 76, 102, 49, 42, 51, 57, 83, 195, 86, 113, 167, 132, 65, 144, 198, 130, 177, 93, 179, 156, 171, 34, 60, 70]
40598

[68, 133, 48, 85, 137, 165, 20, 89, 94, 7, 98, 157, 27, 128, 90, 96, 75, 58, 174, 106, 60, 34, 171, 156, 130, 198, 144, 65, 132, 167, 113, 3, 5, 82, 181, 81, 120, 155, 47, 62, 12, 154, 109, 41, 119, 182, 102, 76, 104, 77, 16, 191, 40, 147, 43, 129, 199, 101, 35, 44, 118, 91, 150, 18, 134, 159, 142, 176, 162, 53, 51, 115, 163, 49, 158, 184, 88, 177, 93, 179, 8, 24, 178, 80, 112, 100, 25, 61, 193, 131, 4, 196, 66, 197, 69, 148, 38, 39, 189, 116]
[13, 63, 32, 14, 111, 146, 127, 50, 194, 30, 186, 125, 108, 1, 15, 17, 95, 136, 161, 23, 152, 143, 54, 103, 192, 22, 21, 170, 87, 190, 153, 114, 138, 172, 140, 46, 64, 123, 126, 187, 78, 55, 99, 149, 74, 29, 180, 37, 19, 79, 183, 36, 71, 45, 145, 151, 107, 122, 9, 67, 110, 188, 169, 52, 141, 72, 84, 121, 92, 10, 2, 28, 135, 166, 31, 97, 0, 173, 11, 160, 70, 26, 175, 33, 168, 57, 83, 6, 56, 73, 164, 86, 59, 185, 195, 42, 117, 139, 105, 124]
40281

[179, 93, 175, 60, 34, 171, 156, 130, 198, 144, 65, 132, 167, 113, 73, 164, 59, 42, 88, 86, 3, 82, 181, 117, 184, 49, 158, 105, 63, 32, 5, 14, 111, 127, 146, 120, 81, 109, 1, 104, 159, 192, 22, 21, 142, 190, 153, 114, 46, 80, 55, 99, 25, 100, 149, 68, 29, 180, 133, 48, 137, 85, 67, 188, 38, 148, 169, 121, 92, 10, 157, 27, 128, 90, 96, 75, 58, 174, 166, 135, 28, 98, 7, 2, 0, 173, 11, 70, 160, 107, 151, 145, 33, 56, 6, 83, 57, 51, 53, 162]
[126, 123, 74, 79, 19, 165, 37, 36, 71, 168, 24, 8, 45, 89, 20, 122, 9, 110, 189, 116, 39, 193, 61, 131, 4, 196, 66, 197, 69, 52, 72, 84, 141, 94, 97, 31, 106, 26, 177, 185, 195, 115, 176, 163, 139, 182, 102, 76, 15, 108, 41, 119, 124, 13, 155, 50, 194, 47, 30, 62, 125, 186, 12, 154, 77, 191, 16, 44, 35, 40, 147, 43, 129, 101, 199, 18, 150, 91, 118, 95, 136, 134, 161, 17, 23, 152, 143, 54, 103, 170, 87, 138, 172, 183, 140, 64, 187, 78, 178, 112]
40337

[37, 151, 107, 89, 20, 122, 165, 19, 79, 180, 133, 29, 74, 149, 100, 25, 61, 131, 4, 193, 38, 169, 52, 72, 84, 121, 92, 157, 27, 128, 90, 96, 98, 7, 28, 135, 75, 58, 174, 166, 31, 106, 97, 173, 11, 70, 26, 175, 60, 34, 171, 156, 130, 198, 73, 164, 59, 88, 184, 49, 158, 139, 102, 76, 104, 15, 119, 41, 109, 62, 125, 186, 12, 108, 1, 154, 77, 147, 101, 199, 91, 136, 95, 161, 143, 170, 138, 140, 64, 183, 36, 71, 114, 168, 6, 33, 8, 24, 45, 145]
[141, 10, 2, 94, 0, 160, 56, 179, 93, 177, 144, 65, 132, 167, 113, 86, 185, 195, 42, 115, 51, 83, 57, 53, 162, 153, 190, 176, 142, 103, 54, 163, 117, 181, 82, 3, 5, 14, 111, 127, 50, 155, 194, 30, 47, 120, 146, 32, 81, 63, 13, 124, 105, 182, 152, 23, 17, 44, 35, 16, 191, 40, 118, 150, 18, 43, 129, 134, 159, 192, 21, 22, 87, 172, 46, 178, 80, 112, 78, 187, 123, 126, 55, 99, 68, 48, 137, 85, 9, 67, 110, 188, 148, 69, 197, 66, 196, 39, 189, 116]
38664

[67, 110, 189, 116, 39, 38, 66, 196, 193, 99, 55, 80, 178, 112, 78, 187, 46, 172, 138, 176, 190, 153, 162, 53, 114, 168, 56, 175, 179, 93, 164, 59, 185, 163, 49, 158, 139, 182, 105, 119, 124, 13, 63, 81, 109, 41, 108, 1, 77, 16, 118, 95, 136, 161, 134, 18, 150, 91, 199, 129, 43, 101, 147, 40, 191, 186, 125, 62, 30, 47, 194, 155, 50, 111, 14, 5, 3, 65, 144, 198, 156, 171, 34, 26, 8, 45, 173, 94, 0, 89, 20, 10, 92, 121, 84, 72, 52, 169, 188, 9]
[180, 29, 133, 48, 85, 137, 165, 107, 151, 37, 19, 79, 71, 36, 183, 140, 64, 123, 126, 74, 100, 149, 68, 25, 61, 131, 4, 197, 69, 148, 122, 141, 2, 157, 27, 128, 90, 96, 75, 98, 7, 28, 135, 58, 174, 166, 31, 97, 106, 11, 160, 70, 60, 130, 177, 73, 132, 167, 113, 86, 181, 82, 32, 146, 127, 120, 12, 154, 44, 35, 17, 104, 15, 117, 88, 42, 184, 102, 76, 23, 152, 159, 192, 143, 54, 103, 21, 22, 87, 170, 142, 115, 51, 195, 57, 83, 6, 33, 24, 145]
39024

[15, 1, 108, 47, 30, 194, 50, 155, 120, 146, 32, 63, 13, 117, 86, 113, 167, 177, 179, 93, 184, 158, 49, 163, 153, 190, 114, 140, 64, 37, 145, 45, 24, 8, 70, 160, 11, 173, 94, 97, 106, 174, 166, 58, 75, 96, 90, 128, 27, 157, 2, 10, 92, 121, 84, 72, 141, 9, 133, 180, 29, 74, 68, 196, 4, 131, 61, 99, 55, 126, 123, 187, 78, 112, 80, 178, 46, 172, 138, 87, 170, 21, 22, 192, 17, 161, 134, 150, 18, 129, 199, 91, 118, 136, 95, 44, 102, 182, 105, 139]
[59, 164, 73, 185, 195, 88, 42, 51, 115, 162, 53, 176, 142, 54, 103, 143, 159, 152, 23, 104, 76, 124, 119, 41, 12, 154, 77, 16, 35, 101, 43, 147, 40, 191, 186, 125, 62, 109, 81, 127, 111, 14, 5, 181, 82, 3, 132, 65, 144, 198, 130, 156, 171, 34, 60, 26, 175, 56, 6, 83, 57, 168, 71, 36, 183, 79, 19, 137, 85, 48, 149, 100, 25, 193, 116, 39, 66, 38, 197, 69, 148, 169, 52, 188, 189, 110, 67, 122, 28, 7, 98, 135, 31, 0, 89, 20, 107, 165, 151, 33]
40909

[176, 163, 49, 42, 51, 57, 83, 6, 73, 164, 86, 181, 63, 41, 108, 1, 12, 154, 15, 76, 104, 136, 150, 91, 35, 44, 16, 191, 186, 62, 30, 47, 120, 146, 32, 82, 113, 167, 132, 65, 144, 198, 130, 177, 93, 179, 175, 60, 34, 156, 171, 106, 11, 173, 97, 31, 166, 174, 58, 135, 75, 98, 96, 90, 128, 94, 122, 9, 188, 52, 169, 148, 69, 197, 66, 196, 4, 131, 116, 193, 61, 68, 48, 85, 137, 165, 133, 149, 100, 25, 99, 55, 126, 123, 64, 36, 71, 24, 33, 168]
[21, 22, 87, 170, 103, 192, 143, 54, 142, 138, 172, 140, 183, 114, 190, 153, 53, 162, 115, 195, 185, 88, 184, 158, 117, 13, 124, 119, 105, 139, 182, 102, 23, 152, 159, 134, 18, 199, 101, 129, 43, 147, 40, 118, 95, 161, 17, 77, 125, 109, 81, 194, 155, 50, 127, 111, 14, 5, 3, 59, 56, 26, 70, 160, 8, 45, 145, 89, 0, 28, 7, 27, 157, 92, 10, 2, 141, 84, 121, 72, 38, 39, 189, 110, 67, 20, 107, 151, 37, 19, 79, 180, 29, 74, 187, 78, 112, 80, 46, 178]
42401

[52, 169, 148, 69, 197, 66, 196, 193, 116, 189, 39, 38, 188, 110, 67, 9, 72, 84, 121, 92, 27, 128, 7, 28, 31, 106, 70, 60, 34, 177, 167, 73, 164, 59, 56, 93, 179, 175, 33, 6, 83, 57, 185, 195, 42, 88, 41, 108, 109, 30, 62, 16, 35, 118, 136, 95, 44, 54, 142, 176, 115, 51, 162, 53, 170, 87, 138, 172, 140, 64, 187, 78, 112, 178, 80, 55, 99, 126, 183, 36, 71, 114, 168, 24, 145, 37, 151, 107, 165, 137, 85, 48, 133, 180, 29, 100, 25, 61, 131, 4]
[104, 76, 143, 159, 152, 23, 17, 161, 134, 18, 150, 91, 101, 199, 129, 43, 147, 40, 191, 77, 154, 186, 125, 12, 15, 102, 182, 139, 105, 117, 184, 158, 49, 163, 153, 190, 103, 192, 21, 22, 46, 123, 79, 19, 74, 149, 68, 20, 122, 141, 2, 10, 157, 90, 96, 98, 75, 135, 58, 174, 166, 97, 11, 160, 173, 94, 0, 89, 45, 8, 26, 171, 156, 130, 198, 144, 65, 132, 113, 86, 181, 82, 3, 5, 14, 111, 127, 50, 155, 194, 47, 120, 146, 32, 81, 63, 13, 124, 119, 1]
41340

[28, 7, 98, 58, 174, 166, 97, 173, 11, 160, 70, 26, 175, 179, 93, 73, 3, 14, 111, 127, 146, 81, 109, 12, 154, 77, 147, 101, 199, 43, 129, 134, 161, 17, 104, 76, 102, 139, 158, 49, 163, 42, 195, 185, 51, 115, 162, 53, 153, 176, 142, 54, 103, 170, 138, 172, 46, 80, 55, 99, 25, 100, 149, 68, 61, 131, 4, 193, 116, 39, 38, 197, 69, 148, 169, 52, 72, 84, 121, 2, 94, 0, 89, 20, 122, 67, 165, 107, 151, 145, 37, 137, 85, 48, 180, 19, 79, 126, 187, 123]
[124, 119, 13, 63, 181, 82, 5, 32, 120, 155, 50, 194, 47, 30, 62, 125, 186, 191, 40, 16, 44, 35, 118, 91, 150, 18, 136, 95, 23, 152, 159, 143, 192, 21, 22, 87, 190, 114, 36, 183, 140, 64, 78, 178, 112, 74, 29, 133, 110, 189, 196, 66, 188, 9, 141, 92, 10, 157, 27, 128, 90, 96, 75, 135, 31, 106, 34, 171, 156, 60, 8, 24, 45, 71, 168, 57, 83, 6, 33, 56, 177, 130, 198, 144, 65, 132, 167, 113, 164, 59, 86, 88, 184, 117, 105, 182, 15, 1, 108, 41]
39418

[110, 116, 196, 66, 52, 72, 84, 121, 92, 10, 157, 27, 128, 90, 96, 98, 7, 75, 135, 58, 166, 174, 106, 34, 171, 156, 144, 65, 132, 167, 113, 86, 3, 5, 14, 111, 127, 81, 63, 13, 124, 119, 41, 108, 1, 154, 12, 125, 186, 77, 15, 76, 152, 143, 54, 103, 170, 87, 46, 80, 55, 99, 25, 149, 100, 112, 178, 64, 140, 183, 36, 71, 168, 51, 115, 163, 49, 139, 105, 158, 42, 195, 185, 56, 93, 179, 160, 173, 97, 94, 0, 89, 20, 122, 9, 67, 48, 85, 165, 137]
[69, 148, 169, 38, 39, 189, 188, 141, 2, 28, 31, 11, 70, 60, 130, 198, 177, 73, 164, 59, 88, 184, 117, 181, 82, 32, 146, 120, 155, 50, 194, 47, 30, 62, 109, 182, 102, 104, 17, 95, 136, 18, 150, 91, 118, 35, 44, 16, 191, 40, 147, 43, 101, 199, 129, 134, 161, 23, 159, 192, 22, 21, 142, 176, 153, 190, 138, 172, 114, 53, 162, 57, 83, 6, 33, 175, 26, 8, 24, 45, 145, 107, 151, 37, 19, 79, 126, 123, 187, 78, 74, 29, 180, 133, 68, 61, 193, 131, 4, 197]
38716

[198, 144, 65, 5, 14, 111, 32, 146, 127, 50, 194, 155, 120, 81, 47, 30, 62, 12, 154, 108, 1, 15, 152, 159, 143, 192, 22, 21, 103, 54, 49, 184, 117, 13, 181, 86, 73, 130, 156, 171, 34, 60, 26, 70, 160, 11, 173, 0, 89, 107, 151, 71, 168, 114, 53, 162, 115, 153, 190, 138, 172, 36, 183, 140, 64, 187, 78, 112, 123, 126, 79, 19, 37, 137, 85, 48, 133, 180, 29, 74, 149, 68, 61, 193, 38, 197, 69, 148, 169, 52, 72, 84, 121, 92, 10, 97, 106, 31, 166, 174]
[9, 67, 110, 188, 189, 116, 39, 66, 196, 4, 131, 25, 99, 55, 100, 80, 178, 46, 87, 170, 142, 176, 163, 158, 105, 139, 182, 102, 76, 104, 23, 17, 161, 134, 136, 95, 118, 91, 150, 18, 199, 101, 129, 43, 147, 40, 35, 44, 16, 191, 77, 186, 125, 109, 41, 119, 124, 63, 82, 3, 113, 167, 132, 177, 93, 179, 175, 56, 164, 59, 88, 42, 195, 185, 51, 57, 83, 6, 33, 8, 24, 45, 145, 165, 122, 141, 2, 157, 27, 128, 90, 96, 75, 98, 7, 28, 135, 58, 94, 20]
39682

[184, 117, 181, 63, 13, 41, 109, 81, 120, 155, 50, 194, 47, 30, 62, 125, 186, 12, 154, 16, 191, 40, 147, 43, 101, 91, 136, 161, 159, 143, 103, 54, 142, 163, 115, 51, 162, 53, 114, 140, 46, 178, 80, 112, 74, 29, 79, 19, 37, 137, 85, 48, 180, 133, 61, 131, 4, 69, 148, 169, 52, 188, 67, 9, 122, 141, 72, 92, 10, 157, 27, 128, 90, 28, 135, 58, 166, 31, 97, 11, 173, 89, 107, 151, 145, 45, 24, 8, 26, 60, 34, 171, 156, 130, 198, 177, 6, 83, 57, 88]
[139, 105, 158, 49, 42, 195, 185, 59, 86, 82, 32, 146, 127, 111, 14, 5, 3, 65, 144, 132, 167, 113, 164, 73, 93, 179, 175, 56, 33, 70, 160, 106, 174, 75, 96, 98, 7, 2, 121, 84, 94, 0, 20, 165, 110, 189, 38, 197, 66, 196, 39, 116, 193, 68, 149, 25, 99, 55, 100, 126, 123, 78, 187, 64, 183, 36, 71, 168, 153, 190, 176, 138, 172, 87, 170, 21, 22, 192, 152, 23, 17, 104, 76, 102, 182, 15, 124, 119, 108, 1, 77, 44, 35, 118, 199, 129, 134, 18, 150, 95]
39853

[3, 82, 181, 13, 124, 117, 105, 139, 1, 108, 109, 12, 154, 77, 191, 16, 35, 40, 147, 101, 161, 159, 163, 42, 86, 65, 144, 198, 177, 93, 60, 70, 11, 173, 94, 97, 31, 166, 58, 75, 96, 90, 128, 27, 157, 92, 121, 84, 141, 20, 107, 165, 137, 85, 48, 19, 79, 180, 133, 110, 188, 189, 116, 39, 38, 169, 148, 69, 197, 66, 196, 4, 131, 193, 61, 25, 149, 100, 123, 187, 78, 178, 46, 64, 140, 183, 36, 71, 172, 138, 190, 153, 162, 53, 114, 168, 6, 83, 195, 185]
[182, 102, 49, 158, 184, 88, 59, 164, 73, 113, 167, 132, 130, 156, 171, 34, 106, 174, 135, 28, 98, 7, 2, 10, 72, 52, 9, 122, 67, 68, 99, 55, 80, 112, 126, 74, 29, 37, 151, 145, 24, 8, 45, 89, 0, 160, 26, 175, 179, 56, 33, 57, 51, 115, 176, 142, 54, 103, 170, 87, 22, 21, 192, 143, 76, 104, 15, 41, 119, 63, 81, 146, 32, 5, 14, 111, 127, 120, 155, 50, 194, 47, 30, 62, 125, 186, 44, 118, 91, 150, 18, 199, 43, 129, 134, 136, 95, 17, 23, 152]
40258

[148, 169, 52, 72, 84, 121, 2, 7, 28, 94, 97, 160, 70, 34, 171, 156, 60, 175, 26, 33, 73, 59, 185, 195, 42, 88, 181, 82, 5, 14, 111, 146, 63, 13, 124, 119, 108, 1, 154, 12, 125, 186, 77, 16, 191, 40, 147, 101, 199, 91, 150, 18, 136, 17, 104, 76, 163, 176, 21, 22, 87, 138, 172, 183, 140, 46, 178, 80, 112, 78, 187, 64, 123, 126, 79, 19, 151, 107, 165, 137, 85, 122, 9, 67, 133, 180, 29, 74, 100, 149, 68, 25, 99, 55, 61, 116, 39, 38, 197, 69]
[43, 118, 95, 35, 44, 62, 30, 47, 194, 155, 50, 127, 120, 109, 41, 81, 32, 3, 86, 164, 113, 167, 132, 65, 144, 198, 130, 177, 93, 179, 56, 6, 83, 57, 168, 24, 8, 45, 145, 20, 89, 0, 173, 11, 106, 31, 166, 174, 58, 135, 75, 98, 96, 90, 128, 27, 157, 10, 92, 141, 188, 189, 66, 196, 4, 131, 193, 110, 48, 37, 71, 36, 114, 190, 153, 53, 162, 51, 115, 184, 117, 158, 49, 142, 170, 192, 103, 54, 143, 159, 152, 102, 139, 105, 182, 15, 23, 161, 134, 129]
38505

[194, 155, 47, 30, 62, 125, 186, 12, 154, 77, 44, 35, 118, 150, 18, 199, 101, 43, 129, 134, 161, 17, 104, 76, 102, 182, 139, 105, 15, 63, 81, 120, 50, 127, 111, 146, 32, 14, 5, 113, 167, 132, 65, 156, 171, 34, 60, 160, 11, 173, 97, 31, 28, 7, 10, 92, 121, 84, 72, 141, 122, 9, 148, 69, 38, 39, 193, 68, 100, 99, 55, 80, 178, 46, 140, 64, 79, 19, 37, 145, 45, 24, 8, 33, 168, 114, 172, 138, 53, 162, 115, 195, 185, 88, 117, 184, 42, 163, 49, 158]
[89, 0, 94, 2, 157, 27, 128, 90, 96, 98, 75, 135, 58, 166, 174, 106, 70, 26, 175, 179, 93, 56, 6, 83, 177, 130, 198, 144, 73, 164, 59, 86, 3, 82, 181, 13, 124, 119, 41, 109, 108, 1, 16, 191, 40, 147, 91, 136, 95, 23, 152, 159, 143, 192, 21, 22, 87, 170, 103, 54, 142, 176, 190, 153, 51, 57, 71, 36, 183, 123, 126, 187, 78, 112, 74, 29, 180, 133, 149, 25, 61, 131, 4, 196, 66, 197, 169, 52, 188, 189, 116, 110, 67, 48, 85, 137, 165, 151, 20, 107]
38600

[126, 123, 64, 187, 78, 112, 80, 178, 46, 140, 172, 170, 103, 54, 152, 23, 76, 104, 17, 161, 95, 136, 150, 101, 147, 40, 191, 1, 108, 109, 194, 155, 50, 127, 146, 32, 111, 14, 5, 3, 82, 181, 63, 41, 15, 102, 182, 139, 105, 42, 51, 71, 168, 57, 113, 167, 132, 65, 144, 198, 156, 171, 34, 60, 179, 93, 56, 175, 26, 70, 106, 28, 7, 98, 96, 90, 128, 27, 157, 2, 10, 92, 121, 84, 72, 52, 169, 188, 116, 193, 48, 85, 137, 37, 19, 79, 29, 74, 149, 100]
[183, 114, 138, 87, 22, 21, 192, 143, 159, 134, 18, 129, 43, 199, 91, 118, 35, 44, 16, 77, 154, 12, 186, 125, 62, 30, 47, 120, 81, 119, 124, 13, 117, 184, 158, 49, 163, 142, 176, 190, 153, 53, 162, 115, 195, 185, 88, 86, 59, 164, 73, 130, 177, 83, 6, 33, 160, 11, 173, 97, 31, 166, 174, 58, 75, 135, 94, 0, 89, 20, 122, 141, 9, 67, 110, 189, 39, 38, 148, 69, 197, 66, 196, 4, 131, 61, 55, 99, 25, 68, 133, 180, 165, 107, 151, 145, 45, 8, 24, 36]
37446

[45, 145, 24, 8, 33, 6, 83, 57, 51, 162, 53, 153, 190, 176, 163, 49, 158, 139, 182, 102, 76, 104, 152, 23, 17, 161, 134, 129, 199, 18, 150, 91, 101, 43, 147, 40, 191, 77, 30, 47, 194, 50, 155, 120, 127, 111, 32, 63, 181, 88, 86, 132, 65, 144, 198, 156, 175, 26, 160, 11, 173, 97, 94, 0, 89, 20, 122, 165, 137, 85, 48, 67, 9, 141, 2, 7, 98, 96, 90, 128, 27, 157, 72, 52, 169, 148, 69, 197, 38, 39, 116, 193, 4, 131, 61, 25, 74, 29, 151, 107]
[36, 183, 140, 172, 138, 114, 71, 168, 185, 195, 115, 142, 170, 87, 22, 21, 192, 136, 95, 118, 35, 16, 44, 159, 143, 103, 54, 42, 184, 117, 105, 15, 1, 108, 154, 12, 186, 125, 62, 109, 41, 119, 124, 13, 81, 146, 14, 5, 82, 3, 167, 113, 59, 164, 73, 130, 177, 56, 93, 179, 60, 171, 34, 70, 106, 31, 166, 174, 58, 75, 135, 28, 10, 92, 121, 84, 188, 110, 189, 66, 196, 68, 149, 100, 99, 55, 80, 112, 78, 178, 46, 187, 64, 123, 126, 79, 19, 180, 133, 37]
39771

[53, 162, 114, 36, 71, 168, 33, 93, 177, 73, 164, 59, 185, 195, 42, 163, 54, 143, 152, 23, 17, 161, 95, 136, 134, 18, 150, 199, 129, 43, 91, 118, 186, 125, 62, 47, 120, 109, 41, 108, 1, 154, 15, 76, 102, 182, 139, 49, 158, 117, 181, 86, 113, 167, 132, 65, 144, 198, 130, 156, 171, 70, 165, 137, 85, 48, 9, 122, 141, 84, 72, 52, 148, 69, 197, 38, 39, 189, 116, 193, 66, 196, 4, 131, 61, 25, 149, 100, 126, 123, 46, 172, 138, 87, 22, 21, 170, 142, 176, 115]
[190, 103, 192, 159, 104, 44, 35, 101, 147, 40, 191, 16, 77, 12, 30, 194, 155, 50, 127, 111, 14, 5, 3, 82, 32, 146, 81, 63, 13, 124, 119, 105, 184, 88, 51, 57, 83, 6, 56, 179, 175, 26, 60, 34, 106, 97, 31, 166, 174, 58, 75, 135, 28, 7, 98, 96, 90, 128, 27, 157, 92, 121, 10, 2, 94, 173, 11, 160, 8, 24, 45, 145, 89, 0, 20, 107, 151, 37, 19, 79, 74, 29, 180, 133, 67, 169, 188, 110, 68, 99, 55, 80, 178, 112, 78, 187, 64, 140, 183, 153]
39102

[110, 189, 66, 196, 4, 131, 61, 68, 133, 180, 151, 37, 19, 79, 29, 74, 187, 78, 112, 80, 178, 46, 172, 138, 87, 22, 21, 103, 143, 54, 142, 176, 162, 51, 57, 83, 185, 195, 88, 42, 184, 117, 104, 17, 95, 136, 199, 129, 43, 147, 40, 35, 16, 191, 77, 154, 12, 30, 194, 155, 50, 127, 111, 14, 32, 63, 13, 181, 82, 5, 3, 86, 59, 113, 167, 132, 65, 144, 198, 156, 171, 34, 60, 106, 174, 166, 135, 98, 7, 28, 97, 173, 11, 8, 24, 33, 168, 71, 145, 45]
[148, 69, 197, 38, 39, 116, 193, 25, 99, 55, 100, 149, 126, 123, 64, 140, 183, 36, 114, 53, 153, 190, 170, 192, 159, 152, 23, 161, 134, 18, 150, 91, 101, 118, 44, 186, 125, 62, 47, 120, 146, 81, 124, 119, 41, 109, 108, 1, 15, 76, 102, 182, 139, 105, 158, 49, 163, 115, 6, 56, 164, 73, 177, 130, 93, 179, 175, 26, 70, 160, 89, 0, 94, 31, 58, 75, 96, 90, 128, 27, 157, 92, 10, 2, 141, 122, 20, 107, 165, 137, 85, 48, 67, 9, 188, 169, 52, 72, 84, 121]
39030

[129, 43, 150, 18, 134, 159, 192, 21, 22, 87, 46, 178, 80, 112, 78, 187, 126, 180, 133, 29, 74, 149, 68, 61, 193, 116, 189, 39, 169, 52, 188, 110, 67, 9, 122, 141, 84, 121, 92, 10, 2, 7, 28, 31, 106, 11, 173, 97, 94, 0, 89, 20, 85, 48, 137, 165, 107, 151, 145, 45, 24, 71, 36, 114, 53, 162, 51, 57, 83, 6, 168, 33, 175, 179, 93, 56, 73, 164, 59, 88, 184, 158, 105, 139, 182, 102, 15, 119, 124, 13, 81, 120, 62, 125, 186, 12, 154, 77, 95, 118]
[44, 35, 16, 191, 40, 147, 101, 199, 91, 136, 161, 17, 23, 152, 143, 54, 103, 170, 142, 176, 163, 49, 76, 104, 1, 108, 109, 41, 63, 32, 146, 155, 47, 30, 194, 50, 127, 111, 14, 5, 3, 82, 181, 117, 42, 115, 153, 190, 138, 172, 183, 140, 64, 123, 79, 19, 37, 100, 55, 99, 25, 131, 4, 196, 66, 38, 197, 69, 148, 72, 157, 27, 128, 90, 96, 98, 75, 135, 58, 166, 174, 160, 70, 8, 26, 60, 34, 171, 156, 130, 177, 198, 144, 65, 132, 167, 113, 86, 195, 185]
39188

[199, 18, 134, 161, 23, 104, 76, 152, 159, 143, 142, 176, 162, 115, 51, 57, 83, 160, 173, 94, 0, 89, 20, 122, 9, 67, 110, 165, 151, 37, 19, 79, 180, 133, 68, 61, 193, 131, 4, 196, 66, 197, 69, 148, 169, 52, 72, 84, 121, 2, 7, 98, 96, 75, 135, 58, 174, 166, 97, 11, 70, 177, 130, 198, 144, 65, 132, 167, 113, 86, 164, 73, 59, 185, 195, 42, 88, 117, 184, 158, 105, 139, 182, 102, 1, 108, 41, 63, 109, 120, 155, 194, 30, 125, 186, 40, 147, 43, 129, 101]
[13, 49, 163, 54, 103, 192, 22, 21, 170, 87, 172, 138, 190, 153, 53, 114, 183, 36, 71, 168, 6, 33, 8, 24, 45, 145, 107, 137, 85, 48, 29, 74, 126, 123, 64, 140, 46, 178, 80, 112, 78, 187, 100, 149, 55, 99, 25, 116, 39, 38, 189, 188, 141, 92, 10, 157, 27, 128, 90, 28, 31, 106, 26, 175, 56, 93, 179, 60, 34, 171, 156, 3, 82, 181, 5, 14, 32, 81, 146, 111, 127, 50, 47, 62, 12, 154, 77, 191, 16, 44, 35, 118, 91, 150, 136, 95, 17, 15, 119, 124]
38958

[41, 119, 117, 105, 139, 182, 102, 76, 104, 23, 158, 184, 88, 86, 113, 167, 93, 179, 56, 6, 83, 57, 53, 162, 153, 190, 114, 36, 71, 19, 180, 133, 85, 137, 165, 107, 151, 37, 145, 45, 24, 106, 31, 135, 28, 98, 96, 90, 128, 27, 157, 10, 92, 72, 52, 169, 148, 69, 4, 131, 61, 25, 99, 55, 100, 149, 126, 123, 187, 78, 112, 80, 178, 46, 64, 140, 183, 172, 138, 103, 54, 159, 161, 134, 18, 129, 43, 147, 40, 191, 16, 77, 154, 12, 62, 47, 155, 50, 194, 30]
[17, 152, 143, 192, 21, 22, 87, 170, 142, 176, 163, 49, 15, 1, 108, 124, 13, 63, 82, 181, 42, 115, 51, 195, 185, 59, 164, 73, 177, 130, 175, 26, 8, 33, 168, 79, 29, 74, 68, 193, 196, 66, 197, 38, 39, 116, 189, 188, 110, 48, 67, 9, 122, 141, 84, 121, 2, 7, 75, 58, 174, 166, 97, 94, 0, 20, 89, 173, 11, 160, 70, 60, 34, 171, 156, 198, 144, 65, 132, 3, 5, 14, 111, 127, 32, 146, 120, 81, 109, 125, 186, 44, 95, 136, 150, 91, 199, 101, 118, 35]
39782

[86, 113, 167, 82, 181, 32, 63, 13, 41, 108, 1, 154, 12, 109, 47, 62, 147, 40, 44, 35, 118, 91, 150, 18, 199, 101, 43, 129, 134, 136, 95, 161, 23, 152, 159, 192, 21, 22, 87, 170, 176, 53, 153, 190, 138, 172, 114, 168, 71, 36, 183, 140, 46, 178, 80, 112, 78, 187, 64, 123, 126, 79, 19, 180, 133, 29, 74, 68, 149, 100, 55, 99, 25, 61, 39, 38, 169, 52, 84, 27, 128, 90, 96, 98, 7, 75, 135, 58, 174, 166, 31, 28, 94, 0, 8, 33, 56, 59, 73, 164]
[177, 65, 144, 198, 130, 93, 179, 175, 26, 60, 34, 156, 171, 106, 70, 160, 11, 173, 97, 2, 157, 10, 92, 121, 72, 148, 69, 197, 66, 196, 4, 131, 193, 116, 189, 188, 110, 67, 9, 141, 122, 20, 89, 107, 151, 165, 137, 85, 48, 37, 145, 45, 24, 6, 83, 57, 51, 162, 115, 195, 185, 88, 42, 184, 163, 142, 103, 143, 54, 49, 158, 139, 102, 182, 105, 117, 124, 119, 15, 76, 104, 17, 16, 191, 77, 186, 125, 30, 194, 50, 155, 120, 81, 146, 127, 111, 14, 5, 3, 132]
38167

[53, 162, 57, 168, 71, 183, 140, 64, 187, 78, 178, 46, 80, 112, 55, 99, 193, 38, 197, 69, 148, 169, 52, 72, 84, 121, 92, 10, 90, 96, 75, 58, 174, 166, 135, 98, 7, 141, 122, 9, 67, 48, 85, 137, 133, 126, 123, 145, 45, 24, 8, 173, 11, 160, 26, 175, 60, 34, 171, 156, 130, 177, 93, 179, 56, 73, 164, 113, 167, 3, 184, 117, 13, 63, 81, 120, 155, 47, 109, 1, 77, 191, 40, 147, 35, 44, 17, 104, 182, 102, 76, 23, 152, 143, 54, 103, 87, 172, 138, 190]
[181, 124, 119, 41, 108, 15, 105, 139, 158, 49, 163, 42, 88, 86, 132, 65, 144, 198, 59, 185, 195, 115, 51, 83, 6, 33, 70, 106, 97, 31, 28, 128, 27, 157, 2, 94, 0, 89, 20, 107, 165, 151, 37, 19, 79, 180, 29, 74, 149, 68, 110, 188, 189, 116, 39, 66, 196, 4, 131, 61, 25, 100, 36, 114, 153, 176, 142, 170, 21, 22, 192, 159, 161, 134, 129, 43, 101, 199, 91, 150, 18, 136, 95, 118, 16, 154, 12, 186, 125, 62, 30, 194, 50, 127, 111, 14, 146, 32, 5, 82]
39574

[41, 119, 124, 181, 82, 3, 5, 32, 120, 155, 50, 194, 47, 30, 62, 125, 186, 154, 77, 35, 118, 91, 150, 18, 136, 17, 104, 23, 152, 143, 54, 176, 115, 42, 195, 93, 179, 56, 6, 83, 57, 168, 33, 8, 24, 71, 36, 183, 64, 74, 29, 180, 133, 137, 165, 145, 45, 11, 173, 97, 122, 141, 188, 197, 69, 148, 84, 157, 27, 128, 90, 96, 75, 98, 7, 28, 135, 58, 174, 166, 31, 106, 70, 34, 171, 156, 144, 65, 132, 167, 113, 86, 88, 184, 158, 139, 182, 102, 76, 15]
[46, 140, 114, 190, 138, 172, 87, 170, 21, 22, 192, 134, 129, 199, 101, 43, 147, 40, 191, 16, 12, 109, 81, 146, 127, 111, 14, 63, 13, 117, 163, 49, 105, 108, 1, 44, 95, 161, 159, 103, 142, 153, 53, 162, 51, 185, 59, 164, 73, 177, 198, 130, 60, 175, 26, 160, 89, 20, 0, 94, 2, 10, 92, 121, 72, 52, 169, 38, 39, 66, 196, 4, 131, 61, 193, 116, 189, 110, 67, 9, 107, 151, 37, 19, 79, 85, 48, 68, 149, 25, 99, 55, 100, 126, 123, 187, 78, 112, 178, 80]
40629

[2, 27, 128, 90, 98, 7, 135, 28, 94, 97, 173, 145, 45, 70, 26, 60, 175, 179, 93, 177, 167, 113, 86, 88, 3, 82, 181, 119, 41, 108, 109, 47, 120, 155, 50, 194, 30, 62, 125, 186, 12, 154, 77, 191, 16, 44, 35, 40, 147, 101, 199, 18, 150, 136, 161, 23, 152, 143, 54, 102, 182, 139, 105, 49, 163, 83, 6, 57, 53, 138, 172, 114, 36, 183, 140, 64, 46, 178, 80, 112, 78, 29, 180, 133, 74, 100, 55, 99, 25, 61, 131, 197, 69, 188, 67, 9, 122, 20, 89, 0]
[174, 166, 31, 106, 11, 160, 34, 171, 156, 130, 198, 144, 65, 132, 73, 164, 59, 185, 195, 42, 184, 158, 117, 124, 13, 63, 5, 14, 111, 127, 146, 32, 81, 1, 15, 76, 104, 17, 95, 118, 91, 43, 129, 134, 159, 192, 103, 21, 22, 87, 170, 142, 176, 190, 153, 162, 115, 51, 56, 33, 8, 24, 168, 71, 123, 187, 126, 79, 19, 37, 151, 107, 165, 137, 85, 48, 110, 68, 149, 4, 196, 66, 193, 116, 189, 39, 38, 148, 169, 52, 141, 72, 84, 121, 92, 10, 157, 96, 75, 58]
39751

[18, 136, 17, 104, 23, 152, 143, 103, 142, 46, 80, 55, 99, 61, 193, 116, 110, 67, 9, 189, 39, 38, 197, 69, 148, 169, 52, 72, 121, 157, 27, 128, 90, 96, 98, 28, 94, 0, 97, 173, 11, 160, 165, 180, 29, 74, 149, 68, 25, 100, 64, 140, 183, 71, 168, 57, 83, 6, 56, 185, 195, 51, 162, 53, 153, 190, 176, 54, 76, 102, 182, 139, 49, 158, 105, 41, 119, 124, 13, 63, 120, 155, 50, 194, 47, 30, 62, 125, 186, 12, 154, 1, 77, 16, 191, 40, 147, 43, 129, 134]
[42, 117, 184, 163, 115, 114, 36, 172, 138, 87, 170, 21, 22, 192, 159, 161, 95, 118, 91, 150, 199, 101, 35, 44, 15, 108, 109, 81, 32, 146, 127, 111, 14, 5, 3, 82, 181, 86, 113, 167, 132, 65, 144, 198, 177, 130, 156, 171, 34, 60, 175, 26, 70, 106, 31, 166, 174, 58, 135, 75, 7, 2, 10, 92, 84, 188, 66, 196, 4, 131, 48, 85, 137, 133, 78, 112, 178, 187, 123, 126, 79, 19, 37, 151, 107, 122, 141, 20, 89, 145, 45, 24, 8, 33, 179, 93, 73, 164, 59, 88]
39609

[155, 120, 146, 32, 127, 111, 14, 5, 3, 82, 86, 113, 167, 59, 164, 73, 177, 56, 93, 179, 175, 60, 34, 26, 70, 174, 166, 58, 135, 2, 157, 10, 92, 121, 188, 39, 38, 148, 69, 197, 66, 196, 4, 131, 193, 61, 25, 149, 68, 48, 151, 145, 24, 33, 19, 79, 126, 187, 78, 112, 80, 178, 46, 140, 172, 114, 168, 57, 83, 6, 185, 195, 88, 42, 184, 117, 13, 63, 124, 119, 105, 182, 15, 104, 95, 118, 35, 44, 16, 77, 1, 154, 12, 186, 125, 62, 30, 47, 194, 50]
[198, 144, 65, 132, 130, 156, 171, 106, 97, 31, 75, 96, 90, 128, 27, 98, 7, 28, 94, 122, 9, 141, 84, 72, 52, 169, 116, 189, 110, 67, 85, 137, 165, 107, 20, 89, 0, 173, 11, 160, 8, 45, 37, 180, 133, 29, 74, 100, 99, 55, 123, 64, 183, 36, 71, 51, 115, 53, 162, 176, 153, 190, 138, 87, 22, 21, 170, 142, 163, 49, 158, 139, 102, 76, 152, 143, 54, 103, 192, 159, 23, 17, 161, 134, 136, 18, 150, 91, 101, 199, 129, 43, 147, 40, 191, 108, 41, 109, 81, 181]
40272

[13, 63, 32, 146, 50, 155, 194, 30, 16, 191, 40, 147, 43, 101, 91, 136, 150, 18, 199, 129, 134, 192, 143, 103, 21, 22, 170, 87, 138, 172, 46, 126, 79, 180, 48, 133, 29, 74, 100, 149, 68, 61, 131, 4, 196, 66, 116, 39, 38, 197, 69, 148, 169, 52, 72, 84, 121, 92, 10, 157, 2, 94, 0, 107, 151, 37, 19, 71, 168, 83, 6, 56, 33, 8, 179, 93, 177, 130, 198, 144, 65, 86, 88, 42, 163, 49, 158, 139, 105, 15, 154, 1, 108, 41, 119, 124, 117, 184, 82, 181]
[28, 135, 58, 174, 166, 31, 106, 97, 173, 89, 20, 122, 9, 67, 85, 137, 165, 145, 45, 24, 160, 11, 70, 26, 175, 60, 34, 171, 156, 73, 164, 59, 113, 167, 132, 3, 5, 14, 111, 127, 120, 81, 109, 47, 62, 125, 186, 12, 77, 44, 35, 118, 95, 161, 17, 104, 182, 102, 76, 23, 152, 159, 54, 142, 176, 190, 153, 53, 162, 115, 51, 195, 185, 57, 114, 36, 183, 140, 64, 123, 187, 78, 112, 178, 80, 55, 99, 25, 193, 189, 110, 188, 141, 7, 98, 75, 96, 90, 128, 27]
38439

[74, 100, 99, 55, 80, 178, 112, 78, 187, 64, 46, 140, 172, 142, 176, 168, 24, 8, 26, 175, 179, 93, 56, 6, 83, 185, 195, 88, 42, 184, 163, 54, 103, 192, 143, 159, 152, 23, 161, 95, 136, 134, 18, 150, 91, 118, 35, 44, 186, 125, 30, 194, 50, 127, 32, 63, 119, 124, 13, 181, 82, 86, 59, 164, 73, 177, 60, 106, 31, 28, 2, 84, 72, 52, 169, 38, 39, 189, 116, 193, 61, 25, 149, 68, 110, 188, 67, 9, 141, 122, 20, 94, 0, 89, 107, 165, 137, 133, 180, 29]
[148, 121, 92, 10, 157, 27, 128, 90, 96, 98, 7, 75, 135, 58, 174, 166, 97, 173, 11, 160, 70, 33, 57, 53, 162, 190, 153, 115, 51, 34, 171, 156, 130, 198, 144, 65, 132, 167, 113, 3, 5, 14, 111, 146, 81, 41, 108, 109, 120, 155, 47, 62, 147, 43, 129, 199, 101, 40, 191, 16, 77, 154, 12, 1, 15, 17, 104, 76, 102, 182, 139, 105, 117, 158, 49, 170, 21, 22, 87, 138, 114, 71, 36, 183, 123, 126, 79, 19, 37, 145, 45, 151, 85, 48, 131, 4, 196, 66, 197, 69]
40365

[14, 111, 127, 50, 155, 194, 30, 186, 125, 62, 47, 120, 146, 32, 82, 181, 63, 13, 124, 119, 77, 147, 101, 91, 150, 18, 199, 43, 129, 134, 159, 192, 103, 176, 115, 51, 195, 185, 57, 168, 71, 36, 183, 114, 138, 170, 21, 22, 87, 172, 46, 178, 80, 112, 78, 74, 29, 79, 19, 37, 180, 133, 48, 137, 85, 193, 131, 4, 196, 66, 110, 92, 10, 157, 27, 128, 90, 96, 98, 7, 28, 97, 0, 89, 20, 122, 165, 107, 151, 145, 45, 24, 8, 33, 93, 177, 198, 144, 65, 132]
[139, 158, 49, 163, 184, 117, 105, 182, 15, 1, 108, 154, 12, 109, 41, 81, 5, 3, 167, 113, 164, 73, 130, 156, 171, 34, 106, 31, 166, 174, 58, 135, 75, 2, 121, 84, 72, 52, 169, 188, 148, 69, 197, 38, 39, 189, 116, 61, 25, 99, 55, 187, 140, 64, 123, 126, 100, 149, 68, 67, 9, 141, 94, 173, 11, 160, 70, 26, 60, 175, 179, 56, 6, 83, 59, 86, 88, 42, 162, 53, 153, 190, 142, 54, 143, 152, 23, 161, 136, 95, 118, 40, 191, 16, 35, 44, 17, 104, 76, 102]
40497

[37, 168, 33, 175, 130, 198, 144, 65, 132, 167, 113, 86, 3, 82, 181, 32, 146, 81, 63, 13, 124, 119, 117, 105, 139, 182, 15, 1, 108, 41, 109, 120, 155, 47, 62, 125, 186, 191, 16, 44, 35, 150, 18, 199, 129, 134, 161, 152, 159, 143, 192, 103, 21, 22, 172, 140, 46, 178, 80, 112, 78, 187, 126, 79, 19, 180, 133, 29, 74, 55, 99, 61, 131, 4, 196, 66, 116, 189, 188, 110, 9, 67, 48, 85, 137, 165, 107, 20, 122, 141, 92, 10, 2, 28, 94, 0, 89, 45, 145, 151]
[102, 158, 49, 54, 142, 170, 87, 138, 114, 71, 36, 183, 64, 123, 100, 25, 149, 68, 193, 39, 38, 197, 69, 148, 169, 52, 72, 84, 121, 157, 27, 128, 90, 96, 98, 7, 75, 135, 58, 174, 166, 31, 106, 97, 173, 11, 160, 70, 8, 24, 26, 60, 34, 171, 156, 177, 73, 164, 59, 93, 179, 56, 6, 83, 57, 51, 115, 162, 53, 153, 190, 176, 163, 184, 42, 195, 185, 88, 5, 14, 111, 127, 50, 194, 30, 12, 154, 77, 17, 104, 76, 23, 95, 136, 91, 118, 40, 101, 43, 147]
38407

[125, 186, 30, 47, 62, 12, 154, 1, 77, 16, 44, 35, 95, 17, 23, 152, 159, 143, 54, 103, 192, 22, 21, 170, 87, 176, 83, 6, 56, 93, 33, 64, 123, 126, 187, 78, 178, 112, 55, 99, 100, 25, 193, 196, 66, 39, 116, 189, 188, 110, 67, 68, 149, 74, 48, 85, 137, 165, 151, 107, 20, 89, 0, 97, 31, 166, 135, 28, 98, 7, 2, 157, 27, 128, 90, 96, 75, 58, 174, 106, 11, 70, 34, 171, 156, 130, 198, 177, 167, 113, 73, 164, 59, 185, 42, 163, 49, 124, 119, 41]
[133, 29, 183, 36, 71, 168, 114, 190, 153, 53, 162, 115, 51, 57, 195, 88, 117, 184, 158, 105, 139, 182, 102, 15, 108, 109, 81, 32, 63, 13, 181, 82, 86, 132, 144, 65, 3, 5, 14, 111, 127, 146, 120, 155, 50, 194, 191, 40, 147, 101, 43, 129, 199, 91, 118, 136, 150, 18, 134, 161, 104, 76, 142, 138, 172, 140, 46, 80, 61, 131, 4, 38, 197, 69, 148, 169, 52, 72, 84, 121, 92, 10, 141, 9, 122, 94, 173, 160, 26, 60, 179, 175, 8, 24, 45, 145, 37, 19, 79, 180]
40523

[164, 59, 185, 51, 115, 162, 53, 153, 114, 183, 36, 71, 37, 107, 20, 89, 0, 94, 97, 106, 34, 130, 198, 156, 171, 174, 166, 58, 75, 96, 90, 128, 27, 157, 189, 116, 39, 193, 68, 149, 25, 99, 55, 80, 178, 112, 78, 187, 64, 46, 172, 138, 142, 54, 103, 170, 87, 22, 21, 192, 143, 159, 152, 23, 104, 17, 161, 134, 18, 150, 91, 136, 95, 16, 77, 154, 12, 1, 108, 109, 41, 15, 76, 102, 182, 139, 105, 158, 49, 163, 184, 117, 13, 63, 81, 127, 111, 14, 5, 73]
[7, 98, 28, 2, 10, 92, 121, 84, 72, 141, 122, 9, 67, 110, 188, 52, 169, 148, 69, 197, 38, 66, 196, 4, 131, 61, 100, 126, 123, 140, 190, 176, 57, 83, 6, 195, 42, 88, 82, 181, 124, 119, 44, 35, 118, 199, 129, 43, 101, 147, 40, 191, 186, 125, 62, 30, 47, 194, 50, 155, 120, 146, 32, 3, 86, 113, 167, 132, 65, 144, 177, 93, 179, 56, 33, 168, 19, 79, 74, 29, 180, 133, 48, 85, 137, 165, 151, 145, 45, 24, 8, 175, 60, 26, 70, 160, 11, 173, 31, 135]
39467

[157, 10, 92, 121, 84, 72, 52, 169, 148, 69, 197, 38, 39, 66, 196, 4, 131, 193, 110, 67, 9, 122, 20, 145, 107, 165, 137, 48, 133, 180, 79, 29, 74, 149, 68, 61, 25, 99, 55, 100, 80, 46, 64, 140, 172, 138, 36, 71, 45, 24, 8, 33, 168, 6, 83, 57, 51, 195, 42, 163, 142, 170, 103, 54, 102, 15, 76, 104, 23, 17, 161, 134, 18, 150, 91, 118, 35, 44, 1, 108, 124, 13, 63, 82, 3, 132, 65, 144, 156, 171, 34, 60, 160, 89, 0, 94, 31, 28, 7, 98]
[117, 184, 158, 49, 182, 139, 105, 119, 41, 12, 186, 125, 62, 30, 194, 47, 109, 81, 120, 155, 50, 127, 111, 146, 32, 14, 5, 181, 88, 185, 59, 86, 113, 167, 164, 73, 198, 130, 177, 56, 93, 179, 175, 26, 70, 11, 173, 97, 106, 174, 166, 58, 135, 75, 96, 90, 128, 27, 2, 141, 188, 189, 116, 85, 151, 37, 19, 126, 78, 112, 178, 187, 123, 183, 114, 53, 162, 115, 153, 190, 176, 87, 22, 21, 192, 143, 159, 152, 95, 136, 199, 129, 43, 101, 147, 40, 191, 16, 77, 154]
39199

[156, 171, 34, 60, 93, 179, 175, 26, 70, 106, 174, 166, 58, 75, 98, 28, 135, 31, 97, 94, 0, 173, 11, 160, 45, 89, 20, 85, 48, 133, 37, 19, 71, 36, 183, 64, 187, 78, 100, 68, 189, 116, 39, 38, 66, 196, 193, 25, 99, 55, 80, 112, 178, 46, 172, 87, 22, 21, 152, 23, 17, 161, 95, 136, 150, 91, 118, 35, 44, 77, 1, 154, 12, 186, 125, 62, 30, 47, 194, 155, 50, 127, 120, 81, 13, 117, 184, 42, 195, 185, 51, 115, 114, 168, 56, 177, 130, 65, 144, 198]
[181, 82, 3, 5, 32, 14, 111, 146, 63, 124, 119, 41, 109, 108, 15, 105, 139, 182, 102, 76, 104, 16, 191, 40, 147, 101, 43, 129, 199, 18, 134, 159, 143, 192, 103, 54, 142, 170, 138, 140, 123, 126, 79, 180, 29, 74, 149, 61, 131, 4, 197, 69, 148, 169, 52, 72, 84, 121, 92, 10, 157, 27, 128, 90, 96, 7, 2, 141, 122, 9, 188, 110, 67, 137, 165, 107, 151, 145, 24, 8, 33, 6, 83, 57, 53, 162, 153, 190, 176, 163, 49, 158, 88, 86, 59, 164, 73, 132, 167, 113]
38603

[181, 88, 42, 195, 185, 113, 167, 132, 65, 144, 171, 34, 60, 70, 106, 75, 98, 96, 90, 128, 27, 94, 0, 45, 24, 33, 56, 6, 83, 57, 168, 71, 36, 19, 79, 74, 29, 180, 133, 67, 110, 55, 80, 178, 112, 78, 140, 183, 172, 114, 53, 162, 153, 190, 142, 54, 103, 192, 143, 159, 152, 23, 76, 102, 158, 184, 117, 13, 63, 124, 119, 41, 108, 1, 15, 44, 118, 136, 134, 18, 150, 91, 101, 199, 129, 43, 147, 40, 191, 77, 154, 12, 186, 125, 109, 81, 120, 32, 5, 82]
[97, 31, 166, 174, 58, 135, 28, 7, 2, 157, 10, 92, 121, 84, 72, 141, 122, 9, 188, 52, 169, 148, 69, 197, 38, 39, 189, 116, 193, 66, 196, 4, 131, 61, 99, 25, 68, 149, 100, 126, 123, 64, 187, 46, 138, 87, 22, 21, 170, 176, 115, 51, 163, 49, 105, 139, 182, 104, 17, 161, 95, 35, 16, 62, 30, 47, 194, 155, 50, 127, 146, 111, 14, 3, 86, 59, 164, 73, 177, 198, 130, 156, 93, 179, 175, 26, 8, 145, 107, 151, 37, 48, 85, 137, 165, 20, 89, 173, 11, 160]
38508

[124, 119, 41, 15, 1, 108, 109, 125, 62, 30, 47, 194, 155, 50, 127, 146, 111, 14, 5, 82, 181, 86, 59, 164, 73, 113, 167, 132, 65, 144, 198, 156, 171, 34, 60, 93, 179, 175, 26, 106, 11, 173, 97, 31, 166, 174, 58, 75, 135, 28, 94, 0, 89, 20, 165, 85, 193, 66, 196, 4, 131, 61, 126, 123, 19, 37, 145, 33, 56, 6, 53, 162, 153, 190, 87, 170, 21, 22, 192, 159, 161, 134, 129, 43, 199, 91, 136, 95, 44, 17, 23, 143, 103, 142, 176, 163, 49, 117, 13, 63]
[188, 189, 110, 68, 149, 100, 25, 99, 55, 80, 178, 112, 78, 187, 64, 46, 140, 183, 172, 138, 54, 152, 104, 35, 118, 150, 18, 101, 147, 40, 191, 16, 186, 12, 154, 77, 76, 102, 182, 139, 105, 158, 184, 42, 195, 185, 88, 81, 120, 32, 3, 177, 130, 70, 160, 45, 8, 24, 168, 83, 57, 51, 115, 114, 36, 71, 79, 74, 29, 180, 133, 48, 137, 151, 107, 67, 9, 122, 141, 2, 7, 98, 96, 90, 128, 27, 157, 10, 92, 121, 84, 72, 52, 169, 148, 69, 197, 38, 39, 116]
40488

[58, 166, 174, 106, 26, 175, 60, 34, 171, 156, 130, 198, 144, 65, 177, 93, 179, 56, 6, 83, 164, 59, 185, 195, 184, 117, 13, 63, 181, 82, 3, 5, 14, 111, 127, 146, 32, 81, 109, 41, 119, 124, 15, 44, 35, 118, 104, 76, 102, 182, 139, 49, 54, 142, 87, 172, 138, 190, 153, 176, 162, 53, 114, 71, 36, 183, 140, 80, 55, 99, 25, 149, 74, 29, 79, 180, 133, 116, 39, 38, 69, 148, 188, 67, 165, 151, 107, 20, 89, 0, 94, 97, 31, 135, 75, 7, 98, 96, 90, 128]
[137, 19, 37, 145, 45, 24, 8, 33, 168, 57, 51, 115, 73, 132, 167, 113, 86, 88, 42, 163, 158, 105, 1, 108, 47, 120, 155, 50, 194, 30, 62, 125, 186, 12, 154, 77, 16, 191, 40, 147, 43, 129, 199, 101, 91, 150, 18, 134, 136, 95, 161, 17, 23, 152, 159, 143, 192, 103, 170, 21, 22, 46, 178, 112, 78, 187, 64, 123, 126, 100, 61, 131, 4, 196, 66, 197, 169, 52, 72, 84, 121, 92, 10, 2, 157, 27, 28, 173, 11, 70, 160, 122, 141, 9, 110, 189, 193, 68, 48, 85]
39477

[124, 119, 41, 109, 108, 1, 15, 139, 158, 49, 163, 115, 162, 53, 83, 6, 33, 26, 56, 93, 179, 175, 60, 70, 160, 11, 106, 97, 31, 166, 174, 58, 135, 28, 7, 98, 75, 96, 157, 10, 84, 141, 9, 188, 189, 110, 67, 122, 20, 107, 151, 37, 19, 79, 74, 100, 149, 68, 25, 99, 55, 80, 112, 78, 187, 126, 123, 64, 172, 138, 87, 170, 21, 22, 159, 152, 23, 44, 35, 16, 77, 154, 12, 62, 47, 155, 120, 81, 146, 14, 5, 3, 167, 113, 73, 164, 59, 86, 82, 181]
[180, 29, 133, 48, 85, 137, 165, 145, 89, 173, 0, 94, 2, 90, 128, 27, 92, 121, 72, 52, 169, 148, 69, 197, 38, 39, 116, 66, 196, 4, 131, 193, 61, 178, 46, 140, 183, 36, 71, 168, 114, 190, 153, 176, 142, 54, 103, 192, 143, 182, 102, 76, 104, 17, 161, 95, 118, 136, 134, 129, 43, 199, 18, 150, 91, 101, 147, 40, 191, 186, 125, 30, 194, 50, 127, 111, 32, 63, 13, 105, 117, 184, 88, 132, 65, 144, 198, 156, 171, 34, 130, 177, 185, 195, 42, 51, 57, 8, 24, 45]
39456

[88, 195, 185, 6, 83, 57, 42, 184, 158, 49, 163, 176, 153, 114, 168, 33, 8, 24, 151, 107, 165, 85, 48, 137, 37, 180, 133, 29, 74, 149, 100, 126, 123, 64, 71, 36, 183, 140, 187, 78, 112, 178, 80, 55, 99, 25, 61, 131, 4, 193, 189, 9, 122, 141, 72, 84, 121, 92, 27, 128, 90, 96, 75, 174, 106, 11, 160, 70, 26, 175, 60, 34, 171, 156, 130, 198, 73, 164, 59, 86, 3, 82, 181, 120, 155, 50, 194, 47, 30, 62, 77, 191, 16, 44, 17, 15, 1, 108, 105, 117]
[116, 68, 46, 22, 21, 87, 170, 142, 54, 139, 182, 102, 76, 104, 23, 152, 143, 103, 192, 159, 161, 136, 95, 35, 118, 91, 150, 18, 134, 199, 101, 129, 43, 147, 40, 154, 12, 186, 125, 109, 41, 81, 146, 127, 111, 14, 5, 32, 63, 119, 124, 13, 113, 167, 132, 65, 144, 177, 93, 179, 56, 51, 115, 162, 53, 190, 138, 172, 79, 19, 145, 45, 89, 173, 97, 31, 166, 58, 135, 28, 7, 98, 157, 10, 2, 94, 0, 20, 67, 110, 188, 52, 169, 148, 69, 197, 66, 196, 39, 38]
40634

[170, 87, 114, 71, 36, 183, 100, 55, 99, 25, 149, 68, 61, 131, 4, 196, 66, 197, 69, 148, 38, 39, 193, 116, 189, 110, 67, 48, 85, 137, 133, 74, 29, 180, 165, 107, 151, 145, 45, 160, 173, 0, 94, 10, 92, 157, 96, 75, 135, 58, 174, 166, 97, 11, 70, 26, 175, 60, 34, 177, 93, 179, 56, 33, 6, 83, 57, 53, 115, 51, 42, 195, 185, 86, 3, 5, 146, 81, 109, 125, 12, 154, 1, 108, 41, 119, 117, 158, 49, 163, 54, 103, 159, 134, 18, 150, 101, 147, 40, 17]
[72, 121, 84, 52, 169, 188, 9, 122, 20, 89, 8, 24, 168, 37, 19, 79, 126, 123, 64, 187, 78, 112, 80, 178, 46, 140, 172, 138, 190, 153, 162, 176, 142, 21, 22, 192, 143, 152, 23, 161, 95, 136, 129, 43, 199, 91, 118, 35, 44, 16, 191, 77, 186, 62, 30, 47, 194, 50, 155, 120, 127, 111, 14, 32, 63, 13, 124, 15, 104, 76, 102, 182, 139, 105, 184, 88, 181, 82, 59, 164, 73, 113, 167, 132, 65, 144, 198, 130, 156, 171, 106, 31, 28, 7, 98, 90, 128, 27, 2, 141]
39648

[85, 48, 68, 149, 100, 25, 61, 193, 39, 116, 189, 110, 67, 27, 128, 90, 96, 98, 75, 135, 58, 31, 97, 89, 45, 24, 8, 175, 179, 93, 56, 144, 65, 132, 167, 113, 185, 195, 88, 42, 184, 119, 124, 13, 63, 32, 14, 111, 127, 146, 120, 155, 50, 194, 47, 30, 16, 191, 40, 147, 101, 43, 129, 199, 134, 18, 150, 91, 118, 136, 95, 35, 44, 77, 154, 108, 41, 1, 15, 102, 182, 139, 158, 49, 163, 176, 168, 71, 36, 183, 140, 46, 178, 78, 187, 64, 123, 126, 79, 19]
[156, 171, 34, 60, 26, 70, 160, 11, 173, 106, 174, 166, 28, 7, 157, 10, 92, 121, 84, 72, 141, 2, 94, 0, 20, 122, 9, 188, 52, 169, 38, 148, 69, 197, 66, 196, 4, 131, 99, 55, 80, 112, 74, 29, 180, 133, 137, 165, 107, 151, 37, 145, 33, 6, 83, 57, 51, 115, 162, 53, 153, 190, 114, 172, 138, 142, 170, 87, 22, 21, 192, 103, 54, 143, 159, 152, 161, 17, 23, 76, 104, 12, 186, 125, 62, 109, 81, 5, 3, 82, 181, 105, 117, 86, 59, 164, 73, 177, 130, 198]
38624

[140, 46, 178, 80, 112, 78, 187, 123, 64, 183, 114, 172, 138, 87, 170, 21, 22, 192, 159, 134, 91, 118, 35, 16, 191, 77, 154, 12, 186, 125, 62, 30, 194, 50, 127, 111, 14, 32, 13, 124, 119, 41, 109, 108, 1, 15, 104, 23, 76, 139, 158, 49, 163, 184, 88, 185, 195, 42, 190, 153, 162, 53, 168, 33, 70, 173, 89, 20, 122, 0, 94, 28, 135, 7, 2, 10, 92, 84, 52, 148, 69, 197, 66, 196, 4, 131, 193, 61, 68, 48, 133, 180, 29, 74, 126, 100, 149, 25, 55, 99]
[174, 58, 75, 98, 96, 90, 128, 27, 157, 121, 72, 169, 38, 39, 116, 189, 188, 110, 67, 9, 141, 85, 137, 37, 19, 79, 36, 71, 151, 165, 107, 145, 45, 24, 8, 160, 11, 97, 31, 166, 106, 34, 171, 156, 60, 26, 56, 6, 83, 57, 51, 115, 176, 142, 54, 103, 143, 152, 161, 95, 136, 150, 18, 199, 101, 129, 43, 147, 40, 44, 17, 102, 182, 105, 117, 181, 82, 63, 81, 47, 155, 120, 146, 5, 3, 86, 59, 164, 73, 113, 167, 132, 65, 144, 198, 130, 177, 93, 179, 175]
39924

[139, 182, 102, 76, 54, 103, 170, 87, 22, 21, 192, 143, 159, 152, 23, 161, 134, 18, 150, 91, 136, 118, 101, 147, 40, 35, 44, 16, 77, 119, 124, 13, 81, 109, 125, 186, 62, 30, 47, 194, 155, 50, 127, 111, 14, 82, 181, 195, 185, 6, 83, 57, 168, 33, 56, 177, 93, 179, 175, 26, 11, 97, 94, 0, 173, 8, 24, 45, 145, 151, 107, 165, 137, 85, 48, 37, 19, 79, 180, 189, 148, 38, 39, 116, 193, 68, 149, 100, 126, 123, 64, 140, 183, 36, 71, 114, 51, 42, 117, 105]
[65, 144, 198, 130, 156, 171, 34, 60, 70, 160, 106, 31, 166, 174, 58, 75, 135, 28, 7, 98, 96, 90, 128, 27, 157, 92, 10, 2, 89, 20, 122, 141, 9, 67, 110, 188, 84, 121, 72, 52, 169, 69, 197, 66, 196, 4, 131, 61, 25, 133, 29, 74, 99, 55, 80, 178, 112, 78, 187, 46, 172, 138, 190, 153, 53, 162, 115, 176, 142, 163, 49, 158, 184, 88, 86, 59, 164, 73, 113, 167, 132, 3, 63, 41, 108, 1, 15, 104, 17, 95, 199, 129, 43, 191, 154, 12, 120, 146, 32, 5]
38702

[4, 193, 197, 69, 148, 72, 121, 92, 10, 157, 27, 128, 90, 96, 98, 7, 75, 58, 31, 97, 173, 11, 160, 70, 171, 156, 130, 177, 198, 144, 65, 132, 164, 73, 56, 93, 179, 175, 45, 145, 20, 122, 107, 165, 137, 85, 48, 133, 180, 79, 36, 71, 168, 114, 53, 153, 190, 142, 54, 76, 102, 182, 139, 105, 117, 124, 119, 81, 120, 146, 14, 111, 127, 50, 155, 194, 30, 191, 16, 17, 104, 23, 152, 159, 143, 103, 170, 138, 172, 183, 140, 64, 187, 78, 123, 126, 100, 25, 61, 131]
[35, 40, 147, 101, 43, 129, 199, 134, 18, 150, 91, 118, 95, 136, 161, 192, 21, 22, 87, 46, 178, 112, 80, 55, 99, 149, 74, 29, 19, 37, 151, 89, 0, 94, 141, 9, 67, 68, 110, 188, 189, 116, 39, 196, 66, 38, 169, 52, 84, 2, 28, 135, 166, 174, 106, 34, 60, 26, 8, 24, 33, 6, 83, 57, 51, 115, 162, 176, 163, 49, 158, 184, 42, 88, 195, 185, 59, 167, 113, 86, 3, 5, 32, 82, 181, 63, 13, 41, 109, 47, 62, 125, 186, 12, 154, 77, 1, 108, 15, 44]
39418

[76, 161, 134, 199, 129, 43, 101, 91, 150, 18, 136, 35, 44, 154, 12, 186, 125, 62, 30, 47, 109, 81, 32, 82, 181, 13, 124, 105, 117, 88, 185, 6, 168, 24, 8, 175, 179, 93, 73, 164, 65, 144, 198, 177, 130, 156, 171, 34, 60, 26, 70, 160, 173, 11, 106, 174, 58, 75, 96, 90, 128, 27, 157, 2, 10, 92, 121, 84, 72, 52, 169, 197, 66, 196, 193, 68, 180, 37, 19, 79, 78, 112, 80, 178, 46, 172, 138, 142, 176, 190, 153, 53, 162, 51, 115, 163, 158, 139, 182, 102]
[89, 145, 45, 33, 56, 59, 86, 113, 167, 132, 3, 5, 14, 111, 146, 127, 50, 194, 155, 120, 63, 119, 41, 108, 1, 15, 77, 16, 191, 40, 147, 118, 95, 17, 104, 23, 152, 159, 143, 192, 21, 22, 87, 170, 103, 54, 49, 184, 42, 195, 83, 57, 114, 71, 36, 183, 140, 64, 187, 123, 126, 29, 74, 149, 100, 55, 99, 25, 61, 131, 4, 69, 148, 38, 39, 116, 189, 188, 110, 67, 133, 48, 85, 137, 165, 151, 107, 20, 0, 97, 31, 166, 135, 98, 7, 28, 94, 141, 9, 122]
38302

[35, 44, 16, 191, 77, 186, 125, 62, 30, 47, 109, 41, 119, 124, 117, 163, 142, 176, 115, 57, 83, 6, 185, 59, 177, 130, 156, 171, 34, 60, 175, 179, 93, 56, 33, 168, 71, 36, 183, 37, 151, 145, 45, 24, 8, 89, 0, 94, 122, 141, 2, 7, 98, 75, 96, 90, 128, 27, 92, 121, 72, 52, 169, 188, 110, 67, 68, 193, 38, 148, 69, 197, 66, 196, 4, 131, 61, 25, 149, 100, 99, 55, 112, 80, 46, 172, 138, 87, 22, 21, 170, 103, 192, 159, 161, 134, 18, 150, 91, 118]
[178, 78, 187, 123, 126, 74, 29, 180, 19, 79, 64, 140, 114, 190, 153, 53, 162, 51, 195, 88, 42, 184, 158, 105, 139, 182, 49, 54, 143, 152, 23, 95, 136, 101, 199, 129, 43, 147, 40, 17, 104, 76, 102, 15, 1, 154, 12, 108, 81, 146, 120, 155, 194, 50, 127, 111, 14, 32, 63, 13, 181, 82, 5, 3, 86, 164, 73, 113, 167, 132, 65, 144, 198, 26, 70, 160, 11, 173, 97, 106, 31, 166, 174, 58, 135, 28, 157, 10, 84, 39, 116, 189, 9, 20, 107, 165, 137, 85, 48, 133]
39176

[151, 107, 165, 137, 85, 48, 29, 74, 25, 99, 55, 80, 178, 46, 172, 138, 87, 22, 21, 170, 142, 190, 153, 176, 163, 49, 158, 105, 139, 182, 102, 15, 104, 76, 152, 23, 161, 134, 18, 150, 91, 136, 95, 35, 16, 77, 154, 12, 1, 108, 41, 119, 124, 13, 63, 81, 32, 181, 117, 184, 42, 56, 26, 8, 24, 45, 145, 20, 122, 141, 188, 189, 116, 4, 196, 66, 39, 38, 197, 69, 148, 169, 52, 72, 84, 121, 92, 10, 157, 2, 7, 28, 94, 0, 89, 97, 173, 11, 160, 70]
[132, 65, 144, 198, 156, 171, 34, 174, 166, 58, 75, 96, 90, 128, 27, 98, 135, 31, 106, 60, 175, 179, 93, 130, 177, 73, 164, 59, 88, 195, 185, 57, 83, 6, 33, 168, 71, 37, 19, 79, 180, 133, 67, 9, 110, 193, 131, 61, 68, 149, 100, 112, 78, 187, 126, 123, 64, 140, 183, 36, 114, 53, 162, 51, 115, 54, 103, 192, 143, 159, 17, 44, 118, 199, 129, 43, 101, 147, 40, 191, 186, 125, 62, 30, 47, 194, 50, 155, 109, 120, 146, 127, 111, 14, 5, 3, 82, 86, 167, 113]
37883

[63, 155, 50, 194, 47, 109, 1, 76, 104, 17, 44, 16, 191, 40, 147, 101, 43, 129, 199, 136, 95, 23, 152, 192, 22, 21, 170, 142, 176, 190, 153, 53, 162, 115, 51, 185, 59, 164, 73, 93, 56, 6, 83, 57, 168, 33, 145, 151, 37, 19, 79, 126, 187, 78, 112, 178, 80, 55, 99, 100, 149, 68, 25, 61, 131, 4, 196, 66, 193, 169, 52, 72, 84, 157, 27, 128, 90, 96, 75, 98, 7, 94, 0, 89, 20, 8, 34, 171, 156, 130, 177, 198, 144, 65, 88, 184, 158, 117, 124, 13]
[92, 10, 2, 28, 135, 58, 174, 166, 31, 106, 97, 173, 11, 160, 70, 26, 60, 175, 179, 195, 42, 163, 49, 105, 139, 182, 102, 15, 108, 41, 119, 181, 86, 113, 167, 132, 3, 82, 5, 14, 111, 127, 146, 32, 81, 120, 30, 62, 125, 186, 12, 154, 77, 35, 118, 91, 150, 18, 134, 161, 159, 143, 54, 103, 87, 138, 172, 46, 123, 64, 140, 183, 36, 114, 71, 24, 45, 107, 165, 137, 85, 48, 133, 180, 29, 74, 110, 189, 116, 39, 38, 197, 69, 148, 188, 67, 9, 122, 141, 121]
39123

[11, 160, 173, 94, 0, 89, 20, 107, 151, 145, 45, 83, 57, 195, 185, 59, 73, 177, 56, 93, 179, 156, 130, 198, 144, 65, 132, 167, 3, 5, 14, 111, 127, 32, 146, 120, 155, 50, 194, 47, 30, 16, 35, 95, 136, 91, 199, 129, 18, 150, 134, 161, 17, 49, 158, 184, 42, 163, 54, 103, 192, 22, 21, 170, 87, 172, 183, 140, 46, 178, 100, 149, 74, 133, 48, 85, 137, 165, 122, 9, 189, 116, 39, 38, 197, 69, 148, 92, 10, 157, 27, 128, 90, 96, 75, 135, 58, 174, 166, 97]
[25, 99, 55, 80, 112, 78, 187, 64, 123, 126, 29, 180, 37, 19, 79, 36, 71, 168, 51, 115, 176, 190, 153, 162, 53, 114, 138, 142, 143, 159, 152, 23, 76, 102, 139, 105, 182, 15, 104, 44, 118, 101, 43, 147, 40, 191, 77, 154, 12, 186, 125, 62, 109, 1, 108, 41, 81, 63, 13, 124, 119, 117, 181, 82, 88, 86, 113, 164, 6, 33, 24, 8, 70, 26, 175, 60, 34, 171, 106, 31, 28, 98, 7, 2, 121, 84, 72, 141, 52, 169, 188, 110, 67, 68, 61, 193, 66, 196, 4, 131]
40210

[126, 123, 183, 36, 71, 153, 190, 138, 87, 22, 21, 170, 103, 192, 143, 159, 152, 23, 17, 104, 76, 102, 182, 139, 105, 158, 49, 184, 117, 13, 124, 119, 41, 109, 125, 186, 62, 30, 47, 194, 50, 155, 120, 81, 146, 127, 111, 14, 32, 5, 3, 65, 198, 130, 177, 93, 73, 164, 59, 185, 88, 42, 163, 176, 115, 51, 57, 83, 6, 33, 26, 70, 160, 11, 173, 89, 0, 94, 97, 31, 166, 58, 135, 28, 98, 7, 2, 10, 92, 141, 110, 188, 38, 148, 69, 197, 193, 61, 68, 149]
[64, 46, 172, 142, 54, 161, 136, 95, 35, 118, 91, 150, 18, 134, 129, 199, 101, 43, 147, 40, 191, 16, 44, 77, 154, 12, 108, 1, 15, 63, 181, 82, 86, 113, 167, 132, 144, 156, 171, 34, 60, 106, 174, 75, 96, 90, 128, 27, 157, 121, 84, 72, 52, 169, 189, 116, 39, 66, 196, 4, 131, 25, 99, 55, 100, 80, 178, 112, 78, 187, 74, 29, 180, 133, 48, 137, 85, 67, 9, 122, 20, 107, 165, 151, 37, 19, 79, 168, 145, 45, 24, 8, 175, 179, 56, 195, 162, 53, 114, 140]
38347

[132, 65, 144, 198, 156, 171, 34, 60, 130, 177, 93, 26, 70, 160, 11, 173, 106, 97, 0, 94, 28, 7, 98, 135, 166, 174, 58, 75, 96, 27, 157, 10, 92, 121, 72, 52, 169, 148, 69, 188, 9, 122, 20, 89, 165, 137, 85, 48, 67, 133, 180, 29, 46, 172, 190, 153, 162, 176, 163, 54, 142, 170, 21, 22, 192, 152, 23, 161, 95, 136, 91, 150, 18, 129, 43, 147, 40, 191, 16, 44, 17, 76, 102, 49, 158, 184, 117, 13, 124, 119, 41, 109, 125, 186, 47, 120, 81, 63, 181, 82]
[145, 79, 19, 37, 151, 107, 45, 24, 8, 33, 56, 179, 175, 31, 90, 128, 2, 84, 141, 110, 189, 116, 39, 38, 197, 66, 196, 4, 131, 193, 61, 68, 149, 74, 100, 25, 99, 55, 80, 178, 112, 78, 187, 126, 123, 64, 140, 183, 138, 87, 103, 143, 159, 134, 199, 101, 118, 35, 104, 182, 139, 105, 15, 108, 1, 77, 154, 12, 62, 30, 194, 155, 50, 127, 146, 32, 111, 14, 5, 3, 167, 113, 73, 164, 86, 88, 42, 195, 185, 59, 6, 83, 57, 168, 51, 115, 53, 114, 36, 71]
40512

[74, 29, 133, 180, 79, 19, 37, 151, 137, 85, 48, 110, 188, 189, 39, 116, 68, 149, 131, 4, 196, 66, 197, 69, 148, 169, 52, 72, 141, 9, 67, 20, 173, 160, 11, 97, 31, 166, 58, 174, 171, 34, 60, 175, 179, 93, 177, 130, 156, 198, 144, 65, 132, 167, 86, 102, 15, 1, 108, 154, 12, 62, 125, 186, 16, 44, 35, 118, 95, 136, 150, 18, 134, 159, 192, 170, 87, 142, 176, 138, 190, 153, 53, 162, 115, 51, 57, 33, 8, 24, 45, 145, 168, 71, 36, 183, 140, 64, 126, 100]
[76, 41, 119, 124, 13, 63, 81, 109, 77, 191, 40, 147, 43, 129, 199, 101, 91, 161, 17, 104, 23, 152, 143, 103, 21, 22, 172, 114, 46, 178, 187, 123, 78, 112, 80, 55, 99, 25, 61, 193, 38, 84, 121, 92, 10, 2, 122, 165, 107, 89, 0, 94, 28, 7, 98, 157, 27, 128, 90, 96, 75, 135, 106, 70, 26, 56, 6, 83, 185, 195, 42, 88, 59, 164, 73, 113, 3, 5, 14, 111, 127, 50, 194, 30, 47, 155, 120, 146, 32, 82, 181, 117, 105, 139, 182, 49, 158, 184, 163, 54]
40937

[27, 128, 90, 96, 75, 135, 58, 174, 166, 31, 28, 94, 0, 97, 173, 11, 160, 70, 45, 24, 8, 33, 168, 57, 83, 6, 195, 185, 59, 164, 73, 56, 60, 34, 171, 65, 5, 14, 111, 127, 146, 32, 81, 109, 120, 155, 50, 194, 47, 30, 62, 125, 186, 191, 16, 35, 95, 136, 161, 17, 23, 159, 143, 152, 104, 76, 102, 158, 49, 163, 176, 153, 190, 114, 71, 36, 183, 46, 178, 112, 80, 55, 99, 68, 110, 38, 169, 52, 72, 121, 84, 67, 133, 48, 85, 137, 165, 151, 107, 122]
[10, 92, 2, 141, 9, 188, 189, 116, 39, 148, 69, 197, 66, 196, 4, 131, 193, 61, 25, 100, 149, 74, 29, 180, 20, 89, 145, 37, 19, 79, 126, 123, 78, 187, 64, 140, 172, 138, 53, 162, 51, 115, 142, 170, 87, 22, 21, 192, 103, 54, 184, 117, 105, 139, 182, 15, 44, 118, 91, 199, 150, 18, 134, 129, 43, 101, 147, 40, 77, 154, 12, 1, 108, 41, 119, 124, 13, 63, 181, 82, 3, 88, 42, 86, 113, 167, 132, 144, 198, 156, 130, 177, 93, 179, 175, 26, 106, 98, 7, 157]
39536

[176, 42, 115, 153, 190, 142, 138, 172, 140, 46, 178, 112, 78, 187, 64, 79, 19, 180, 37, 151, 107, 165, 137, 85, 48, 196, 66, 197, 69, 148, 38, 39, 110, 67, 9, 122, 20, 2, 27, 128, 90, 96, 98, 75, 58, 174, 106, 70, 145, 71, 36, 183, 114, 168, 144, 65, 132, 167, 113, 86, 82, 181, 13, 124, 119, 41, 63, 81, 14, 111, 127, 50, 155, 194, 47, 30, 62, 186, 191, 40, 147, 101, 91, 136, 95, 161, 17, 104, 76, 102, 182, 139, 158, 49, 163, 54, 143, 159, 192, 103]
[166, 31, 135, 28, 97, 94, 0, 89, 173, 11, 160, 45, 24, 8, 33, 56, 93, 179, 175, 26, 60, 34, 171, 156, 130, 198, 177, 73, 164, 59, 3, 5, 32, 146, 120, 109, 125, 12, 154, 77, 16, 44, 35, 118, 150, 18, 199, 43, 129, 134, 23, 152, 15, 1, 108, 105, 117, 184, 88, 195, 185, 6, 83, 57, 51, 162, 53, 87, 170, 21, 22, 80, 55, 99, 100, 123, 126, 74, 29, 133, 68, 149, 25, 61, 131, 4, 193, 116, 189, 188, 169, 52, 141, 72, 84, 121, 92, 10, 157, 7]
40338

[31, 135, 75, 28, 7, 98, 96, 90, 128, 27, 121, 84, 72, 52, 169, 148, 69, 48, 85, 137, 151, 45, 8, 24, 145, 37, 19, 180, 133, 126, 123, 64, 187, 78, 112, 80, 178, 46, 140, 183, 114, 142, 54, 159, 161, 134, 129, 43, 147, 40, 186, 125, 12, 1, 108, 109, 194, 50, 155, 120, 146, 81, 41, 119, 124, 63, 13, 117, 105, 139, 158, 49, 163, 176, 115, 51, 57, 83, 6, 195, 88, 181, 86, 65, 144, 198, 177, 130, 156, 171, 34, 60, 179, 56, 33, 70, 160, 11, 173, 97]
[143, 192, 103, 21, 22, 170, 87, 172, 138, 190, 153, 162, 53, 168, 71, 36, 79, 29, 74, 149, 100, 55, 99, 25, 68, 61, 193, 131, 4, 196, 66, 197, 38, 39, 116, 189, 110, 188, 141, 92, 10, 157, 2, 122, 9, 67, 165, 107, 20, 89, 0, 94, 166, 58, 174, 106, 26, 175, 93, 132, 167, 113, 73, 164, 59, 185, 42, 184, 182, 102, 76, 15, 82, 3, 5, 32, 14, 111, 127, 47, 30, 62, 154, 77, 16, 191, 101, 199, 18, 150, 91, 118, 136, 95, 35, 44, 17, 104, 23, 152]
39520

[128, 90, 94, 0, 70, 26, 175, 33, 8, 24, 45, 145, 151, 107, 165, 137, 85, 122, 84, 121, 72, 52, 169, 148, 69, 197, 38, 189, 116, 39, 66, 196, 4, 131, 193, 61, 25, 100, 112, 178, 78, 187, 126, 123, 64, 140, 172, 22, 21, 170, 103, 192, 143, 54, 163, 49, 76, 23, 152, 159, 161, 134, 129, 43, 147, 40, 191, 16, 186, 125, 62, 30, 194, 50, 127, 111, 14, 146, 81, 15, 102, 182, 139, 158, 184, 42, 88, 56, 93, 179, 60, 34, 171, 106, 174, 166, 58, 75, 98, 96]
[18, 150, 199, 101, 91, 136, 95, 118, 35, 44, 17, 104, 77, 154, 12, 1, 108, 41, 119, 124, 13, 63, 109, 47, 155, 120, 32, 5, 3, 82, 181, 105, 117, 86, 113, 167, 132, 65, 144, 198, 156, 130, 177, 73, 164, 59, 185, 195, 51, 57, 83, 6, 168, 37, 19, 79, 180, 133, 48, 20, 89, 173, 160, 11, 97, 31, 135, 28, 7, 27, 157, 92, 10, 2, 141, 9, 67, 188, 110, 68, 29, 74, 149, 99, 55, 80, 46, 183, 36, 71, 114, 53, 162, 153, 190, 138, 87, 142, 176, 115]
40030

[89, 0, 20, 122, 9, 67, 52, 169, 148, 69, 197, 38, 39, 193, 61, 68, 25, 99, 100, 74, 29, 180, 133, 107, 151, 145, 179, 93, 73, 164, 88, 42, 195, 185, 51, 53, 114, 71, 36, 183, 64, 123, 46, 140, 172, 138, 87, 170, 103, 54, 143, 192, 159, 152, 49, 158, 139, 182, 105, 124, 119, 41, 109, 15, 95, 91, 147, 30, 50, 127, 146, 111, 14, 5, 82, 3, 113, 167, 132, 65, 144, 198, 177, 130, 156, 171, 34, 60, 106, 174, 58, 75, 7, 98, 96, 90, 128, 27, 2, 94]
[13, 63, 32, 81, 120, 155, 194, 47, 62, 125, 186, 12, 108, 1, 154, 77, 191, 40, 16, 44, 35, 118, 101, 43, 129, 199, 18, 150, 136, 134, 161, 17, 23, 104, 76, 102, 163, 115, 176, 142, 21, 22, 190, 153, 162, 57, 83, 6, 33, 168, 37, 19, 79, 126, 187, 78, 112, 178, 80, 55, 149, 48, 85, 137, 165, 110, 189, 116, 131, 4, 196, 66, 188, 141, 72, 84, 121, 92, 10, 157, 28, 135, 166, 31, 97, 173, 11, 160, 70, 45, 24, 8, 26, 175, 56, 59, 86, 181, 117, 184]
41211

[163, 49, 158, 105, 139, 182, 15, 63, 32, 14, 111, 127, 146, 81, 109, 108, 1, 154, 12, 125, 186, 77, 16, 191, 40, 147, 43, 129, 199, 101, 152, 159, 143, 54, 142, 103, 192, 22, 21, 170, 87, 172, 114, 36, 183, 140, 46, 178, 80, 112, 78, 187, 149, 68, 74, 29, 133, 180, 79, 19, 37, 137, 85, 48, 67, 110, 189, 116, 38, 197, 69, 148, 169, 52, 72, 84, 2, 7, 28, 135, 31, 97, 94, 0, 45, 24, 8, 60, 34, 171, 156, 198, 144, 65, 56, 33, 6, 83, 53, 162]
[122, 9, 188, 39, 66, 196, 4, 131, 193, 61, 25, 99, 55, 100, 126, 123, 64, 71, 168, 57, 51, 115, 153, 190, 138, 176, 42, 88, 184, 117, 102, 76, 104, 23, 17, 161, 134, 18, 150, 91, 136, 95, 118, 35, 44, 62, 30, 47, 194, 50, 155, 120, 41, 119, 124, 13, 181, 82, 5, 3, 132, 167, 113, 86, 195, 185, 59, 164, 73, 177, 130, 93, 179, 175, 26, 70, 160, 145, 151, 165, 107, 20, 89, 173, 11, 106, 174, 166, 58, 75, 98, 96, 90, 128, 27, 157, 10, 92, 121, 141]
37675

[129, 43, 101, 147, 40, 191, 16, 154, 12, 186, 125, 62, 30, 47, 194, 50, 155, 120, 81, 109, 108, 1, 15, 117, 181, 82, 86, 132, 65, 144, 198, 156, 171, 34, 160, 11, 106, 31, 166, 174, 58, 135, 75, 96, 90, 128, 27, 157, 92, 10, 2, 7, 98, 28, 97, 89, 20, 122, 19, 79, 180, 29, 74, 100, 99, 55, 80, 112, 178, 46, 140, 183, 36, 114, 172, 138, 87, 170, 21, 22, 192, 103, 142, 190, 153, 176, 54, 143, 159, 152, 23, 161, 134, 18, 150, 136, 95, 118, 91, 199]
[162, 53, 115, 51, 195, 185, 88, 42, 184, 163, 49, 158, 105, 139, 182, 102, 76, 104, 17, 35, 44, 77, 41, 119, 124, 13, 63, 32, 146, 127, 111, 14, 5, 3, 167, 113, 59, 164, 73, 177, 130, 60, 175, 179, 93, 56, 33, 26, 70, 8, 24, 45, 145, 37, 151, 107, 165, 137, 85, 48, 133, 110, 188, 67, 9, 0, 173, 94, 141, 84, 121, 72, 52, 169, 148, 69, 197, 38, 189, 116, 39, 66, 196, 4, 131, 193, 61, 25, 68, 149, 126, 123, 78, 187, 64, 71, 168, 57, 83, 6]
36298

[55, 80, 178, 112, 78, 187, 64, 46, 140, 172, 176, 163, 161, 134, 18, 150, 136, 95, 17, 104, 15, 182, 105, 119, 124, 13, 63, 81, 41, 108, 1, 77, 154, 12, 186, 125, 62, 30, 47, 194, 155, 50, 146, 32, 82, 181, 117, 184, 88, 6, 83, 57, 168, 45, 24, 8, 179, 93, 73, 113, 167, 132, 65, 144, 198, 177, 130, 156, 171, 106, 174, 166, 58, 75, 96, 90, 128, 27, 157, 10, 92, 121, 148, 69, 197, 66, 196, 4, 131, 193, 116, 189, 48, 133, 180, 29, 74, 149, 100, 99]
[22, 21, 87, 170, 103, 192, 159, 152, 23, 118, 91, 199, 129, 43, 101, 147, 40, 35, 44, 16, 191, 109, 120, 127, 111, 14, 5, 3, 86, 164, 59, 185, 195, 42, 49, 158, 139, 102, 76, 143, 54, 142, 190, 153, 53, 162, 115, 51, 33, 56, 175, 60, 34, 26, 70, 160, 11, 173, 89, 0, 94, 97, 31, 135, 28, 98, 7, 2, 84, 72, 52, 169, 188, 38, 39, 61, 25, 68, 110, 67, 9, 141, 122, 20, 145, 151, 107, 165, 85, 137, 37, 19, 79, 126, 123, 183, 36, 71, 114, 138]
39495

[191, 186, 125, 1, 15, 182, 139, 105, 117, 184, 88, 82, 181, 41, 108, 109, 155, 120, 5, 3, 177, 93, 179, 56, 6, 83, 51, 115, 176, 190, 153, 162, 53, 57, 33, 175, 26, 70, 106, 173, 11, 160, 8, 24, 45, 145, 151, 107, 165, 19, 79, 123, 126, 29, 180, 133, 68, 193, 39, 116, 189, 141, 94, 28, 7, 98, 96, 90, 128, 27, 157, 2, 10, 92, 121, 84, 72, 52, 169, 197, 66, 196, 4, 131, 61, 25, 149, 100, 99, 55, 80, 46, 183, 36, 114, 138, 170, 103, 17, 16]
[122, 9, 188, 148, 69, 38, 110, 67, 74, 78, 112, 178, 187, 64, 140, 172, 87, 22, 21, 192, 143, 159, 23, 152, 54, 142, 163, 49, 158, 102, 76, 104, 161, 134, 129, 199, 101, 43, 147, 40, 118, 91, 150, 18, 136, 95, 35, 44, 77, 154, 12, 62, 30, 47, 194, 50, 127, 111, 14, 32, 146, 81, 63, 119, 124, 13, 86, 113, 167, 132, 65, 144, 198, 130, 156, 171, 34, 60, 73, 164, 59, 185, 195, 42, 168, 71, 37, 48, 85, 137, 20, 89, 0, 135, 75, 58, 174, 166, 31, 97]
41760

[149, 68, 48, 20, 89, 160, 70, 26, 175, 56, 33, 6, 83, 162, 53, 114, 71, 79, 180, 133, 126, 123, 187, 178, 46, 172, 138, 87, 22, 21, 170, 103, 54, 142, 163, 49, 158, 105, 139, 182, 102, 76, 17, 161, 136, 18, 150, 91, 118, 35, 186, 125, 109, 41, 81, 120, 146, 32, 127, 111, 14, 5, 3, 117, 184, 42, 88, 113, 167, 132, 65, 144, 164, 73, 93, 179, 60, 34, 171, 106, 75, 96, 157, 10, 84, 141, 188, 189, 116, 39, 148, 69, 197, 66, 196, 4, 131, 193, 61, 25]
[119, 124, 13, 63, 181, 82, 86, 59, 177, 198, 130, 156, 11, 173, 97, 31, 166, 174, 58, 135, 28, 7, 98, 90, 128, 27, 92, 121, 72, 52, 169, 38, 110, 67, 9, 122, 2, 94, 0, 45, 8, 24, 145, 151, 107, 165, 85, 137, 37, 19, 29, 74, 100, 99, 55, 80, 112, 78, 64, 140, 183, 36, 168, 57, 185, 195, 51, 115, 153, 190, 176, 192, 143, 159, 152, 23, 104, 15, 108, 1, 77, 44, 95, 134, 129, 43, 199, 101, 147, 40, 191, 16, 154, 12, 62, 47, 155, 50, 194, 30]
40593

[95, 136, 101, 199, 129, 43, 147, 40, 191, 16, 77, 1, 108, 41, 119, 124, 181, 82, 32, 146, 120, 47, 194, 155, 50, 127, 111, 14, 5, 3, 65, 132, 167, 113, 86, 164, 73, 59, 185, 195, 6, 56, 156, 171, 34, 70, 160, 173, 11, 106, 174, 166, 58, 75, 96, 90, 98, 7, 28, 135, 31, 97, 94, 141, 122, 165, 137, 85, 48, 110, 188, 189, 116, 39, 66, 196, 4, 131, 112, 78, 183, 114, 190, 153, 53, 162, 115, 51, 42, 105, 139, 182, 102, 15, 104, 76, 152, 23, 17, 44]
[176, 142, 163, 54, 103, 170, 87, 22, 21, 192, 143, 159, 161, 134, 18, 150, 91, 118, 35, 154, 12, 186, 125, 62, 30, 109, 81, 63, 13, 117, 158, 49, 184, 88, 144, 198, 130, 177, 93, 179, 175, 60, 26, 89, 0, 2, 128, 27, 157, 10, 92, 121, 84, 72, 52, 169, 148, 69, 197, 38, 193, 61, 25, 99, 55, 80, 178, 46, 140, 64, 187, 123, 126, 79, 19, 180, 133, 29, 74, 100, 149, 68, 67, 9, 20, 107, 151, 37, 145, 45, 24, 8, 33, 83, 57, 168, 71, 36, 172, 138]
38670

[176, 190, 153, 162, 53, 114, 140, 64, 183, 36, 71, 168, 83, 6, 33, 8, 24, 45, 145, 37, 74, 29, 151, 107, 20, 122, 67, 110, 188, 189, 39, 196, 66, 38, 197, 69, 148, 169, 52, 92, 10, 2, 157, 27, 128, 90, 96, 75, 58, 135, 98, 7, 28, 97, 173, 11, 160, 70, 60, 34, 171, 156, 130, 177, 198, 144, 65, 132, 167, 113, 181, 82, 3, 5, 32, 63, 13, 41, 108, 1, 154, 77, 16, 35, 44, 17, 76, 102, 152, 159, 143, 192, 103, 54, 142, 170, 21, 22, 87, 138]
[59, 86, 164, 73, 56, 93, 179, 175, 26, 106, 174, 166, 31, 94, 0, 89, 141, 84, 121, 72, 9, 48, 85, 137, 165, 19, 79, 180, 133, 68, 116, 193, 4, 131, 61, 25, 99, 55, 100, 149, 126, 123, 187, 78, 112, 80, 178, 46, 172, 51, 57, 185, 195, 88, 42, 115, 163, 184, 117, 105, 124, 119, 81, 14, 111, 127, 146, 120, 155, 50, 194, 47, 30, 62, 109, 12, 125, 186, 191, 40, 147, 43, 101, 199, 129, 134, 18, 150, 91, 118, 95, 136, 161, 23, 104, 15, 182, 139, 158, 49]
38531

[117, 184, 158, 139, 105, 119, 124, 13, 63, 146, 120, 155, 194, 50, 127, 111, 14, 32, 5, 3, 82, 181, 88, 86, 156, 171, 34, 60, 6, 83, 57, 168, 71, 37, 48, 85, 137, 165, 20, 89, 160, 70, 11, 173, 97, 31, 166, 58, 75, 96, 90, 128, 27, 157, 92, 10, 2, 141, 84, 121, 72, 52, 169, 148, 69, 197, 38, 4, 131, 193, 116, 189, 110, 67, 133, 29, 126, 123, 187, 78, 178, 46, 172, 138, 87, 22, 192, 152, 23, 17, 95, 136, 118, 35, 16, 44, 104, 76, 102, 182]
[100, 149, 74, 79, 19, 180, 68, 61, 196, 66, 39, 188, 9, 122, 107, 151, 145, 24, 8, 45, 0, 94, 28, 7, 98, 135, 174, 106, 26, 175, 33, 56, 179, 93, 177, 130, 198, 144, 65, 132, 167, 113, 73, 164, 59, 185, 195, 42, 51, 115, 163, 49, 15, 1, 108, 41, 81, 109, 47, 30, 62, 125, 186, 12, 154, 77, 191, 40, 147, 43, 129, 199, 101, 91, 150, 18, 134, 161, 159, 143, 54, 103, 21, 170, 142, 176, 190, 153, 162, 53, 114, 36, 183, 140, 64, 112, 80, 55, 99, 25]
37591

[146, 32, 81, 41, 119, 124, 13, 63, 181, 82, 3, 86, 88, 184, 42, 195, 185, 59, 164, 73, 113, 167, 132, 65, 144, 156, 171, 34, 160, 11, 106, 31, 135, 28, 98, 7, 2, 10, 92, 141, 9, 122, 37, 19, 180, 133, 29, 74, 100, 149, 68, 189, 116, 39, 38, 148, 69, 197, 66, 196, 4, 131, 193, 61, 25, 99, 55, 64, 168, 24, 33, 57, 51, 115, 162, 53, 153, 190, 138, 172, 87, 170, 103, 54, 143, 159, 161, 134, 199, 101, 91, 118, 35, 44, 16, 77, 15, 1, 108, 109]
[14, 111, 127, 120, 155, 50, 194, 47, 30, 62, 125, 186, 12, 154, 191, 40, 147, 43, 129, 18, 150, 136, 95, 17, 104, 102, 76, 23, 152, 192, 22, 21, 142, 176, 114, 71, 36, 183, 140, 46, 178, 80, 112, 78, 187, 123, 126, 79, 151, 107, 165, 137, 85, 48, 67, 110, 188, 169, 52, 72, 84, 121, 157, 27, 128, 90, 96, 75, 58, 174, 166, 97, 173, 94, 0, 89, 20, 145, 45, 8, 70, 26, 60, 175, 179, 93, 130, 198, 177, 56, 6, 83, 163, 49, 158, 139, 182, 105, 117, 5]
37903

[26, 24, 8, 70, 160, 11, 173, 97, 31, 166, 28, 157, 10, 92, 121, 84, 72, 52, 169, 188, 110, 68, 100, 178, 46, 140, 183, 172, 138, 190, 153, 162, 53, 57, 83, 51, 115, 176, 142, 170, 87, 22, 21, 103, 192, 143, 159, 76, 102, 182, 139, 105, 15, 41, 119, 124, 13, 63, 81, 109, 12, 154, 77, 16, 35, 101, 199, 18, 134, 129, 43, 147, 40, 191, 186, 125, 47, 120, 146, 32, 82, 181, 117, 158, 184, 42, 195, 88, 86, 132, 65, 144, 198, 156, 130, 177, 56, 93, 179, 175]
[27, 2, 94, 0, 89, 20, 122, 141, 9, 67, 165, 137, 85, 48, 133, 180, 29, 74, 149, 25, 193, 116, 189, 39, 38, 148, 69, 197, 66, 196, 4, 131, 61, 99, 55, 80, 112, 78, 187, 126, 123, 64, 36, 114, 163, 49, 54, 152, 23, 104, 17, 161, 136, 150, 91, 118, 95, 44, 1, 108, 62, 30, 194, 155, 50, 127, 111, 14, 5, 3, 167, 113, 73, 164, 59, 185, 6, 33, 168, 71, 79, 19, 37, 151, 107, 145, 45, 60, 34, 171, 106, 174, 58, 135, 75, 7, 98, 96, 90, 128]
38161

[77, 154, 44, 35, 118, 95, 136, 161, 159, 152, 23, 104, 76, 102, 182, 139, 158, 49, 163, 176, 162, 53, 153, 190, 142, 54, 143, 103, 170, 87, 138, 114, 36, 183, 140, 29, 74, 149, 68, 188, 38, 197, 69, 148, 169, 52, 2, 28, 135, 166, 174, 106, 97, 11, 173, 89, 165, 137, 85, 48, 133, 180, 79, 19, 37, 71, 168, 33, 26, 175, 177, 130, 198, 144, 65, 73, 164, 59, 185, 51, 115, 42, 184, 105, 63, 32, 14, 111, 127, 120, 109, 47, 155, 50, 194, 30, 62, 125, 186, 12]
[61, 25, 99, 55, 100, 126, 123, 64, 187, 78, 112, 80, 178, 46, 172, 22, 21, 192, 134, 129, 199, 18, 150, 91, 101, 43, 147, 40, 191, 16, 17, 15, 1, 108, 41, 119, 124, 13, 81, 146, 5, 3, 132, 167, 113, 86, 82, 181, 117, 88, 195, 57, 83, 6, 56, 93, 179, 156, 171, 34, 60, 70, 160, 8, 24, 45, 145, 151, 107, 20, 0, 94, 31, 58, 75, 7, 98, 96, 90, 128, 27, 157, 10, 92, 121, 84, 72, 141, 122, 9, 67, 110, 189, 116, 39, 66, 196, 4, 131, 193]
37968

[38, 148, 69, 197, 39, 189, 110, 67, 48, 85, 137, 133, 180, 29, 100, 178, 46, 64, 140, 183, 36, 114, 190, 153, 176, 142, 170, 22, 21, 103, 54, 49, 182, 102, 76, 23, 152, 143, 159, 134, 136, 18, 150, 91, 147, 40, 95, 161, 17, 104, 15, 154, 12, 186, 125, 62, 30, 47, 194, 120, 81, 109, 41, 119, 117, 88, 59, 167, 132, 65, 144, 198, 130, 156, 171, 179, 93, 56, 33, 145, 45, 24, 8, 175, 26, 70, 160, 89, 20, 122, 9, 141, 7, 98, 96, 90, 128, 27, 157, 84]
[87, 192, 199, 129, 43, 101, 118, 35, 44, 16, 191, 77, 1, 108, 63, 32, 146, 155, 50, 127, 111, 14, 5, 3, 113, 86, 82, 181, 13, 124, 105, 139, 158, 184, 42, 163, 115, 195, 185, 164, 73, 177, 60, 34, 106, 11, 173, 0, 94, 97, 31, 166, 174, 58, 75, 135, 28, 2, 10, 92, 121, 72, 52, 169, 188, 116, 193, 66, 196, 4, 131, 61, 25, 68, 149, 99, 55, 80, 112, 78, 187, 123, 126, 74, 79, 19, 37, 165, 107, 151, 71, 168, 6, 83, 57, 51, 162, 53, 138, 172]
40158

[146, 127, 111, 3, 82, 88, 86, 113, 167, 164, 73, 130, 156, 171, 34, 60, 26, 70, 11, 106, 97, 173, 0, 94, 31, 75, 96, 90, 128, 27, 10, 92, 141, 188, 193, 61, 25, 99, 149, 68, 110, 67, 9, 122, 165, 137, 85, 48, 180, 79, 19, 37, 145, 45, 24, 8, 33, 168, 114, 115, 195, 185, 42, 184, 117, 54, 142, 153, 190, 87, 22, 21, 103, 143, 152, 23, 17, 44, 35, 95, 136, 150, 18, 199, 101, 147, 40, 191, 77, 12, 154, 104, 76, 15, 1, 108, 109, 81, 63, 41]
[174, 166, 58, 135, 28, 7, 98, 157, 2, 20, 107, 151, 89, 160, 175, 179, 93, 177, 198, 144, 65, 132, 59, 56, 6, 83, 57, 51, 53, 162, 176, 163, 49, 158, 102, 182, 139, 105, 119, 124, 13, 181, 5, 14, 32, 120, 155, 50, 194, 47, 30, 62, 125, 186, 16, 118, 91, 43, 129, 134, 161, 159, 192, 170, 138, 172, 46, 178, 80, 55, 131, 4, 196, 66, 38, 197, 69, 148, 52, 72, 121, 84, 169, 39, 116, 189, 133, 29, 74, 100, 112, 78, 187, 126, 123, 64, 140, 183, 36, 71]
42194

[117, 184, 158, 49, 163, 42, 195, 51, 115, 162, 53, 153, 190, 114, 71, 36, 183, 140, 64, 123, 187, 78, 112, 126, 180, 133, 149, 61, 131, 193, 188, 110, 67, 9, 141, 84, 121, 2, 28, 135, 58, 174, 166, 31, 94, 97, 106, 34, 144, 65, 132, 167, 113, 73, 164, 59, 86, 3, 14, 111, 127, 120, 155, 50, 194, 47, 30, 12, 154, 77, 191, 16, 44, 35, 118, 91, 150, 18, 136, 95, 161, 23, 152, 159, 143, 103, 21, 22, 87, 170, 142, 176, 54, 76, 104, 15, 1, 108, 63, 181]
[177, 198, 130, 156, 171, 60, 175, 179, 93, 56, 33, 145, 45, 24, 8, 26, 70, 160, 11, 173, 0, 89, 20, 122, 7, 98, 75, 96, 90, 128, 27, 157, 10, 92, 72, 52, 169, 148, 69, 197, 38, 39, 189, 116, 66, 196, 4, 68, 48, 85, 137, 165, 107, 151, 37, 19, 79, 29, 74, 100, 25, 99, 55, 80, 178, 46, 172, 138, 192, 134, 199, 101, 129, 43, 147, 40, 17, 102, 182, 139, 105, 13, 124, 119, 41, 125, 186, 62, 109, 81, 146, 32, 5, 82, 88, 185, 83, 57, 168, 6]
39187

[52, 84, 2, 28, 7, 98, 96, 75, 135, 58, 174, 166, 31, 106, 60, 34, 171, 156, 130, 144, 65, 132, 86, 88, 181, 63, 13, 124, 119, 41, 108, 1, 109, 81, 146, 120, 155, 47, 62, 125, 12, 154, 16, 118, 150, 18, 134, 161, 17, 159, 143, 192, 22, 21, 103, 54, 163, 176, 138, 46, 80, 178, 78, 112, 25, 68, 149, 74, 29, 133, 180, 37, 168, 6, 83, 57, 51, 115, 195, 185, 59, 164, 73, 56, 33, 24, 8, 70, 160, 11, 173, 0, 89, 20, 107, 165, 122, 9, 188, 169]
[117, 158, 49, 184, 42, 162, 53, 114, 153, 190, 142, 170, 87, 172, 140, 187, 126, 123, 64, 183, 36, 71, 19, 79, 100, 55, 99, 61, 193, 131, 4, 196, 66, 116, 189, 39, 38, 197, 69, 148, 72, 121, 92, 10, 157, 27, 128, 90, 97, 94, 141, 67, 110, 48, 85, 137, 151, 145, 45, 26, 175, 179, 93, 177, 198, 167, 113, 3, 82, 5, 32, 14, 111, 127, 50, 194, 30, 186, 191, 40, 147, 43, 129, 199, 101, 91, 136, 95, 35, 44, 77, 15, 104, 23, 152, 76, 102, 182, 139, 105]
39683

[22, 172, 183, 140, 64, 123, 126, 187, 78, 55, 99, 25, 61, 131, 4, 196, 66, 39, 116, 189, 169, 52, 188, 110, 67, 79, 19, 37, 151, 107, 122, 141, 72, 84, 121, 92, 10, 157, 27, 128, 90, 96, 98, 75, 106, 160, 8, 26, 60, 34, 171, 175, 179, 93, 33, 6, 56, 177, 130, 198, 144, 73, 164, 59, 3, 5, 32, 146, 50, 155, 194, 47, 30, 62, 147, 43, 161, 152, 159, 143, 54, 49, 158, 139, 102, 182, 105, 184, 88, 195, 42, 163, 142, 176, 162, 53, 114, 138, 87, 21]
[120, 109, 41, 119, 124, 15, 1, 108, 125, 186, 12, 154, 77, 16, 191, 40, 101, 91, 150, 18, 199, 129, 134, 136, 95, 118, 35, 44, 17, 23, 104, 76, 192, 103, 170, 190, 153, 115, 51, 185, 83, 57, 168, 36, 71, 24, 45, 145, 165, 137, 85, 48, 133, 180, 29, 74, 46, 178, 80, 112, 100, 149, 68, 193, 197, 69, 148, 38, 9, 20, 89, 0, 94, 2, 7, 28, 135, 58, 174, 166, 31, 97, 173, 11, 70, 156, 65, 132, 167, 113, 86, 82, 181, 117, 13, 63, 81, 14, 111, 127]
41058

[4, 66, 196, 131, 193, 39, 38, 197, 69, 148, 169, 52, 122, 85, 48, 137, 107, 145, 24, 175, 179, 93, 130, 198, 177, 56, 33, 51, 163, 49, 158, 105, 139, 182, 15, 117, 184, 59, 73, 164, 86, 82, 181, 124, 119, 41, 108, 1, 154, 12, 125, 186, 191, 16, 35, 40, 147, 101, 43, 129, 199, 18, 150, 136, 95, 161, 159, 143, 152, 23, 17, 104, 76, 102, 54, 103, 170, 142, 176, 153, 114, 36, 183, 140, 64, 123, 126, 187, 78, 112, 178, 46, 80, 55, 99, 25, 61, 68, 100, 149]
[118, 44, 77, 62, 30, 194, 50, 155, 47, 109, 120, 81, 13, 63, 32, 146, 127, 111, 14, 5, 3, 113, 167, 132, 65, 144, 156, 171, 34, 60, 26, 8, 45, 20, 89, 0, 94, 97, 173, 11, 160, 70, 106, 31, 166, 174, 58, 135, 28, 7, 98, 75, 96, 90, 128, 27, 157, 2, 10, 92, 121, 84, 72, 141, 9, 188, 189, 116, 110, 67, 165, 151, 37, 19, 79, 180, 133, 29, 74, 71, 168, 57, 83, 6, 185, 195, 88, 42, 115, 162, 53, 190, 138, 172, 87, 22, 21, 192, 134, 91]
37893

[171, 156, 179, 93, 56, 175, 8, 145, 151, 37, 19, 79, 180, 29, 126, 123, 187, 64, 140, 183, 36, 71, 114, 53, 162, 195, 164, 73, 198, 144, 65, 132, 167, 113, 86, 181, 117, 105, 139, 182, 41, 81, 146, 120, 62, 125, 186, 12, 154, 1, 77, 16, 191, 40, 147, 43, 101, 35, 44, 17, 104, 102, 76, 23, 152, 159, 192, 143, 54, 103, 21, 22, 170, 87, 138, 172, 46, 178, 78, 112, 80, 61, 131, 4, 196, 66, 197, 69, 148, 169, 141, 2, 157, 28, 166, 174, 31, 97, 106, 34]
[110, 67, 122, 9, 188, 189, 68, 149, 74, 100, 55, 99, 25, 193, 116, 39, 38, 52, 72, 84, 121, 92, 10, 27, 128, 90, 96, 98, 7, 75, 58, 135, 94, 0, 20, 89, 173, 11, 160, 70, 26, 60, 130, 177, 59, 185, 88, 42, 184, 119, 124, 13, 63, 82, 3, 5, 32, 14, 111, 127, 50, 155, 194, 30, 47, 109, 108, 15, 118, 91, 199, 129, 134, 18, 150, 136, 95, 161, 158, 49, 163, 142, 176, 190, 153, 115, 51, 57, 83, 6, 168, 33, 24, 45, 107, 165, 137, 133, 48, 85]
39735

[36, 168, 6, 83, 195, 185, 56, 179, 93, 177, 144, 65, 132, 167, 3, 32, 146, 120, 47, 30, 62, 125, 186, 40, 147, 43, 129, 199, 101, 91, 150, 18, 134, 161, 136, 95, 118, 35, 15, 182, 139, 105, 124, 117, 184, 158, 49, 54, 152, 159, 143, 192, 103, 170, 87, 46, 178, 80, 112, 78, 187, 123, 126, 100, 149, 74, 29, 180, 133, 137, 85, 48, 68, 61, 131, 4, 196, 66, 116, 189, 188, 110, 67, 9, 52, 72, 121, 84, 141, 94, 28, 135, 166, 174, 106, 33, 71, 183, 140, 64]
[26, 8, 24, 45, 145, 151, 37, 19, 79, 165, 107, 122, 20, 89, 0, 173, 11, 160, 70, 97, 31, 58, 75, 7, 98, 96, 90, 128, 27, 157, 2, 10, 92, 169, 148, 69, 197, 38, 39, 193, 25, 99, 55, 172, 138, 22, 21, 142, 176, 115, 162, 53, 153, 190, 114, 57, 51, 88, 42, 163, 102, 76, 104, 23, 17, 44, 16, 191, 77, 154, 12, 1, 108, 41, 119, 13, 63, 81, 109, 194, 155, 50, 127, 111, 14, 5, 82, 181, 86, 113, 59, 164, 73, 198, 130, 156, 171, 34, 60, 175]
40155

[190, 176, 142, 87, 138, 172, 140, 46, 187, 78, 112, 178, 80, 55, 99, 25, 61, 131, 4, 197, 69, 148, 38, 169, 52, 188, 9, 141, 72, 84, 121, 92, 10, 157, 27, 128, 90, 2, 94, 0, 60, 34, 171, 156, 73, 164, 59, 86, 3, 5, 32, 14, 111, 127, 50, 194, 155, 120, 146, 81, 63, 41, 109, 47, 30, 62, 12, 154, 77, 44, 35, 118, 91, 136, 95, 17, 182, 139, 105, 88, 195, 185, 83, 6, 8, 24, 137, 85, 48, 133, 126, 123, 64, 183, 36, 71, 114, 53, 162, 153]
[70, 26, 33, 56, 175, 179, 93, 177, 130, 198, 144, 65, 132, 167, 113, 82, 181, 13, 124, 119, 108, 125, 186, 1, 15, 104, 16, 191, 40, 147, 101, 199, 43, 129, 18, 150, 134, 161, 23, 76, 102, 49, 158, 117, 184, 42, 163, 54, 103, 143, 152, 159, 192, 22, 21, 170, 115, 51, 57, 168, 145, 151, 107, 165, 37, 19, 79, 180, 29, 74, 100, 149, 68, 193, 196, 66, 39, 116, 189, 110, 67, 122, 20, 89, 45, 160, 11, 173, 97, 31, 28, 7, 98, 96, 75, 135, 58, 166, 174, 106]
38795

[57, 83, 51, 42, 195, 185, 59, 164, 73, 56, 33, 8, 24, 37, 19, 79, 74, 100, 126, 71, 114, 36, 183, 140, 46, 178, 187, 78, 112, 80, 55, 99, 25, 149, 68, 61, 193, 131, 4, 196, 66, 197, 38, 39, 116, 189, 188, 141, 0, 94, 97, 27, 128, 90, 75, 58, 174, 70, 26, 179, 93, 177, 130, 198, 144, 65, 132, 167, 113, 86, 3, 88, 184, 49, 158, 105, 139, 182, 102, 15, 154, 77, 40, 147, 101, 43, 129, 199, 150, 18, 134, 161, 23, 152, 159, 143, 192, 103, 142, 115]
[34, 156, 171, 106, 31, 166, 135, 28, 98, 96, 7, 2, 157, 10, 92, 121, 84, 72, 52, 169, 148, 69, 110, 67, 9, 122, 20, 89, 173, 11, 160, 45, 145, 151, 107, 165, 137, 85, 48, 133, 180, 29, 123, 64, 172, 138, 87, 22, 21, 170, 54, 76, 104, 17, 95, 136, 91, 118, 35, 44, 16, 191, 186, 125, 12, 1, 108, 109, 41, 119, 124, 13, 63, 32, 81, 120, 62, 30, 47, 194, 155, 50, 127, 146, 111, 14, 5, 82, 181, 117, 163, 176, 190, 153, 162, 53, 168, 6, 175, 60]
38765

[105, 139, 182, 15, 1, 12, 186, 125, 155, 50, 32, 82, 65, 144, 56, 8, 24, 45, 145, 11, 173, 97, 31, 28, 7, 98, 157, 2, 94, 0, 89, 20, 122, 9, 67, 85, 165, 107, 151, 37, 19, 79, 74, 29, 133, 110, 189, 39, 38, 66, 196, 61, 25, 99, 55, 100, 112, 80, 178, 46, 183, 36, 71, 114, 53, 162, 115, 153, 190, 176, 54, 103, 170, 21, 22, 192, 143, 159, 152, 23, 161, 134, 150, 18, 129, 199, 91, 136, 95, 118, 35, 16, 191, 154, 77, 44, 17, 104, 76, 102]
[69, 197, 148, 169, 52, 72, 121, 84, 141, 188, 116, 193, 4, 131, 68, 149, 48, 137, 180, 126, 123, 78, 187, 64, 140, 172, 138, 87, 142, 163, 49, 158, 184, 42, 88, 117, 181, 63, 13, 124, 119, 41, 108, 101, 43, 147, 40, 62, 30, 194, 47, 109, 81, 120, 146, 127, 111, 14, 5, 3, 86, 113, 167, 132, 73, 164, 59, 185, 195, 51, 57, 83, 6, 168, 33, 26, 175, 179, 93, 177, 198, 130, 156, 171, 34, 60, 70, 160, 106, 174, 166, 58, 135, 75, 96, 90, 128, 27, 10, 92]
40075

[16, 191, 77, 154, 1, 119, 124, 13, 63, 41, 12, 186, 125, 62, 30, 47, 194, 50, 155, 120, 127, 111, 14, 5, 82, 181, 117, 88, 86, 130, 177, 93, 179, 56, 73, 164, 59, 185, 195, 51, 115, 190, 153, 162, 53, 57, 83, 6, 33, 8, 24, 45, 11, 173, 97, 31, 58, 135, 75, 98, 96, 90, 128, 27, 10, 92, 121, 72, 84, 94, 0, 145, 19, 79, 126, 193, 4, 131, 61, 99, 55, 80, 46, 140, 183, 172, 138, 87, 103, 54, 76, 104, 118, 91, 199, 129, 43, 101, 147, 40]
[23, 152, 159, 143, 192, 22, 21, 170, 142, 176, 163, 49, 102, 182, 139, 105, 158, 184, 42, 114, 178, 112, 78, 187, 123, 64, 36, 71, 168, 175, 26, 70, 160, 89, 20, 107, 165, 151, 37, 137, 85, 48, 133, 180, 29, 74, 100, 25, 149, 68, 116, 39, 196, 66, 38, 197, 69, 148, 169, 52, 188, 189, 110, 67, 9, 122, 141, 2, 157, 7, 28, 166, 174, 106, 60, 34, 171, 156, 198, 144, 65, 132, 167, 113, 3, 32, 146, 81, 109, 108, 15, 44, 35, 95, 136, 150, 18, 134, 161, 17]
39570

[128, 27, 157, 92, 10, 2, 141, 20, 122, 9, 67, 188, 189, 39, 116, 110, 68, 149, 99, 55, 80, 178, 112, 78, 126, 123, 187, 46, 140, 172, 87, 103, 192, 143, 76, 102, 182, 139, 124, 119, 108, 1, 12, 154, 77, 16, 118, 136, 18, 150, 91, 101, 199, 129, 43, 147, 40, 191, 186, 125, 62, 30, 47, 109, 41, 81, 146, 111, 14, 5, 3, 65, 130, 156, 171, 34, 60, 179, 93, 56, 167, 113, 195, 51, 153, 190, 168, 71, 79, 19, 37, 151, 145, 106, 174, 166, 58, 75, 96, 90]
[4, 131, 193, 196, 66, 38, 197, 69, 148, 169, 52, 72, 121, 84, 85, 48, 133, 180, 137, 165, 107, 89, 0, 94, 28, 7, 98, 135, 31, 97, 173, 11, 160, 70, 8, 45, 24, 26, 175, 33, 6, 83, 57, 185, 59, 164, 73, 177, 198, 144, 132, 86, 181, 82, 32, 127, 50, 194, 155, 120, 63, 13, 117, 105, 15, 104, 152, 23, 17, 44, 35, 95, 134, 161, 159, 54, 163, 49, 158, 184, 88, 42, 115, 53, 162, 176, 142, 170, 21, 22, 138, 114, 36, 183, 64, 29, 74, 100, 25, 61]
40566

[90, 96, 98, 75, 135, 58, 174, 166, 31, 106, 34, 171, 156, 130, 198, 144, 65, 132, 167, 113, 73, 164, 86, 3, 5, 111, 127, 120, 155, 50, 194, 47, 30, 62, 108, 1, 12, 154, 77, 16, 191, 40, 118, 95, 161, 143, 192, 21, 22, 172, 138, 190, 153, 142, 103, 54, 49, 105, 119, 124, 13, 184, 42, 195, 185, 162, 53, 114, 71, 37, 19, 79, 74, 149, 25, 61, 131, 4, 193, 68, 48, 85, 137, 165, 107, 160, 11, 173, 0, 94, 122, 67, 110, 38, 69, 148, 188, 9, 2, 128]
[150, 18, 91, 35, 44, 17, 23, 159, 152, 76, 104, 15, 102, 182, 139, 158, 163, 170, 87, 176, 115, 51, 57, 83, 6, 168, 36, 183, 140, 64, 123, 126, 187, 46, 178, 78, 112, 80, 55, 99, 100, 29, 180, 133, 189, 116, 39, 196, 66, 197, 169, 52, 141, 72, 84, 121, 92, 10, 157, 27, 7, 28, 97, 70, 26, 89, 20, 151, 145, 45, 24, 8, 33, 56, 175, 60, 179, 93, 177, 59, 88, 117, 181, 82, 63, 32, 14, 146, 81, 41, 109, 125, 186, 147, 101, 199, 43, 129, 134, 136]
41392

[115, 170, 103, 54, 143, 192, 21, 22, 46, 140, 114, 168, 71, 36, 183, 64, 187, 78, 112, 178, 80, 55, 99, 25, 100, 149, 68, 61, 131, 4, 196, 66, 193, 116, 39, 38, 148, 169, 141, 20, 89, 0, 121, 92, 10, 157, 2, 7, 75, 58, 166, 174, 106, 11, 160, 8, 26, 34, 60, 175, 179, 93, 56, 6, 83, 195, 185, 59, 164, 73, 132, 167, 113, 86, 82, 181, 13, 63, 81, 120, 127, 50, 155, 194, 47, 30, 62, 12, 154, 44, 95, 136, 161, 17, 182, 139, 105, 184, 88, 42]
[104, 15, 1, 108, 109, 125, 186, 77, 16, 191, 40, 35, 118, 91, 101, 147, 43, 129, 199, 150, 18, 134, 159, 87, 172, 138, 142, 176, 190, 153, 53, 162, 51, 57, 33, 24, 45, 145, 151, 107, 165, 37, 19, 79, 123, 126, 74, 29, 180, 133, 48, 85, 137, 122, 9, 67, 110, 188, 189, 197, 69, 52, 72, 84, 27, 128, 90, 96, 98, 28, 135, 31, 97, 94, 173, 70, 171, 156, 130, 177, 198, 144, 65, 3, 5, 32, 14, 111, 146, 41, 119, 124, 117, 158, 49, 163, 102, 76, 23, 152]
40106

[98, 96, 75, 7, 28, 97, 173, 11, 160, 8, 24, 45, 145, 168, 33, 175, 60, 34, 171, 156, 130, 198, 73, 164, 144, 65, 132, 167, 113, 86, 3, 5, 14, 111, 127, 146, 32, 13, 124, 119, 41, 15, 44, 118, 101, 199, 91, 150, 18, 136, 95, 17, 104, 139, 158, 49, 163, 51, 115, 176, 190, 153, 162, 53, 114, 71, 36, 183, 140, 64, 123, 126, 187, 78, 112, 74, 29, 133, 48, 137, 85, 110, 193, 131, 4, 196, 66, 197, 69, 148, 72, 84, 121, 92, 10, 2, 157, 27, 90, 128]
[79, 19, 37, 180, 68, 149, 100, 80, 178, 46, 172, 138, 195, 88, 42, 184, 117, 105, 182, 102, 76, 23, 152, 54, 103, 142, 170, 87, 22, 21, 192, 143, 159, 161, 134, 129, 43, 147, 40, 35, 16, 191, 77, 154, 1, 108, 109, 12, 186, 125, 62, 30, 47, 194, 50, 155, 120, 81, 63, 181, 82, 59, 185, 57, 83, 6, 56, 177, 93, 179, 26, 70, 106, 174, 58, 135, 166, 31, 94, 0, 89, 20, 107, 151, 165, 67, 9, 122, 141, 188, 52, 169, 38, 39, 189, 116, 61, 25, 99, 55]
37622

[51, 115, 162, 53, 114, 71, 36, 153, 190, 192, 134, 129, 43, 199, 18, 150, 91, 118, 95, 35, 44, 17, 23, 152, 76, 158, 42, 195, 185, 83, 6, 73, 164, 167, 113, 82, 5, 3, 132, 65, 144, 177, 175, 26, 70, 106, 174, 166, 58, 75, 96, 90, 128, 27, 157, 2, 7, 98, 28, 135, 31, 94, 0, 173, 11, 160, 8, 45, 145, 89, 20, 141, 52, 169, 148, 69, 197, 38, 39, 66, 196, 4, 131, 61, 25, 99, 55, 100, 78, 187, 64, 123, 126, 37, 151, 165, 137, 85, 48, 133]
[112, 74, 29, 180, 79, 19, 107, 122, 9, 67, 110, 68, 149, 193, 116, 189, 188, 72, 84, 121, 92, 10, 97, 60, 34, 171, 156, 198, 130, 93, 179, 56, 33, 24, 168, 57, 59, 86, 181, 63, 32, 146, 14, 111, 127, 50, 155, 194, 47, 30, 62, 125, 186, 12, 154, 77, 1, 108, 109, 120, 81, 41, 119, 124, 13, 117, 88, 184, 49, 163, 176, 142, 54, 102, 182, 139, 105, 15, 104, 16, 191, 40, 147, 101, 136, 161, 159, 143, 103, 21, 22, 170, 87, 138, 172, 183, 140, 46, 178, 80]
41462

[164, 73, 185, 195, 115, 190, 138, 172, 183, 140, 64, 123, 187, 46, 80, 55, 99, 25, 61, 68, 79, 19, 37, 188, 189, 116, 39, 38, 52, 72, 84, 121, 92, 10, 2, 157, 27, 128, 90, 96, 7, 94, 0, 89, 173, 70, 26, 175, 60, 34, 171, 156, 130, 198, 144, 65, 132, 3, 82, 181, 5, 127, 50, 155, 194, 30, 47, 109, 62, 125, 186, 12, 154, 77, 44, 16, 191, 40, 147, 101, 91, 118, 95, 136, 150, 18, 134, 159, 54, 49, 158, 139, 182, 15, 1, 108, 41, 124, 88, 42]
[141, 169, 148, 69, 197, 66, 196, 4, 131, 193, 110, 67, 9, 122, 20, 28, 98, 75, 135, 58, 174, 166, 31, 97, 106, 11, 160, 8, 24, 45, 145, 168, 33, 56, 179, 93, 177, 167, 113, 86, 59, 6, 83, 57, 51, 163, 184, 117, 13, 63, 32, 14, 111, 146, 120, 81, 119, 105, 102, 76, 104, 17, 35, 43, 129, 199, 161, 23, 152, 143, 192, 103, 21, 22, 87, 170, 142, 176, 153, 162, 53, 114, 71, 36, 126, 78, 178, 112, 100, 149, 74, 29, 180, 133, 48, 85, 137, 165, 107, 151]
39395

[4, 131, 193, 39, 116, 189, 110, 67, 85, 137, 48, 133, 29, 74, 126, 123, 79, 19, 180, 37, 26, 175, 179, 73, 59, 185, 195, 6, 83, 57, 168, 71, 114, 53, 162, 176, 142, 138, 87, 170, 22, 21, 103, 143, 54, 49, 102, 76, 152, 159, 192, 134, 18, 150, 91, 199, 129, 43, 101, 147, 40, 191, 1, 109, 81, 127, 111, 14, 5, 3, 82, 181, 86, 113, 167, 132, 65, 144, 156, 171, 34, 60, 106, 174, 96, 90, 128, 27, 157, 2, 10, 92, 121, 84, 72, 52, 169, 148, 69, 197]
[70, 8, 24, 45, 145, 183, 36, 33, 56, 93, 130, 198, 177, 164, 88, 42, 184, 117, 13, 63, 32, 146, 120, 155, 50, 194, 47, 30, 62, 125, 186, 12, 154, 77, 16, 35, 118, 95, 136, 161, 44, 17, 23, 104, 15, 108, 41, 119, 124, 105, 182, 139, 158, 163, 115, 51, 153, 190, 172, 140, 64, 46, 178, 80, 112, 78, 187, 100, 55, 99, 25, 149, 68, 61, 196, 66, 38, 188, 9, 141, 122, 165, 151, 107, 20, 89, 0, 94, 28, 7, 98, 75, 135, 58, 166, 31, 97, 173, 11, 160]
38707

[41, 181, 82, 81, 109, 108, 1, 104, 76, 102, 182, 139, 105, 158, 184, 88, 185, 59, 164, 113, 167, 198, 156, 130, 177, 56, 33, 93, 179, 175, 60, 34, 171, 174, 166, 58, 135, 28, 94, 0, 10, 92, 121, 84, 72, 188, 67, 9, 141, 122, 20, 89, 160, 70, 26, 145, 107, 165, 151, 37, 126, 123, 64, 187, 178, 80, 46, 140, 183, 114, 172, 138, 190, 153, 53, 162, 115, 176, 142, 143, 159, 152, 23, 17, 161, 136, 150, 18, 134, 129, 43, 147, 40, 191, 16, 77, 154, 12, 125, 186]
[5, 14, 3, 86, 132, 65, 144, 73, 83, 6, 8, 24, 45, 173, 11, 106, 97, 31, 75, 7, 98, 96, 90, 128, 27, 157, 2, 137, 85, 48, 110, 189, 116, 193, 39, 38, 169, 52, 148, 69, 197, 66, 196, 4, 131, 61, 68, 149, 100, 25, 99, 55, 112, 78, 74, 29, 133, 180, 79, 19, 36, 71, 168, 57, 51, 195, 42, 163, 170, 87, 22, 21, 192, 103, 54, 49, 117, 13, 63, 124, 119, 15, 44, 35, 95, 118, 91, 199, 101, 62, 30, 47, 194, 50, 155, 120, 127, 111, 146, 32]
41071

[104, 17, 161, 134, 18, 150, 91, 199, 129, 43, 101, 118, 136, 95, 44, 77, 154, 12, 194, 50, 155, 120, 127, 111, 14, 146, 32, 5, 82, 3, 65, 144, 198, 177, 73, 164, 93, 179, 175, 60, 34, 106, 174, 166, 160, 70, 26, 6, 83, 37, 151, 107, 89, 0, 20, 67, 110, 189, 116, 66, 196, 4, 131, 61, 25, 149, 100, 99, 55, 80, 178, 112, 78, 187, 46, 114, 190, 153, 53, 162, 115, 195, 185, 59, 113, 86, 88, 117, 184, 158, 49, 54, 143, 103, 21, 22, 192, 159, 152, 23]
[92, 10, 2, 121, 84, 72, 141, 122, 9, 188, 52, 169, 148, 69, 197, 38, 39, 193, 68, 126, 123, 64, 140, 172, 138, 87, 170, 142, 176, 163, 105, 139, 182, 102, 76, 35, 147, 40, 191, 16, 15, 1, 108, 186, 125, 62, 30, 47, 109, 41, 119, 124, 13, 81, 63, 181, 42, 51, 57, 168, 71, 36, 183, 19, 79, 74, 29, 180, 133, 48, 85, 137, 165, 145, 45, 24, 8, 33, 56, 167, 132, 130, 156, 171, 11, 173, 94, 97, 31, 28, 7, 98, 135, 58, 75, 96, 90, 128, 27, 157]
40514

[69, 148, 38, 39, 116, 189, 188, 169, 52, 72, 84, 121, 92, 10, 141, 9, 67, 48, 85, 137, 165, 151, 145, 45, 24, 8, 160, 97, 31, 28, 27, 128, 90, 96, 75, 174, 106, 34, 65, 3, 82, 5, 32, 14, 111, 127, 146, 81, 63, 41, 77, 191, 16, 44, 35, 43, 129, 91, 118, 17, 104, 23, 152, 54, 49, 158, 105, 139, 182, 102, 76, 15, 119, 124, 13, 181, 88, 42, 195, 185, 51, 115, 71, 36, 183, 64, 123, 79, 19, 37, 180, 133, 29, 74, 68, 131, 4, 196, 66, 197]
[86, 59, 164, 73, 177, 130, 93, 179, 56, 33, 6, 83, 57, 168, 114, 53, 162, 153, 190, 176, 142, 163, 184, 117, 108, 1, 154, 12, 109, 120, 155, 50, 194, 47, 30, 62, 125, 186, 40, 147, 101, 199, 150, 18, 134, 136, 95, 161, 159, 143, 192, 103, 21, 22, 170, 87, 138, 172, 140, 46, 178, 80, 112, 78, 187, 126, 100, 149, 25, 99, 55, 61, 193, 110, 2, 157, 7, 98, 135, 58, 166, 94, 0, 122, 107, 20, 89, 173, 11, 70, 26, 175, 60, 171, 156, 198, 144, 132, 113, 167]
39297

[42, 185, 195, 115, 142, 170, 21, 22, 87, 172, 140, 183, 36, 71, 33, 8, 24, 45, 145, 89, 20, 107, 165, 137, 85, 48, 100, 149, 68, 131, 4, 196, 66, 116, 189, 67, 9, 72, 84, 121, 92, 10, 7, 98, 75, 135, 28, 94, 0, 173, 11, 160, 70, 26, 175, 179, 198, 144, 65, 132, 167, 113, 73, 164, 86, 181, 82, 3, 5, 32, 14, 111, 146, 63, 105, 182, 15, 17, 95, 136, 18, 150, 91, 118, 35, 40, 147, 101, 43, 129, 199, 134, 161, 23, 152, 159, 192, 103, 54, 143]
[110, 188, 52, 169, 148, 69, 197, 38, 39, 193, 61, 25, 99, 55, 80, 178, 112, 78, 187, 123, 64, 46, 138, 176, 163, 49, 158, 139, 102, 76, 104, 44, 16, 191, 77, 154, 12, 186, 125, 62, 30, 47, 194, 155, 50, 127, 120, 81, 109, 1, 108, 41, 119, 124, 13, 117, 184, 88, 59, 51, 162, 53, 153, 190, 114, 168, 57, 83, 6, 56, 93, 177, 130, 156, 171, 34, 60, 106, 97, 31, 166, 174, 58, 96, 90, 128, 27, 157, 2, 141, 122, 151, 37, 19, 79, 126, 74, 29, 180, 133]
38221

[118, 35, 44, 16, 77, 125, 12, 154, 15, 1, 108, 109, 47, 155, 120, 41, 119, 124, 13, 63, 181, 88, 86, 132, 65, 144, 177, 26, 70, 106, 31, 135, 28, 2, 10, 92, 121, 84, 72, 141, 9, 188, 148, 69, 197, 38, 39, 116, 193, 4, 131, 61, 55, 99, 25, 68, 149, 100, 112, 80, 178, 78, 187, 123, 126, 74, 29, 133, 180, 19, 37, 137, 48, 85, 165, 20, 89, 160, 8, 24, 45, 145, 114, 51, 49, 158, 139, 182, 102, 143, 159, 152, 23, 95, 136, 18, 150, 91, 199, 101]
[71, 36, 172, 138, 190, 153, 53, 162, 115, 176, 142, 170, 87, 22, 21, 192, 103, 54, 163, 195, 42, 184, 117, 105, 76, 104, 17, 161, 134, 129, 43, 147, 40, 191, 186, 62, 30, 194, 50, 127, 111, 14, 146, 81, 32, 5, 82, 3, 167, 113, 73, 164, 59, 185, 6, 83, 57, 168, 33, 56, 175, 179, 93, 130, 198, 156, 171, 34, 60, 11, 173, 0, 94, 97, 166, 174, 58, 75, 7, 98, 96, 90, 128, 27, 157, 52, 169, 66, 196, 189, 110, 67, 122, 107, 151, 79, 64, 46, 140, 183]
39488

[26, 8, 24, 45, 145, 137, 48, 133, 180, 79, 19, 71, 51, 115, 162, 53, 114, 183, 140, 64, 123, 187, 78, 178, 46, 80, 112, 100, 55, 99, 25, 149, 68, 189, 110, 67, 9, 141, 122, 20, 89, 94, 28, 7, 98, 135, 31, 106, 60, 56, 59, 164, 73, 167, 113, 86, 88, 184, 117, 13, 63, 108, 1, 62, 30, 125, 186, 12, 154, 77, 35, 118, 199, 129, 18, 150, 134, 161, 17, 23, 152, 159, 143, 192, 21, 22, 172, 138, 87, 170, 103, 54, 49, 158, 42, 195, 185, 6, 33, 175]
[177, 130, 198, 144, 65, 132, 3, 82, 181, 5, 32, 14, 111, 127, 146, 81, 120, 155, 50, 194, 47, 109, 41, 119, 124, 105, 139, 182, 15, 16, 191, 40, 147, 43, 101, 91, 136, 95, 44, 104, 76, 102, 163, 142, 176, 190, 153, 57, 83, 168, 36, 126, 74, 29, 37, 151, 107, 165, 85, 116, 39, 193, 61, 131, 4, 196, 66, 197, 69, 148, 38, 188, 169, 52, 72, 84, 121, 92, 10, 2, 157, 27, 128, 90, 96, 75, 58, 174, 166, 97, 0, 173, 11, 160, 70, 34, 171, 156, 93, 179]
38759

[19, 79, 37, 180, 29, 74, 133, 48, 137, 85, 110, 67, 141, 94, 0, 173, 11, 106, 174, 166, 135, 28, 98, 7, 2, 10, 169, 38, 39, 116, 193, 25, 126, 123, 64, 46, 140, 183, 36, 71, 114, 172, 138, 176, 142, 170, 87, 22, 21, 103, 143, 192, 134, 129, 43, 199, 91, 136, 95, 161, 17, 104, 76, 15, 102, 182, 139, 105, 158, 49, 163, 117, 13, 124, 1, 154, 12, 30, 194, 155, 50, 127, 111, 14, 5, 3, 86, 164, 73, 56, 93, 179, 175, 26, 70, 160, 33, 6, 83, 168]
[97, 31, 58, 75, 96, 90, 128, 27, 157, 92, 121, 84, 72, 52, 148, 69, 197, 66, 196, 4, 131, 61, 99, 55, 80, 178, 112, 78, 187, 100, 149, 68, 189, 188, 9, 122, 165, 151, 107, 20, 89, 45, 24, 8, 60, 34, 171, 156, 130, 177, 198, 144, 65, 132, 167, 113, 59, 185, 195, 88, 42, 184, 181, 82, 32, 146, 81, 120, 47, 62, 186, 125, 109, 63, 119, 41, 108, 77, 16, 191, 40, 147, 101, 18, 150, 118, 35, 44, 23, 152, 159, 54, 190, 153, 53, 162, 115, 51, 57, 145]
39818

[18, 91, 150, 134, 129, 199, 101, 43, 147, 62, 30, 47, 194, 50, 155, 120, 109, 108, 41, 81, 32, 63, 13, 117, 184, 88, 65, 144, 198, 177, 130, 156, 171, 34, 60, 70, 160, 11, 173, 97, 31, 166, 135, 28, 7, 98, 90, 128, 27, 2, 84, 52, 148, 69, 197, 67, 48, 85, 137, 165, 122, 9, 141, 94, 0, 89, 20, 107, 145, 168, 71, 172, 138, 87, 22, 21, 53, 162, 115, 51, 57, 83, 6, 33, 56, 195, 42, 158, 139, 182, 102, 76, 23, 152, 143, 159, 161, 136, 118, 95]
[124, 119, 1, 154, 12, 125, 186, 77, 16, 191, 40, 35, 44, 17, 104, 15, 105, 49, 163, 54, 103, 192, 170, 142, 176, 153, 190, 114, 36, 183, 140, 64, 123, 126, 187, 46, 178, 78, 112, 80, 55, 99, 100, 74, 29, 79, 19, 37, 151, 180, 133, 68, 149, 25, 61, 131, 4, 196, 66, 193, 116, 110, 188, 189, 39, 38, 169, 72, 121, 92, 10, 157, 96, 75, 58, 174, 106, 45, 24, 8, 26, 175, 179, 93, 73, 164, 59, 185, 86, 113, 167, 132, 3, 5, 14, 111, 127, 146, 82, 181]
39471

[37, 19, 100, 149, 68, 4, 196, 66, 169, 52, 72, 157, 27, 128, 90, 28, 166, 31, 97, 94, 0, 89, 145, 45, 24, 8, 160, 11, 173, 106, 70, 26, 175, 179, 93, 130, 177, 73, 167, 113, 86, 181, 82, 14, 146, 120, 47, 30, 62, 125, 186, 12, 108, 1, 154, 77, 191, 40, 147, 101, 43, 129, 199, 91, 118, 95, 136, 150, 18, 134, 159, 143, 192, 103, 54, 102, 158, 49, 163, 184, 117, 88, 42, 195, 185, 59, 164, 56, 33, 168, 57, 53, 162, 153, 190, 172, 46, 178, 126, 79]
[151, 180, 29, 74, 133, 48, 85, 137, 165, 107, 20, 122, 9, 67, 110, 188, 189, 38, 148, 69, 197, 39, 116, 193, 131, 61, 25, 99, 55, 80, 112, 78, 187, 123, 64, 140, 183, 36, 71, 114, 138, 87, 22, 21, 170, 142, 176, 115, 51, 83, 6, 105, 139, 182, 76, 152, 23, 161, 35, 16, 44, 17, 104, 15, 109, 41, 119, 124, 13, 63, 32, 81, 194, 155, 50, 127, 111, 5, 3, 132, 65, 144, 198, 156, 171, 34, 60, 174, 58, 135, 75, 96, 98, 7, 2, 10, 92, 121, 84, 141]
39318

[39, 188, 169, 52, 72, 84, 121, 157, 27, 128, 90, 96, 75, 135, 58, 174, 166, 31, 97, 173, 94, 0, 89, 20, 165, 137, 37, 151, 107, 145, 45, 33, 168, 57, 83, 6, 185, 195, 88, 86, 3, 5, 14, 111, 146, 81, 41, 119, 124, 13, 117, 105, 15, 1, 47, 30, 62, 125, 186, 12, 154, 44, 35, 118, 150, 18, 199, 43, 129, 134, 161, 23, 152, 159, 192, 143, 54, 103, 170, 142, 176, 153, 190, 36, 183, 140, 64, 123, 126, 79, 19, 180, 133, 193, 196, 66, 197, 38, 148, 69]
[34, 171, 156, 198, 144, 65, 132, 167, 113, 59, 164, 73, 177, 130, 60, 26, 175, 179, 93, 56, 71, 114, 53, 162, 115, 51, 42, 184, 181, 82, 63, 32, 127, 50, 194, 155, 120, 109, 108, 77, 16, 191, 40, 147, 101, 91, 136, 95, 17, 104, 76, 102, 182, 139, 158, 49, 163, 21, 22, 87, 138, 172, 46, 178, 80, 112, 78, 187, 74, 29, 149, 68, 25, 100, 55, 99, 61, 131, 4, 116, 189, 110, 48, 85, 67, 9, 122, 141, 92, 10, 2, 7, 98, 28, 106, 11, 160, 70, 24, 8]
38626

[61, 25, 99, 55, 100, 149, 74, 29, 133, 180, 37, 151, 107, 145, 24, 8, 33, 114, 172, 138, 87, 170, 22, 21, 103, 54, 143, 192, 159, 134, 18, 150, 136, 118, 91, 199, 129, 43, 101, 147, 40, 191, 77, 154, 47, 194, 155, 109, 1, 15, 102, 182, 139, 105, 158, 49, 42, 184, 117, 181, 82, 86, 132, 65, 144, 59, 185, 83, 6, 56, 93, 179, 175, 60, 34, 171, 106, 28, 7, 98, 96, 90, 128, 27, 121, 84, 9, 67, 110, 193, 131, 4, 196, 66, 116, 39, 197, 69, 148, 38]
[188, 169, 52, 72, 141, 122, 20, 89, 0, 94, 2, 10, 92, 157, 75, 135, 58, 174, 166, 31, 97, 173, 11, 160, 70, 26, 45, 165, 137, 85, 48, 19, 79, 123, 64, 36, 71, 168, 57, 51, 115, 195, 88, 164, 73, 177, 130, 156, 198, 167, 113, 3, 5, 14, 111, 127, 146, 32, 81, 120, 50, 30, 62, 125, 186, 12, 108, 41, 63, 13, 124, 119, 104, 17, 44, 16, 35, 95, 161, 23, 152, 76, 163, 142, 176, 190, 153, 162, 53, 183, 140, 46, 178, 80, 112, 78, 187, 126, 68, 189]
40316

[165, 137, 133, 48, 85, 20, 89, 0, 94, 173, 97, 106, 31, 166, 174, 58, 2, 121, 84, 72, 148, 69, 197, 38, 193, 61, 68, 149, 100, 112, 78, 187, 123, 64, 140, 22, 21, 103, 143, 152, 76, 104, 15, 102, 182, 139, 105, 184, 158, 49, 163, 54, 142, 176, 190, 153, 162, 53, 114, 183, 36, 71, 168, 51, 115, 42, 88, 117, 13, 63, 124, 119, 41, 109, 108, 1, 77, 16, 118, 101, 147, 40, 191, 186, 125, 47, 127, 111, 14, 5, 3, 86, 113, 167, 73, 33, 8, 24, 45, 107]
[34, 60, 26, 70, 11, 160, 145, 151, 37, 19, 79, 126, 74, 29, 180, 67, 122, 28, 135, 75, 7, 98, 96, 90, 128, 27, 157, 10, 92, 141, 9, 110, 188, 52, 169, 189, 116, 39, 66, 196, 4, 131, 25, 99, 55, 80, 178, 46, 172, 138, 87, 170, 192, 159, 23, 161, 95, 136, 134, 18, 150, 91, 199, 129, 43, 35, 44, 17, 154, 12, 62, 30, 194, 50, 155, 120, 81, 146, 32, 181, 82, 132, 65, 144, 198, 130, 177, 164, 59, 185, 195, 57, 83, 6, 56, 93, 179, 175, 156, 171]
40187

[124, 13, 63, 32, 5, 14, 111, 146, 127, 50, 155, 120, 81, 119, 41, 108, 77, 44, 35, 118, 43, 129, 199, 18, 134, 161, 159, 192, 143, 152, 23, 76, 102, 49, 163, 54, 103, 170, 21, 22, 87, 138, 172, 36, 183, 140, 64, 123, 100, 99, 25, 149, 68, 133, 137, 85, 48, 193, 196, 66, 197, 69, 148, 38, 39, 189, 110, 67, 9, 141, 7, 98, 90, 96, 75, 28, 135, 58, 174, 166, 31, 106, 97, 122, 165, 107, 151, 145, 33, 168, 6, 59, 113, 167, 132, 144, 65, 3, 82, 181]
[114, 71, 37, 19, 79, 180, 29, 74, 126, 187, 46, 80, 178, 78, 112, 55, 61, 131, 4, 116, 188, 169, 52, 72, 84, 121, 92, 10, 157, 27, 128, 2, 94, 0, 89, 20, 45, 24, 8, 160, 173, 11, 70, 26, 60, 34, 171, 156, 130, 198, 177, 73, 164, 86, 88, 184, 117, 105, 15, 1, 154, 12, 109, 47, 194, 30, 62, 125, 186, 16, 191, 40, 147, 101, 91, 150, 136, 95, 17, 104, 182, 139, 158, 42, 195, 185, 93, 179, 175, 56, 83, 57, 53, 162, 153, 190, 142, 176, 115, 51]
39785

[192, 159, 161, 95, 136, 134, 18, 150, 199, 129, 43, 101, 91, 118, 35, 44, 16, 191, 186, 125, 12, 105, 117, 86, 65, 144, 198, 156, 171, 34, 60, 179, 175, 26, 8, 45, 24, 33, 168, 71, 180, 48, 67, 85, 137, 165, 107, 89, 173, 97, 31, 166, 28, 2, 10, 92, 121, 84, 141, 122, 9, 52, 169, 148, 69, 197, 38, 39, 66, 196, 61, 25, 99, 100, 149, 68, 133, 29, 74, 126, 123, 64, 187, 78, 178, 46, 140, 183, 36, 114, 176, 163, 49, 54, 103, 170, 138, 87, 21, 22]
[51, 57, 83, 6, 56, 93, 177, 130, 106, 11, 160, 70, 145, 79, 19, 37, 151, 20, 0, 94, 174, 58, 135, 75, 7, 98, 96, 90, 128, 27, 157, 72, 188, 110, 189, 116, 193, 4, 131, 55, 112, 80, 172, 190, 153, 53, 162, 115, 42, 158, 102, 182, 139, 184, 88, 195, 185, 59, 164, 73, 113, 167, 132, 3, 82, 181, 5, 14, 111, 127, 50, 155, 194, 47, 30, 62, 147, 40, 77, 154, 109, 120, 146, 32, 81, 63, 13, 124, 119, 41, 108, 1, 15, 76, 104, 17, 23, 152, 143, 142]
41303

[172, 138, 190, 153, 6, 93, 179, 175, 26, 8, 24, 71, 64, 123, 126, 79, 29, 74, 149, 68, 193, 39, 116, 189, 110, 67, 9, 137, 165, 151, 107, 20, 122, 141, 92, 10, 2, 28, 135, 58, 166, 31, 173, 11, 160, 70, 60, 130, 132, 167, 113, 59, 185, 195, 88, 42, 163, 54, 152, 76, 13, 63, 181, 82, 14, 111, 127, 50, 155, 194, 47, 30, 62, 12, 154, 77, 16, 191, 40, 147, 101, 150, 18, 134, 136, 91, 118, 95, 161, 17, 23, 159, 143, 192, 103, 21, 22, 87, 170, 142]
[73, 164, 177, 198, 144, 65, 86, 3, 5, 32, 146, 120, 81, 109, 41, 119, 124, 117, 105, 139, 182, 15, 1, 108, 125, 186, 43, 129, 199, 35, 44, 104, 102, 49, 158, 184, 176, 162, 53, 115, 51, 57, 83, 168, 114, 36, 183, 140, 46, 178, 80, 112, 78, 187, 100, 55, 99, 25, 61, 131, 4, 196, 66, 197, 69, 148, 38, 188, 169, 52, 72, 84, 121, 157, 27, 128, 90, 96, 98, 7, 75, 174, 171, 156, 34, 106, 97, 94, 0, 89, 85, 48, 133, 180, 19, 37, 145, 45, 33, 56]
40400

[199, 101, 147, 43, 129, 134, 136, 95, 161, 159, 192, 138, 114, 71, 36, 183, 64, 187, 123, 126, 79, 19, 37, 151, 165, 137, 133, 180, 29, 74, 55, 99, 25, 61, 131, 4, 196, 66, 72, 10, 2, 28, 166, 31, 97, 94, 0, 89, 145, 45, 24, 8, 26, 175, 130, 198, 177, 73, 164, 144, 65, 132, 167, 113, 86, 3, 127, 50, 155, 194, 47, 109, 41, 119, 124, 13, 117, 88, 195, 42, 163, 49, 158, 184, 105, 139, 182, 102, 15, 1, 108, 12, 154, 77, 16, 35, 118, 18, 150, 91]
[51, 115, 162, 53, 57, 83, 6, 168, 33, 56, 185, 59, 93, 179, 60, 156, 171, 34, 106, 174, 58, 135, 75, 7, 98, 96, 90, 128, 27, 157, 92, 121, 84, 141, 173, 11, 70, 160, 20, 107, 85, 48, 122, 9, 67, 110, 188, 52, 169, 148, 69, 197, 38, 39, 189, 116, 193, 68, 149, 100, 78, 112, 80, 178, 46, 140, 172, 190, 153, 176, 142, 170, 87, 22, 21, 103, 54, 143, 152, 23, 76, 104, 17, 44, 40, 191, 186, 125, 62, 30, 120, 81, 63, 181, 82, 5, 32, 14, 111, 146]
39590

[116, 189, 39, 38, 69, 148, 169, 52, 72, 84, 188, 110, 67, 9, 141, 122, 85, 48, 19, 79, 64, 140, 183, 71, 168, 57, 33, 160, 11, 173, 97, 135, 58, 174, 166, 31, 106, 70, 26, 175, 179, 93, 59, 164, 73, 144, 65, 5, 14, 111, 127, 50, 155, 194, 47, 30, 62, 1, 108, 41, 81, 120, 146, 32, 63, 13, 124, 119, 102, 76, 104, 77, 16, 191, 40, 147, 43, 129, 101, 199, 18, 150, 91, 118, 35, 44, 17, 23, 152, 54, 103, 142, 170, 87, 172, 46, 123, 74, 29, 68]
[21, 22, 192, 143, 159, 134, 136, 95, 161, 49, 158, 184, 88, 117, 105, 139, 182, 15, 154, 12, 186, 125, 109, 181, 82, 3, 132, 167, 113, 86, 185, 195, 42, 163, 176, 153, 190, 138, 36, 114, 53, 162, 115, 51, 83, 6, 56, 177, 198, 130, 156, 171, 34, 60, 8, 24, 45, 145, 151, 37, 180, 133, 137, 165, 107, 20, 89, 0, 94, 28, 7, 98, 75, 96, 90, 128, 27, 157, 2, 10, 92, 121, 197, 66, 196, 4, 131, 193, 61, 25, 99, 55, 100, 149, 126, 187, 78, 112, 178, 80]
40181

[168, 33, 8, 24, 45, 160, 173, 89, 20, 137, 85, 48, 180, 133, 39, 38, 169, 2, 157, 27, 128, 90, 96, 75, 98, 7, 28, 135, 58, 11, 70, 26, 175, 60, 171, 156, 130, 177, 59, 185, 195, 51, 115, 153, 190, 140, 64, 46, 172, 138, 87, 22, 21, 192, 170, 142, 176, 163, 49, 158, 139, 182, 105, 117, 181, 63, 13, 124, 119, 120, 127, 50, 155, 194, 47, 30, 62, 186, 125, 109, 108, 1, 12, 154, 16, 191, 40, 118, 136, 95, 17, 104, 15, 76, 23, 152, 159, 143, 54, 103]
[37, 19, 79, 29, 74, 126, 123, 187, 78, 112, 178, 80, 55, 99, 100, 149, 68, 25, 61, 193, 116, 131, 4, 196, 66, 197, 69, 148, 52, 72, 84, 121, 92, 10, 141, 188, 189, 110, 67, 9, 122, 0, 94, 97, 31, 166, 174, 106, 34, 198, 144, 65, 132, 3, 82, 5, 32, 14, 111, 146, 81, 41, 77, 44, 35, 91, 199, 101, 147, 43, 129, 18, 150, 134, 161, 102, 184, 42, 88, 86, 113, 167, 164, 73, 93, 179, 56, 6, 83, 57, 162, 53, 114, 183, 36, 71, 145, 107, 165, 151]
40548

[129, 43, 199, 18, 150, 91, 101, 147, 16, 44, 35, 118, 95, 136, 134, 161, 159, 192, 22, 87, 172, 46, 80, 99, 193, 116, 189, 39, 38, 169, 52, 72, 84, 121, 92, 27, 128, 90, 96, 75, 58, 174, 106, 31, 166, 135, 2, 122, 48, 85, 89, 0, 97, 173, 11, 160, 70, 8, 24, 145, 151, 37, 180, 133, 29, 74, 19, 79, 126, 123, 187, 64, 140, 138, 190, 153, 115, 51, 42, 117, 15, 76, 104, 17, 1, 108, 41, 109, 47, 155, 194, 30, 62, 125, 186, 12, 154, 77, 191, 40]
[175, 26, 45, 107, 165, 137, 20, 94, 28, 7, 98, 157, 10, 141, 9, 67, 110, 188, 148, 69, 197, 66, 196, 4, 131, 61, 25, 68, 149, 100, 55, 112, 178, 78, 183, 36, 71, 168, 114, 53, 162, 57, 83, 6, 33, 56, 179, 93, 177, 73, 164, 59, 185, 195, 88, 184, 158, 49, 163, 176, 142, 170, 21, 103, 54, 143, 152, 23, 102, 182, 139, 105, 119, 124, 13, 63, 181, 82, 32, 81, 120, 50, 127, 146, 111, 14, 5, 3, 86, 113, 167, 132, 65, 144, 198, 130, 156, 171, 34, 60]
39274

[22, 192, 103, 143, 159, 23, 161, 134, 18, 150, 136, 95, 77, 1, 154, 12, 186, 125, 62, 30, 194, 47, 109, 120, 155, 50, 127, 111, 14, 146, 81, 119, 124, 63, 32, 5, 3, 167, 113, 86, 117, 105, 15, 76, 102, 182, 139, 163, 115, 51, 162, 53, 153, 190, 138, 183, 123, 126, 74, 180, 145, 45, 24, 8, 33, 93, 179, 175, 26, 160, 11, 97, 31, 166, 58, 135, 28, 7, 98, 157, 10, 2, 141, 188, 38, 39, 25, 149, 100, 99, 55, 112, 78, 187, 64, 140, 172, 170, 21, 87]
[165, 137, 85, 48, 133, 29, 68, 193, 116, 189, 110, 67, 9, 122, 20, 89, 0, 94, 173, 70, 60, 34, 171, 106, 174, 75, 96, 90, 128, 27, 92, 121, 84, 72, 52, 169, 148, 69, 197, 66, 196, 4, 131, 61, 80, 178, 46, 176, 142, 54, 152, 104, 17, 44, 35, 118, 91, 199, 129, 43, 101, 147, 40, 191, 16, 108, 41, 13, 82, 181, 158, 49, 184, 42, 88, 195, 185, 59, 164, 73, 132, 65, 144, 198, 156, 130, 177, 56, 6, 83, 57, 168, 114, 36, 71, 79, 19, 37, 151, 107]
40170

[104, 17, 23, 152, 76, 102, 182, 139, 158, 159, 143, 192, 103, 54, 142, 190, 138, 172, 46, 178, 112, 80, 55, 99, 61, 193, 131, 4, 196, 66, 39, 38, 197, 69, 148, 169, 188, 67, 9, 141, 122, 20, 89, 29, 74, 64, 140, 183, 53, 162, 115, 51, 57, 33, 56, 93, 179, 175, 26, 8, 24, 45, 160, 173, 0, 94, 2, 28, 31, 106, 34, 171, 156, 130, 198, 144, 65, 132, 167, 3, 5, 111, 127, 50, 155, 194, 30, 47, 120, 63, 13, 124, 119, 41, 109, 62, 125, 186, 44, 161]
[134, 199, 129, 43, 101, 91, 150, 18, 136, 95, 118, 35, 147, 40, 191, 16, 77, 154, 12, 1, 15, 105, 108, 81, 146, 14, 32, 82, 181, 117, 88, 86, 113, 59, 164, 73, 177, 60, 70, 11, 97, 166, 174, 58, 135, 75, 7, 98, 96, 90, 128, 27, 157, 10, 92, 121, 84, 72, 52, 116, 189, 110, 68, 149, 25, 100, 126, 78, 187, 123, 79, 19, 37, 180, 133, 48, 85, 137, 165, 107, 151, 145, 168, 6, 83, 185, 195, 42, 184, 49, 163, 176, 153, 114, 71, 36, 87, 170, 21, 22]
40309

[194, 47, 62, 12, 154, 77, 17, 104, 76, 15, 1, 108, 41, 81, 146, 111, 14, 5, 3, 132, 167, 73, 164, 59, 83, 6, 33, 179, 93, 177, 65, 144, 198, 130, 156, 171, 34, 60, 70, 11, 173, 160, 8, 24, 45, 145, 107, 165, 137, 85, 20, 122, 84, 121, 72, 188, 148, 69, 197, 66, 196, 4, 131, 193, 116, 48, 112, 80, 178, 46, 140, 36, 71, 168, 57, 51, 115, 163, 49, 158, 182, 102, 54, 170, 21, 22, 192, 143, 152, 23, 161, 95, 136, 150, 91, 118, 35, 44, 16, 30]
[195, 185, 42, 184, 117, 139, 105, 119, 124, 13, 63, 181, 88, 86, 113, 82, 32, 127, 50, 155, 120, 109, 125, 186, 191, 40, 147, 43, 129, 101, 199, 18, 134, 159, 103, 142, 176, 162, 53, 153, 190, 87, 138, 172, 114, 183, 64, 187, 78, 123, 126, 100, 55, 99, 25, 61, 68, 149, 74, 29, 133, 180, 79, 19, 37, 151, 89, 0, 94, 97, 28, 98, 7, 2, 141, 9, 67, 110, 189, 39, 38, 169, 52, 92, 10, 157, 27, 128, 90, 96, 75, 135, 58, 174, 166, 31, 106, 26, 175, 56]
40601

[14, 111, 127, 146, 120, 155, 50, 194, 108, 1, 16, 191, 40, 147, 101, 43, 129, 199, 17, 104, 76, 15, 41, 119, 124, 117, 158, 105, 139, 182, 102, 54, 103, 21, 22, 183, 64, 123, 187, 78, 112, 126, 74, 29, 133, 180, 151, 107, 165, 137, 85, 48, 110, 196, 66, 197, 69, 148, 169, 52, 72, 92, 10, 157, 27, 128, 90, 75, 135, 58, 174, 106, 70, 26, 60, 34, 171, 156, 198, 144, 65, 132, 167, 113, 86, 164, 8, 45, 24, 6, 83, 57, 42, 184, 88, 181, 82, 3, 5, 32]
[44, 35, 77, 154, 12, 186, 125, 62, 30, 47, 109, 81, 63, 13, 49, 163, 142, 176, 190, 153, 53, 162, 115, 51, 195, 185, 59, 73, 177, 130, 93, 179, 175, 56, 33, 168, 114, 36, 71, 79, 19, 37, 145, 160, 11, 173, 0, 94, 97, 31, 166, 28, 7, 98, 96, 2, 121, 84, 141, 89, 20, 122, 9, 67, 188, 189, 38, 39, 116, 193, 4, 131, 61, 68, 149, 100, 25, 99, 55, 80, 178, 46, 140, 172, 138, 87, 170, 192, 143, 159, 152, 23, 161, 134, 18, 150, 91, 136, 95, 118]
39055

[108, 41, 119, 124, 13, 117, 184, 42, 88, 185, 195, 115, 51, 168, 71, 36, 183, 64, 78, 112, 80, 55, 99, 25, 61, 131, 193, 68, 149, 100, 74, 29, 79, 19, 37, 151, 165, 107, 20, 122, 67, 9, 141, 84, 121, 92, 10, 2, 7, 28, 31, 106, 173, 11, 160, 70, 26, 60, 34, 171, 156, 198, 144, 65, 132, 167, 113, 3, 5, 14, 111, 127, 146, 120, 155, 50, 194, 47, 30, 62, 125, 186, 118, 150, 18, 134, 192, 143, 103, 21, 22, 142, 190, 153, 176, 163, 49, 158, 139, 105]
[90, 128, 27, 157, 72, 52, 169, 38, 148, 69, 197, 66, 196, 4, 39, 116, 189, 188, 110, 85, 137, 48, 133, 180, 126, 123, 187, 178, 46, 140, 172, 114, 53, 162, 138, 87, 170, 54, 159, 152, 23, 17, 161, 95, 136, 91, 101, 199, 129, 43, 147, 40, 191, 16, 35, 44, 104, 76, 102, 182, 15, 1, 77, 154, 12, 109, 81, 63, 32, 82, 181, 86, 59, 164, 73, 177, 130, 93, 179, 175, 56, 6, 83, 57, 33, 8, 24, 45, 145, 89, 0, 94, 97, 166, 174, 58, 135, 75, 98, 96]
37002

[102, 108, 1, 15, 76, 104, 23, 17, 161, 44, 35, 118, 95, 136, 150, 91, 101, 147, 40, 191, 186, 125, 109, 41, 82, 86, 164, 73, 171, 34, 60, 8, 24, 45, 145, 151, 107, 20, 89, 0, 94, 97, 31, 166, 58, 75, 96, 90, 128, 27, 157, 10, 92, 141, 122, 9, 85, 48, 67, 38, 148, 69, 197, 39, 193, 61, 55, 99, 25, 149, 100, 187, 78, 112, 80, 178, 46, 140, 172, 138, 103, 143, 152, 54, 176, 153, 190, 114, 71, 168, 57, 83, 6, 56, 59, 185, 195, 88, 184, 158]
[156, 198, 144, 65, 132, 167, 113, 3, 5, 32, 14, 111, 127, 146, 81, 120, 155, 50, 194, 47, 30, 62, 12, 154, 77, 16, 43, 129, 199, 18, 134, 159, 192, 21, 22, 87, 170, 142, 163, 49, 139, 182, 105, 119, 124, 13, 63, 181, 117, 42, 51, 115, 162, 53, 36, 183, 64, 123, 126, 74, 29, 79, 19, 37, 165, 137, 180, 133, 68, 131, 4, 196, 66, 116, 189, 110, 188, 169, 52, 72, 84, 121, 2, 7, 98, 28, 135, 174, 106, 173, 11, 160, 70, 26, 33, 175, 179, 93, 177, 130]
39398

[188, 110, 85, 137, 165, 151, 107, 20, 173, 11, 97, 157, 27, 128, 90, 96, 75, 58, 174, 156, 130, 198, 177, 93, 56, 83, 57, 51, 195, 88, 181, 13, 124, 119, 41, 109, 30, 62, 125, 186, 16, 35, 44, 17, 23, 152, 159, 192, 143, 54, 182, 139, 158, 49, 163, 103, 21, 22, 170, 87, 138, 172, 162, 53, 168, 24, 145, 36, 183, 140, 46, 178, 112, 80, 55, 99, 61, 131, 4, 196, 66, 197, 69, 148, 52, 72, 84, 169, 38, 39, 189, 116, 193, 68, 25, 126, 123, 64, 187, 78]
[95, 136, 118, 91, 199, 150, 18, 134, 129, 43, 101, 147, 40, 191, 77, 154, 12, 108, 1, 15, 63, 81, 120, 47, 194, 155, 50, 127, 146, 111, 14, 32, 5, 3, 82, 86, 113, 167, 132, 65, 144, 73, 164, 59, 185, 6, 33, 179, 175, 60, 171, 34, 26, 70, 106, 166, 135, 98, 7, 28, 31, 160, 8, 45, 89, 0, 94, 2, 10, 92, 121, 141, 122, 9, 67, 48, 133, 180, 149, 100, 74, 29, 79, 19, 37, 71, 114, 153, 190, 142, 176, 115, 42, 184, 117, 105, 102, 76, 104, 161]
41638

[29, 74, 100, 55, 99, 61, 25, 149, 68, 110, 188, 67, 9, 141, 122, 20, 89, 0, 94, 97, 173, 11, 160, 26, 175, 179, 93, 56, 177, 198, 144, 65, 132, 167, 113, 3, 5, 32, 81, 63, 13, 124, 41, 109, 120, 146, 14, 111, 127, 50, 155, 194, 47, 30, 62, 125, 186, 12, 154, 77, 16, 191, 40, 147, 101, 91, 118, 136, 95, 35, 44, 17, 23, 152, 76, 102, 182, 139, 105, 184, 42, 88, 59, 185, 195, 51, 115, 53, 57, 83, 6, 33, 145, 151, 107, 165, 37, 19, 79, 180]
[142, 170, 21, 22, 87, 138, 172, 114, 168, 24, 8, 45, 71, 36, 183, 140, 46, 178, 80, 112, 78, 187, 64, 123, 126, 133, 48, 137, 85, 193, 131, 4, 196, 66, 116, 189, 39, 38, 197, 69, 148, 169, 52, 72, 84, 121, 92, 10, 2, 157, 27, 128, 90, 96, 98, 7, 28, 135, 75, 58, 174, 166, 31, 106, 70, 60, 34, 171, 156, 130, 73, 164, 86, 82, 181, 117, 119, 108, 1, 15, 104, 161, 150, 18, 199, 43, 129, 134, 159, 143, 192, 103, 54, 49, 158, 163, 176, 162, 153, 190]
35112

[145, 151, 107, 165, 137, 85, 48, 116, 39, 196, 66, 169, 52, 2, 7, 98, 28, 106, 70, 34, 171, 156, 144, 65, 132, 167, 73, 164, 59, 185, 195, 6, 83, 57, 51, 115, 162, 53, 153, 190, 142, 54, 143, 152, 23, 104, 1, 108, 109, 81, 120, 146, 32, 14, 111, 127, 50, 155, 194, 47, 30, 62, 125, 186, 12, 154, 77, 191, 40, 147, 43, 129, 199, 101, 91, 118, 35, 95, 136, 150, 18, 134, 161, 159, 192, 103, 21, 22, 170, 87, 172, 140, 64, 183, 36, 71, 114, 168, 33, 45]
[174, 166, 31, 97, 173, 11, 160, 24, 8, 26, 60, 175, 179, 93, 56, 177, 130, 198, 113, 86, 3, 5, 82, 181, 63, 13, 41, 119, 124, 117, 88, 42, 184, 105, 15, 16, 44, 17, 76, 102, 182, 139, 158, 49, 163, 176, 138, 46, 178, 80, 112, 78, 187, 123, 126, 79, 19, 37, 180, 133, 29, 74, 100, 149, 68, 25, 99, 55, 61, 131, 4, 193, 38, 197, 69, 148, 188, 189, 110, 67, 9, 122, 20, 89, 0, 94, 141, 72, 84, 121, 92, 10, 157, 27, 128, 90, 96, 135, 58, 75]
36999

[95, 136, 18, 150, 91, 199, 129, 43, 101, 147, 109, 120, 146, 32, 127, 111, 14, 5, 3, 82, 181, 86, 113, 167, 132, 164, 73, 156, 171, 34, 60, 26, 70, 160, 0, 94, 28, 135, 75, 7, 98, 96, 90, 128, 27, 157, 2, 10, 92, 121, 84, 72, 52, 169, 39, 116, 189, 9, 141, 122, 20, 107, 165, 137, 85, 48, 19, 79, 74, 100, 126, 183, 36, 71, 37, 145, 45, 24, 8, 33, 168, 6, 83, 57, 53, 162, 115, 51, 117, 124, 13, 63, 81, 119, 41, 108, 1, 77, 44, 35]
[42, 184, 163, 49, 158, 105, 139, 182, 102, 76, 104, 15, 154, 12, 62, 47, 155, 50, 194, 30, 125, 186, 16, 191, 40, 118, 134, 161, 17, 23, 152, 159, 192, 143, 54, 103, 170, 21, 22, 87, 142, 176, 153, 190, 138, 172, 114, 140, 64, 123, 187, 78, 112, 178, 46, 80, 55, 99, 25, 149, 68, 61, 193, 131, 4, 196, 66, 197, 69, 148, 38, 188, 110, 67, 133, 29, 180, 151, 89, 173, 11, 97, 31, 166, 58, 174, 106, 175, 179, 93, 56, 177, 130, 198, 144, 65, 59, 185, 195, 88]
37714

[64, 123, 140, 172, 138, 176, 163, 54, 143, 152, 23, 161, 136, 95, 118, 16, 191, 186, 125, 62, 30, 194, 50, 155, 120, 146, 32, 81, 63, 82, 181, 13, 124, 119, 41, 108, 1, 12, 154, 77, 17, 104, 76, 102, 182, 139, 105, 158, 49, 184, 42, 88, 86, 59, 164, 73, 113, 167, 132, 130, 156, 171, 34, 60, 106, 31, 166, 174, 58, 135, 75, 98, 96, 90, 128, 27, 157, 2, 141, 122, 9, 74, 29, 165, 89, 0, 97, 173, 11, 160, 70, 26, 175, 56, 6, 51, 115, 71, 36, 183]
[14, 5, 3, 65, 144, 198, 177, 93, 179, 33, 8, 24, 45, 145, 151, 107, 20, 94, 28, 7, 10, 92, 121, 84, 72, 188, 52, 169, 148, 69, 197, 38, 39, 66, 196, 4, 131, 61, 193, 116, 189, 110, 67, 85, 137, 48, 133, 180, 37, 19, 79, 149, 68, 25, 100, 99, 55, 80, 178, 112, 78, 126, 187, 46, 87, 170, 21, 22, 192, 134, 18, 150, 91, 101, 199, 129, 43, 147, 40, 35, 44, 159, 103, 142, 190, 153, 162, 53, 114, 168, 57, 83, 185, 195, 117, 15, 109, 47, 127, 111]
39592

[68, 126, 123, 64, 140, 183, 36, 71, 114, 138, 22, 21, 152, 23, 17, 161, 134, 129, 43, 199, 18, 150, 118, 35, 16, 44, 104, 76, 102, 182, 139, 105, 15, 154, 12, 47, 155, 120, 109, 41, 124, 88, 86, 113, 167, 73, 164, 59, 185, 195, 51, 57, 83, 6, 56, 177, 130, 156, 171, 34, 60, 26, 70, 11, 106, 31, 166, 174, 58, 135, 75, 7, 2, 141, 122, 20, 89, 145, 19, 79, 74, 29, 133, 180, 37, 151, 107, 165, 67, 188, 52, 169, 148, 69, 197, 38, 39, 189, 116, 193]
[95, 1, 108, 119, 13, 63, 81, 146, 32, 82, 181, 117, 184, 42, 158, 49, 163, 115, 162, 53, 153, 190, 176, 142, 54, 103, 143, 159, 192, 170, 87, 172, 46, 178, 187, 78, 112, 80, 55, 99, 100, 149, 25, 61, 131, 4, 196, 66, 110, 48, 137, 85, 9, 72, 84, 121, 92, 10, 157, 27, 128, 90, 96, 98, 28, 94, 0, 97, 173, 160, 45, 8, 24, 168, 33, 175, 179, 93, 198, 144, 65, 132, 3, 5, 14, 111, 127, 50, 194, 30, 62, 125, 186, 77, 191, 40, 147, 101, 91, 136]
38583

[37, 8, 60, 34, 171, 156, 130, 198, 144, 185, 195, 51, 115, 162, 53, 153, 190, 42, 184, 105, 139, 182, 15, 1, 108, 41, 81, 146, 120, 109, 62, 125, 186, 12, 16, 191, 40, 35, 118, 91, 150, 18, 199, 101, 147, 43, 129, 134, 161, 159, 152, 23, 17, 104, 76, 102, 49, 163, 176, 142, 103, 170, 21, 22, 87, 138, 172, 46, 178, 80, 112, 78, 187, 74, 29, 149, 68, 67, 110, 189, 116, 39, 169, 52, 72, 84, 121, 92, 10, 28, 31, 97, 20, 137, 85, 48, 133, 180, 79, 19]
[65, 132, 3, 82, 181, 5, 32, 14, 111, 127, 50, 155, 194, 47, 30, 154, 77, 44, 136, 95, 119, 124, 63, 13, 117, 158, 54, 143, 192, 114, 168, 71, 36, 183, 140, 64, 123, 126, 100, 55, 99, 25, 61, 193, 131, 4, 196, 66, 197, 69, 148, 38, 188, 9, 122, 165, 107, 151, 145, 24, 45, 89, 0, 94, 141, 2, 157, 27, 128, 90, 96, 98, 7, 75, 135, 58, 166, 174, 106, 11, 173, 160, 70, 26, 33, 56, 175, 179, 93, 177, 73, 164, 59, 6, 83, 57, 88, 86, 113, 167]
39279

[14, 5, 3, 167, 113, 59, 164, 73, 177, 56, 93, 179, 156, 171, 34, 60, 175, 26, 70, 11, 106, 31, 166, 174, 58, 135, 75, 98, 96, 90, 128, 27, 157, 2, 10, 92, 121, 84, 72, 141, 69, 197, 66, 196, 4, 131, 110, 9, 122, 20, 94, 0, 89, 145, 151, 107, 165, 133, 180, 126, 123, 64, 187, 78, 112, 80, 178, 46, 140, 183, 71, 168, 57, 51, 115, 163, 184, 42, 88, 181, 63, 15, 152, 23, 17, 95, 118, 91, 147, 40, 191, 16, 44, 77, 30, 194, 155, 50, 127, 111]
[24, 8, 45, 160, 173, 97, 28, 7, 137, 85, 48, 67, 188, 52, 169, 148, 38, 39, 189, 116, 193, 61, 68, 25, 99, 55, 100, 149, 74, 29, 79, 19, 37, 33, 6, 83, 195, 185, 130, 198, 144, 65, 132, 86, 82, 32, 146, 81, 120, 47, 62, 125, 186, 12, 154, 1, 108, 109, 41, 119, 124, 13, 117, 158, 49, 105, 139, 182, 102, 76, 104, 35, 101, 43, 129, 199, 18, 150, 136, 134, 161, 159, 192, 143, 54, 103, 170, 21, 22, 87, 142, 176, 190, 153, 162, 53, 114, 36, 172, 138]
39630

[104, 15, 1, 108, 186, 125, 62, 30, 47, 194, 50, 155, 120, 63, 41, 119, 124, 13, 3, 167, 132, 65, 144, 73, 164, 59, 185, 195, 115, 51, 83, 6, 56, 177, 198, 130, 156, 106, 31, 28, 7, 98, 157, 92, 10, 2, 94, 0, 89, 20, 9, 188, 189, 116, 39, 193, 4, 131, 61, 25, 149, 74, 29, 133, 180, 172, 53, 162, 176, 142, 170, 21, 103, 54, 163, 49, 158, 105, 139, 182, 102, 76, 152, 23, 161, 134, 136, 95, 118, 91, 150, 18, 199, 101, 129, 43, 147, 40, 191, 16]
[99, 55, 80, 112, 78, 187, 178, 46, 64, 123, 126, 100, 68, 110, 67, 48, 85, 137, 79, 19, 37, 151, 107, 165, 122, 141, 169, 38, 196, 66, 197, 69, 148, 52, 72, 84, 121, 27, 128, 90, 96, 75, 135, 58, 174, 166, 97, 173, 11, 160, 70, 34, 171, 60, 175, 179, 93, 113, 86, 88, 42, 184, 117, 181, 82, 5, 32, 14, 111, 127, 146, 81, 109, 12, 154, 77, 44, 35, 17, 159, 143, 192, 22, 87, 138, 190, 153, 57, 33, 26, 8, 24, 45, 145, 168, 114, 71, 36, 183, 140]
39736

[177, 130, 198, 144, 65, 132, 3, 82, 5, 32, 14, 111, 127, 146, 81, 63, 41, 109, 47, 194, 30, 62, 125, 186, 12, 154, 77, 16, 191, 40, 147, 43, 129, 101, 199, 18, 150, 35, 44, 15, 102, 76, 104, 23, 152, 143, 54, 103, 21, 170, 142, 49, 158, 88, 59, 56, 33, 160, 11, 89, 20, 67, 110, 133, 180, 37, 19, 79, 36, 71, 168, 6, 83, 57, 153, 190, 138, 172, 46, 25, 131, 4, 38, 169, 92, 10, 157, 2, 7, 98, 28, 135, 166, 31, 106, 70, 26, 179, 93, 175]
[184, 42, 195, 185, 51, 115, 162, 53, 114, 183, 140, 64, 24, 8, 45, 145, 151, 107, 165, 137, 85, 48, 29, 74, 126, 123, 187, 78, 112, 178, 80, 55, 99, 100, 149, 68, 61, 193, 116, 189, 188, 39, 196, 66, 197, 69, 148, 52, 72, 121, 84, 141, 9, 122, 0, 173, 97, 94, 27, 128, 90, 96, 75, 58, 174, 60, 34, 171, 156, 73, 164, 167, 113, 86, 181, 117, 13, 124, 119, 120, 50, 155, 108, 1, 105, 139, 182, 17, 161, 136, 95, 118, 91, 134, 159, 192, 22, 87, 176, 163]
42625

[103, 54, 159, 136, 95, 44, 77, 62, 30, 47, 194, 155, 50, 127, 146, 120, 81, 119, 124, 105, 139, 182, 102, 49, 158, 117, 184, 163, 176, 142, 170, 87, 46, 78, 112, 178, 80, 55, 99, 25, 61, 131, 4, 193, 39, 38, 169, 52, 188, 68, 149, 183, 36, 71, 114, 190, 153, 53, 162, 115, 51, 57, 83, 168, 33, 8, 24, 45, 145, 151, 107, 141, 121, 92, 10, 2, 157, 27, 128, 90, 96, 31, 97, 173, 70, 130, 198, 177, 73, 144, 65, 132, 167, 113, 86, 82, 181, 88, 42, 195]
[79, 19, 37, 180, 133, 29, 74, 100, 126, 123, 187, 64, 140, 172, 138, 22, 21, 192, 143, 152, 23, 161, 134, 18, 150, 91, 199, 129, 43, 147, 101, 118, 35, 40, 191, 16, 17, 104, 76, 15, 1, 154, 12, 186, 125, 109, 108, 41, 13, 63, 32, 111, 14, 5, 3, 164, 59, 185, 6, 56, 93, 179, 156, 171, 34, 60, 175, 26, 160, 11, 106, 174, 166, 58, 135, 75, 98, 7, 28, 94, 84, 72, 148, 69, 197, 66, 196, 116, 189, 110, 67, 9, 122, 0, 89, 20, 165, 137, 48, 85]
40617

[136, 161, 159, 143, 103, 54, 142, 176, 162, 53, 114, 71, 36, 183, 64, 78, 112, 178, 80, 55, 99, 61, 193, 131, 4, 196, 66, 197, 38, 39, 116, 189, 110, 67, 133, 180, 29, 74, 79, 19, 37, 151, 165, 107, 145, 45, 24, 8, 60, 34, 171, 156, 130, 167, 113, 59, 164, 73, 93, 179, 56, 33, 168, 51, 115, 195, 185, 88, 42, 184, 158, 49, 163, 152, 23, 182, 139, 105, 117, 82, 3, 5, 127, 50, 155, 194, 47, 30, 62, 16, 44, 35, 95, 118, 91, 101, 43, 147, 40, 191]
[111, 146, 120, 81, 41, 109, 125, 186, 12, 154, 77, 1, 108, 15, 102, 76, 104, 17, 150, 18, 199, 129, 134, 192, 22, 21, 170, 87, 153, 190, 138, 172, 140, 46, 187, 123, 126, 100, 25, 149, 68, 48, 137, 85, 9, 188, 69, 148, 169, 52, 72, 121, 84, 141, 122, 20, 89, 173, 97, 0, 94, 2, 10, 92, 157, 27, 128, 90, 96, 75, 135, 98, 7, 28, 31, 166, 58, 174, 106, 11, 160, 70, 26, 175, 6, 57, 83, 177, 198, 144, 65, 132, 86, 181, 13, 124, 119, 63, 32, 14]
38286

[149, 68, 25, 61, 131, 4, 193, 116, 189, 72, 84, 121, 92, 10, 2, 157, 27, 128, 90, 96, 98, 75, 135, 58, 166, 174, 106, 8, 24, 33, 93, 56, 6, 83, 57, 51, 53, 115, 42, 195, 185, 59, 177, 130, 171, 156, 198, 144, 65, 132, 167, 113, 86, 3, 5, 14, 111, 127, 50, 155, 194, 47, 30, 62, 41, 119, 82, 181, 117, 184, 49, 158, 105, 139, 182, 102, 77, 44, 16, 191, 40, 147, 101, 18, 150, 136, 95, 161, 23, 152, 143, 192, 21, 22, 172, 46, 55, 99, 100, 74]
[179, 175, 60, 34, 26, 70, 160, 11, 173, 97, 31, 28, 7, 94, 0, 89, 20, 122, 141, 9, 188, 52, 169, 148, 69, 197, 38, 66, 196, 39, 110, 67, 48, 85, 137, 165, 107, 151, 45, 145, 37, 19, 79, 180, 133, 29, 126, 123, 187, 78, 112, 80, 178, 64, 140, 183, 36, 71, 168, 114, 138, 87, 170, 142, 176, 190, 153, 162, 163, 54, 103, 159, 134, 129, 43, 199, 91, 118, 35, 17, 104, 76, 15, 1, 108, 154, 12, 186, 125, 109, 81, 120, 146, 32, 63, 13, 124, 88, 164, 73]
38116

[152, 159, 143, 54, 163, 176, 153, 114, 71, 36, 183, 140, 64, 123, 126, 187, 78, 112, 100, 149, 25, 99, 55, 61, 68, 74, 29, 79, 180, 133, 67, 110, 188, 189, 116, 131, 4, 196, 66, 197, 69, 148, 52, 72, 84, 121, 92, 10, 157, 27, 128, 90, 96, 98, 7, 75, 135, 58, 31, 97, 173, 94, 0, 89, 160, 171, 156, 130, 198, 144, 65, 132, 167, 113, 86, 185, 195, 42, 184, 158, 49, 15, 1, 108, 41, 120, 155, 50, 194, 47, 30, 62, 16, 191, 40, 147, 101, 136, 95, 23]
[145, 45, 8, 24, 19, 37, 151, 107, 165, 137, 48, 85, 122, 9, 169, 38, 39, 193, 80, 178, 46, 172, 138, 190, 53, 162, 51, 115, 142, 170, 87, 22, 21, 192, 103, 102, 76, 104, 17, 161, 134, 129, 43, 199, 18, 150, 91, 118, 35, 44, 77, 154, 12, 186, 125, 109, 81, 146, 127, 111, 14, 5, 3, 82, 181, 32, 63, 13, 124, 119, 105, 182, 139, 117, 88, 59, 164, 73, 56, 6, 83, 57, 168, 33, 26, 175, 179, 93, 177, 34, 60, 70, 11, 106, 174, 166, 28, 2, 141, 20]
38208

[19, 79, 37, 151, 107, 165, 85, 48, 180, 126, 123, 64, 187, 46, 178, 78, 112, 80, 55, 99, 100, 25, 61, 116, 39, 189, 188, 110, 67, 141, 92, 10, 157, 27, 128, 90, 96, 75, 58, 174, 166, 31, 106, 11, 160, 145, 45, 24, 8, 26, 60, 34, 171, 156, 132, 167, 113, 86, 185, 195, 115, 42, 184, 117, 181, 82, 32, 63, 13, 41, 108, 1, 182, 102, 15, 12, 154, 77, 16, 191, 101, 199, 118, 35, 44, 17, 23, 54, 103, 170, 87, 138, 190, 153, 53, 114, 71, 36, 183, 140]
[81, 119, 124, 105, 139, 109, 47, 30, 62, 125, 186, 40, 147, 43, 129, 18, 150, 91, 95, 136, 134, 161, 104, 76, 152, 159, 143, 192, 21, 22, 172, 149, 131, 4, 196, 66, 193, 68, 74, 29, 133, 137, 20, 122, 9, 38, 197, 69, 148, 169, 52, 72, 84, 121, 2, 7, 98, 135, 28, 94, 0, 89, 97, 173, 70, 175, 179, 93, 56, 33, 168, 6, 83, 57, 51, 162, 176, 142, 163, 49, 158, 88, 59, 164, 73, 177, 130, 198, 144, 65, 3, 5, 14, 111, 127, 50, 194, 155, 120, 146]
40340

[164, 6, 83, 57, 163, 49, 105, 139, 182, 102, 15, 81, 146, 127, 50, 194, 30, 62, 125, 186, 12, 154, 77, 191, 40, 147, 43, 129, 199, 18, 150, 91, 118, 136, 95, 35, 44, 17, 104, 23, 152, 159, 143, 54, 103, 192, 21, 22, 87, 170, 142, 176, 153, 190, 114, 138, 172, 140, 46, 178, 112, 80, 55, 99, 100, 149, 68, 193, 38, 197, 69, 148, 169, 52, 188, 141, 72, 84, 121, 2, 94, 0, 97, 173, 11, 160, 70, 8, 24, 79, 126, 123, 64, 183, 36, 71, 168, 33, 56, 73]
[60, 93, 179, 175, 26, 45, 145, 89, 20, 107, 151, 165, 85, 48, 137, 37, 19, 180, 133, 29, 74, 187, 78, 25, 61, 131, 4, 196, 66, 39, 116, 189, 110, 67, 9, 122, 92, 10, 157, 27, 128, 90, 96, 75, 98, 7, 28, 135, 58, 174, 166, 31, 106, 34, 171, 156, 130, 177, 198, 144, 65, 132, 167, 59, 185, 195, 51, 53, 162, 115, 42, 184, 158, 76, 161, 134, 101, 16, 1, 108, 41, 109, 47, 155, 120, 119, 124, 13, 63, 32, 111, 14, 5, 3, 82, 181, 117, 88, 86, 113]
38693

[132, 65, 144, 198, 130, 156, 171, 34, 60, 8, 24, 45, 145, 19, 79, 180, 133, 7, 98, 96, 90, 128, 27, 157, 2, 10, 92, 121, 72, 52, 169, 148, 69, 197, 38, 188, 189, 116, 39, 66, 196, 4, 68, 46, 140, 172, 87, 22, 21, 103, 54, 142, 176, 190, 153, 53, 162, 51, 115, 163, 49, 158, 102, 15, 76, 161, 134, 18, 150, 91, 118, 35, 44, 1, 108, 12, 186, 125, 62, 30, 194, 155, 50, 127, 111, 146, 120, 47, 41, 119, 124, 13, 63, 181, 88, 195, 185, 86, 167, 113]
[192, 143, 159, 152, 23, 104, 17, 95, 136, 101, 199, 129, 43, 147, 40, 191, 16, 77, 154, 109, 81, 32, 14, 5, 3, 82, 117, 105, 182, 139, 184, 42, 59, 164, 73, 177, 56, 93, 179, 175, 26, 70, 106, 97, 31, 166, 174, 58, 75, 135, 28, 94, 0, 20, 122, 141, 84, 9, 67, 110, 193, 131, 61, 25, 99, 55, 80, 178, 78, 112, 100, 149, 74, 29, 126, 123, 187, 64, 183, 36, 71, 37, 137, 48, 85, 165, 151, 107, 89, 173, 11, 160, 33, 6, 83, 57, 168, 114, 138, 170]
39089

[106, 97, 31, 166, 174, 58, 135, 75, 98, 7, 10, 92, 121, 84, 72, 52, 169, 148, 69, 197, 38, 39, 189, 116, 66, 196, 4, 131, 193, 61, 68, 149, 25, 99, 55, 100, 126, 123, 64, 74, 29, 133, 180, 19, 37, 151, 165, 137, 85, 48, 110, 188, 67, 9, 89, 0, 160, 145, 45, 24, 8, 33, 168, 53, 162, 142, 143, 152, 23, 76, 104, 17, 95, 101, 147, 40, 191, 16, 77, 154, 1, 15, 184, 42, 88, 181, 82, 86, 113, 167, 164, 73, 56, 93, 179, 175, 60, 34, 156, 171]
[2, 157, 27, 128, 90, 96, 28, 94, 173, 11, 70, 26, 177, 130, 198, 144, 65, 132, 3, 5, 14, 111, 127, 50, 155, 194, 47, 30, 62, 125, 186, 12, 108, 109, 81, 120, 146, 32, 63, 41, 119, 124, 13, 117, 158, 105, 139, 182, 102, 44, 35, 118, 91, 199, 43, 129, 134, 18, 150, 136, 161, 159, 192, 21, 22, 87, 172, 138, 170, 103, 54, 49, 163, 176, 190, 153, 115, 51, 195, 185, 59, 6, 83, 57, 114, 71, 36, 183, 140, 46, 178, 80, 112, 78, 187, 79, 107, 20, 122, 141]
38067

[177, 93, 179, 70, 160, 11, 173, 94, 0, 89, 20, 145, 45, 24, 168, 6, 83, 57, 51, 115, 53, 162, 176, 142, 42, 88, 86, 113, 167, 132, 130, 198, 144, 65, 3, 5, 32, 14, 111, 146, 127, 50, 155, 194, 30, 186, 125, 109, 41, 81, 63, 13, 124, 119, 105, 139, 182, 102, 15, 1, 108, 12, 154, 77, 17, 104, 76, 23, 152, 87, 172, 138, 190, 153, 114, 140, 126, 25, 193, 189, 188, 84, 92, 27, 128, 90, 96, 75, 135, 58, 174, 166, 31, 28, 97, 106, 60, 34, 171, 156]
[37, 19, 79, 180, 133, 29, 74, 100, 149, 68, 110, 67, 9, 122, 141, 2, 7, 98, 157, 10, 121, 72, 52, 169, 148, 69, 197, 38, 39, 116, 66, 196, 4, 131, 61, 99, 55, 80, 46, 178, 112, 78, 187, 123, 64, 183, 36, 71, 185, 195, 184, 117, 158, 49, 163, 54, 103, 170, 21, 22, 192, 143, 159, 161, 134, 18, 199, 129, 43, 147, 101, 91, 150, 136, 95, 118, 35, 44, 16, 191, 40, 62, 47, 120, 181, 82, 59, 164, 73, 56, 33, 175, 26, 8, 151, 107, 85, 48, 137, 165]
39948

[176, 142, 103, 192, 143, 159, 152, 23, 44, 35, 118, 95, 136, 150, 91, 101, 43, 147, 40, 191, 186, 30, 194, 50, 155, 120, 81, 32, 146, 127, 111, 14, 5, 82, 3, 65, 144, 132, 167, 113, 164, 73, 93, 179, 177, 198, 130, 156, 171, 34, 60, 106, 174, 166, 58, 75, 96, 90, 128, 98, 7, 28, 135, 31, 97, 173, 11, 160, 70, 26, 175, 33, 71, 36, 123, 126, 74, 29, 79, 19, 37, 85, 48, 180, 133, 68, 149, 100, 80, 178, 46, 172, 138, 114, 190, 153, 115, 51, 53, 162]
[59, 86, 181, 63, 13, 124, 119, 41, 108, 109, 47, 62, 125, 12, 154, 1, 15, 77, 16, 199, 129, 18, 134, 161, 17, 104, 76, 102, 182, 139, 105, 158, 184, 117, 88, 185, 195, 42, 163, 49, 54, 170, 21, 22, 87, 57, 83, 6, 56, 168, 183, 140, 64, 187, 78, 112, 55, 99, 25, 61, 131, 4, 196, 66, 193, 39, 38, 197, 69, 148, 169, 52, 72, 84, 121, 92, 10, 157, 27, 2, 141, 188, 189, 116, 110, 67, 9, 122, 20, 94, 0, 89, 107, 165, 137, 151, 145, 45, 24, 8]
38515

[109, 47, 62, 108, 1, 12, 154, 77, 191, 16, 44, 35, 40, 147, 43, 101, 118, 95, 136, 18, 150, 91, 199, 129, 134, 161, 17, 23, 104, 76, 139, 105, 49, 163, 142, 170, 21, 22, 87, 138, 114, 57, 168, 71, 36, 183, 140, 64, 123, 126, 187, 78, 112, 178, 80, 55, 99, 100, 25, 61, 131, 193, 116, 189, 188, 110, 68, 149, 29, 37, 151, 145, 45, 89, 20, 141, 84, 2, 7, 28, 31, 106, 173, 11, 175, 179, 93, 56, 167, 113, 3, 5, 14, 111, 146, 32, 63, 13, 124, 119]
[174, 58, 135, 75, 98, 96, 90, 128, 27, 157, 10, 92, 121, 72, 52, 169, 148, 69, 197, 66, 196, 4, 39, 38, 67, 9, 122, 107, 165, 137, 85, 48, 133, 180, 19, 79, 74, 46, 172, 190, 153, 53, 162, 176, 54, 103, 192, 143, 159, 152, 102, 182, 15, 41, 125, 186, 30, 194, 155, 50, 127, 120, 81, 117, 158, 184, 42, 88, 181, 82, 86, 132, 65, 144, 198, 130, 156, 171, 34, 60, 177, 73, 164, 59, 185, 195, 115, 51, 83, 6, 33, 24, 8, 26, 70, 160, 0, 94, 97, 166]
38889

[37, 19, 79, 123, 64, 36, 183, 140, 46, 178, 80, 112, 78, 187, 126, 55, 99, 25, 61, 131, 4, 196, 66, 197, 38, 39, 193, 68, 149, 100, 74, 29, 180, 133, 137, 165, 107, 89, 0, 20, 122, 67, 9, 141, 84, 121, 92, 10, 90, 96, 75, 58, 174, 166, 31, 26, 175, 56, 6, 83, 57, 53, 162, 153, 190, 172, 138, 176, 142, 170, 87, 22, 21, 192, 161, 95, 35, 16, 44, 17, 23, 104, 76, 15, 1, 108, 109, 41, 119, 124, 13, 63, 82, 181, 117, 105, 139, 182, 102, 152]
[129, 43, 199, 101, 147, 40, 191, 77, 154, 12, 186, 125, 62, 30, 47, 194, 155, 50, 127, 111, 14, 146, 120, 81, 32, 5, 3, 86, 59, 164, 113, 167, 132, 65, 144, 198, 130, 177, 73, 93, 179, 60, 156, 171, 34, 70, 160, 11, 173, 106, 97, 94, 28, 135, 7, 98, 128, 27, 157, 2, 72, 52, 169, 148, 69, 116, 189, 188, 110, 48, 85, 151, 145, 45, 24, 8, 33, 168, 71, 114, 115, 51, 195, 185, 88, 42, 163, 184, 158, 49, 54, 103, 143, 159, 134, 18, 150, 136, 118, 91]
38825

[28, 31, 106, 175, 179, 60, 34, 171, 156, 130, 93, 56, 6, 83, 57, 168, 71, 145, 24, 8, 45, 89, 20, 107, 165, 151, 37, 19, 79, 183, 36, 114, 190, 153, 53, 162, 115, 51, 42, 88, 86, 3, 82, 181, 63, 81, 120, 155, 50, 194, 47, 30, 62, 12, 154, 77, 44, 35, 17, 104, 76, 102, 139, 184, 158, 49, 152, 159, 192, 22, 21, 170, 87, 172, 46, 178, 78, 112, 80, 55, 99, 149, 74, 29, 180, 133, 9, 141, 122, 0, 94, 7, 98, 2, 10, 92, 157, 27, 128, 90]
[116, 189, 193, 131, 4, 196, 66, 39, 197, 69, 148, 38, 188, 110, 67, 85, 137, 48, 68, 61, 25, 100, 126, 123, 187, 64, 140, 138, 142, 176, 163, 54, 103, 143, 23, 161, 136, 95, 118, 101, 199, 91, 150, 18, 134, 129, 43, 147, 40, 191, 16, 186, 125, 109, 108, 1, 15, 182, 105, 117, 13, 124, 119, 41, 32, 146, 127, 111, 14, 5, 113, 167, 132, 65, 144, 198, 177, 73, 164, 59, 185, 195, 33, 26, 70, 160, 11, 173, 97, 166, 174, 58, 135, 75, 96, 121, 84, 72, 52, 169]
39229

[131, 193, 4, 196, 66, 197, 38, 39, 116, 189, 188, 84, 27, 128, 90, 96, 135, 97, 173, 89, 145, 45, 24, 8, 33, 57, 83, 6, 56, 73, 164, 167, 113, 86, 3, 5, 14, 111, 127, 50, 155, 194, 47, 30, 62, 125, 186, 40, 147, 43, 129, 134, 18, 150, 136, 95, 161, 17, 23, 152, 159, 143, 192, 21, 22, 87, 170, 103, 54, 49, 184, 42, 51, 115, 162, 53, 153, 114, 168, 71, 36, 183, 64, 187, 123, 126, 79, 19, 37, 137, 48, 133, 180, 29, 74, 149, 100, 99, 25, 61]
[158, 163, 142, 176, 190, 138, 172, 140, 46, 78, 112, 178, 80, 55, 68, 110, 69, 148, 169, 52, 72, 121, 92, 10, 157, 2, 141, 122, 9, 67, 85, 165, 151, 107, 20, 0, 94, 28, 7, 98, 75, 58, 174, 166, 31, 106, 11, 160, 70, 26, 60, 34, 171, 156, 175, 179, 93, 177, 130, 198, 144, 65, 132, 59, 185, 195, 88, 82, 181, 117, 15, 119, 124, 13, 63, 32, 146, 120, 81, 109, 41, 108, 1, 12, 154, 77, 16, 191, 101, 199, 91, 118, 35, 44, 104, 76, 102, 182, 139, 105]
36720

[57, 83, 6, 33, 145, 107, 165, 180, 29, 133, 48, 85, 137, 20, 122, 67, 110, 189, 116, 39, 193, 68, 100, 55, 99, 131, 4, 196, 66, 197, 38, 188, 9, 2, 27, 128, 90, 174, 106, 160, 70, 175, 179, 93, 56, 177, 73, 86, 3, 5, 14, 146, 120, 47, 62, 125, 186, 12, 154, 77, 191, 16, 44, 35, 118, 91, 150, 18, 134, 17, 104, 76, 23, 152, 143, 22, 21, 170, 142, 176, 153, 190, 140, 123, 126, 183, 114, 115, 184, 49, 158, 105, 139, 182, 102, 15, 1, 108, 119, 117]
[124, 13, 181, 82, 88, 42, 163, 54, 103, 138, 36, 71, 168, 53, 162, 51, 195, 185, 59, 164, 113, 167, 132, 65, 144, 198, 130, 156, 171, 34, 60, 26, 8, 24, 45, 79, 19, 37, 151, 89, 0, 94, 173, 11, 97, 31, 166, 58, 75, 135, 28, 7, 98, 96, 157, 10, 92, 121, 84, 72, 141, 52, 169, 148, 69, 61, 25, 149, 74, 78, 112, 80, 178, 187, 64, 46, 172, 87, 192, 159, 161, 95, 136, 101, 199, 129, 43, 147, 40, 30, 194, 155, 50, 127, 111, 32, 63, 41, 109, 81]
42015

[144, 65, 132, 167, 113, 59, 86, 181, 82, 5, 14, 111, 127, 50, 155, 194, 81, 63, 119, 41, 108, 1, 154, 12, 125, 186, 77, 191, 16, 44, 35, 118, 95, 15, 102, 182, 139, 105, 184, 88, 42, 176, 153, 53, 162, 115, 51, 195, 185, 6, 56, 179, 26, 94, 0, 89, 20, 107, 37, 19, 79, 183, 140, 64, 123, 126, 187, 78, 178, 112, 25, 61, 193, 131, 4, 196, 66, 39, 188, 67, 9, 122, 141, 169, 148, 52, 84, 27, 128, 90, 75, 135, 58, 166, 174, 106, 156, 130, 177, 198]
[21, 103, 192, 143, 159, 161, 134, 150, 18, 129, 43, 147, 40, 101, 199, 91, 136, 17, 104, 76, 23, 152, 54, 142, 163, 49, 158, 117, 13, 124, 109, 62, 30, 47, 120, 146, 32, 3, 164, 73, 93, 171, 34, 60, 175, 33, 83, 57, 168, 71, 36, 74, 29, 180, 133, 48, 85, 137, 165, 151, 145, 45, 24, 8, 70, 160, 11, 173, 97, 31, 28, 7, 98, 96, 157, 2, 10, 92, 121, 72, 69, 197, 38, 116, 189, 110, 68, 149, 100, 99, 55, 80, 46, 172, 138, 114, 190, 87, 170, 22]
40248

[185, 59, 164, 73, 167, 113, 86, 181, 63, 81, 124, 119, 41, 109, 12, 154, 15, 17, 161, 95, 44, 35, 118, 43, 129, 199, 150, 18, 134, 159, 152, 23, 76, 102, 139, 158, 49, 103, 143, 192, 21, 22, 87, 170, 115, 162, 53, 114, 71, 36, 183, 46, 80, 100, 74, 29, 149, 68, 193, 196, 66, 38, 197, 69, 148, 169, 52, 188, 67, 85, 137, 48, 133, 180, 79, 19, 37, 151, 107, 165, 141, 72, 84, 121, 92, 10, 2, 157, 27, 128, 90, 135, 166, 106, 34, 60, 26, 175, 179, 93]
[7, 98, 96, 75, 58, 174, 171, 156, 130, 198, 144, 65, 132, 177, 56, 33, 168, 6, 83, 57, 51, 195, 42, 88, 82, 3, 5, 32, 146, 14, 111, 127, 120, 155, 50, 194, 47, 30, 62, 125, 186, 108, 1, 77, 16, 191, 40, 147, 101, 91, 136, 104, 182, 105, 13, 117, 184, 163, 54, 142, 176, 153, 190, 138, 172, 140, 64, 123, 126, 187, 78, 178, 112, 55, 99, 25, 61, 131, 4, 39, 116, 189, 110, 9, 122, 20, 89, 145, 45, 24, 8, 70, 160, 11, 173, 0, 94, 97, 31, 28]
38738

[174, 106, 60, 34, 171, 156, 130, 73, 164, 59, 185, 42, 117, 13, 81, 120, 155, 194, 47, 30, 62, 125, 186, 191, 40, 147, 43, 129, 134, 161, 23, 17, 95, 136, 150, 18, 199, 101, 91, 118, 35, 44, 16, 77, 154, 12, 109, 41, 105, 184, 176, 142, 87, 153, 190, 138, 172, 46, 178, 80, 112, 78, 183, 36, 71, 168, 24, 8, 45, 145, 151, 37, 19, 79, 180, 133, 68, 61, 131, 193, 116, 189, 39, 38, 197, 69, 148, 169, 52, 141, 137, 165, 107, 89, 173, 97, 31, 135, 58, 166]
[195, 57, 83, 6, 167, 113, 86, 88, 181, 82, 5, 3, 132, 65, 144, 198, 177, 93, 179, 175, 56, 33, 26, 70, 160, 11, 28, 7, 98, 75, 96, 90, 128, 27, 157, 2, 10, 92, 121, 72, 84, 94, 0, 20, 122, 9, 67, 110, 188, 66, 196, 4, 25, 99, 55, 100, 149, 48, 85, 29, 74, 126, 123, 187, 64, 140, 114, 53, 162, 51, 115, 163, 49, 158, 139, 182, 102, 54, 103, 170, 21, 22, 192, 143, 159, 152, 76, 104, 15, 1, 108, 119, 124, 63, 32, 146, 50, 127, 111, 14]
40115

[79, 19, 37, 36, 71, 168, 33, 56, 86, 82, 181, 13, 117, 184, 115, 162, 53, 153, 190, 142, 54, 103, 159, 161, 134, 129, 43, 147, 40, 191, 16, 1, 108, 41, 119, 124, 63, 111, 14, 113, 167, 132, 65, 144, 198, 130, 156, 171, 34, 70, 160, 11, 173, 0, 94, 28, 135, 166, 174, 58, 75, 98, 96, 90, 128, 27, 157, 92, 10, 2, 107, 151, 165, 137, 85, 48, 67, 110, 189, 116, 39, 66, 196, 4, 131, 61, 25, 99, 55, 100, 112, 80, 46, 178, 78, 187, 74, 29, 133, 180]
[3, 88, 195, 185, 59, 164, 73, 177, 93, 179, 175, 60, 26, 8, 24, 45, 145, 20, 89, 97, 106, 31, 7, 121, 84, 72, 141, 122, 9, 188, 52, 169, 148, 69, 197, 38, 193, 68, 149, 126, 123, 64, 140, 183, 114, 57, 6, 83, 51, 42, 158, 49, 163, 176, 138, 172, 87, 170, 21, 22, 192, 143, 152, 23, 104, 76, 102, 139, 105, 182, 15, 17, 95, 136, 150, 18, 199, 101, 91, 118, 35, 44, 77, 154, 12, 186, 125, 62, 30, 194, 155, 50, 127, 146, 120, 47, 109, 81, 32, 5]
38942

[94, 0, 97, 173, 11, 160, 70, 60, 179, 56, 33, 6, 83, 57, 168, 71, 36, 183, 114, 190, 153, 176, 49, 139, 158, 42, 51, 195, 185, 88, 181, 82, 5, 14, 111, 127, 81, 109, 12, 154, 77, 191, 16, 44, 35, 95, 17, 104, 23, 152, 159, 192, 170, 138, 172, 140, 64, 46, 178, 80, 112, 100, 25, 193, 197, 69, 148, 52, 169, 38, 68, 149, 74, 29, 180, 133, 48, 85, 137, 165, 107, 89, 20, 122, 72, 84, 121, 92, 10, 157, 27, 128, 90, 96, 75, 135, 58, 174, 166, 31]
[63, 13, 41, 108, 1, 15, 119, 124, 117, 184, 163, 142, 54, 143, 103, 21, 22, 87, 53, 162, 115, 59, 164, 73, 93, 175, 26, 8, 24, 45, 145, 151, 37, 19, 79, 126, 123, 187, 78, 55, 99, 61, 131, 4, 196, 66, 39, 116, 189, 188, 110, 67, 9, 141, 2, 7, 98, 28, 106, 34, 171, 156, 130, 177, 198, 144, 65, 132, 167, 113, 86, 3, 32, 146, 120, 155, 50, 194, 47, 30, 62, 125, 186, 40, 118, 136, 18, 150, 91, 199, 101, 147, 43, 129, 134, 161, 76, 102, 182, 105]
38554

[171, 34, 60, 106, 11, 173, 0, 160, 70, 24, 168, 57, 83, 6, 177, 130, 156, 198, 144, 65, 132, 167, 113, 86, 181, 82, 3, 5, 14, 111, 127, 146, 32, 81, 109, 108, 1, 15, 76, 104, 17, 44, 40, 147, 101, 43, 129, 199, 91, 136, 95, 161, 23, 152, 102, 182, 139, 105, 158, 49, 163, 54, 143, 192, 103, 142, 190, 114, 71, 36, 183, 79, 19, 37, 151, 107, 133, 180, 29, 74, 55, 99, 61, 193, 116, 169, 52, 72, 92, 10, 157, 98, 7, 28, 135, 75, 96, 90, 27, 128]
[122, 165, 137, 85, 48, 67, 110, 188, 189, 39, 38, 148, 69, 197, 66, 196, 4, 131, 68, 149, 25, 100, 126, 123, 187, 78, 112, 80, 178, 46, 64, 140, 172, 138, 153, 53, 162, 115, 51, 42, 176, 87, 170, 21, 22, 159, 134, 18, 150, 118, 35, 16, 191, 77, 154, 12, 186, 125, 62, 30, 47, 194, 50, 155, 120, 41, 119, 124, 63, 13, 117, 184, 88, 195, 185, 59, 164, 73, 56, 33, 93, 179, 175, 26, 8, 45, 145, 20, 89, 94, 97, 31, 166, 174, 58, 2, 121, 84, 141, 9]
38474

[79, 19, 126, 123, 140, 53, 115, 42, 184, 102, 76, 104, 23, 152, 143, 159, 161, 136, 18, 150, 91, 118, 15, 1, 12, 186, 125, 108, 119, 124, 13, 88, 195, 185, 59, 198, 130, 156, 171, 34, 60, 177, 93, 179, 175, 70, 11, 106, 174, 58, 135, 28, 7, 98, 75, 96, 90, 128, 27, 157, 10, 84, 52, 169, 188, 189, 116, 39, 66, 196, 4, 131, 110, 67, 9, 141, 122, 20, 94, 0, 89, 45, 8, 24, 145, 37, 151, 107, 165, 137, 85, 48, 133, 180, 29, 74, 149, 100, 25, 68]
[105, 182, 139, 158, 117, 181, 82, 5, 3, 86, 113, 167, 132, 65, 144, 164, 73, 56, 33, 26, 160, 173, 97, 31, 166, 2, 92, 121, 72, 148, 69, 197, 38, 193, 61, 99, 55, 80, 112, 78, 178, 46, 187, 64, 183, 36, 71, 114, 168, 6, 83, 57, 51, 162, 153, 190, 138, 172, 87, 22, 21, 170, 142, 176, 163, 49, 54, 103, 192, 17, 44, 35, 95, 134, 129, 43, 199, 101, 147, 40, 191, 16, 77, 154, 62, 30, 194, 50, 127, 111, 14, 146, 32, 63, 41, 109, 81, 120, 155, 47]
39799

[104, 23, 152, 54, 103, 170, 142, 190, 153, 162, 53, 114, 168, 71, 36, 183, 180, 48, 85, 89, 173, 11, 160, 70, 106, 174, 58, 166, 31, 97, 94, 0, 122, 9, 67, 110, 188, 189, 116, 38, 148, 69, 197, 39, 193, 68, 100, 140, 172, 87, 22, 21, 192, 143, 159, 161, 95, 136, 91, 118, 35, 44, 77, 154, 12, 1, 108, 41, 119, 63, 81, 109, 125, 62, 47, 194, 155, 120, 146, 32, 144, 198, 34, 60, 26, 175, 179, 93, 56, 33, 6, 83, 57, 51, 115, 195, 185, 59, 42, 15]
[78, 187, 64, 123, 126, 79, 19, 37, 151, 107, 165, 137, 133, 29, 74, 149, 25, 99, 55, 61, 131, 4, 196, 66, 169, 52, 72, 84, 121, 92, 10, 157, 27, 128, 90, 96, 75, 135, 28, 98, 7, 2, 141, 20, 145, 45, 24, 8, 171, 156, 130, 177, 73, 164, 65, 132, 167, 113, 86, 88, 184, 117, 105, 124, 13, 181, 82, 3, 5, 14, 111, 127, 50, 30, 186, 16, 191, 40, 147, 43, 129, 199, 101, 150, 18, 134, 17, 76, 102, 182, 139, 158, 49, 163, 176, 138, 46, 80, 112, 178]
39607

[82, 5, 63, 13, 124, 119, 41, 108, 109, 81, 47, 62, 125, 186, 12, 154, 1, 15, 76, 161, 95, 136, 91, 150, 18, 134, 159, 143, 54, 103, 87, 172, 46, 178, 80, 112, 78, 187, 100, 149, 68, 74, 29, 133, 180, 79, 19, 37, 151, 165, 107, 89, 20, 122, 141, 92, 10, 157, 27, 128, 90, 96, 98, 28, 97, 94, 0, 173, 11, 160, 8, 24, 45, 145, 168, 33, 60, 34, 171, 156, 130, 198, 144, 65, 132, 167, 113, 164, 73, 177, 56, 6, 83, 195, 88, 42, 184, 158, 117, 181]
[3, 14, 111, 127, 32, 146, 120, 155, 50, 194, 30, 77, 16, 191, 40, 147, 101, 43, 129, 199, 118, 35, 44, 17, 104, 23, 152, 192, 22, 21, 170, 142, 102, 182, 139, 105, 49, 163, 176, 115, 51, 57, 53, 162, 153, 190, 138, 114, 71, 36, 183, 140, 64, 123, 126, 137, 85, 48, 67, 9, 110, 188, 189, 116, 39, 193, 25, 99, 55, 61, 131, 4, 196, 66, 38, 197, 69, 148, 169, 52, 72, 84, 121, 2, 7, 75, 135, 58, 174, 166, 31, 106, 70, 26, 175, 179, 93, 185, 59, 86]
37763

[95, 136, 159, 192, 138, 183, 140, 64, 187, 78, 123, 126, 149, 68, 193, 48, 137, 85, 67, 110, 188, 189, 116, 39, 38, 169, 52, 72, 141, 9, 122, 20, 89, 0, 94, 173, 160, 8, 24, 45, 145, 151, 107, 165, 37, 180, 133, 29, 74, 79, 19, 36, 114, 190, 153, 53, 162, 115, 51, 83, 6, 73, 164, 59, 88, 117, 184, 158, 49, 163, 54, 76, 104, 15, 102, 182, 139, 105, 81, 120, 146, 111, 127, 50, 155, 194, 47, 30, 62, 12, 154, 77, 44, 35, 40, 147, 101, 199, 18, 150]
[103, 143, 152, 23, 17, 161, 134, 129, 43, 91, 118, 16, 191, 186, 125, 109, 1, 108, 41, 119, 124, 13, 63, 32, 14, 5, 3, 82, 181, 86, 113, 167, 132, 65, 144, 198, 177, 130, 156, 171, 34, 60, 175, 179, 93, 56, 185, 195, 42, 57, 168, 71, 33, 26, 70, 11, 106, 97, 31, 166, 174, 58, 75, 135, 28, 7, 98, 96, 90, 128, 27, 157, 2, 10, 92, 121, 84, 148, 69, 197, 66, 196, 4, 131, 61, 25, 100, 99, 55, 80, 112, 178, 46, 172, 87, 22, 21, 170, 176, 142]
37635

[107, 151, 145, 26, 70, 160, 11, 173, 0, 89, 20, 122, 9, 188, 38, 69, 148, 169, 52, 72, 84, 121, 157, 27, 128, 90, 96, 75, 98, 7, 28, 135, 58, 174, 166, 31, 97, 106, 34, 60, 175, 179, 93, 73, 164, 59, 86, 3, 5, 32, 63, 124, 15, 102, 76, 104, 154, 12, 125, 186, 191, 118, 95, 136, 161, 159, 143, 103, 54, 49, 158, 139, 182, 105, 117, 184, 88, 42, 163, 176, 142, 172, 46, 64, 187, 78, 178, 80, 112, 25, 68, 149, 29, 133, 180, 37, 137, 48, 85, 165]
[55, 99, 61, 131, 4, 196, 66, 197, 39, 193, 116, 189, 110, 67, 141, 92, 10, 2, 94, 45, 24, 8, 33, 56, 177, 130, 171, 156, 198, 144, 65, 132, 167, 113, 185, 195, 82, 181, 13, 119, 41, 108, 1, 109, 81, 120, 146, 14, 111, 127, 50, 155, 194, 47, 30, 62, 77, 16, 44, 35, 40, 147, 101, 91, 199, 43, 129, 134, 18, 150, 17, 23, 152, 192, 22, 21, 170, 87, 138, 114, 190, 153, 53, 162, 115, 51, 57, 83, 6, 168, 71, 36, 183, 140, 123, 126, 79, 19, 74, 100]
38088

[59, 73, 164, 86, 88, 185, 195, 42, 184, 49, 158, 139, 15, 1, 108, 109, 120, 127, 50, 155, 194, 47, 30, 62, 125, 186, 12, 154, 77, 191, 40, 147, 101, 43, 129, 199, 91, 150, 18, 134, 161, 159, 143, 192, 103, 54, 163, 176, 138, 55, 99, 149, 68, 133, 48, 85, 137, 165, 151, 107, 67, 110, 188, 189, 116, 193, 131, 39, 38, 84, 157, 27, 128, 90, 96, 174, 106, 97, 173, 11, 160, 70, 8, 45, 24, 26, 175, 60, 130, 177, 93, 179, 56, 33, 168, 115, 51, 57, 83, 6]
[34, 171, 156, 198, 144, 65, 132, 167, 113, 181, 82, 3, 5, 14, 111, 146, 32, 81, 63, 41, 119, 124, 13, 117, 105, 182, 102, 76, 104, 44, 16, 35, 118, 136, 95, 17, 23, 152, 21, 22, 87, 170, 142, 190, 153, 162, 53, 114, 71, 36, 183, 123, 126, 74, 29, 180, 79, 19, 37, 145, 89, 0, 31, 166, 58, 135, 75, 98, 7, 28, 94, 20, 122, 9, 141, 2, 10, 92, 121, 72, 52, 169, 148, 69, 197, 66, 196, 4, 61, 25, 100, 112, 80, 46, 178, 78, 187, 64, 140, 172]
39691

[35, 118, 95, 17, 23, 152, 159, 172, 138, 163, 49, 105, 1, 108, 119, 117, 42, 195, 185, 6, 8, 24, 45, 145, 89, 20, 107, 151, 165, 137, 85, 48, 133, 29, 74, 126, 123, 187, 46, 178, 78, 112, 80, 55, 99, 61, 131, 4, 196, 66, 197, 69, 148, 38, 193, 110, 67, 9, 141, 2, 157, 27, 128, 90, 96, 98, 7, 75, 58, 31, 97, 173, 11, 106, 171, 34, 60, 179, 93, 177, 144, 132, 167, 113, 82, 181, 32, 146, 120, 155, 50, 194, 47, 30, 62, 125, 186, 12, 154, 44]
[63, 13, 124, 41, 109, 81, 127, 111, 14, 5, 3, 65, 198, 130, 156, 174, 166, 135, 28, 10, 92, 121, 84, 72, 52, 169, 39, 116, 189, 188, 122, 94, 0, 160, 70, 26, 175, 33, 56, 73, 164, 59, 86, 88, 184, 158, 139, 182, 102, 15, 77, 16, 191, 40, 147, 101, 43, 129, 199, 91, 150, 18, 136, 134, 161, 104, 76, 54, 142, 176, 53, 162, 115, 51, 57, 83, 168, 37, 19, 79, 180, 68, 149, 25, 100, 64, 140, 183, 36, 71, 114, 153, 190, 87, 22, 21, 170, 103, 192, 143]
40861

[175, 179, 93, 56, 33, 8, 24, 45, 145, 151, 107, 20, 89, 0, 94, 160, 26, 60, 34, 106, 174, 166, 58, 75, 96, 90, 128, 27, 157, 10, 92, 141, 122, 9, 67, 52, 169, 148, 69, 197, 38, 189, 116, 39, 66, 196, 4, 131, 193, 61, 100, 187, 78, 178, 46, 183, 36, 114, 190, 153, 53, 162, 115, 51, 185, 59, 86, 88, 82, 181, 13, 124, 119, 41, 109, 108, 1, 15, 77, 16, 44, 35, 118, 95, 136, 129, 43, 147, 62, 47, 120, 32, 5, 3, 113, 167, 132, 65, 144, 198]
[85, 48, 110, 188, 72, 84, 121, 2, 7, 98, 28, 135, 31, 97, 173, 11, 70, 171, 156, 130, 177, 73, 164, 6, 168, 71, 57, 83, 195, 42, 184, 117, 63, 81, 146, 14, 111, 127, 50, 155, 194, 30, 125, 186, 12, 154, 191, 40, 101, 199, 91, 150, 18, 134, 161, 159, 152, 23, 17, 104, 76, 102, 182, 139, 105, 158, 49, 163, 176, 54, 143, 192, 103, 21, 22, 87, 170, 142, 138, 172, 140, 64, 123, 126, 112, 80, 55, 99, 25, 68, 149, 74, 29, 180, 133, 137, 165, 37, 19, 79]
38321

[176, 142, 163, 49, 158, 104, 17, 44, 95, 136, 91, 118, 35, 16, 77, 154, 12, 186, 125, 62, 47, 50, 127, 111, 32, 63, 13, 124, 119, 41, 109, 108, 1, 15, 139, 105, 117, 184, 42, 195, 185, 59, 164, 73, 198, 156, 130, 177, 56, 93, 179, 175, 26, 8, 24, 45, 160, 106, 31, 166, 174, 58, 28, 2, 157, 10, 92, 169, 148, 69, 197, 38, 189, 116, 39, 66, 196, 4, 131, 61, 55, 112, 78, 178, 80, 46, 187, 74, 29, 180, 79, 19, 37, 151, 107, 145, 168, 114, 53, 162]
[137, 165, 85, 48, 133, 126, 123, 64, 140, 183, 36, 71, 172, 138, 190, 153, 87, 22, 21, 170, 103, 54, 182, 102, 76, 23, 152, 143, 192, 159, 161, 134, 18, 150, 101, 199, 129, 43, 147, 40, 191, 30, 194, 155, 120, 81, 146, 14, 5, 3, 65, 144, 132, 167, 113, 86, 82, 181, 88, 115, 51, 57, 83, 6, 33, 60, 171, 34, 70, 11, 173, 97, 135, 75, 96, 90, 128, 27, 98, 7, 94, 0, 89, 20, 122, 67, 110, 9, 141, 84, 121, 72, 52, 188, 193, 25, 99, 100, 149, 68]
38970

[185, 195, 59, 73, 93, 179, 175, 26, 33, 56, 6, 51, 115, 176, 142, 170, 21, 22, 87, 138, 172, 36, 71, 19, 79, 180, 133, 29, 74, 149, 25, 61, 131, 4, 196, 66, 193, 188, 141, 0, 94, 31, 166, 135, 7, 98, 75, 58, 174, 106, 171, 156, 198, 144, 65, 132, 167, 113, 3, 5, 32, 81, 109, 41, 119, 124, 182, 102, 76, 104, 17, 15, 1, 108, 62, 125, 186, 12, 154, 77, 16, 191, 40, 44, 35, 118, 91, 43, 129, 134, 161, 159, 192, 103, 54, 49, 158, 184, 163, 42]
[189, 116, 39, 38, 197, 69, 148, 169, 52, 72, 84, 121, 92, 10, 2, 157, 27, 128, 90, 96, 28, 97, 173, 11, 160, 70, 45, 24, 8, 60, 34, 130, 177, 164, 86, 88, 117, 139, 105, 13, 63, 181, 82, 14, 111, 127, 146, 120, 155, 50, 194, 47, 30, 147, 101, 199, 18, 150, 136, 95, 23, 152, 143, 190, 153, 162, 53, 114, 57, 83, 168, 183, 140, 46, 178, 80, 112, 78, 187, 64, 123, 126, 100, 55, 99, 68, 48, 137, 85, 110, 67, 9, 122, 20, 89, 107, 165, 37, 151, 145]
39865

[122, 20, 89, 173, 11, 160, 70, 8, 24, 45, 145, 71, 114, 53, 162, 115, 51, 185, 59, 164, 73, 93, 179, 177, 130, 198, 144, 132, 167, 113, 86, 181, 82, 32, 63, 13, 124, 119, 41, 108, 125, 186, 191, 40, 147, 101, 43, 129, 134, 136, 161, 23, 152, 15, 1, 182, 139, 105, 158, 49, 54, 143, 159, 192, 103, 21, 22, 87, 170, 142, 176, 153, 190, 138, 172, 126, 79, 19, 180, 133, 68, 189, 116, 196, 66, 197, 69, 148, 188, 9, 141, 84, 121, 92, 27, 128, 90, 2, 94, 0]
[174, 166, 31, 97, 28, 135, 58, 75, 96, 98, 7, 157, 10, 72, 52, 169, 38, 39, 4, 131, 193, 110, 67, 48, 85, 137, 165, 107, 151, 37, 29, 74, 149, 25, 61, 99, 55, 100, 80, 178, 112, 78, 187, 123, 64, 46, 140, 183, 36, 168, 33, 26, 60, 175, 56, 6, 83, 57, 195, 88, 42, 163, 184, 117, 102, 76, 104, 17, 95, 150, 18, 199, 91, 118, 35, 44, 16, 77, 154, 12, 109, 81, 47, 62, 30, 194, 50, 155, 120, 146, 127, 111, 14, 5, 3, 65, 156, 171, 34, 106]
39238

[77, 17, 159, 143, 103, 192, 134, 18, 150, 136, 118, 91, 101, 199, 129, 43, 147, 40, 35, 16, 191, 186, 125, 62, 30, 47, 194, 155, 50, 32, 181, 13, 117, 184, 88, 42, 51, 115, 162, 53, 168, 57, 83, 6, 59, 164, 73, 65, 144, 198, 130, 156, 171, 34, 60, 106, 174, 58, 75, 96, 90, 128, 27, 28, 97, 11, 160, 173, 141, 9, 67, 188, 52, 169, 148, 69, 197, 66, 196, 25, 99, 55, 80, 187, 123, 64, 140, 172, 138, 176, 163, 49, 158, 105, 139, 182, 15, 1, 154, 12]
[100, 149, 68, 61, 131, 4, 193, 110, 189, 116, 39, 38, 72, 84, 121, 92, 10, 157, 2, 7, 98, 135, 166, 31, 70, 26, 175, 179, 93, 177, 132, 167, 113, 86, 82, 3, 5, 14, 111, 127, 146, 120, 109, 81, 63, 124, 119, 41, 108, 44, 95, 161, 23, 152, 104, 76, 102, 54, 170, 21, 22, 87, 142, 190, 153, 195, 185, 56, 33, 8, 24, 45, 145, 151, 107, 20, 89, 0, 94, 122, 165, 137, 85, 48, 133, 74, 29, 180, 37, 19, 79, 126, 78, 112, 178, 46, 114, 71, 36, 183]
40275

[184, 190, 153, 53, 162, 115, 42, 88, 164, 130, 177, 56, 6, 83, 57, 33, 24, 8, 106, 97, 31, 166, 174, 58, 75, 135, 141, 9, 122, 20, 0, 89, 107, 165, 151, 37, 180, 133, 48, 67, 110, 188, 38, 148, 69, 197, 39, 68, 25, 126, 123, 64, 187, 78, 178, 46, 140, 87, 170, 21, 22, 192, 103, 143, 159, 76, 104, 161, 134, 129, 43, 91, 118, 35, 154, 12, 109, 108, 1, 15, 102, 182, 117, 124, 119, 41, 81, 63, 13, 181, 82, 3, 32, 146, 120, 50, 127, 111, 14, 5]
[92, 121, 84, 72, 52, 169, 189, 116, 66, 196, 4, 131, 193, 61, 99, 55, 80, 112, 100, 149, 74, 29, 79, 19, 85, 137, 145, 45, 26, 175, 179, 93, 73, 59, 185, 195, 51, 168, 71, 36, 183, 114, 172, 138, 142, 176, 163, 54, 152, 23, 17, 95, 136, 150, 18, 199, 101, 147, 40, 191, 16, 44, 77, 186, 125, 62, 30, 194, 155, 47, 105, 139, 158, 49, 86, 113, 167, 132, 65, 144, 198, 156, 171, 34, 60, 70, 160, 11, 173, 94, 28, 2, 10, 157, 27, 128, 90, 96, 98, 7]
41956

[122, 20, 141, 9, 67, 110, 188, 189, 116, 39, 38, 148, 69, 197, 66, 196, 4, 131, 193, 61, 25, 99, 55, 100, 149, 74, 29, 180, 133, 48, 85, 137, 165, 145, 45, 24, 33, 6, 83, 57, 195, 42, 51, 115, 162, 53, 176, 142, 103, 54, 152, 23, 17, 95, 91, 101, 118, 35, 16, 44, 104, 76, 102, 182, 139, 105, 13, 63, 81, 120, 155, 47, 30, 194, 50, 127, 111, 5, 3, 82, 86, 113, 167, 132, 65, 144, 198, 34, 70, 160, 11, 97, 31, 75, 96, 90, 128, 27, 98, 7]
[134, 199, 18, 150, 136, 161, 159, 143, 192, 22, 21, 170, 87, 138, 172, 140, 46, 178, 80, 112, 78, 187, 68, 169, 52, 72, 84, 121, 92, 10, 157, 2, 28, 135, 58, 166, 174, 106, 171, 156, 130, 177, 73, 164, 59, 185, 56, 93, 179, 175, 60, 26, 8, 173, 94, 0, 89, 107, 151, 37, 19, 79, 126, 123, 64, 183, 36, 71, 168, 114, 190, 153, 163, 49, 158, 15, 1, 108, 109, 41, 119, 124, 117, 184, 88, 181, 32, 14, 146, 62, 125, 186, 12, 154, 77, 191, 40, 147, 43, 129]
38463

[2, 84, 72, 121, 92, 27, 128, 90, 98, 7, 28, 97, 94, 0, 20, 122, 141, 9, 52, 169, 38, 148, 69, 197, 66, 196, 4, 55, 99, 25, 149, 68, 193, 116, 189, 188, 110, 67, 133, 180, 29, 74, 64, 140, 183, 79, 19, 137, 48, 85, 165, 107, 145, 45, 24, 8, 160, 70, 60, 34, 171, 156, 130, 73, 164, 59, 86, 88, 105, 15, 154, 12, 62, 125, 186, 17, 95, 136, 91, 150, 18, 134, 159, 143, 192, 22, 21, 103, 54, 163, 42, 195, 185, 57, 83, 6, 56, 179, 175, 26]
[3, 5, 14, 111, 127, 50, 194, 30, 47, 155, 120, 146, 32, 81, 109, 41, 108, 1, 77, 16, 191, 40, 44, 35, 118, 101, 147, 43, 129, 199, 161, 23, 152, 104, 76, 102, 182, 139, 119, 124, 13, 63, 82, 181, 117, 184, 158, 49, 176, 115, 51, 162, 53, 153, 190, 142, 170, 87, 138, 172, 46, 178, 80, 112, 78, 187, 123, 126, 100, 61, 131, 39, 10, 157, 96, 75, 135, 58, 174, 166, 31, 106, 11, 173, 89, 151, 37, 71, 36, 114, 168, 33, 93, 177, 198, 144, 65, 113, 167, 132]
40645

[63, 13, 41, 109, 81, 120, 146, 32, 5, 3, 82, 181, 88, 42, 115, 162, 53, 114, 168, 57, 83, 6, 33, 56, 93, 179, 60, 171, 34, 70, 160, 11, 173, 0, 94, 28, 7, 98, 92, 121, 84, 72, 52, 169, 148, 69, 197, 66, 196, 4, 131, 61, 193, 116, 189, 39, 38, 188, 110, 85, 48, 133, 180, 29, 74, 126, 123, 64, 187, 78, 178, 46, 172, 87, 22, 21, 192, 143, 159, 134, 91, 118, 191, 16, 44, 35, 95, 161, 23, 152, 76, 104, 154, 12, 108, 1, 15, 102, 182, 117]
[166, 31, 97, 106, 175, 26, 8, 24, 45, 145, 151, 37, 19, 79, 71, 36, 153, 190, 142, 176, 51, 195, 185, 59, 164, 73, 177, 130, 156, 198, 144, 65, 132, 167, 113, 86, 14, 111, 127, 50, 155, 194, 47, 30, 62, 125, 186, 77, 40, 147, 101, 43, 129, 199, 18, 150, 136, 17, 119, 124, 105, 139, 158, 49, 184, 163, 54, 103, 170, 138, 183, 140, 80, 112, 100, 55, 99, 25, 149, 68, 137, 165, 107, 67, 9, 141, 122, 20, 89, 2, 10, 157, 27, 128, 90, 96, 75, 135, 58, 174]
38908

[12, 154, 77, 16, 191, 118, 95, 35, 44, 104, 76, 15, 139, 158, 49, 103, 192, 170, 142, 83, 6, 56, 33, 8, 24, 45, 145, 89, 20, 107, 151, 37, 19, 79, 29, 74, 100, 149, 68, 193, 116, 189, 39, 38, 197, 69, 148, 84, 121, 92, 10, 157, 27, 128, 90, 96, 75, 98, 7, 28, 135, 58, 174, 166, 31, 97, 106, 70, 26, 60, 34, 171, 156, 130, 198, 144, 65, 132, 167, 113, 86, 88, 42, 163, 184, 117, 105, 124, 13, 63, 32, 146, 50, 155, 194, 47, 30, 62, 125, 186]
[71, 36, 183, 140, 172, 22, 21, 87, 138, 114, 168, 57, 51, 115, 162, 53, 153, 190, 176, 182, 102, 54, 143, 159, 152, 23, 17, 161, 136, 18, 150, 91, 101, 199, 134, 129, 43, 147, 40, 1, 108, 119, 41, 109, 81, 120, 127, 111, 14, 5, 3, 82, 181, 195, 185, 59, 164, 73, 177, 93, 179, 175, 160, 11, 173, 0, 165, 137, 85, 48, 180, 133, 110, 188, 67, 9, 122, 94, 2, 141, 72, 52, 169, 66, 196, 4, 131, 61, 25, 99, 55, 80, 178, 46, 64, 123, 126, 187, 112, 78]
38582

[110, 85, 165, 107, 151, 37, 19, 79, 180, 29, 74, 149, 126, 123, 64, 140, 114, 87, 22, 21, 192, 143, 159, 152, 23, 95, 136, 18, 150, 91, 199, 101, 147, 40, 191, 16, 12, 186, 125, 120, 146, 32, 81, 63, 41, 109, 108, 1, 102, 182, 139, 105, 117, 158, 49, 184, 42, 195, 185, 59, 164, 6, 83, 57, 168, 33, 160, 11, 173, 89, 20, 0, 94, 7, 98, 75, 96, 90, 128, 27, 157, 10, 92, 121, 84, 72, 148, 69, 38, 39, 4, 131, 61, 99, 55, 100, 25, 116, 188, 189]
[119, 15, 104, 17, 161, 134, 129, 43, 118, 35, 44, 77, 154, 62, 30, 47, 194, 155, 50, 127, 111, 14, 5, 3, 86, 113, 167, 132, 65, 144, 73, 56, 179, 93, 177, 198, 130, 156, 171, 34, 60, 175, 26, 70, 106, 97, 31, 166, 174, 58, 135, 28, 2, 141, 122, 9, 67, 52, 169, 197, 66, 196, 193, 68, 133, 48, 137, 145, 45, 8, 24, 71, 36, 183, 187, 78, 112, 80, 178, 46, 172, 138, 190, 153, 176, 142, 170, 103, 54, 76, 163, 115, 162, 53, 51, 88, 82, 181, 13, 124]
39077

[111, 14, 32, 5, 3, 82, 86, 113, 167, 132, 65, 144, 59, 185, 57, 53, 162, 190, 138, 140, 64, 123, 79, 19, 37, 151, 93, 179, 175, 26, 70, 106, 174, 166, 58, 75, 7, 98, 96, 90, 128, 27, 157, 2, 10, 92, 72, 52, 169, 148, 69, 197, 38, 39, 193, 116, 189, 110, 9, 67, 133, 29, 74, 149, 100, 99, 55, 80, 178, 112, 78, 46, 172, 87, 22, 192, 159, 134, 129, 43, 199, 91, 118, 35, 44, 23, 152, 143, 54, 49, 158, 139, 105, 117, 146, 120, 155, 194, 50, 127]
[97, 31, 135, 28, 94, 0, 89, 20, 145, 45, 24, 8, 33, 6, 83, 168, 107, 165, 137, 122, 141, 121, 84, 188, 66, 196, 4, 131, 61, 25, 68, 48, 85, 180, 126, 187, 183, 36, 71, 114, 153, 176, 142, 170, 21, 103, 163, 115, 51, 195, 42, 184, 182, 102, 76, 104, 17, 161, 95, 136, 150, 18, 101, 147, 40, 191, 16, 77, 154, 12, 186, 125, 62, 30, 47, 109, 81, 41, 108, 1, 15, 119, 124, 13, 63, 181, 88, 164, 73, 56, 177, 198, 130, 156, 171, 34, 60, 160, 11, 173]
40453

[157, 92, 84, 169, 148, 69, 197, 38, 66, 196, 4, 131, 193, 61, 25, 100, 99, 55, 80, 46, 190, 153, 176, 142, 163, 158, 49, 54, 103, 143, 152, 23, 161, 95, 136, 150, 18, 199, 101, 91, 118, 35, 44, 17, 102, 182, 139, 105, 108, 62, 30, 47, 194, 50, 155, 120, 146, 32, 63, 181, 82, 86, 113, 167, 198, 130, 177, 93, 179, 175, 56, 168, 19, 37, 48, 85, 137, 151, 145, 45, 160, 0, 94, 97, 173, 11, 106, 31, 166, 174, 58, 135, 28, 7, 98, 75, 96, 128, 27, 90]
[21, 22, 170, 87, 138, 172, 140, 64, 123, 126, 187, 78, 178, 112, 149, 68, 110, 189, 116, 39, 188, 52, 72, 121, 10, 2, 141, 9, 67, 122, 20, 89, 107, 165, 133, 180, 29, 74, 79, 183, 36, 71, 114, 53, 162, 51, 57, 83, 6, 33, 24, 8, 70, 26, 60, 34, 171, 156, 144, 65, 132, 3, 5, 14, 111, 127, 81, 109, 41, 119, 124, 13, 117, 184, 42, 88, 164, 73, 59, 185, 195, 115, 76, 104, 15, 1, 154, 12, 125, 186, 77, 16, 191, 40, 147, 43, 129, 134, 159, 192]
39014

[6, 83, 56, 93, 179, 175, 26, 70, 160, 45, 145, 107, 151, 37, 133, 68, 110, 67, 122, 89, 0, 94, 173, 11, 97, 31, 58, 135, 75, 7, 98, 96, 90, 128, 27, 157, 92, 121, 84, 72, 52, 169, 39, 193, 4, 131, 61, 99, 55, 80, 178, 112, 78, 187, 140, 183, 36, 57, 51, 115, 162, 53, 114, 172, 138, 190, 153, 176, 142, 163, 49, 54, 103, 143, 159, 161, 134, 18, 150, 91, 136, 95, 17, 158, 184, 117, 63, 81, 120, 146, 32, 127, 111, 14, 5, 3, 88, 42, 185, 195]
[76, 102, 182, 139, 105, 15, 104, 44, 35, 118, 101, 199, 129, 43, 147, 40, 191, 16, 77, 1, 154, 12, 186, 125, 62, 30, 194, 50, 155, 47, 109, 108, 41, 119, 124, 13, 181, 82, 86, 113, 167, 132, 65, 144, 59, 164, 73, 177, 198, 130, 156, 171, 34, 60, 106, 174, 166, 28, 2, 10, 141, 9, 188, 38, 148, 69, 197, 66, 196, 116, 189, 48, 85, 137, 165, 20, 24, 8, 33, 168, 71, 19, 79, 180, 29, 74, 149, 25, 100, 126, 123, 64, 46, 87, 170, 21, 22, 192, 152, 23]
38789

[168, 45, 145, 37, 126, 187, 78, 112, 178, 46, 80, 55, 99, 149, 68, 110, 67, 48, 85, 137, 165, 151, 107, 20, 2, 157, 27, 128, 90, 97, 173, 11, 106, 70, 160, 8, 24, 33, 56, 93, 179, 175, 26, 60, 34, 171, 156, 130, 198, 144, 65, 132, 167, 113, 59, 88, 86, 3, 14, 111, 127, 50, 194, 155, 120, 81, 109, 47, 30, 62, 125, 186, 12, 154, 77, 16, 191, 40, 147, 101, 134, 159, 192, 143, 182, 139, 49, 163, 142, 170, 21, 22, 87, 138, 53, 162, 51, 57, 83, 6]
[197, 38, 66, 196, 4, 131, 193, 61, 25, 100, 74, 29, 133, 180, 19, 79, 123, 64, 140, 183, 36, 71, 114, 172, 103, 54, 176, 190, 153, 115, 158, 105, 102, 152, 23, 161, 136, 150, 18, 129, 43, 199, 91, 118, 95, 35, 44, 17, 104, 76, 15, 1, 108, 41, 119, 124, 13, 63, 146, 32, 5, 82, 181, 117, 184, 42, 195, 185, 164, 73, 177, 89, 0, 94, 31, 166, 174, 58, 135, 28, 7, 98, 75, 96, 10, 92, 121, 84, 72, 52, 141, 122, 9, 188, 189, 116, 39, 169, 148, 69]
38945

[74, 29, 180, 126, 123, 64, 46, 140, 114, 42, 184, 158, 117, 13, 124, 105, 139, 182, 102, 15, 1, 108, 154, 77, 95, 118, 91, 199, 129, 43, 147, 12, 186, 125, 62, 109, 47, 30, 194, 155, 50, 127, 111, 14, 32, 63, 82, 181, 88, 195, 185, 57, 83, 6, 33, 70, 160, 45, 145, 20, 89, 0, 94, 31, 166, 174, 58, 75, 7, 2, 10, 92, 121, 84, 72, 141, 122, 107, 151, 165, 137, 85, 48, 67, 110, 189, 116, 193, 39, 38, 148, 69, 197, 66, 196, 4, 131, 61, 25, 68]
[49, 163, 54, 143, 192, 159, 152, 23, 161, 134, 136, 150, 18, 101, 40, 191, 16, 35, 44, 17, 104, 76, 119, 41, 81, 120, 146, 5, 3, 86, 59, 164, 73, 113, 167, 132, 65, 144, 198, 130, 177, 56, 93, 179, 175, 26, 60, 156, 171, 34, 11, 173, 97, 106, 135, 28, 98, 96, 90, 128, 27, 157, 52, 169, 188, 9, 133, 149, 100, 99, 55, 80, 178, 112, 78, 187, 79, 19, 37, 24, 8, 168, 71, 36, 183, 172, 138, 190, 153, 87, 22, 21, 170, 103, 142, 176, 115, 51, 53, 162]
39805

[96, 90, 128, 2, 84, 72, 52, 148, 69, 197, 66, 196, 4, 55, 99, 25, 149, 100, 112, 80, 46, 178, 78, 74, 29, 180, 133, 48, 67, 9, 141, 122, 107, 145, 45, 71, 114, 190, 153, 176, 163, 49, 105, 15, 104, 76, 152, 159, 23, 17, 161, 134, 129, 43, 101, 199, 91, 150, 18, 136, 95, 77, 1, 154, 12, 62, 30, 194, 50, 155, 47, 109, 108, 41, 63, 5, 3, 88, 195, 185, 56, 177, 93, 179, 175, 26, 60, 156, 171, 34, 106, 70, 160, 89, 20, 0, 94, 28, 7, 98]
[65, 144, 198, 130, 73, 164, 59, 132, 167, 113, 86, 181, 82, 32, 14, 111, 127, 146, 120, 81, 125, 186, 16, 191, 40, 147, 118, 35, 44, 119, 124, 13, 117, 184, 42, 158, 139, 182, 102, 54, 103, 143, 192, 21, 22, 87, 170, 142, 138, 172, 36, 183, 140, 64, 187, 123, 126, 79, 19, 37, 151, 165, 137, 85, 68, 61, 131, 193, 110, 188, 189, 116, 39, 38, 169, 121, 92, 10, 157, 27, 75, 135, 58, 174, 166, 31, 97, 173, 11, 8, 24, 33, 168, 53, 162, 115, 51, 57, 6, 83]
40822

[125, 62, 186, 191, 40, 147, 43, 129, 134, 18, 150, 199, 101, 91, 118, 35, 95, 136, 161, 159, 170, 190, 153, 114, 36, 19, 79, 29, 74, 55, 99, 25, 193, 116, 133, 180, 48, 85, 137, 20, 94, 2, 84, 169, 38, 197, 69, 148, 52, 72, 121, 92, 10, 157, 27, 128, 90, 96, 75, 58, 174, 60, 179, 93, 56, 33, 8, 24, 45, 145, 151, 37, 71, 51, 115, 53, 162, 176, 142, 152, 23, 76, 15, 181, 82, 167, 132, 198, 144, 65, 3, 5, 14, 146, 120, 155, 50, 194, 47, 30]
[168, 57, 83, 6, 185, 59, 164, 73, 113, 86, 88, 195, 42, 184, 117, 13, 63, 32, 111, 127, 81, 109, 12, 154, 77, 16, 44, 17, 104, 1, 108, 41, 119, 124, 105, 139, 182, 102, 158, 49, 163, 54, 103, 143, 192, 21, 22, 87, 138, 172, 183, 140, 64, 123, 126, 187, 46, 178, 80, 112, 78, 100, 149, 68, 61, 131, 4, 196, 66, 39, 189, 188, 110, 67, 9, 141, 122, 165, 107, 89, 0, 173, 97, 28, 7, 98, 135, 166, 31, 106, 34, 171, 156, 130, 177, 175, 26, 70, 160, 11]
41795

[100, 149, 74, 79, 19, 37, 151, 145, 45, 33, 168, 71, 36, 183, 190, 153, 176, 142, 170, 87, 22, 21, 103, 54, 143, 159, 152, 23, 17, 161, 136, 18, 150, 91, 118, 95, 35, 44, 16, 191, 77, 154, 12, 1, 108, 41, 109, 194, 155, 50, 127, 146, 111, 14, 32, 63, 181, 117, 158, 49, 163, 195, 185, 164, 73, 83, 6, 56, 175, 179, 93, 130, 198, 156, 171, 34, 60, 26, 70, 160, 11, 173, 89, 20, 9, 188, 38, 39, 116, 189, 110, 67, 48, 133, 29, 68, 61, 25, 99, 55]
[5, 3, 113, 167, 132, 65, 144, 177, 57, 51, 115, 162, 53, 114, 24, 8, 106, 174, 58, 135, 75, 7, 98, 96, 90, 128, 27, 157, 92, 10, 2, 28, 166, 31, 97, 94, 0, 122, 141, 84, 121, 72, 52, 169, 148, 69, 197, 66, 196, 4, 131, 193, 85, 137, 165, 107, 180, 126, 123, 64, 187, 78, 112, 80, 178, 46, 140, 172, 138, 192, 134, 199, 129, 43, 101, 147, 40, 186, 125, 62, 30, 47, 120, 81, 13, 124, 119, 105, 139, 182, 15, 104, 76, 102, 184, 42, 88, 59, 86, 82]
38997

[3, 5, 86, 113, 167, 73, 164, 59, 56, 33, 71, 36, 168, 57, 83, 6, 185, 42, 184, 49, 158, 117, 105, 139, 182, 15, 41, 108, 1, 104, 17, 95, 134, 161, 23, 152, 159, 192, 143, 54, 103, 21, 22, 87, 170, 142, 153, 190, 138, 172, 64, 123, 126, 100, 149, 68, 25, 61, 131, 4, 196, 66, 193, 116, 189, 39, 38, 197, 69, 148, 169, 52, 188, 110, 48, 165, 107, 145, 24, 45, 89, 0, 94, 173, 11, 106, 31, 166, 174, 58, 75, 96, 90, 128, 27, 157, 98, 7, 28, 135]
[137, 85, 67, 9, 122, 20, 141, 72, 84, 121, 92, 10, 2, 97, 160, 70, 8, 26, 175, 179, 93, 60, 34, 171, 156, 130, 177, 198, 144, 65, 132, 88, 181, 82, 63, 13, 124, 119, 109, 81, 120, 146, 32, 14, 111, 127, 50, 155, 194, 47, 30, 62, 125, 186, 12, 154, 77, 16, 191, 40, 147, 43, 129, 199, 101, 91, 150, 18, 136, 118, 35, 44, 76, 102, 163, 176, 115, 195, 51, 162, 53, 114, 183, 140, 46, 178, 187, 78, 112, 80, 55, 99, 74, 29, 133, 180, 79, 19, 37, 151]
38640

[97, 31, 166, 174, 106, 173, 11, 160, 70, 34, 171, 156, 60, 175, 33, 168, 6, 83, 57, 53, 162, 115, 51, 195, 185, 86, 3, 5, 14, 111, 32, 88, 42, 184, 117, 105, 139, 182, 102, 15, 1, 108, 119, 41, 109, 47, 62, 125, 186, 12, 154, 44, 35, 95, 136, 134, 161, 159, 192, 103, 21, 22, 170, 87, 138, 172, 46, 187, 123, 126, 79, 19, 37, 180, 133, 48, 67, 9, 110, 189, 116, 193, 131, 4, 196, 66, 38, 197, 69, 148, 169, 52, 72, 121, 92, 10, 2, 94, 0, 89]
[112, 80, 178, 64, 140, 183, 36, 71, 114, 190, 153, 176, 142, 163, 158, 49, 54, 143, 152, 23, 76, 104, 17, 118, 91, 150, 18, 199, 101, 129, 43, 147, 40, 191, 16, 77, 30, 194, 155, 50, 127, 146, 120, 81, 63, 124, 13, 181, 82, 113, 167, 132, 65, 144, 198, 130, 177, 73, 164, 59, 56, 93, 179, 26, 8, 24, 45, 145, 20, 122, 141, 28, 135, 58, 75, 7, 98, 96, 90, 128, 27, 157, 84, 188, 39, 61, 68, 25, 99, 55, 100, 149, 85, 137, 165, 107, 151, 29, 74, 78]
37917

[124, 119, 41, 125, 186, 77, 44, 16, 191, 40, 147, 91, 150, 118, 35, 17, 104, 76, 152, 159, 143, 192, 103, 21, 22, 87, 170, 142, 190, 153, 53, 162, 115, 51, 57, 83, 6, 168, 140, 46, 178, 80, 112, 78, 187, 123, 126, 79, 19, 180, 29, 133, 48, 85, 137, 165, 151, 107, 89, 0, 20, 122, 188, 39, 38, 169, 84, 27, 128, 90, 28, 31, 106, 11, 160, 70, 26, 175, 179, 93, 177, 130, 198, 144, 65, 132, 82, 181, 63, 13, 105, 139, 182, 102, 158, 117, 184, 42, 195, 88]
[172, 138, 183, 36, 71, 114, 176, 163, 49, 54, 23, 161, 134, 129, 43, 101, 199, 18, 136, 95, 15, 1, 154, 12, 108, 109, 81, 146, 120, 47, 62, 30, 194, 155, 50, 127, 111, 14, 32, 5, 3, 86, 113, 167, 73, 164, 59, 185, 33, 56, 156, 171, 34, 60, 8, 24, 45, 145, 37, 74, 68, 193, 116, 189, 110, 67, 9, 141, 94, 173, 97, 166, 174, 58, 135, 75, 96, 98, 7, 2, 157, 10, 92, 121, 72, 52, 148, 69, 197, 66, 196, 4, 131, 61, 55, 99, 25, 149, 100, 64]
39684

[79, 180, 48, 67, 9, 141, 122, 89, 173, 11, 97, 31, 28, 7, 157, 10, 92, 121, 84, 72, 52, 169, 188, 39, 38, 148, 69, 197, 66, 196, 4, 25, 100, 149, 74, 126, 123, 78, 187, 64, 140, 183, 172, 138, 87, 170, 21, 22, 192, 143, 103, 54, 163, 176, 190, 153, 53, 162, 115, 51, 42, 184, 158, 49, 182, 102, 76, 104, 17, 136, 95, 44, 154, 12, 125, 62, 47, 120, 81, 41, 108, 1, 15, 117, 88, 198, 156, 171, 34, 60, 175, 179, 33, 26, 70, 160, 151, 107, 165, 19]
[18, 150, 91, 118, 101, 199, 129, 43, 147, 40, 35, 16, 191, 77, 186, 30, 194, 50, 155, 109, 119, 124, 139, 105, 13, 63, 146, 127, 111, 14, 32, 5, 3, 82, 181, 86, 113, 167, 132, 65, 144, 164, 59, 195, 185, 73, 177, 130, 93, 56, 6, 83, 57, 168, 37, 145, 45, 24, 8, 106, 174, 166, 58, 135, 75, 98, 96, 90, 128, 27, 2, 94, 0, 20, 85, 137, 133, 29, 68, 110, 189, 116, 193, 131, 61, 99, 55, 80, 112, 178, 46, 36, 71, 114, 142, 159, 152, 23, 161, 134]
40051

[98, 96, 90, 128, 27, 7, 28, 11, 70, 26, 34, 60, 175, 179, 93, 177, 59, 185, 195, 63, 81, 120, 146, 32, 5, 14, 111, 127, 50, 155, 194, 30, 47, 109, 41, 13, 124, 119, 108, 1, 77, 16, 191, 40, 147, 101, 43, 129, 134, 161, 17, 104, 23, 152, 76, 102, 182, 139, 158, 49, 184, 115, 162, 53, 114, 140, 46, 178, 80, 112, 78, 187, 64, 123, 126, 79, 19, 37, 68, 188, 38, 197, 69, 148, 169, 52, 72, 84, 121, 92, 10, 157, 2, 141, 122, 165, 107, 45, 160, 173]
[144, 198, 130, 156, 171, 106, 174, 166, 58, 75, 135, 31, 97, 94, 0, 89, 20, 9, 67, 110, 189, 116, 39, 193, 66, 196, 4, 131, 61, 25, 99, 55, 100, 149, 74, 29, 180, 133, 48, 85, 137, 151, 145, 24, 8, 33, 168, 71, 36, 183, 172, 138, 190, 153, 87, 22, 21, 170, 142, 176, 163, 54, 103, 192, 143, 159, 136, 150, 18, 199, 91, 118, 95, 35, 44, 186, 125, 62, 12, 154, 15, 105, 117, 181, 82, 3, 86, 88, 42, 51, 57, 83, 6, 56, 73, 164, 113, 167, 65, 132]
38396

[83, 6, 168, 114, 71, 36, 183, 64, 123, 126, 79, 19, 37, 151, 107, 145, 45, 24, 8, 20, 141, 122, 165, 137, 85, 67, 188, 38, 148, 169, 92, 10, 157, 27, 128, 90, 96, 75, 98, 7, 97, 94, 0, 173, 160, 70, 26, 177, 167, 113, 86, 82, 3, 5, 32, 14, 111, 146, 127, 50, 194, 155, 120, 81, 13, 124, 119, 105, 182, 15, 41, 109, 62, 125, 186, 12, 154, 77, 44, 35, 118, 147, 101, 91, 150, 18, 136, 95, 161, 159, 143, 192, 21, 22, 87, 190, 153, 162, 53, 57]
[29, 180, 48, 133, 74, 187, 140, 138, 142, 176, 115, 51, 33, 56, 93, 179, 175, 60, 34, 171, 156, 130, 198, 144, 65, 132, 73, 164, 59, 185, 195, 42, 88, 181, 63, 47, 30, 108, 1, 16, 191, 40, 43, 129, 199, 134, 17, 104, 23, 152, 76, 102, 139, 117, 184, 158, 49, 163, 54, 103, 170, 172, 46, 78, 112, 178, 80, 55, 99, 100, 149, 68, 193, 39, 116, 189, 110, 9, 89, 11, 106, 31, 166, 174, 58, 135, 28, 2, 121, 84, 72, 52, 69, 197, 66, 196, 4, 131, 61, 25]
40166

[182, 139, 117, 184, 42, 115, 51, 195, 185, 59, 164, 73, 113, 167, 132, 65, 144, 198, 130, 93, 179, 175, 33, 24, 8, 26, 60, 34, 156, 171, 106, 31, 166, 174, 58, 135, 75, 96, 98, 7, 157, 92, 10, 94, 20, 107, 151, 165, 137, 48, 85, 122, 141, 84, 121, 72, 52, 169, 188, 68, 99, 55, 79, 19, 37, 71, 114, 87, 170, 103, 143, 152, 23, 76, 102, 104, 17, 161, 35, 44, 16, 191, 77, 186, 125, 12, 154, 1, 108, 109, 47, 155, 81, 5, 3, 82, 63, 13, 124, 105]
[49, 158, 163, 176, 190, 153, 162, 53, 57, 83, 6, 56, 177, 86, 88, 181, 32, 14, 111, 146, 120, 127, 50, 194, 30, 62, 41, 119, 15, 95, 136, 118, 40, 147, 43, 129, 199, 101, 91, 150, 18, 134, 159, 192, 21, 22, 172, 140, 46, 178, 80, 112, 78, 187, 64, 123, 126, 74, 29, 180, 133, 149, 100, 25, 61, 193, 131, 4, 196, 66, 197, 69, 148, 38, 39, 116, 189, 110, 67, 9, 2, 27, 128, 90, 28, 97, 70, 160, 11, 173, 0, 89, 145, 45, 168, 36, 183, 138, 142, 54]
41099

[71, 36, 183, 140, 64, 123, 126, 187, 78, 112, 178, 80, 55, 99, 25, 61, 131, 4, 196, 66, 193, 39, 116, 189, 110, 133, 180, 48, 137, 165, 107, 20, 89, 0, 94, 28, 7, 157, 27, 128, 90, 96, 98, 75, 58, 166, 31, 97, 173, 11, 160, 8, 24, 26, 175, 179, 93, 56, 33, 6, 83, 57, 168, 114, 142, 87, 22, 21, 170, 103, 192, 143, 159, 161, 134, 18, 150, 91, 118, 35, 16, 191, 77, 154, 109, 41, 63, 82, 181, 117, 182, 139, 88, 59, 185, 195, 51, 115, 53, 162]
[9, 122, 141, 188, 38, 197, 69, 148, 169, 52, 72, 84, 121, 92, 10, 2, 135, 174, 106, 70, 60, 34, 171, 156, 130, 177, 198, 144, 65, 132, 167, 113, 73, 164, 86, 3, 5, 14, 111, 146, 32, 81, 120, 127, 50, 155, 194, 47, 30, 62, 125, 186, 12, 108, 1, 15, 102, 76, 104, 17, 44, 40, 147, 101, 43, 129, 199, 136, 95, 23, 152, 54, 163, 49, 158, 105, 119, 124, 13, 184, 42, 176, 153, 190, 138, 172, 46, 100, 149, 68, 74, 29, 79, 19, 37, 145, 45, 151, 85, 67]
37313

[90, 96, 106, 70, 60, 34, 171, 156, 130, 177, 198, 144, 65, 185, 195, 42, 88, 3, 5, 14, 146, 32, 63, 124, 105, 139, 182, 15, 154, 12, 62, 47, 120, 155, 50, 194, 30, 125, 186, 16, 44, 35, 118, 91, 199, 18, 150, 136, 95, 159, 143, 192, 21, 22, 87, 170, 103, 54, 142, 176, 190, 153, 162, 53, 114, 183, 140, 64, 123, 71, 168, 57, 83, 6, 33, 24, 45, 89, 0, 94, 20, 165, 137, 85, 48, 180, 133, 196, 66, 197, 69, 148, 38, 169, 52, 72, 84, 157, 27, 128]
[145, 107, 151, 37, 19, 79, 29, 68, 149, 74, 36, 51, 115, 138, 172, 46, 187, 126, 78, 112, 178, 80, 55, 99, 100, 25, 61, 131, 4, 193, 39, 116, 189, 188, 110, 67, 9, 122, 141, 121, 92, 10, 2, 28, 7, 98, 75, 135, 58, 174, 166, 31, 97, 173, 11, 160, 8, 26, 175, 179, 93, 56, 59, 164, 73, 132, 167, 113, 86, 82, 181, 13, 117, 184, 163, 49, 158, 102, 76, 104, 152, 23, 17, 161, 134, 129, 43, 101, 147, 40, 191, 77, 1, 108, 119, 41, 109, 81, 127, 111]
41121

[49, 158, 184, 42, 163, 176, 138, 172, 46, 123, 64, 140, 183, 36, 71, 114, 190, 153, 53, 162, 51, 57, 168, 6, 83, 195, 185, 59, 164, 73, 56, 93, 179, 175, 70, 160, 11, 173, 89, 20, 107, 165, 137, 85, 133, 180, 29, 74, 149, 68, 131, 4, 196, 66, 197, 169, 52, 72, 84, 121, 2, 7, 98, 28, 135, 31, 106, 171, 156, 144, 65, 132, 167, 3, 5, 32, 14, 111, 146, 81, 119, 124, 13, 63, 82, 181, 117, 102, 76, 104, 15, 77, 16, 44, 35, 95, 136, 18, 134, 161]
[80, 100, 55, 99, 25, 61, 193, 116, 189, 39, 38, 69, 148, 188, 110, 48, 67, 9, 122, 141, 92, 10, 157, 27, 128, 90, 96, 75, 58, 174, 166, 97, 94, 0, 8, 26, 60, 34, 177, 130, 198, 113, 86, 88, 105, 139, 182, 1, 108, 41, 109, 47, 120, 127, 50, 155, 194, 30, 62, 125, 186, 12, 154, 191, 40, 147, 101, 43, 129, 199, 150, 91, 118, 17, 23, 152, 159, 143, 54, 103, 192, 21, 22, 87, 170, 142, 115, 33, 24, 45, 145, 151, 37, 19, 79, 126, 187, 78, 112, 178]
38832

[12, 154, 1, 108, 109, 41, 119, 124, 13, 63, 181, 82, 5, 3, 113, 167, 56, 93, 179, 175, 60, 171, 34, 70, 160, 11, 173, 97, 31, 166, 174, 58, 135, 94, 141, 169, 148, 38, 39, 193, 4, 131, 61, 25, 100, 126, 123, 64, 140, 183, 36, 71, 37, 19, 79, 180, 133, 151, 145, 45, 24, 33, 168, 6, 83, 57, 51, 115, 153, 190, 87, 22, 21, 170, 142, 176, 163, 49, 158, 184, 105, 139, 182, 102, 54, 103, 143, 159, 161, 134, 18, 199, 129, 43, 101, 147, 40, 191, 16, 77]
[75, 96, 98, 7, 28, 106, 156, 198, 144, 65, 132, 86, 88, 42, 117, 81, 146, 32, 14, 111, 127, 120, 155, 50, 194, 47, 30, 62, 125, 186, 15, 76, 104, 44, 35, 118, 91, 150, 136, 95, 17, 23, 152, 192, 138, 172, 46, 178, 80, 112, 78, 187, 114, 53, 162, 195, 185, 59, 164, 73, 177, 130, 26, 8, 0, 89, 20, 122, 9, 67, 107, 165, 137, 85, 48, 29, 74, 149, 55, 99, 68, 110, 188, 189, 116, 196, 66, 197, 69, 52, 72, 84, 121, 92, 10, 2, 90, 128, 27, 157]
39398

[36, 183, 138, 172, 140, 46, 80, 178, 78, 112, 100, 25, 61, 131, 4, 196, 66, 193, 116, 110, 188, 189, 39, 38, 197, 69, 148, 169, 52, 72, 84, 9, 48, 85, 137, 180, 79, 19, 37, 165, 107, 0, 94, 2, 7, 75, 58, 166, 174, 106, 11, 173, 160, 70, 26, 175, 179, 93, 60, 34, 171, 156, 130, 73, 164, 59, 88, 184, 117, 63, 32, 111, 127, 50, 155, 194, 47, 30, 62, 109, 41, 108, 1, 17, 161, 23, 152, 159, 143, 192, 170, 190, 153, 115, 51, 57, 83, 6, 168, 71]
[67, 68, 149, 99, 55, 187, 64, 123, 126, 74, 29, 133, 151, 145, 114, 53, 162, 176, 142, 87, 22, 21, 103, 54, 102, 139, 182, 15, 76, 104, 44, 35, 118, 91, 150, 18, 95, 136, 134, 129, 199, 101, 43, 147, 40, 191, 16, 77, 154, 12, 186, 125, 81, 120, 146, 14, 5, 3, 82, 181, 13, 124, 119, 105, 158, 49, 163, 42, 195, 185, 86, 113, 167, 132, 65, 144, 198, 177, 56, 33, 8, 24, 45, 97, 31, 135, 28, 98, 96, 90, 128, 27, 157, 10, 92, 121, 141, 89, 20, 122]
38424

[125, 186, 62, 12, 154, 1, 77, 118, 95, 136, 150, 91, 101, 40, 147, 43, 129, 199, 18, 134, 161, 104, 76, 102, 182, 15, 119, 124, 181, 82, 3, 59, 185, 195, 6, 56, 93, 179, 175, 33, 168, 36, 183, 64, 123, 126, 74, 29, 180, 133, 20, 89, 173, 11, 106, 174, 166, 31, 94, 0, 141, 188, 38, 148, 69, 197, 39, 66, 196, 4, 131, 61, 99, 55, 100, 187, 78, 112, 80, 178, 46, 140, 172, 138, 114, 53, 162, 153, 190, 142, 103, 143, 54, 163, 42, 184, 105, 139, 158, 49]
[111, 127, 50, 194, 155, 120, 146, 14, 5, 32, 81, 41, 108, 109, 47, 30, 191, 16, 35, 44, 17, 23, 152, 159, 192, 22, 21, 170, 87, 176, 115, 51, 57, 83, 8, 24, 45, 145, 151, 37, 71, 79, 19, 48, 85, 137, 165, 107, 122, 9, 67, 110, 68, 149, 25, 193, 116, 189, 169, 52, 72, 84, 121, 92, 10, 2, 157, 27, 128, 90, 96, 98, 7, 75, 58, 135, 28, 97, 160, 70, 26, 60, 34, 171, 156, 130, 198, 177, 73, 164, 144, 65, 132, 167, 113, 86, 88, 117, 13, 63]
39797

[138, 172, 46, 123, 126, 79, 19, 37, 180, 68, 149, 25, 61, 39, 38, 188, 110, 67, 9, 141, 2, 128, 90, 96, 75, 135, 58, 174, 166, 31, 106, 97, 89, 20, 122, 165, 107, 151, 145, 45, 8, 26, 60, 34, 171, 156, 144, 65, 59, 185, 195, 6, 83, 57, 51, 115, 162, 53, 153, 190, 87, 22, 170, 142, 176, 163, 42, 88, 86, 82, 181, 41, 109, 81, 120, 146, 14, 111, 127, 50, 155, 194, 47, 12, 154, 77, 44, 118, 91, 150, 18, 134, 161, 17, 76, 102, 182, 139, 49, 158]
[148, 169, 52, 72, 84, 121, 92, 10, 157, 27, 98, 7, 28, 94, 0, 173, 11, 160, 70, 24, 168, 33, 56, 175, 179, 93, 177, 130, 198, 73, 164, 113, 167, 132, 3, 5, 32, 63, 13, 124, 119, 108, 1, 62, 30, 125, 186, 191, 16, 35, 40, 147, 101, 43, 129, 199, 136, 95, 159, 192, 21, 103, 54, 143, 152, 23, 104, 15, 105, 117, 184, 114, 71, 36, 183, 140, 64, 187, 78, 112, 178, 80, 55, 99, 100, 74, 29, 133, 137, 85, 48, 189, 116, 193, 131, 4, 196, 66, 197, 69]
38889

[8, 24, 45, 145, 151, 107, 165, 137, 85, 48, 133, 126, 123, 187, 78, 178, 64, 140, 183, 114, 190, 153, 176, 142, 163, 102, 15, 104, 17, 95, 136, 18, 150, 91, 101, 199, 129, 43, 147, 40, 191, 16, 154, 12, 186, 125, 30, 194, 155, 50, 127, 111, 32, 63, 81, 109, 41, 119, 124, 13, 86, 132, 65, 144, 198, 177, 93, 179, 56, 6, 83, 26, 160, 89, 20, 122, 9, 67, 110, 68, 100, 55, 99, 196, 66, 116, 189, 188, 121, 92, 10, 2, 157, 27, 128, 90, 96, 75, 58, 31]
[73, 164, 167, 113, 59, 185, 88, 181, 82, 3, 5, 14, 146, 120, 47, 62, 108, 1, 77, 44, 35, 118, 134, 161, 23, 76, 152, 159, 143, 192, 21, 22, 87, 170, 103, 54, 49, 158, 139, 182, 105, 117, 184, 42, 195, 51, 115, 162, 53, 138, 172, 46, 80, 112, 79, 19, 37, 180, 29, 74, 149, 25, 61, 131, 4, 193, 39, 38, 197, 69, 148, 169, 52, 72, 84, 141, 94, 0, 173, 11, 97, 28, 7, 98, 135, 166, 174, 106, 70, 60, 34, 171, 156, 130, 175, 33, 168, 71, 36, 57]
39393

[9, 67, 110, 189, 116, 39, 66, 196, 4, 131, 61, 99, 55, 100, 133, 165, 107, 151, 37, 19, 79, 126, 187, 78, 112, 80, 178, 46, 172, 22, 21, 103, 54, 143, 192, 159, 152, 23, 104, 17, 161, 134, 18, 150, 91, 136, 95, 16, 77, 15, 1, 62, 30, 47, 194, 155, 50, 127, 120, 146, 111, 14, 3, 65, 198, 130, 177, 56, 195, 88, 117, 105, 158, 49, 163, 184, 42, 51, 33, 45, 145, 89, 160, 70, 11, 173, 97, 31, 58, 75, 96, 90, 128, 27, 98, 7, 94, 0, 20, 122]
[115, 162, 53, 57, 83, 6, 93, 179, 175, 26, 8, 24, 168, 71, 36, 183, 140, 64, 123, 180, 29, 74, 149, 25, 68, 193, 38, 197, 69, 148, 169, 52, 188, 48, 137, 85, 141, 72, 84, 121, 92, 10, 157, 2, 28, 135, 166, 174, 106, 60, 34, 171, 156, 144, 132, 167, 113, 73, 164, 59, 185, 86, 82, 5, 32, 81, 63, 181, 13, 124, 119, 41, 109, 108, 154, 12, 125, 186, 191, 40, 147, 101, 43, 129, 199, 118, 35, 44, 76, 102, 182, 139, 176, 142, 170, 87, 138, 114, 153, 190]
40111

[145, 45, 24, 8, 26, 175, 60, 34, 171, 156, 130, 177, 198, 144, 65, 132, 167, 113, 3, 5, 82, 181, 86, 59, 185, 195, 88, 117, 182, 102, 15, 108, 41, 63, 32, 146, 14, 111, 127, 50, 194, 30, 62, 125, 186, 12, 154, 77, 147, 101, 18, 150, 136, 95, 143, 192, 21, 22, 87, 170, 142, 114, 36, 183, 19, 79, 74, 29, 133, 180, 37, 165, 137, 85, 48, 116, 189, 188, 9, 122, 141, 84, 2, 7, 28, 31, 106, 11, 173, 97, 94, 0, 89, 20, 107, 151, 71, 168, 33, 56]
[67, 68, 149, 126, 123, 64, 187, 78, 112, 80, 178, 46, 140, 172, 138, 190, 153, 176, 103, 54, 76, 23, 152, 159, 161, 134, 129, 43, 199, 91, 118, 40, 191, 16, 35, 44, 17, 104, 1, 109, 47, 155, 120, 81, 13, 124, 119, 105, 139, 158, 49, 163, 184, 42, 51, 115, 162, 53, 57, 83, 6, 164, 73, 93, 179, 70, 160, 174, 166, 58, 135, 75, 98, 96, 90, 128, 27, 157, 10, 92, 121, 72, 52, 169, 148, 69, 197, 38, 39, 66, 196, 4, 131, 193, 61, 99, 55, 100, 25, 110]
39247

[106, 70, 26, 56, 33, 168, 176, 142, 103, 54, 102, 158, 49, 163, 42, 88, 86, 113, 167, 177, 198, 144, 65, 132, 3, 5, 32, 63, 13, 124, 47, 155, 50, 194, 30, 62, 125, 186, 12, 154, 44, 35, 118, 136, 95, 17, 104, 23, 152, 159, 143, 192, 22, 21, 170, 87, 138, 172, 140, 46, 187, 78, 178, 80, 112, 25, 4, 196, 66, 38, 197, 69, 148, 169, 52, 188, 133, 180, 48, 85, 137, 165, 160, 11, 173, 97, 31, 58, 135, 75, 7, 98, 96, 90, 128, 27, 157, 2, 92, 10]
[150, 18, 134, 161, 76, 182, 139, 105, 15, 108, 41, 119, 117, 184, 115, 51, 162, 53, 153, 190, 114, 71, 36, 183, 64, 123, 126, 55, 99, 61, 131, 193, 39, 116, 189, 110, 68, 149, 100, 74, 29, 79, 19, 37, 151, 107, 145, 24, 8, 45, 89, 0, 94, 20, 122, 67, 9, 141, 72, 84, 121, 28, 166, 174, 34, 171, 156, 130, 60, 175, 179, 93, 6, 83, 57, 195, 185, 59, 73, 164, 181, 82, 14, 111, 127, 146, 120, 81, 109, 1, 77, 16, 191, 40, 147, 101, 43, 129, 199, 91]
40167

[10, 157, 90, 128, 27, 92, 121, 141, 0, 94, 97, 28, 135, 75, 58, 174, 166, 31, 106, 11, 173, 160, 45, 24, 8, 70, 60, 34, 171, 156, 93, 179, 33, 56, 73, 164, 59, 185, 195, 51, 168, 71, 36, 114, 190, 153, 53, 162, 115, 176, 142, 163, 49, 158, 139, 105, 117, 181, 82, 63, 13, 41, 109, 62, 125, 186, 191, 40, 16, 44, 17, 104, 159, 143, 192, 21, 22, 46, 178, 80, 112, 78, 37, 107, 165, 137, 85, 48, 25, 99, 55, 61, 131, 4, 196, 38, 148, 69, 197, 66]
[65, 144, 132, 167, 113, 86, 57, 83, 6, 177, 198, 130, 175, 26, 145, 151, 180, 133, 110, 67, 9, 122, 20, 89, 7, 98, 96, 2, 84, 72, 52, 169, 188, 189, 116, 39, 193, 68, 149, 100, 74, 29, 19, 79, 126, 123, 187, 64, 140, 183, 172, 138, 87, 170, 103, 54, 152, 23, 161, 95, 136, 150, 18, 134, 129, 43, 147, 101, 199, 91, 118, 35, 77, 154, 12, 30, 47, 194, 155, 50, 127, 111, 14, 5, 3, 32, 146, 120, 81, 124, 119, 108, 1, 15, 76, 102, 182, 184, 42, 88]
41509

[177, 70, 160, 45, 24, 8, 33, 168, 6, 83, 57, 163, 139, 182, 105, 117, 13, 63, 181, 82, 3, 5, 32, 81, 41, 108, 15, 102, 76, 104, 40, 147, 43, 129, 199, 101, 91, 136, 95, 17, 23, 152, 143, 103, 192, 22, 21, 170, 87, 46, 80, 178, 187, 126, 79, 180, 29, 74, 78, 112, 55, 99, 100, 149, 25, 61, 131, 4, 39, 116, 189, 110, 188, 141, 20, 89, 0, 94, 173, 11, 28, 7, 98, 27, 128, 90, 96, 58, 166, 174, 156, 130, 198, 73, 164, 59, 167, 132, 65, 144]
[48, 137, 85, 67, 9, 122, 165, 107, 151, 145, 37, 19, 123, 64, 140, 183, 36, 71, 114, 172, 138, 190, 153, 53, 162, 51, 115, 176, 142, 54, 159, 161, 134, 18, 150, 118, 35, 44, 16, 191, 77, 186, 125, 12, 154, 1, 124, 119, 109, 62, 30, 47, 194, 50, 155, 120, 146, 127, 111, 14, 113, 86, 88, 184, 158, 49, 42, 195, 185, 56, 93, 179, 175, 26, 60, 34, 171, 106, 97, 31, 135, 75, 2, 157, 10, 92, 121, 84, 72, 52, 169, 148, 69, 197, 38, 66, 196, 193, 68, 133]
40190

[116, 188, 141, 2, 28, 135, 75, 58, 174, 166, 31, 97, 173, 11, 160, 70, 26, 175, 179, 93, 56, 73, 164, 59, 86, 113, 167, 132, 144, 65, 3, 82, 181, 5, 32, 81, 120, 155, 47, 109, 1, 108, 41, 119, 124, 63, 13, 105, 182, 15, 77, 16, 191, 40, 147, 199, 18, 150, 91, 118, 95, 44, 17, 104, 23, 152, 159, 143, 192, 103, 142, 176, 42, 88, 195, 185, 6, 83, 57, 168, 33, 8, 24, 71, 114, 36, 183, 100, 55, 99, 25, 61, 193, 131, 4, 196, 66, 197, 38, 39]
[46, 178, 112, 78, 187, 126, 123, 64, 140, 172, 138, 87, 22, 21, 170, 54, 49, 158, 139, 102, 76, 161, 136, 134, 129, 43, 101, 35, 154, 12, 186, 125, 62, 30, 194, 50, 127, 146, 111, 14, 117, 184, 163, 190, 153, 53, 162, 115, 51, 177, 198, 130, 156, 171, 34, 60, 106, 7, 98, 96, 90, 128, 27, 157, 10, 92, 121, 72, 84, 94, 0, 89, 45, 145, 20, 122, 9, 52, 169, 148, 69, 189, 110, 67, 48, 85, 137, 165, 107, 151, 37, 19, 79, 180, 133, 29, 74, 68, 149, 80]
38765

[37, 180, 133, 48, 137, 85, 67, 110, 188, 169, 148, 69, 197, 38, 66, 196, 4, 131, 61, 99, 55, 100, 79, 19, 71, 36, 183, 22, 21, 103, 143, 152, 23, 17, 95, 136, 150, 18, 199, 101, 129, 43, 147, 40, 35, 16, 191, 186, 125, 62, 30, 47, 194, 50, 155, 120, 63, 13, 124, 119, 41, 1, 15, 104, 76, 102, 182, 139, 54, 142, 176, 153, 114, 93, 179, 175, 60, 34, 26, 24, 8, 70, 160, 11, 173, 97, 31, 166, 58, 75, 96, 90, 128, 27, 2, 94, 0, 89, 107, 151]
[84, 121, 72, 52, 9, 122, 165, 145, 45, 20, 141, 92, 10, 157, 98, 7, 28, 135, 174, 106, 171, 156, 130, 177, 198, 144, 65, 132, 167, 113, 164, 73, 56, 33, 168, 6, 83, 57, 51, 115, 163, 49, 158, 105, 117, 184, 42, 88, 195, 185, 59, 86, 181, 82, 3, 5, 14, 111, 127, 146, 32, 81, 109, 108, 12, 154, 77, 44, 118, 91, 134, 161, 159, 192, 170, 87, 190, 162, 53, 138, 172, 140, 64, 46, 178, 80, 112, 78, 187, 123, 126, 29, 74, 149, 25, 68, 193, 39, 116, 189]
39476

[115, 162, 53, 51, 57, 83, 6, 168, 71, 36, 183, 46, 178, 80, 112, 126, 79, 19, 37, 48, 133, 180, 29, 74, 196, 66, 197, 69, 148, 188, 110, 67, 9, 85, 137, 165, 107, 151, 145, 45, 33, 56, 179, 60, 34, 171, 156, 65, 3, 82, 181, 5, 14, 111, 127, 32, 146, 120, 81, 109, 108, 1, 154, 12, 62, 47, 155, 50, 194, 30, 125, 186, 77, 44, 16, 191, 40, 147, 43, 129, 101, 199, 134, 18, 150, 91, 118, 35, 17, 23, 152, 143, 103, 54, 163, 142, 176, 153, 190, 114]
[87, 170, 138, 172, 140, 64, 123, 187, 78, 55, 99, 25, 100, 149, 68, 61, 131, 4, 193, 116, 189, 39, 38, 169, 52, 72, 84, 121, 92, 10, 2, 157, 27, 128, 90, 96, 98, 7, 28, 135, 75, 58, 174, 166, 31, 106, 70, 11, 173, 97, 0, 94, 141, 122, 20, 89, 160, 8, 24, 26, 175, 93, 177, 130, 198, 144, 132, 167, 113, 86, 164, 73, 59, 185, 195, 88, 42, 184, 117, 13, 63, 124, 119, 41, 15, 102, 182, 139, 105, 158, 49, 76, 104, 95, 136, 161, 159, 192, 22, 21]
36100

[93, 179, 177, 73, 164, 59, 86, 113, 167, 132, 3, 5, 32, 82, 181, 117, 139, 105, 13, 63, 124, 119, 41, 109, 81, 120, 155, 194, 47, 62, 125, 186, 12, 154, 108, 1, 77, 40, 147, 101, 199, 43, 129, 18, 150, 134, 161, 159, 153, 190, 172, 140, 46, 178, 80, 112, 78, 187, 126, 123, 64, 183, 36, 71, 114, 168, 33, 56, 175, 26, 19, 79, 180, 37, 151, 107, 165, 9, 188, 189, 116, 196, 66, 169, 52, 141, 122, 20, 89, 0, 94, 28, 31, 97, 173, 11, 160, 70, 34, 60]
[35, 118, 91, 136, 95, 17, 23, 152, 143, 54, 103, 192, 22, 21, 170, 87, 138, 142, 163, 176, 53, 162, 115, 51, 195, 185, 57, 83, 6, 8, 24, 45, 145, 137, 85, 48, 67, 110, 68, 133, 29, 74, 149, 100, 55, 99, 25, 61, 131, 4, 193, 39, 38, 197, 69, 148, 72, 84, 121, 92, 10, 2, 157, 27, 128, 90, 96, 98, 7, 75, 135, 58, 166, 174, 106, 171, 156, 130, 198, 144, 65, 88, 42, 184, 158, 49, 182, 102, 76, 104, 15, 146, 14, 111, 127, 50, 30, 191, 16, 44]
39296

[176, 142, 170, 87, 172, 46, 64, 123, 126, 79, 19, 74, 149, 68, 25, 61, 193, 131, 4, 196, 66, 197, 69, 148, 38, 188, 9, 141, 122, 20, 151, 37, 145, 89, 0, 94, 106, 70, 33, 168, 57, 83, 6, 56, 93, 177, 130, 198, 144, 65, 132, 167, 113, 164, 86, 82, 3, 5, 14, 111, 127, 50, 155, 120, 81, 146, 32, 63, 13, 124, 117, 105, 139, 15, 77, 16, 191, 40, 44, 35, 118, 91, 101, 147, 43, 129, 199, 136, 95, 161, 17, 23, 152, 143, 103, 163, 42, 115, 53, 162]
[190, 54, 104, 76, 102, 182, 49, 158, 184, 88, 181, 119, 41, 109, 47, 194, 30, 62, 125, 186, 12, 154, 108, 1, 150, 18, 134, 159, 192, 21, 22, 138, 114, 71, 36, 183, 140, 187, 78, 112, 178, 80, 55, 99, 100, 29, 180, 133, 48, 85, 137, 165, 107, 67, 110, 189, 116, 39, 169, 52, 72, 84, 121, 92, 10, 2, 157, 27, 128, 90, 96, 75, 58, 174, 166, 31, 135, 98, 7, 28, 97, 173, 11, 160, 45, 24, 8, 26, 175, 179, 60, 34, 171, 156, 73, 59, 185, 195, 51, 153]
37978

[161, 159, 192, 22, 21, 170, 142, 176, 190, 153, 162, 53, 114, 71, 36, 64, 79, 19, 37, 151, 107, 165, 137, 85, 48, 68, 25, 61, 131, 4, 196, 66, 193, 39, 116, 189, 9, 122, 141, 157, 27, 128, 90, 96, 98, 7, 75, 58, 174, 106, 11, 160, 70, 60, 34, 171, 156, 179, 33, 168, 115, 163, 54, 152, 15, 1, 108, 119, 124, 13, 181, 5, 14, 111, 127, 32, 146, 120, 155, 50, 194, 47, 30, 62, 109, 125, 186, 12, 16, 118, 91, 95, 136, 134, 129, 43, 101, 199, 18, 150]
[99, 55, 126, 123, 187, 78, 112, 80, 178, 46, 140, 183, 172, 138, 87, 103, 143, 23, 17, 44, 35, 147, 40, 191, 77, 154, 41, 81, 63, 117, 105, 139, 182, 104, 76, 102, 49, 158, 184, 42, 88, 82, 3, 65, 144, 132, 167, 113, 86, 164, 73, 59, 185, 195, 51, 57, 83, 6, 56, 93, 177, 198, 130, 175, 26, 8, 24, 45, 145, 20, 89, 0, 94, 173, 97, 31, 166, 135, 28, 2, 10, 92, 121, 84, 72, 52, 169, 148, 69, 197, 38, 188, 110, 67, 133, 180, 29, 74, 149, 100]
37765

[72, 52, 148, 69, 197, 61, 25, 68, 149, 126, 123, 78, 112, 80, 178, 187, 64, 140, 183, 114, 190, 153, 176, 142, 170, 87, 22, 21, 192, 159, 134, 199, 129, 43, 147, 40, 191, 186, 125, 62, 120, 127, 111, 146, 81, 108, 1, 77, 16, 35, 118, 136, 95, 104, 76, 15, 102, 182, 139, 105, 117, 158, 49, 184, 42, 88, 195, 185, 164, 73, 144, 198, 130, 177, 93, 156, 171, 34, 60, 175, 26, 70, 160, 45, 24, 8, 33, 168, 71, 36, 79, 180, 133, 110, 189, 116, 38, 169, 121, 84]
[173, 94, 0, 20, 89, 11, 179, 56, 6, 83, 57, 59, 86, 113, 167, 132, 65, 3, 5, 14, 32, 82, 181, 63, 13, 124, 119, 41, 109, 47, 155, 50, 194, 30, 12, 154, 17, 44, 101, 91, 150, 18, 161, 23, 152, 143, 103, 54, 163, 115, 51, 162, 53, 138, 172, 46, 55, 99, 100, 74, 29, 19, 37, 145, 151, 107, 122, 165, 137, 85, 48, 193, 131, 4, 196, 66, 39, 188, 67, 9, 141, 2, 10, 92, 157, 27, 128, 90, 96, 75, 98, 7, 28, 31, 166, 135, 58, 174, 106, 97]
40399

[26, 70, 160, 11, 173, 97, 106, 174, 166, 135, 28, 7, 98, 157, 10, 92, 121, 84, 72, 141, 122, 20, 107, 151, 165, 133, 116, 39, 38, 169, 52, 148, 69, 197, 66, 196, 4, 131, 61, 25, 149, 100, 99, 55, 80, 112, 178, 46, 172, 138, 87, 22, 21, 170, 54, 152, 23, 134, 18, 150, 118, 35, 44, 186, 125, 62, 30, 47, 194, 50, 127, 111, 5, 181, 82, 3, 65, 144, 132, 167, 73, 164, 59, 88, 42, 184, 105, 139, 158, 49, 163, 176, 195, 185, 56, 93, 156, 171, 34, 60]
[180, 29, 74, 68, 193, 189, 188, 110, 48, 137, 85, 67, 9, 2, 27, 128, 90, 96, 75, 58, 31, 94, 0, 89, 145, 45, 24, 8, 175, 179, 177, 130, 198, 113, 86, 117, 182, 102, 76, 104, 17, 15, 1, 108, 41, 119, 124, 13, 63, 32, 14, 146, 155, 120, 81, 109, 12, 154, 77, 16, 191, 40, 147, 101, 43, 129, 199, 91, 136, 95, 161, 159, 143, 192, 103, 142, 190, 153, 53, 162, 115, 51, 57, 83, 6, 33, 168, 114, 71, 36, 183, 140, 64, 187, 78, 123, 126, 19, 37, 79]
37680

[117, 13, 124, 119, 41, 108, 1, 76, 104, 17, 23, 152, 54, 142, 103, 143, 134, 136, 118, 91, 150, 18, 199, 129, 43, 101, 147, 40, 77, 109, 47, 120, 81, 63, 181, 82, 164, 73, 177, 130, 8, 24, 45, 145, 0, 2, 10, 121, 72, 52, 148, 69, 197, 38, 39, 189, 188, 110, 67, 68, 149, 99, 55, 80, 112, 178, 46, 140, 172, 138, 114, 190, 153, 53, 162, 115, 51, 42, 195, 6, 83, 57, 168, 71, 36, 183, 64, 187, 78, 74, 29, 180, 133, 48, 85, 137, 165, 151, 37, 19]
[28, 7, 98, 96, 75, 135, 58, 174, 166, 31, 106, 60, 34, 171, 156, 198, 144, 65, 132, 167, 113, 86, 3, 5, 32, 14, 111, 146, 127, 50, 155, 194, 30, 62, 125, 186, 12, 154, 15, 182, 102, 44, 16, 191, 35, 95, 161, 159, 192, 22, 21, 170, 87, 176, 163, 49, 158, 139, 105, 184, 88, 185, 59, 56, 33, 93, 179, 175, 26, 70, 160, 11, 173, 97, 94, 141, 9, 122, 20, 89, 107, 79, 123, 126, 100, 25, 61, 131, 4, 196, 66, 193, 116, 169, 84, 92, 157, 27, 90, 128]
41315

[119, 124, 63, 13, 117, 184, 88, 185, 59, 164, 73, 167, 132, 65, 144, 156, 171, 70, 160, 173, 11, 106, 97, 31, 75, 96, 90, 128, 27, 157, 2, 94, 0, 121, 84, 72, 52, 169, 197, 66, 196, 189, 110, 9, 67, 48, 85, 137, 133, 180, 29, 74, 79, 19, 37, 151, 107, 145, 33, 6, 168, 114, 71, 36, 126, 123, 140, 138, 54, 139, 182, 102, 76, 152, 23, 104, 17, 35, 118, 101, 147, 40, 191, 16, 44, 77, 1, 154, 12, 186, 125, 62, 30, 47, 194, 120, 81, 32, 82, 181]
[177, 130, 198, 113, 86, 3, 5, 14, 111, 146, 127, 50, 155, 109, 41, 108, 15, 105, 158, 49, 163, 176, 153, 190, 142, 103, 143, 159, 161, 95, 136, 18, 150, 91, 199, 43, 129, 134, 192, 22, 21, 170, 87, 172, 46, 178, 80, 112, 78, 187, 64, 183, 53, 162, 115, 51, 42, 195, 57, 83, 56, 93, 179, 175, 60, 26, 8, 24, 45, 89, 20, 165, 68, 149, 100, 55, 99, 25, 61, 131, 4, 193, 116, 39, 38, 69, 148, 188, 122, 141, 92, 10, 98, 7, 28, 135, 58, 166, 174, 34]
40794

[179, 56, 73, 164, 59, 185, 195, 163, 54, 57, 83, 6, 168, 145, 45, 24, 8, 160, 11, 173, 89, 0, 94, 97, 31, 166, 174, 58, 135, 75, 96, 90, 128, 27, 121, 84, 72, 52, 169, 4, 131, 61, 55, 126, 123, 64, 140, 172, 138, 22, 21, 103, 192, 143, 159, 152, 76, 102, 182, 139, 105, 158, 49, 184, 117, 124, 13, 63, 32, 146, 81, 109, 12, 154, 77, 44, 35, 118, 101, 199, 129, 43, 147, 40, 191, 186, 30, 194, 50, 127, 111, 14, 5, 3, 65, 144, 198, 130, 177, 93]
[34, 171, 156, 132, 167, 113, 86, 82, 181, 120, 155, 47, 62, 125, 16, 95, 136, 91, 150, 18, 134, 161, 17, 23, 104, 15, 1, 108, 41, 119, 88, 42, 51, 115, 162, 53, 114, 190, 153, 176, 142, 170, 87, 46, 178, 80, 112, 78, 187, 183, 36, 71, 151, 37, 19, 79, 180, 133, 29, 74, 100, 99, 25, 149, 68, 48, 85, 137, 165, 107, 20, 122, 67, 110, 193, 196, 66, 197, 69, 148, 38, 39, 116, 189, 188, 9, 141, 2, 10, 92, 157, 98, 7, 28, 106, 70, 26, 33, 175, 60]
39360

[76, 152, 54, 163, 49, 158, 105, 139, 182, 102, 15, 119, 124, 13, 63, 181, 82, 32, 146, 120, 155, 194, 50, 127, 111, 14, 5, 3, 86, 113, 167, 132, 65, 144, 59, 164, 73, 156, 171, 34, 60, 70, 11, 173, 97, 0, 89, 20, 94, 28, 7, 135, 166, 58, 75, 98, 96, 90, 128, 27, 157, 72, 52, 169, 148, 69, 197, 38, 39, 189, 116, 193, 25, 99, 55, 100, 74, 29, 180, 133, 137, 151, 37, 19, 79, 46, 172, 138, 87, 22, 192, 159, 161, 134, 18, 150, 136, 95, 17, 104]
[2, 10, 92, 121, 84, 141, 122, 9, 67, 110, 188, 66, 196, 4, 131, 61, 68, 149, 126, 112, 80, 178, 78, 187, 123, 64, 140, 183, 36, 71, 168, 33, 6, 83, 57, 51, 115, 162, 53, 114, 190, 153, 176, 142, 170, 21, 103, 143, 23, 44, 35, 118, 91, 199, 129, 43, 101, 147, 40, 191, 16, 77, 154, 12, 186, 125, 62, 30, 47, 81, 109, 108, 1, 41, 117, 184, 42, 88, 195, 185, 56, 177, 198, 130, 93, 179, 175, 26, 106, 174, 31, 160, 8, 24, 45, 145, 107, 165, 85, 48]
37561

[183, 168, 33, 8, 24, 45, 145, 107, 165, 151, 37, 29, 74, 68, 149, 100, 55, 99, 25, 61, 193, 131, 4, 196, 66, 197, 69, 148, 38, 188, 141, 2, 7, 98, 28, 135, 58, 166, 31, 97, 94, 173, 11, 160, 70, 34, 60, 179, 93, 59, 88, 42, 124, 119, 13, 63, 181, 82, 32, 146, 81, 120, 155, 47, 109, 41, 108, 1, 40, 147, 101, 18, 150, 136, 95, 35, 44, 23, 159, 143, 152, 76, 102, 49, 163, 142, 176, 162, 53, 114, 140, 46, 64, 123, 126, 187, 78, 178, 80, 112]
[71, 36, 172, 138, 57, 83, 6, 56, 26, 175, 177, 73, 164, 185, 195, 51, 115, 153, 190, 87, 170, 21, 22, 192, 103, 54, 158, 184, 117, 105, 139, 182, 15, 104, 17, 161, 134, 129, 43, 199, 91, 118, 191, 16, 77, 154, 12, 186, 125, 62, 30, 194, 50, 127, 111, 14, 5, 3, 86, 113, 167, 132, 65, 144, 198, 130, 156, 171, 106, 174, 75, 96, 90, 128, 27, 157, 10, 92, 121, 84, 72, 52, 169, 39, 116, 189, 110, 67, 9, 122, 0, 89, 20, 137, 85, 48, 133, 180, 79, 19]
38215

[6, 83, 57, 115, 163, 49, 158, 117, 124, 13, 63, 81, 14, 111, 127, 30, 62, 125, 186, 12, 108, 1, 15, 102, 76, 154, 77, 191, 40, 16, 44, 35, 118, 91, 199, 101, 147, 43, 129, 134, 18, 150, 136, 95, 161, 159, 192, 172, 140, 46, 187, 126, 123, 64, 183, 36, 168, 56, 33, 8, 24, 45, 145, 85, 110, 188, 189, 116, 193, 39, 38, 148, 169, 84, 92, 27, 128, 90, 2, 141, 9, 67, 122, 20, 89, 98, 96, 75, 135, 58, 174, 106, 70, 26, 60, 175, 179, 93, 73, 164]
[171, 156, 130, 177, 198, 144, 65, 132, 167, 113, 59, 86, 181, 82, 3, 5, 32, 146, 120, 155, 50, 194, 47, 109, 41, 119, 105, 182, 139, 184, 42, 88, 185, 195, 51, 53, 162, 176, 142, 54, 104, 17, 23, 152, 143, 103, 170, 21, 22, 87, 138, 190, 153, 114, 71, 79, 19, 37, 151, 107, 165, 137, 48, 133, 180, 29, 74, 78, 112, 178, 80, 55, 99, 25, 100, 149, 68, 61, 131, 4, 196, 66, 197, 69, 52, 72, 121, 10, 157, 7, 28, 166, 31, 97, 94, 0, 173, 11, 160, 34]
39595

[62, 47, 30, 191, 40, 35, 118, 101, 147, 43, 129, 199, 91, 150, 18, 134, 161, 159, 192, 21, 22, 87, 138, 190, 115, 51, 195, 185, 33, 8, 24, 45, 145, 151, 165, 133, 180, 29, 126, 123, 46, 178, 80, 112, 78, 187, 100, 149, 68, 131, 4, 196, 66, 197, 69, 148, 188, 110, 67, 9, 122, 20, 141, 2, 157, 96, 75, 135, 58, 174, 166, 97, 94, 173, 11, 160, 70, 130, 198, 144, 65, 132, 167, 113, 88, 42, 184, 105, 139, 182, 102, 152, 23, 17, 44, 16, 77, 12, 125, 186]
[194, 155, 50, 127, 111, 14, 146, 120, 81, 63, 32, 5, 3, 82, 181, 86, 59, 164, 73, 177, 156, 171, 34, 60, 106, 31, 28, 7, 98, 90, 128, 27, 10, 92, 121, 84, 72, 52, 169, 38, 39, 189, 116, 193, 61, 25, 99, 55, 74, 79, 19, 37, 137, 48, 85, 107, 89, 0, 26, 175, 179, 93, 56, 6, 83, 57, 168, 71, 36, 183, 64, 140, 172, 114, 53, 162, 153, 176, 163, 158, 49, 142, 170, 103, 54, 143, 136, 95, 104, 76, 15, 154, 1, 108, 117, 13, 124, 119, 41, 109]
39176

[122, 141, 2, 157, 27, 128, 90, 96, 98, 7, 94, 0, 89, 145, 45, 24, 8, 26, 175, 179, 93, 60, 34, 171, 156, 144, 65, 132, 3, 82, 181, 5, 14, 111, 127, 50, 155, 194, 47, 30, 62, 125, 186, 12, 154, 77, 44, 35, 118, 95, 17, 23, 152, 76, 104, 15, 1, 108, 41, 119, 105, 139, 182, 102, 158, 49, 163, 42, 88, 185, 195, 115, 138, 172, 46, 80, 112, 126, 79, 19, 37, 151, 165, 137, 85, 48, 188, 189, 116, 4, 196, 66, 39, 38, 197, 69, 148, 169, 52, 9]
[33, 56, 177, 130, 198, 167, 113, 86, 164, 73, 59, 184, 117, 124, 13, 63, 32, 146, 120, 81, 109, 16, 191, 40, 147, 101, 43, 129, 134, 18, 150, 199, 91, 136, 161, 159, 192, 21, 22, 87, 170, 103, 143, 54, 142, 176, 190, 153, 53, 162, 51, 57, 83, 6, 168, 114, 71, 36, 183, 140, 64, 123, 187, 178, 78, 74, 29, 180, 133, 68, 149, 100, 55, 99, 25, 61, 131, 193, 110, 67, 107, 20, 72, 84, 121, 92, 10, 28, 135, 75, 58, 174, 166, 31, 97, 173, 11, 106, 70, 160]
37003

[172, 87, 22, 21, 192, 143, 103, 54, 142, 190, 153, 176, 163, 49, 158, 117, 13, 124, 119, 41, 108, 1, 15, 152, 23, 134, 18, 150, 91, 199, 129, 43, 101, 147, 40, 191, 16, 77, 154, 12, 186, 125, 62, 109, 47, 30, 194, 50, 155, 120, 81, 146, 127, 111, 14, 5, 32, 63, 181, 195, 6, 83, 57, 64, 100, 149, 68, 48, 85, 137, 133, 180, 79, 19, 37, 56, 164, 86, 113, 167, 132, 65, 144, 198, 130, 177, 93, 179, 70, 106, 174, 58, 166, 94, 0, 122, 110, 131, 4, 196]
[173, 89, 20, 107, 165, 151, 145, 45, 24, 8, 160, 11, 97, 31, 135, 28, 7, 98, 75, 96, 90, 128, 27, 157, 2, 10, 92, 121, 84, 72, 141, 9, 67, 188, 52, 169, 148, 69, 197, 38, 66, 39, 189, 116, 193, 61, 25, 99, 55, 74, 29, 126, 123, 187, 78, 112, 80, 178, 46, 140, 183, 36, 71, 168, 33, 26, 175, 60, 34, 171, 156, 73, 59, 185, 51, 115, 162, 53, 114, 138, 170, 159, 161, 136, 95, 118, 35, 44, 17, 104, 76, 102, 182, 139, 105, 184, 42, 88, 3, 82]
41844

[23, 152, 159, 161, 95, 136, 101, 147, 40, 191, 16, 17, 104, 76, 102, 182, 139, 105, 15, 1, 108, 119, 124, 13, 63, 120, 155, 194, 50, 127, 111, 14, 5, 82, 181, 117, 42, 51, 195, 185, 86, 113, 73, 177, 93, 179, 6, 83, 57, 168, 71, 19, 79, 180, 37, 151, 107, 89, 0, 94, 173, 11, 106, 174, 166, 58, 135, 75, 96, 90, 128, 27, 157, 10, 92, 121, 141, 188, 39, 38, 148, 69, 197, 66, 196, 4, 131, 61, 126, 123, 112, 78, 187, 64, 114, 172, 138, 22, 21, 192]
[189, 116, 193, 68, 133, 29, 74, 149, 100, 25, 99, 55, 80, 178, 46, 140, 183, 36, 145, 165, 137, 85, 48, 110, 67, 9, 122, 20, 45, 24, 8, 33, 56, 164, 59, 88, 184, 158, 49, 163, 176, 115, 162, 53, 153, 190, 87, 170, 142, 54, 103, 143, 134, 129, 43, 199, 18, 150, 91, 118, 35, 44, 77, 154, 12, 186, 125, 62, 30, 47, 109, 41, 81, 146, 32, 3, 167, 132, 65, 144, 198, 130, 156, 171, 34, 60, 175, 26, 70, 160, 97, 31, 28, 98, 7, 2, 84, 72, 52, 169]
38857

[172, 138, 190, 153, 176, 163, 76, 152, 23, 104, 17, 35, 118, 91, 150, 18, 136, 95, 161, 134, 129, 199, 101, 43, 147, 40, 186, 125, 62, 30, 47, 194, 50, 155, 120, 81, 32, 146, 127, 111, 14, 5, 132, 65, 144, 177, 93, 56, 6, 83, 57, 162, 53, 114, 183, 36, 71, 168, 33, 26, 70, 160, 89, 20, 0, 94, 90, 128, 27, 157, 92, 121, 84, 72, 52, 169, 148, 69, 197, 38, 189, 110, 9, 122, 67, 48, 85, 137, 133, 149, 100, 99, 55, 80, 178, 112, 78, 187, 64, 140]
[145, 173, 11, 106, 97, 28, 31, 166, 174, 58, 135, 75, 96, 98, 7, 2, 10, 141, 188, 116, 39, 66, 196, 4, 131, 193, 61, 25, 68, 74, 29, 180, 165, 107, 151, 37, 19, 79, 126, 123, 46, 87, 22, 21, 192, 159, 143, 54, 103, 170, 142, 115, 51, 195, 185, 88, 42, 184, 49, 158, 117, 105, 139, 182, 102, 15, 44, 16, 191, 77, 154, 12, 1, 108, 109, 41, 119, 124, 13, 63, 181, 82, 3, 86, 113, 167, 59, 164, 73, 198, 130, 156, 171, 34, 60, 179, 175, 8, 24, 45]
37113

[190, 176, 142, 170, 103, 54, 163, 49, 158, 184, 117, 13, 124, 41, 109, 108, 1, 154, 77, 16, 44, 35, 118, 150, 18, 101, 147, 40, 191, 186, 125, 30, 194, 155, 50, 127, 111, 14, 5, 82, 3, 65, 198, 130, 177, 93, 179, 60, 34, 171, 106, 28, 10, 92, 121, 84, 20, 89, 0, 94, 173, 160, 45, 145, 151, 107, 165, 85, 137, 37, 19, 79, 180, 133, 48, 110, 116, 66, 196, 61, 25, 149, 100, 99, 55, 80, 112, 64, 140, 183, 36, 71, 57, 83, 6, 56, 73, 164, 115, 153]
[38, 169, 72, 52, 148, 69, 197, 4, 131, 193, 68, 29, 74, 126, 123, 187, 78, 178, 46, 172, 138, 87, 22, 21, 192, 143, 159, 152, 23, 161, 134, 129, 43, 199, 91, 136, 95, 17, 104, 12, 62, 47, 120, 81, 146, 32, 63, 119, 15, 76, 102, 182, 139, 105, 181, 86, 88, 42, 195, 185, 59, 113, 167, 132, 144, 156, 175, 26, 33, 51, 162, 53, 114, 168, 24, 8, 70, 11, 97, 31, 166, 174, 58, 135, 75, 7, 98, 96, 90, 128, 27, 157, 2, 141, 122, 9, 67, 188, 189, 39]
40489

[15, 104, 23, 152, 159, 17, 161, 134, 18, 199, 101, 129, 43, 147, 40, 191, 186, 125, 12, 154, 1, 108, 41, 109, 81, 82, 181, 88, 185, 59, 86, 113, 167, 164, 73, 198, 130, 156, 171, 34, 60, 179, 56, 6, 33, 26, 8, 24, 45, 173, 28, 7, 98, 96, 90, 128, 27, 157, 2, 10, 92, 121, 84, 72, 52, 169, 39, 116, 189, 110, 188, 141, 0, 89, 20, 145, 149, 25, 99, 100, 126, 112, 78, 187, 123, 64, 140, 183, 36, 71, 190, 153, 115, 51, 195, 42, 184, 117, 105, 182]
[58, 75, 135, 31, 97, 94, 122, 9, 67, 48, 85, 137, 165, 107, 151, 37, 19, 79, 180, 133, 29, 74, 68, 193, 38, 148, 69, 197, 66, 196, 4, 131, 61, 55, 80, 178, 46, 172, 138, 114, 168, 83, 57, 53, 162, 176, 142, 163, 49, 158, 139, 102, 76, 54, 103, 170, 87, 22, 21, 192, 143, 95, 136, 150, 91, 118, 35, 44, 16, 77, 62, 30, 47, 120, 155, 194, 50, 127, 146, 111, 14, 32, 63, 119, 124, 13, 5, 3, 132, 65, 144, 177, 93, 175, 70, 160, 11, 106, 166, 174]
38925

[26, 179, 93, 56, 73, 164, 167, 113, 86, 3, 5, 14, 111, 146, 63, 119, 108, 1, 154, 12, 125, 186, 77, 16, 44, 35, 40, 147, 43, 101, 118, 95, 161, 159, 143, 192, 103, 54, 176, 142, 170, 21, 22, 87, 172, 138, 190, 153, 162, 115, 51, 57, 83, 6, 33, 70, 173, 97, 94, 0, 89, 20, 107, 151, 180, 29, 74, 126, 123, 187, 78, 178, 64, 183, 140, 46, 80, 112, 55, 61, 131, 4, 39, 38, 169, 188, 67, 9, 122, 141, 121, 92, 10, 157, 27, 128, 90, 96, 75, 106]
[45, 24, 8, 160, 11, 31, 166, 174, 58, 135, 28, 98, 7, 2, 84, 72, 52, 148, 69, 197, 66, 196, 116, 189, 110, 193, 25, 99, 100, 149, 68, 133, 48, 85, 137, 165, 37, 19, 79, 36, 114, 53, 163, 49, 158, 105, 139, 182, 102, 15, 104, 76, 152, 23, 17, 136, 91, 150, 18, 134, 129, 199, 191, 62, 30, 194, 47, 109, 41, 81, 120, 155, 50, 127, 32, 82, 181, 13, 124, 117, 184, 42, 88, 195, 185, 59, 132, 65, 144, 198, 177, 130, 156, 171, 34, 60, 175, 168, 71, 145]
38921

[105, 158, 176, 153, 190, 170, 21, 87, 138, 187, 78, 112, 55, 99, 25, 61, 193, 116, 39, 169, 52, 188, 67, 9, 122, 20, 107, 165, 151, 37, 180, 133, 29, 74, 149, 100, 126, 123, 64, 183, 36, 71, 114, 115, 42, 88, 86, 113, 164, 73, 56, 26, 70, 97, 2, 7, 28, 174, 106, 34, 198, 144, 65, 132, 167, 3, 5, 14, 111, 127, 82, 181, 124, 119, 41, 109, 62, 125, 186, 191, 16, 35, 40, 147, 101, 43, 129, 199, 150, 18, 134, 159, 143, 152, 23, 104, 76, 102, 182, 139]
[110, 189, 38, 148, 69, 197, 66, 196, 4, 131, 68, 48, 85, 137, 19, 79, 178, 80, 46, 140, 172, 22, 192, 103, 54, 142, 162, 53, 168, 6, 83, 57, 51, 163, 49, 17, 161, 95, 136, 91, 118, 44, 15, 108, 1, 77, 154, 12, 30, 47, 194, 50, 155, 120, 81, 146, 32, 63, 13, 117, 184, 195, 185, 59, 177, 130, 156, 171, 60, 175, 179, 93, 33, 8, 24, 45, 145, 160, 11, 173, 89, 0, 94, 31, 166, 58, 135, 75, 98, 96, 90, 128, 27, 157, 10, 92, 121, 84, 72, 141]
41372

[63, 13, 124, 119, 105, 49, 158, 117, 181, 82, 3, 5, 14, 146, 120, 81, 109, 108, 12, 154, 77, 191, 16, 35, 44, 23, 192, 103, 170, 21, 22, 87, 142, 138, 190, 153, 115, 195, 185, 83, 57, 168, 140, 64, 187, 78, 123, 126, 79, 19, 37, 180, 29, 74, 100, 149, 68, 25, 99, 61, 196, 66, 197, 69, 148, 38, 39, 189, 110, 188, 141, 72, 84, 121, 2, 94, 0, 89, 20, 107, 145, 45, 160, 173, 97, 28, 135, 58, 166, 174, 179, 93, 177, 144, 65, 132, 167, 113, 86, 88]
[51, 53, 162, 176, 163, 54, 143, 159, 152, 76, 104, 17, 161, 134, 150, 18, 129, 43, 147, 101, 199, 91, 136, 95, 118, 40, 186, 125, 62, 30, 47, 194, 155, 50, 127, 111, 32, 41, 1, 15, 102, 182, 139, 184, 42, 59, 164, 73, 198, 130, 156, 171, 34, 60, 70, 11, 106, 31, 75, 7, 98, 96, 90, 128, 27, 157, 10, 92, 52, 169, 116, 193, 4, 131, 55, 80, 112, 178, 46, 172, 114, 71, 36, 183, 133, 67, 9, 122, 85, 48, 137, 165, 151, 24, 8, 33, 26, 175, 56, 6]
40750

[117, 158, 184, 42, 88, 86, 59, 164, 73, 93, 179, 175, 56, 33, 168, 71, 36, 183, 79, 19, 180, 133, 48, 85, 137, 145, 45, 24, 8, 106, 174, 58, 135, 75, 7, 98, 96, 90, 128, 27, 157, 2, 10, 92, 121, 84, 72, 148, 69, 197, 38, 39, 116, 193, 61, 25, 99, 55, 100, 126, 123, 64, 140, 172, 138, 190, 153, 176, 54, 103, 192, 143, 159, 152, 161, 134, 199, 129, 43, 147, 101, 91, 95, 17, 104, 76, 102, 182, 139, 105, 124, 13, 63, 119, 15, 154, 12, 1, 108, 41]
[35, 118, 150, 18, 136, 23, 49, 163, 142, 170, 21, 22, 87, 53, 162, 115, 51, 195, 185, 6, 83, 57, 114, 46, 178, 80, 112, 78, 187, 149, 68, 74, 29, 37, 151, 107, 165, 122, 9, 67, 110, 131, 4, 196, 66, 189, 188, 169, 52, 141, 20, 89, 0, 94, 28, 166, 31, 97, 173, 11, 160, 70, 26, 60, 34, 171, 156, 130, 177, 198, 144, 65, 132, 167, 113, 181, 82, 3, 5, 14, 111, 127, 32, 146, 120, 155, 50, 194, 47, 81, 109, 30, 62, 125, 186, 77, 16, 191, 40, 44]
37838

[155, 194, 77, 191, 16, 44, 35, 91, 150, 18, 134, 161, 17, 104, 23, 152, 159, 143, 192, 21, 22, 87, 170, 54, 49, 158, 163, 176, 153, 190, 138, 172, 140, 46, 80, 68, 189, 116, 196, 66, 197, 69, 148, 38, 188, 110, 67, 9, 122, 141, 92, 10, 157, 27, 128, 90, 96, 75, 98, 7, 28, 135, 58, 174, 166, 31, 0, 89, 20, 165, 137, 85, 48, 180, 19, 79, 123, 64, 183, 168, 57, 83, 6, 33, 175, 60, 34, 171, 156, 93, 56, 73, 164, 86, 63, 81, 120, 146, 127, 50]
[125, 62, 30, 47, 109, 108, 41, 119, 124, 13, 32, 111, 14, 5, 3, 82, 181, 117, 184, 42, 88, 195, 185, 59, 113, 167, 132, 65, 144, 198, 130, 177, 179, 26, 8, 24, 145, 45, 70, 160, 173, 11, 106, 97, 94, 2, 121, 84, 72, 52, 169, 39, 193, 4, 131, 61, 55, 99, 25, 149, 100, 112, 178, 78, 187, 126, 74, 29, 133, 107, 151, 37, 71, 36, 114, 53, 162, 51, 115, 142, 103, 129, 43, 199, 101, 147, 40, 118, 136, 95, 76, 102, 182, 139, 105, 15, 1, 154, 12, 186]
38898

[73, 86, 82, 146, 120, 81, 63, 119, 124, 158, 49, 102, 182, 139, 105, 41, 109, 62, 125, 186, 12, 154, 77, 191, 16, 44, 35, 40, 147, 101, 43, 129, 199, 134, 18, 150, 91, 118, 95, 136, 161, 17, 23, 159, 192, 143, 54, 103, 170, 21, 22, 87, 172, 46, 140, 183, 36, 71, 114, 53, 162, 57, 168, 33, 145, 151, 107, 165, 9, 67, 48, 85, 137, 74, 112, 80, 55, 99, 25, 100, 149, 68, 61, 131, 4, 193, 188, 72, 84, 121, 92, 10, 2, 28, 31, 97, 173, 11, 160, 26]
[126, 79, 19, 29, 133, 180, 37, 24, 8, 45, 89, 0, 94, 20, 122, 110, 189, 116, 39, 196, 66, 38, 197, 69, 148, 169, 52, 141, 157, 27, 128, 90, 96, 98, 7, 75, 135, 58, 166, 174, 106, 70, 60, 34, 171, 156, 130, 198, 144, 177, 93, 179, 175, 56, 6, 83, 51, 115, 163, 42, 184, 117, 13, 181, 88, 195, 185, 59, 164, 113, 167, 132, 65, 3, 5, 32, 14, 111, 127, 50, 155, 194, 30, 47, 108, 1, 15, 104, 76, 152, 142, 176, 153, 190, 138, 64, 123, 78, 178, 187]
39837

[98, 7, 28, 11, 173, 0, 89, 20, 107, 122, 188, 39, 66, 196, 4, 131, 193, 61, 68, 149, 25, 99, 55, 100, 74, 29, 180, 133, 48, 137, 165, 151, 37, 126, 187, 78, 112, 80, 178, 46, 64, 140, 172, 138, 176, 182, 102, 76, 152, 134, 199, 129, 43, 101, 147, 40, 191, 16, 62, 30, 47, 120, 146, 111, 14, 32, 63, 124, 13, 181, 88, 51, 57, 83, 6, 168, 71, 33, 177, 113, 167, 132, 65, 144, 198, 130, 156, 171, 174, 58, 75, 96, 90, 128, 27, 2, 121, 92, 10, 157]
[35, 95, 118, 91, 150, 18, 136, 161, 17, 23, 104, 15, 119, 117, 105, 139, 158, 49, 184, 163, 54, 103, 143, 159, 192, 21, 22, 87, 170, 142, 190, 153, 115, 162, 53, 114, 36, 183, 123, 79, 19, 85, 9, 67, 110, 189, 116, 38, 197, 69, 148, 169, 52, 72, 84, 141, 94, 97, 31, 135, 166, 106, 70, 160, 145, 45, 24, 8, 26, 34, 60, 175, 179, 93, 56, 195, 42, 185, 59, 73, 164, 86, 82, 3, 5, 127, 50, 155, 194, 81, 109, 41, 108, 1, 154, 12, 125, 186, 77, 44]
40598

[23, 104, 15, 1, 108, 154, 12, 186, 125, 62, 30, 47, 194, 50, 127, 111, 14, 5, 3, 82, 81, 63, 13, 124, 119, 41, 105, 117, 184, 42, 88, 59, 164, 73, 132, 65, 144, 177, 93, 179, 175, 26, 70, 11, 160, 8, 45, 89, 0, 94, 2, 90, 128, 27, 157, 10, 92, 121, 141, 9, 122, 20, 107, 67, 189, 116, 39, 66, 196, 4, 131, 193, 61, 25, 99, 55, 100, 126, 123, 64, 71, 114, 53, 162, 115, 51, 57, 83, 6, 168, 24, 33, 56, 185, 195, 163, 152, 159, 192, 143]
[95, 136, 91, 118, 40, 147, 43, 129, 199, 101, 150, 18, 134, 161, 17, 76, 102, 182, 139, 158, 49, 54, 103, 21, 22, 87, 170, 142, 176, 153, 190, 138, 172, 36, 183, 140, 46, 178, 80, 112, 78, 187, 79, 19, 37, 180, 29, 74, 149, 68, 38, 197, 69, 148, 169, 52, 72, 84, 188, 110, 133, 48, 85, 137, 165, 151, 145, 173, 97, 28, 7, 98, 96, 75, 135, 58, 174, 166, 31, 106, 60, 34, 171, 156, 130, 198, 167, 113, 86, 181, 32, 146, 120, 155, 109, 77, 191, 16, 44, 35]
38763

[34, 171, 156, 130, 175, 26, 70, 160, 11, 173, 0, 94, 7, 98, 75, 96, 90, 128, 27, 157, 2, 122, 85, 48, 67, 110, 188, 52, 169, 148, 69, 197, 38, 66, 196, 4, 80, 46, 172, 138, 190, 153, 162, 53, 57, 168, 71, 36, 37, 151, 145, 45, 24, 8, 33, 93, 177, 198, 144, 65, 132, 3, 5, 14, 32, 146, 111, 127, 50, 155, 194, 30, 62, 125, 186, 12, 154, 77, 16, 191, 40, 147, 101, 199, 134, 159, 143, 152, 23, 104, 15, 1, 108, 13, 181, 82, 113, 167, 164, 73]
[180, 107, 89, 20, 165, 137, 133, 29, 74, 100, 149, 68, 25, 99, 55, 61, 131, 193, 39, 116, 189, 9, 141, 72, 84, 121, 92, 10, 28, 135, 58, 174, 166, 31, 97, 106, 60, 179, 56, 6, 83, 59, 86, 88, 117, 63, 81, 120, 47, 109, 41, 119, 124, 105, 139, 182, 102, 76, 17, 44, 35, 118, 43, 129, 18, 150, 91, 136, 95, 161, 54, 103, 192, 21, 22, 87, 170, 142, 176, 163, 49, 158, 184, 42, 195, 185, 51, 115, 114, 183, 140, 64, 187, 178, 112, 78, 123, 126, 19, 79]
39779

[5, 3, 14, 111, 127, 146, 32, 109, 41, 119, 124, 117, 42, 163, 184, 15, 154, 12, 62, 125, 186, 77, 191, 16, 44, 35, 118, 161, 23, 152, 159, 143, 192, 103, 176, 53, 162, 115, 51, 57, 83, 168, 114, 140, 64, 183, 36, 71, 151, 107, 165, 137, 85, 48, 133, 180, 37, 19, 79, 187, 78, 178, 80, 112, 193, 39, 38, 116, 189, 188, 110, 67, 9, 141, 122, 20, 0, 94, 28, 7, 98, 75, 58, 174, 166, 31, 106, 160, 70, 26, 60, 175, 179, 177, 144, 65, 132, 167, 86, 113]
[142, 170, 21, 22, 87, 153, 190, 138, 172, 46, 123, 126, 74, 29, 68, 149, 100, 55, 99, 25, 61, 131, 4, 196, 66, 197, 69, 148, 169, 52, 72, 84, 121, 92, 10, 2, 157, 27, 128, 90, 96, 135, 97, 11, 173, 89, 145, 45, 24, 8, 33, 6, 56, 93, 34, 171, 156, 130, 198, 73, 164, 59, 185, 195, 88, 82, 181, 13, 63, 81, 120, 155, 50, 194, 30, 47, 108, 1, 40, 147, 101, 43, 129, 134, 18, 150, 199, 91, 136, 95, 17, 104, 76, 54, 102, 182, 139, 105, 158, 49]
38736

[90, 27, 128, 96, 75, 58, 174, 106, 70, 26, 175, 179, 93, 177, 198, 167, 113, 73, 164, 59, 42, 184, 88, 3, 5, 127, 50, 155, 194, 109, 154, 77, 191, 40, 147, 43, 129, 199, 101, 136, 95, 161, 17, 23, 152, 104, 76, 102, 139, 158, 49, 163, 54, 103, 21, 170, 142, 176, 153, 190, 138, 46, 178, 80, 112, 78, 187, 100, 149, 99, 55, 131, 4, 196, 66, 197, 69, 148, 116, 189, 110, 188, 72, 121, 84, 141, 9, 67, 133, 180, 71, 168, 57, 83, 33, 160, 11, 173, 7, 98]
[63, 81, 32, 14, 111, 146, 120, 47, 30, 62, 125, 186, 12, 1, 108, 41, 119, 124, 13, 82, 181, 117, 105, 182, 15, 16, 44, 35, 118, 91, 150, 18, 134, 159, 143, 192, 22, 87, 172, 140, 64, 123, 126, 74, 29, 68, 25, 61, 193, 39, 38, 169, 52, 92, 10, 157, 2, 28, 135, 166, 31, 97, 94, 0, 89, 20, 122, 85, 48, 137, 165, 107, 151, 45, 8, 24, 145, 37, 19, 79, 183, 36, 114, 53, 162, 115, 51, 195, 185, 6, 56, 60, 34, 171, 156, 130, 144, 65, 132, 86]
40100

[114, 71, 36, 183, 140, 64, 46, 178, 80, 112, 78, 187, 123, 126, 79, 19, 37, 151, 74, 149, 100, 55, 99, 25, 61, 196, 66, 197, 38, 39, 116, 189, 188, 110, 67, 20, 89, 0, 97, 31, 28, 98, 7, 2, 157, 27, 128, 90, 96, 75, 135, 58, 166, 174, 106, 70, 26, 175, 179, 60, 34, 171, 156, 130, 177, 6, 83, 57, 53, 162, 115, 195, 185, 59, 82, 181, 63, 32, 146, 120, 155, 194, 30, 125, 186, 44, 35, 118, 91, 150, 18, 199, 43, 129, 134, 159, 192, 21, 22, 172]
[154, 104, 76, 15, 119, 124, 13, 41, 81, 109, 108, 1, 12, 62, 47, 50, 127, 111, 14, 5, 3, 86, 164, 73, 113, 167, 132, 65, 144, 198, 93, 56, 160, 11, 173, 94, 10, 92, 121, 84, 72, 52, 169, 148, 69, 4, 131, 193, 68, 29, 180, 133, 48, 137, 85, 9, 141, 122, 165, 107, 145, 45, 24, 8, 33, 168, 51, 42, 88, 184, 117, 105, 139, 182, 102, 158, 49, 163, 176, 153, 190, 138, 142, 87, 170, 103, 54, 143, 152, 23, 17, 161, 95, 136, 101, 147, 40, 191, 16, 77]
38585

[18, 150, 199, 101, 91, 118, 35, 44, 95, 136, 161, 17, 23, 104, 76, 139, 158, 49, 184, 88, 195, 185, 6, 83, 57, 53, 153, 190, 114, 138, 170, 103, 143, 192, 21, 22, 87, 172, 140, 183, 36, 71, 56, 26, 70, 160, 11, 173, 67, 110, 189, 116, 39, 193, 68, 126, 123, 64, 187, 78, 61, 131, 4, 196, 66, 38, 197, 69, 148, 169, 52, 188, 2, 157, 27, 128, 90, 135, 166, 171, 156, 130, 198, 144, 65, 73, 164, 59, 86, 181, 32, 146, 120, 47, 30, 62, 12, 108, 1, 15]
[186, 154, 77, 16, 191, 40, 147, 43, 129, 134, 159, 152, 102, 182, 105, 117, 42, 51, 115, 162, 176, 163, 54, 142, 46, 178, 112, 80, 55, 99, 25, 100, 149, 74, 29, 180, 133, 48, 85, 9, 141, 72, 84, 121, 92, 10, 122, 107, 151, 165, 137, 37, 19, 79, 168, 33, 8, 24, 45, 145, 20, 89, 0, 94, 97, 31, 28, 7, 98, 96, 75, 58, 174, 106, 34, 60, 175, 179, 93, 177, 132, 167, 113, 3, 82, 5, 14, 111, 127, 50, 155, 194, 81, 63, 13, 124, 119, 41, 109, 125]
41825

[86, 88, 42, 184, 158, 49, 163, 115, 51, 57, 83, 195, 185, 59, 164, 73, 132, 65, 144, 198, 130, 177, 93, 175, 26, 8, 24, 45, 145, 151, 165, 107, 0, 94, 97, 31, 135, 90, 128, 27, 157, 10, 92, 141, 67, 110, 188, 38, 148, 69, 197, 66, 196, 4, 131, 193, 48, 85, 137, 37, 19, 79, 180, 133, 29, 74, 78, 112, 178, 187, 64, 183, 36, 114, 153, 190, 142, 21, 22, 192, 134, 18, 150, 118, 35, 44, 16, 191, 186, 125, 62, 30, 47, 109, 41, 119, 124, 13, 63, 181]
[6, 33, 168, 71, 123, 126, 100, 149, 68, 189, 39, 116, 61, 25, 99, 55, 80, 46, 140, 172, 138, 87, 170, 103, 54, 143, 159, 161, 95, 136, 91, 101, 199, 129, 43, 147, 40, 17, 104, 23, 152, 76, 176, 53, 162, 117, 105, 139, 182, 102, 15, 1, 77, 154, 12, 108, 81, 146, 120, 155, 194, 50, 127, 111, 14, 32, 5, 82, 3, 113, 167, 156, 171, 34, 106, 174, 166, 58, 75, 96, 98, 7, 28, 2, 121, 84, 72, 52, 169, 9, 122, 20, 89, 173, 11, 160, 70, 60, 179, 56]
39790

[136, 95, 17, 104, 15, 1, 105, 139, 158, 163, 115, 162, 53, 153, 190, 170, 143, 192, 21, 22, 87, 138, 172, 183, 140, 46, 178, 80, 112, 78, 187, 64, 123, 126, 55, 99, 25, 61, 193, 131, 4, 196, 66, 116, 39, 38, 169, 188, 110, 48, 85, 67, 9, 122, 141, 72, 84, 121, 92, 10, 2, 7, 98, 28, 135, 166, 174, 106, 160, 145, 151, 37, 19, 79, 71, 36, 114, 168, 195, 88, 81, 120, 155, 50, 194, 47, 30, 62, 16, 191, 40, 147, 101, 43, 129, 199, 91, 18, 134, 150]
[51, 57, 83, 6, 56, 33, 8, 24, 45, 89, 20, 107, 165, 137, 133, 180, 29, 74, 100, 149, 68, 189, 197, 69, 148, 52, 157, 27, 128, 90, 96, 75, 58, 31, 97, 94, 0, 173, 11, 70, 26, 34, 171, 156, 60, 175, 179, 93, 177, 130, 198, 73, 164, 144, 65, 132, 167, 113, 86, 59, 185, 176, 142, 103, 54, 49, 182, 102, 76, 23, 152, 159, 161, 118, 35, 44, 77, 154, 12, 186, 125, 109, 108, 41, 146, 127, 111, 14, 32, 5, 3, 82, 181, 63, 13, 124, 119, 117, 184, 42]
38882

[63, 32, 146, 81, 13, 124, 119, 41, 109, 62, 30, 47, 194, 50, 155, 120, 127, 111, 14, 5, 3, 82, 181, 164, 59, 185, 6, 83, 57, 168, 33, 56, 179, 93, 177, 198, 130, 156, 171, 34, 60, 70, 160, 8, 24, 45, 145, 151, 137, 48, 85, 122, 90, 128, 27, 157, 10, 92, 52, 169, 116, 189, 110, 68, 149, 100, 112, 80, 178, 78, 187, 79, 19, 37, 71, 36, 114, 190, 153, 115, 51, 195, 42, 184, 163, 152, 23, 134, 129, 43, 118, 35, 44, 17, 104, 76, 102, 182, 139, 105]
[173, 0, 94, 97, 106, 11, 26, 175, 73, 144, 65, 132, 167, 113, 86, 88, 117, 158, 49, 15, 1, 108, 125, 186, 12, 154, 77, 16, 191, 40, 147, 101, 199, 91, 150, 18, 136, 95, 161, 159, 143, 192, 103, 54, 142, 176, 162, 53, 170, 21, 22, 87, 138, 172, 183, 140, 46, 64, 123, 126, 180, 133, 29, 74, 55, 99, 25, 61, 131, 4, 196, 66, 193, 39, 197, 69, 148, 38, 188, 9, 67, 165, 107, 89, 20, 141, 72, 84, 121, 2, 7, 98, 96, 75, 135, 28, 31, 166, 58, 174]
39088

[101, 118, 95, 91, 150, 18, 199, 129, 43, 147, 40, 191, 16, 35, 44, 17, 77, 186, 125, 12, 154, 1, 15, 104, 23, 76, 102, 139, 158, 49, 163, 142, 176, 115, 51, 57, 83, 6, 168, 71, 36, 64, 123, 126, 187, 78, 112, 55, 61, 193, 68, 149, 29, 180, 133, 110, 188, 169, 52, 84, 92, 157, 27, 128, 90, 96, 98, 7, 75, 135, 58, 174, 166, 31, 97, 173, 89, 107, 165, 85, 48, 137, 151, 33, 56, 73, 164, 59, 185, 195, 117, 13, 63, 124, 119, 41, 81, 120, 109, 108]
[54, 103, 170, 87, 22, 21, 192, 143, 159, 134, 136, 161, 152, 182, 105, 62, 30, 47, 194, 155, 50, 127, 146, 111, 14, 32, 5, 3, 82, 181, 86, 113, 167, 132, 65, 144, 198, 177, 130, 156, 171, 34, 60, 93, 179, 175, 26, 70, 160, 11, 106, 28, 2, 10, 121, 72, 148, 69, 197, 38, 39, 66, 196, 4, 131, 116, 189, 67, 9, 141, 122, 20, 94, 0, 8, 24, 45, 145, 37, 19, 79, 74, 100, 25, 99, 80, 178, 46, 140, 183, 114, 172, 138, 190, 153, 53, 162, 42, 88, 184]
39170

[186, 125, 12, 62, 30, 47, 194, 155, 50, 127, 120, 81, 63, 119, 124, 181, 82, 5, 3, 132, 167, 113, 86, 59, 164, 73, 93, 56, 6, 83, 57, 51, 115, 183, 19, 37, 122, 94, 0, 160, 26, 70, 106, 31, 58, 75, 98, 96, 90, 128, 27, 121, 84, 72, 141, 9, 52, 169, 148, 69, 197, 38, 116, 189, 110, 193, 61, 25, 99, 55, 100, 149, 74, 29, 126, 187, 78, 46, 64, 140, 172, 138, 87, 170, 103, 143, 54, 49, 158, 105, 139, 182, 102, 76, 136, 150, 18, 129, 43, 147]
[41, 109, 146, 111, 14, 32, 13, 117, 184, 163, 42, 88, 195, 185, 65, 144, 198, 130, 177, 179, 175, 60, 156, 171, 34, 174, 166, 135, 28, 7, 157, 92, 10, 2, 97, 11, 173, 89, 20, 107, 151, 165, 137, 85, 48, 67, 188, 39, 66, 196, 4, 131, 68, 133, 180, 112, 80, 178, 123, 79, 145, 45, 24, 8, 33, 168, 71, 36, 114, 53, 162, 153, 190, 176, 142, 21, 22, 192, 159, 152, 23, 104, 15, 1, 108, 154, 77, 17, 161, 134, 199, 101, 91, 118, 95, 35, 44, 40, 191, 16]
41473

[41, 108, 1, 15, 119, 124, 13, 63, 81, 120, 109, 125, 186, 12, 154, 77, 16, 191, 40, 147, 199, 136, 95, 161, 152, 159, 143, 192, 22, 21, 103, 54, 182, 139, 105, 117, 184, 42, 88, 195, 185, 57, 51, 115, 162, 53, 153, 190, 138, 183, 140, 64, 187, 78, 112, 178, 80, 55, 99, 74, 79, 19, 37, 48, 85, 137, 165, 107, 151, 145, 24, 8, 26, 70, 160, 11, 97, 28, 7, 98, 75, 135, 58, 174, 166, 31, 106, 60, 34, 171, 156, 130, 198, 177, 73, 164, 59, 167, 113, 86]
[100, 149, 68, 25, 61, 131, 4, 196, 66, 39, 38, 197, 69, 148, 169, 52, 72, 84, 121, 92, 10, 2, 157, 27, 128, 90, 96, 94, 0, 173, 89, 45, 168, 71, 36, 114, 83, 6, 33, 56, 175, 179, 93, 144, 65, 132, 3, 82, 181, 5, 14, 111, 32, 146, 127, 50, 155, 194, 47, 30, 62, 44, 35, 101, 43, 129, 134, 18, 150, 91, 118, 17, 23, 104, 76, 102, 158, 49, 163, 176, 142, 170, 87, 172, 46, 123, 126, 29, 180, 133, 20, 122, 141, 9, 67, 110, 188, 189, 116, 193]
37945

[122, 9, 67, 110, 68, 149, 100, 99, 55, 112, 78, 187, 64, 140, 183, 138, 170, 103, 192, 159, 143, 54, 76, 152, 23, 161, 134, 18, 150, 136, 95, 118, 35, 44, 16, 77, 62, 30, 47, 194, 50, 155, 120, 81, 124, 117, 184, 88, 13, 63, 146, 127, 111, 14, 32, 5, 3, 65, 144, 198, 177, 73, 164, 59, 185, 195, 42, 83, 57, 51, 115, 53, 162, 176, 153, 190, 114, 36, 79, 19, 37, 151, 145, 24, 33, 26, 70, 173, 97, 135, 7, 28, 94, 0, 89, 20, 165, 137, 85, 48]
[128, 27, 90, 96, 98, 75, 58, 174, 166, 31, 106, 11, 160, 8, 45, 107, 133, 180, 29, 74, 126, 123, 71, 168, 6, 56, 93, 179, 175, 60, 34, 171, 156, 130, 132, 167, 113, 86, 82, 181, 119, 41, 108, 109, 125, 186, 12, 154, 1, 15, 191, 40, 147, 43, 129, 199, 101, 91, 17, 104, 102, 182, 139, 105, 158, 49, 163, 142, 21, 22, 87, 172, 46, 178, 80, 25, 61, 193, 131, 4, 196, 66, 116, 189, 39, 38, 197, 69, 148, 169, 52, 188, 141, 72, 84, 121, 92, 10, 2, 157]
38950

[122, 197, 69, 148, 52, 72, 84, 121, 92, 10, 157, 27, 128, 90, 96, 174, 166, 31, 106, 97, 173, 11, 160, 70, 26, 175, 179, 93, 130, 198, 167, 164, 59, 185, 195, 51, 115, 184, 117, 63, 32, 181, 82, 3, 5, 14, 120, 155, 194, 30, 62, 125, 186, 12, 154, 16, 191, 40, 147, 43, 134, 161, 17, 104, 23, 152, 159, 143, 192, 22, 21, 170, 142, 176, 162, 53, 153, 190, 138, 46, 187, 78, 112, 178, 80, 55, 99, 74, 29, 79, 19, 37, 168, 56, 33, 8, 24, 45, 145, 20]
[89, 0, 94, 28, 135, 58, 75, 98, 7, 2, 141, 169, 38, 39, 66, 196, 4, 131, 61, 25, 100, 149, 68, 193, 116, 189, 188, 110, 9, 67, 48, 85, 137, 165, 107, 151, 71, 36, 183, 114, 57, 83, 6, 73, 177, 60, 34, 171, 156, 144, 65, 132, 113, 86, 88, 42, 163, 49, 158, 139, 102, 182, 105, 13, 124, 119, 41, 81, 146, 111, 127, 50, 47, 109, 108, 1, 77, 35, 118, 101, 199, 129, 18, 150, 91, 136, 95, 44, 15, 76, 54, 103, 87, 172, 140, 64, 123, 126, 180, 133]
40073

[149, 68, 25, 99, 100, 126, 123, 187, 46, 140, 183, 172, 138, 162, 53, 57, 83, 6, 56, 185, 195, 51, 115, 163, 42, 184, 158, 49, 76, 152, 54, 21, 22, 192, 134, 150, 18, 129, 43, 199, 101, 147, 40, 191, 16, 35, 44, 77, 1, 108, 41, 119, 124, 32, 146, 120, 47, 194, 155, 50, 127, 111, 14, 5, 3, 65, 198, 130, 156, 171, 106, 31, 135, 75, 98, 7, 28, 0, 89, 20, 107, 165, 151, 37, 19, 74, 29, 48, 137, 85, 67, 188, 84, 92, 121, 72, 52, 169, 116, 193]
[164, 73, 59, 167, 113, 86, 88, 82, 181, 13, 63, 81, 109, 30, 62, 125, 186, 12, 154, 15, 117, 105, 139, 182, 102, 104, 23, 17, 95, 118, 91, 136, 161, 159, 143, 103, 170, 87, 142, 176, 153, 190, 114, 36, 64, 78, 112, 178, 80, 55, 61, 131, 4, 196, 66, 197, 69, 148, 38, 39, 189, 110, 9, 122, 141, 94, 2, 10, 157, 27, 128, 90, 96, 58, 174, 166, 97, 173, 11, 160, 70, 34, 60, 175, 26, 8, 24, 45, 145, 133, 180, 79, 71, 168, 33, 179, 93, 177, 144, 132]
40220

[106, 31, 166, 174, 58, 96, 90, 128, 27, 157, 2, 141, 9, 67, 85, 137, 48, 110, 188, 189, 66, 196, 4, 131, 193, 61, 68, 149, 74, 36, 71, 168, 6, 83, 57, 51, 195, 185, 88, 42, 163, 49, 54, 103, 21, 192, 143, 159, 152, 23, 76, 104, 17, 161, 95, 136, 134, 18, 150, 199, 129, 43, 147, 40, 101, 91, 118, 35, 44, 77, 154, 12, 62, 30, 109, 108, 1, 41, 13, 63, 181, 82, 86, 113, 167, 144, 198, 130, 177, 73, 164, 59, 56, 33, 8, 24, 45, 11, 173, 97]
[0, 94, 28, 135, 75, 98, 7, 10, 92, 121, 84, 72, 52, 169, 148, 69, 197, 38, 39, 116, 25, 99, 55, 100, 133, 180, 29, 126, 123, 187, 78, 112, 80, 178, 46, 64, 140, 183, 172, 114, 53, 162, 153, 190, 138, 87, 22, 170, 142, 176, 115, 184, 117, 32, 146, 81, 119, 124, 105, 158, 139, 182, 102, 15, 16, 191, 186, 125, 47, 120, 155, 194, 50, 127, 111, 14, 5, 3, 132, 65, 156, 171, 34, 60, 93, 179, 175, 26, 70, 160, 89, 20, 122, 107, 165, 79, 19, 37, 145, 151]
39066

[199, 129, 43, 147, 40, 186, 125, 12, 154, 108, 1, 15, 105, 117, 88, 86, 164, 59, 185, 195, 83, 6, 56, 177, 130, 156, 171, 34, 60, 175, 179, 93, 33, 24, 45, 8, 26, 70, 160, 173, 11, 106, 97, 31, 166, 174, 58, 135, 28, 2, 10, 141, 122, 165, 107, 151, 145, 37, 19, 79, 67, 9, 110, 189, 116, 193, 68, 149, 25, 99, 55, 100, 112, 78, 178, 80, 46, 172, 138, 190, 153, 51, 115, 87, 22, 21, 170, 103, 192, 143, 159, 161, 134, 136, 95, 118, 101, 91, 18, 150]
[148, 69, 197, 38, 39, 66, 196, 4, 131, 61, 187, 64, 140, 114, 53, 162, 176, 142, 54, 152, 23, 76, 102, 104, 17, 44, 35, 16, 191, 77, 62, 30, 47, 194, 155, 50, 127, 111, 14, 32, 146, 120, 81, 109, 41, 63, 13, 124, 119, 182, 139, 184, 158, 49, 163, 42, 181, 82, 5, 3, 132, 65, 144, 198, 167, 113, 73, 57, 168, 71, 36, 183, 123, 126, 74, 29, 180, 133, 48, 85, 137, 20, 89, 0, 94, 7, 98, 75, 96, 90, 128, 27, 157, 92, 121, 84, 72, 188, 52, 169]
38158

[192, 21, 170, 142, 176, 163, 49, 158, 139, 182, 105, 124, 119, 41, 108, 1, 15, 102, 76, 104, 17, 44, 35, 118, 91, 199, 129, 43, 101, 147, 40, 77, 154, 12, 62, 30, 47, 194, 155, 50, 127, 111, 14, 146, 32, 63, 181, 82, 5, 3, 132, 65, 144, 177, 179, 93, 73, 167, 113, 86, 185, 195, 6, 83, 57, 168, 33, 70, 31, 166, 58, 135, 28, 7, 98, 157, 10, 2, 141, 122, 20, 151, 107, 9, 52, 169, 38, 193, 4, 131, 61, 25, 100, 99, 55, 80, 46, 172, 87, 22]
[162, 53, 153, 190, 114, 71, 36, 183, 123, 126, 187, 78, 112, 178, 64, 140, 138, 103, 54, 143, 159, 152, 23, 161, 95, 136, 134, 18, 150, 16, 191, 186, 125, 109, 120, 81, 13, 117, 184, 42, 88, 59, 164, 198, 130, 156, 171, 34, 60, 106, 174, 75, 96, 90, 128, 27, 92, 121, 84, 72, 148, 69, 197, 66, 196, 39, 116, 189, 188, 110, 67, 165, 137, 85, 48, 133, 68, 149, 74, 29, 180, 79, 19, 37, 145, 89, 0, 94, 97, 173, 11, 160, 45, 24, 8, 26, 175, 56, 51, 115]
39194

[170, 103, 143, 54, 176, 153, 190, 138, 172, 64, 123, 126, 187, 78, 55, 99, 74, 29, 133, 180, 79, 19, 37, 48, 67, 9, 188, 38, 169, 52, 72, 84, 121, 92, 10, 27, 128, 90, 96, 75, 58, 174, 166, 31, 135, 28, 141, 122, 151, 168, 57, 83, 6, 56, 60, 70, 160, 11, 106, 34, 171, 156, 130, 198, 86, 88, 42, 51, 115, 53, 162, 163, 49, 158, 102, 182, 117, 181, 82, 3, 5, 32, 63, 13, 124, 119, 108, 15, 104, 44, 16, 191, 35, 118, 136, 95, 23, 152, 159, 192]
[73, 113, 167, 132, 65, 144, 177, 93, 179, 175, 26, 33, 8, 24, 45, 145, 173, 97, 7, 98, 157, 2, 94, 0, 89, 20, 107, 165, 137, 85, 110, 189, 116, 39, 148, 69, 197, 66, 196, 4, 131, 193, 61, 25, 68, 149, 100, 112, 80, 178, 46, 140, 183, 36, 71, 114, 142, 87, 22, 21, 76, 17, 161, 134, 18, 150, 91, 101, 199, 129, 43, 147, 40, 77, 1, 154, 12, 186, 125, 62, 30, 47, 194, 155, 50, 127, 111, 14, 146, 120, 81, 109, 41, 105, 139, 184, 195, 185, 59, 164]
38893

[147, 43, 129, 199, 150, 18, 134, 159, 192, 103, 170, 21, 22, 87, 46, 80, 178, 78, 187, 64, 123, 126, 74, 100, 149, 68, 67, 110, 131, 4, 196, 66, 39, 116, 189, 169, 52, 72, 84, 121, 92, 10, 157, 27, 128, 90, 96, 98, 7, 75, 135, 58, 174, 166, 31, 28, 2, 94, 0, 173, 97, 106, 171, 156, 130, 198, 177, 93, 179, 175, 26, 33, 168, 36, 183, 114, 115, 51, 185, 59, 144, 65, 132, 167, 32, 146, 120, 81, 63, 13, 124, 119, 102, 76, 104, 17, 95, 136, 91, 101]
[37, 19, 79, 29, 180, 133, 48, 85, 137, 165, 107, 151, 145, 45, 24, 8, 70, 160, 11, 89, 20, 122, 141, 9, 188, 148, 69, 197, 38, 193, 61, 25, 99, 55, 112, 140, 172, 138, 176, 142, 54, 143, 152, 23, 161, 118, 35, 44, 40, 191, 16, 77, 154, 12, 186, 125, 108, 1, 15, 182, 139, 105, 184, 158, 49, 163, 42, 195, 88, 117, 41, 109, 62, 30, 47, 194, 155, 50, 127, 111, 14, 5, 3, 82, 181, 86, 113, 164, 73, 34, 60, 56, 6, 83, 57, 53, 162, 153, 190, 71]
38705

[45, 24, 8, 33, 175, 26, 75, 96, 90, 128, 27, 157, 2, 94, 122, 141, 10, 92, 121, 84, 72, 148, 69, 197, 66, 196, 4, 131, 193, 110, 67, 48, 85, 137, 165, 107, 151, 180, 133, 149, 25, 100, 112, 78, 187, 123, 64, 140, 183, 36, 114, 138, 190, 153, 176, 142, 54, 159, 161, 134, 18, 150, 91, 136, 95, 77, 154, 12, 125, 62, 47, 194, 155, 120, 109, 81, 63, 124, 119, 41, 108, 1, 182, 139, 105, 158, 49, 163, 42, 88, 86, 164, 73, 59, 185, 195, 83, 6, 168, 57]
[79, 37, 20, 89, 0, 173, 97, 31, 166, 135, 28, 7, 98, 58, 174, 106, 11, 160, 70, 145, 19, 126, 74, 29, 68, 189, 188, 9, 52, 169, 38, 39, 116, 61, 99, 55, 80, 178, 46, 172, 87, 170, 21, 22, 192, 103, 143, 152, 23, 17, 104, 76, 102, 184, 117, 181, 13, 15, 44, 35, 118, 199, 129, 43, 101, 147, 40, 191, 16, 186, 30, 50, 127, 146, 111, 14, 32, 5, 82, 3, 113, 167, 132, 65, 144, 198, 177, 130, 156, 171, 34, 60, 179, 93, 56, 51, 115, 162, 53, 71]
41177

[139, 158, 49, 115, 51, 83, 6, 56, 177, 198, 130, 156, 171, 34, 60, 175, 26, 70, 106, 174, 166, 58, 135, 31, 97, 89, 45, 145, 151, 107, 165, 137, 85, 122, 9, 67, 110, 189, 116, 39, 4, 131, 61, 68, 25, 99, 55, 80, 178, 46, 126, 79, 19, 123, 64, 140, 114, 53, 162, 153, 190, 172, 138, 159, 152, 76, 23, 161, 95, 35, 44, 17, 104, 154, 1, 108, 109, 81, 146, 120, 47, 194, 155, 50, 127, 111, 113, 167, 132, 65, 144, 73, 164, 59, 185, 42, 184, 105, 182, 102]
[118, 136, 134, 192, 21, 22, 87, 170, 142, 176, 163, 54, 103, 143, 15, 41, 119, 124, 63, 13, 117, 88, 195, 57, 168, 71, 36, 183, 37, 180, 29, 74, 187, 78, 112, 100, 149, 133, 48, 193, 196, 66, 38, 197, 69, 148, 169, 52, 188, 141, 20, 0, 94, 2, 84, 72, 121, 92, 10, 157, 27, 128, 90, 96, 75, 98, 7, 28, 173, 11, 160, 8, 24, 33, 179, 93, 86, 181, 82, 3, 5, 14, 32, 30, 62, 125, 186, 12, 77, 16, 191, 40, 147, 101, 43, 129, 199, 18, 150, 91]
41545

[164, 73, 86, 113, 167, 132, 65, 144, 198, 130, 156, 171, 106, 160, 11, 173, 97, 31, 166, 174, 58, 75, 135, 28, 7, 98, 96, 90, 128, 27, 157, 2, 94, 0, 89, 20, 165, 85, 137, 37, 19, 180, 133, 110, 189, 39, 116, 68, 149, 112, 78, 178, 80, 46, 187, 126, 123, 64, 140, 183, 36, 114, 172, 138, 22, 21, 192, 143, 159, 161, 136, 95, 35, 15, 124, 13, 63, 81, 32, 5, 3, 82, 181, 42, 163, 176, 190, 153, 53, 162, 195, 185, 83, 6, 56, 33, 26, 175, 179, 93]
[142, 87, 170, 103, 54, 49, 158, 184, 105, 139, 182, 102, 76, 104, 152, 23, 17, 134, 18, 150, 91, 118, 101, 199, 129, 43, 147, 40, 191, 16, 44, 77, 154, 12, 186, 125, 62, 30, 47, 194, 155, 50, 127, 111, 14, 146, 120, 109, 108, 1, 41, 119, 117, 88, 59, 177, 34, 60, 70, 8, 24, 45, 145, 151, 107, 122, 141, 10, 92, 121, 84, 72, 52, 169, 148, 69, 197, 66, 196, 4, 131, 61, 99, 55, 100, 25, 193, 38, 188, 9, 67, 48, 29, 74, 79, 71, 168, 57, 51, 115]
37792

[160, 11, 173, 97, 94, 0, 89, 20, 122, 141, 2, 28, 135, 98, 7, 157, 10, 121, 84, 9, 38, 148, 69, 197, 66, 196, 4, 131, 39, 189, 116, 193, 61, 55, 99, 25, 149, 68, 133, 180, 137, 165, 107, 151, 71, 36, 183, 64, 123, 126, 178, 46, 172, 138, 170, 159, 152, 23, 12, 186, 125, 62, 30, 47, 194, 155, 50, 127, 111, 32, 63, 41, 108, 1, 15, 182, 139, 105, 158, 49, 163, 142, 176, 190, 153, 115, 195, 185, 164, 73, 56, 33, 93, 179, 175, 26, 8, 24, 145, 45]
[86, 113, 167, 59, 88, 42, 54, 103, 143, 192, 21, 22, 87, 53, 162, 51, 57, 83, 6, 168, 114, 140, 187, 78, 112, 80, 100, 74, 29, 79, 19, 37, 48, 85, 67, 110, 188, 169, 52, 72, 92, 27, 128, 90, 96, 75, 58, 174, 166, 31, 106, 70, 60, 34, 171, 156, 130, 177, 198, 144, 65, 132, 3, 82, 181, 5, 14, 146, 120, 81, 109, 154, 77, 191, 40, 16, 44, 35, 118, 91, 150, 18, 199, 101, 147, 43, 129, 134, 136, 95, 161, 17, 104, 76, 102, 184, 117, 119, 124, 13]
38655

[56, 93, 156, 171, 34, 60, 175, 33, 8, 24, 45, 145, 160, 11, 173, 67, 110, 188, 84, 10, 28, 7, 98, 75, 96, 90, 128, 27, 157, 92, 121, 72, 52, 169, 148, 69, 197, 38, 39, 116, 193, 4, 131, 55, 99, 68, 149, 123, 64, 140, 183, 36, 71, 168, 114, 138, 22, 21, 192, 143, 159, 152, 23, 95, 136, 91, 101, 147, 40, 191, 77, 154, 12, 62, 30, 47, 109, 41, 119, 124, 13, 63, 127, 111, 14, 5, 3, 59, 185, 195, 42, 163, 184, 158, 49, 54, 103, 176, 6, 83]
[70, 26, 179, 177, 130, 198, 73, 164, 144, 65, 132, 167, 113, 86, 181, 82, 32, 146, 81, 120, 155, 50, 194, 125, 186, 16, 44, 35, 118, 150, 18, 199, 43, 129, 134, 161, 17, 104, 76, 102, 182, 139, 105, 15, 1, 108, 117, 88, 57, 51, 115, 162, 53, 153, 190, 142, 170, 87, 172, 46, 178, 80, 112, 78, 187, 126, 100, 25, 61, 196, 66, 189, 48, 85, 137, 133, 180, 29, 74, 79, 19, 37, 151, 165, 107, 20, 89, 0, 122, 9, 141, 2, 94, 97, 31, 135, 58, 166, 174, 106]
40338

[171, 34, 60, 175, 8, 24, 45, 145, 20, 89, 0, 94, 28, 7, 98, 135, 58, 75, 96, 90, 128, 27, 157, 2, 10, 92, 121, 84, 72, 141, 122, 9, 189, 116, 66, 196, 4, 131, 110, 137, 165, 107, 151, 180, 29, 74, 68, 149, 100, 46, 140, 183, 114, 190, 138, 172, 22, 21, 192, 159, 136, 95, 44, 35, 101, 199, 129, 43, 147, 40, 191, 186, 125, 15, 76, 102, 182, 139, 105, 158, 49, 163, 115, 51, 42, 88, 184, 117, 124, 13, 181, 82, 65, 144, 198, 156, 130, 177, 179, 93]
[155, 50, 127, 146, 111, 14, 5, 3, 86, 113, 167, 132, 73, 164, 59, 185, 195, 57, 83, 6, 56, 33, 26, 70, 106, 174, 166, 31, 97, 173, 11, 160, 37, 19, 79, 133, 48, 85, 67, 188, 52, 169, 148, 69, 197, 38, 39, 193, 61, 25, 99, 55, 80, 178, 112, 78, 187, 126, 123, 64, 36, 71, 168, 53, 162, 153, 176, 142, 87, 170, 103, 54, 143, 152, 23, 104, 17, 161, 134, 18, 150, 91, 118, 16, 77, 1, 108, 154, 12, 62, 30, 194, 47, 109, 41, 119, 63, 32, 81, 120]
38224

[53, 162, 114, 71, 36, 183, 19, 79, 123, 126, 99, 100, 74, 29, 180, 133, 188, 189, 116, 39, 38, 197, 69, 148, 169, 52, 72, 27, 128, 90, 166, 31, 94, 0, 141, 9, 48, 85, 137, 165, 107, 151, 37, 145, 45, 33, 57, 83, 6, 56, 177, 60, 34, 171, 156, 130, 198, 144, 65, 132, 167, 73, 164, 59, 185, 195, 88, 105, 139, 182, 15, 119, 124, 13, 63, 146, 120, 47, 30, 62, 125, 186, 12, 154, 16, 101, 199, 18, 150, 136, 95, 161, 17, 23, 143, 54, 142, 176, 190, 153]
[168, 93, 179, 175, 26, 24, 8, 70, 106, 174, 58, 135, 75, 98, 96, 157, 10, 92, 121, 84, 2, 7, 28, 97, 173, 11, 160, 89, 20, 122, 67, 110, 193, 66, 196, 4, 131, 61, 68, 149, 25, 55, 80, 178, 112, 78, 187, 64, 46, 140, 172, 138, 115, 51, 42, 163, 49, 158, 184, 117, 181, 82, 86, 113, 3, 5, 32, 14, 111, 127, 50, 155, 194, 81, 109, 41, 108, 1, 77, 191, 40, 147, 43, 129, 134, 91, 118, 35, 44, 104, 76, 102, 152, 159, 192, 103, 170, 87, 22, 21]
40068

[75, 58, 166, 31, 97, 94, 0, 89, 173, 11, 160, 24, 8, 34, 171, 156, 130, 177, 198, 144, 65, 132, 63, 32, 14, 111, 146, 127, 50, 194, 155, 120, 81, 109, 125, 12, 154, 1, 108, 41, 13, 124, 119, 15, 152, 23, 95, 118, 35, 44, 16, 191, 101, 91, 150, 18, 134, 192, 22, 21, 170, 142, 54, 102, 182, 139, 158, 49, 184, 163, 115, 51, 71, 126, 74, 149, 100, 55, 99, 25, 4, 196, 66, 116, 189, 110, 48, 85, 122, 72, 84, 121, 92, 10, 2, 157, 27, 128, 90, 96]
[33, 56, 59, 185, 195, 88, 42, 176, 190, 153, 162, 53, 114, 36, 183, 140, 64, 123, 187, 78, 112, 80, 178, 46, 172, 138, 87, 103, 143, 159, 161, 136, 199, 129, 43, 147, 40, 186, 62, 30, 47, 77, 17, 104, 76, 105, 117, 181, 82, 5, 3, 86, 113, 167, 164, 73, 93, 179, 175, 60, 26, 70, 106, 174, 135, 28, 98, 7, 141, 9, 67, 188, 52, 169, 148, 69, 197, 38, 39, 193, 131, 61, 68, 29, 79, 19, 37, 180, 133, 137, 165, 151, 107, 20, 145, 45, 168, 6, 83, 57]
40729

[2, 52, 169, 38, 39, 189, 116, 193, 25, 112, 178, 78, 187, 64, 140, 183, 87, 170, 159, 136, 18, 150, 91, 199, 101, 40, 191, 30, 194, 155, 50, 127, 146, 120, 81, 124, 119, 41, 108, 12, 154, 44, 35, 118, 95, 23, 152, 76, 102, 49, 158, 184, 117, 181, 82, 3, 132, 167, 113, 73, 164, 59, 185, 195, 51, 162, 53, 114, 168, 33, 60, 34, 130, 156, 171, 106, 97, 173, 11, 160, 8, 24, 19, 79, 180, 137, 165, 107, 67, 9, 0, 94, 31, 166, 174, 58, 135, 75, 96, 157]
[105, 139, 182, 104, 17, 161, 134, 129, 43, 147, 16, 77, 186, 125, 62, 47, 109, 1, 15, 13, 63, 32, 111, 14, 5, 65, 144, 86, 88, 42, 163, 115, 57, 83, 6, 56, 177, 198, 93, 179, 175, 26, 70, 28, 7, 98, 90, 128, 27, 10, 92, 121, 84, 72, 141, 122, 20, 89, 45, 145, 151, 37, 71, 36, 123, 126, 100, 149, 68, 74, 29, 133, 48, 85, 110, 188, 148, 69, 197, 66, 196, 4, 131, 61, 99, 55, 80, 46, 172, 138, 190, 153, 176, 142, 54, 103, 21, 22, 192, 143]
42978

[139, 117, 181, 82, 5, 3, 65, 144, 132, 167, 113, 86, 185, 195, 162, 53, 114, 145, 45, 24, 8, 26, 70, 160, 11, 173, 97, 31, 28, 98, 96, 90, 128, 27, 157, 10, 92, 121, 84, 72, 52, 169, 148, 69, 197, 38, 39, 66, 196, 4, 131, 61, 68, 133, 48, 85, 137, 165, 107, 180, 29, 74, 46, 140, 172, 138, 87, 22, 192, 143, 159, 152, 23, 161, 134, 129, 43, 101, 199, 18, 150, 118, 35, 44, 186, 125, 62, 30, 194, 50, 155, 120, 146, 32, 81, 63, 13, 124, 119, 105]
[77, 154, 12, 47, 127, 111, 14, 109, 41, 108, 1, 15, 102, 182, 49, 158, 184, 42, 88, 59, 164, 73, 198, 130, 177, 56, 33, 93, 179, 175, 60, 34, 156, 171, 106, 174, 166, 58, 135, 75, 7, 2, 141, 9, 122, 94, 0, 89, 20, 151, 37, 19, 79, 67, 110, 188, 189, 116, 193, 149, 100, 25, 99, 55, 80, 178, 112, 78, 187, 126, 123, 64, 183, 36, 71, 168, 6, 83, 57, 51, 115, 153, 190, 176, 163, 142, 170, 21, 103, 54, 76, 104, 17, 95, 136, 91, 147, 40, 191, 16]
37619

[191, 16, 44, 77, 62, 47, 120, 111, 14, 5, 3, 86, 181, 82, 32, 63, 117, 105, 158, 49, 184, 163, 176, 190, 153, 162, 53, 168, 33, 24, 45, 8, 175, 179, 93, 73, 164, 113, 167, 156, 171, 31, 28, 90, 128, 27, 157, 72, 52, 20, 89, 151, 37, 19, 79, 74, 100, 149, 68, 116, 39, 38, 169, 148, 69, 197, 66, 196, 4, 131, 193, 61, 25, 99, 55, 80, 178, 112, 78, 126, 123, 187, 46, 87, 22, 21, 192, 143, 152, 23, 76, 104, 17, 161, 134, 129, 43, 101, 147, 40]
[170, 138, 172, 114, 71, 36, 183, 140, 64, 29, 180, 133, 110, 189, 188, 9, 67, 48, 85, 137, 165, 107, 145, 160, 11, 173, 97, 94, 0, 122, 141, 84, 121, 92, 10, 2, 7, 98, 96, 75, 135, 58, 166, 174, 106, 70, 26, 60, 34, 130, 198, 144, 65, 132, 177, 56, 6, 83, 57, 51, 115, 195, 185, 59, 88, 42, 142, 103, 54, 102, 182, 139, 15, 1, 108, 119, 124, 13, 41, 109, 81, 146, 127, 50, 155, 194, 30, 125, 186, 12, 154, 35, 118, 91, 199, 18, 150, 136, 95, 159]
41594

[180, 29, 74, 100, 25, 99, 55, 80, 112, 178, 46, 172, 138, 142, 54, 49, 158, 102, 76, 104, 17, 161, 95, 136, 150, 18, 134, 129, 43, 101, 199, 91, 118, 16, 77, 1, 108, 119, 124, 63, 32, 81, 120, 146, 127, 111, 14, 5, 3, 82, 88, 163, 176, 162, 53, 114, 168, 83, 6, 33, 56, 65, 144, 198, 130, 177, 93, 179, 175, 26, 24, 8, 70, 160, 11, 173, 106, 28, 7, 2, 10, 72, 52, 169, 38, 39, 189, 9, 67, 110, 116, 193, 68, 48, 85, 137, 37, 19, 126, 79]
[149, 61, 131, 4, 196, 66, 197, 69, 148, 188, 84, 121, 92, 157, 27, 128, 90, 96, 98, 75, 135, 58, 174, 166, 31, 97, 94, 0, 89, 20, 141, 122, 145, 45, 60, 34, 171, 156, 73, 164, 59, 132, 167, 113, 86, 181, 13, 41, 109, 155, 50, 194, 47, 30, 62, 125, 186, 12, 154, 191, 40, 147, 35, 44, 15, 182, 139, 105, 117, 184, 42, 195, 185, 57, 51, 115, 153, 190, 103, 143, 152, 23, 159, 192, 22, 21, 170, 87, 140, 64, 187, 78, 123, 183, 36, 71, 151, 107, 165, 133]
40578

[129, 43, 147, 40, 191, 16, 101, 199, 18, 150, 104, 102, 49, 158, 139, 182, 15, 12, 186, 125, 62, 30, 47, 120, 32, 5, 3, 167, 113, 73, 164, 59, 88, 117, 184, 42, 6, 33, 56, 179, 60, 156, 171, 34, 70, 106, 31, 28, 2, 10, 92, 121, 84, 141, 9, 122, 20, 165, 137, 85, 48, 133, 180, 79, 29, 74, 126, 187, 78, 100, 25, 193, 116, 189, 39, 66, 196, 4, 131, 61, 99, 55, 80, 112, 178, 46, 172, 140, 183, 36, 71, 114, 153, 190, 138, 87, 192, 159, 161, 134]
[26, 175, 93, 177, 130, 198, 144, 65, 132, 86, 82, 181, 105, 119, 124, 13, 63, 81, 146, 14, 111, 127, 50, 155, 194, 109, 41, 108, 1, 154, 77, 44, 35, 118, 91, 136, 95, 17, 23, 152, 76, 163, 54, 143, 103, 21, 22, 170, 142, 176, 162, 53, 115, 51, 195, 185, 83, 57, 168, 24, 8, 45, 145, 107, 151, 37, 19, 64, 123, 149, 68, 67, 110, 188, 38, 197, 69, 148, 169, 52, 72, 157, 27, 128, 90, 96, 98, 7, 75, 135, 58, 174, 166, 97, 94, 0, 89, 173, 11, 160]
39460

[127, 50, 194, 155, 146, 111, 14, 32, 82, 181, 63, 13, 41, 108, 1, 15, 118, 101, 199, 18, 150, 91, 95, 17, 104, 76, 102, 182, 105, 139, 54, 103, 170, 21, 22, 87, 138, 172, 183, 36, 71, 79, 29, 74, 55, 99, 61, 131, 4, 196, 66, 197, 69, 148, 52, 169, 38, 39, 189, 188, 9, 67, 137, 165, 151, 107, 122, 141, 72, 84, 121, 92, 10, 157, 2, 7, 28, 31, 106, 160, 145, 45, 24, 8, 33, 175, 60, 34, 171, 156, 130, 198, 73, 164, 132, 167, 113, 86, 3, 5]
[135, 58, 174, 166, 97, 173, 11, 70, 26, 179, 93, 168, 57, 83, 6, 56, 177, 144, 65, 59, 185, 195, 42, 163, 49, 158, 184, 88, 117, 124, 119, 81, 120, 109, 47, 30, 62, 125, 186, 12, 154, 77, 44, 35, 16, 191, 40, 147, 43, 129, 134, 136, 161, 23, 152, 159, 143, 192, 142, 176, 115, 51, 162, 53, 153, 190, 114, 140, 46, 178, 80, 112, 78, 187, 64, 123, 126, 19, 37, 180, 133, 149, 100, 25, 68, 193, 116, 110, 48, 85, 20, 89, 0, 94, 27, 128, 90, 96, 75, 98]
38060

[191, 40, 35, 44, 77, 154, 12, 1, 108, 41, 15, 23, 152, 159, 143, 192, 22, 21, 170, 87, 138, 172, 114, 183, 64, 187, 78, 123, 126, 100, 99, 25, 68, 149, 74, 29, 79, 19, 37, 180, 133, 48, 85, 137, 165, 107, 122, 67, 110, 189, 116, 196, 66, 197, 69, 148, 52, 72, 84, 121, 92, 157, 27, 128, 90, 96, 75, 98, 7, 97, 70, 175, 179, 93, 177, 56, 33, 6, 83, 53, 162, 153, 190, 163, 49, 158, 42, 195, 185, 86, 181, 82, 32, 81, 120, 30, 62, 125, 186, 16]
[63, 13, 124, 119, 109, 47, 194, 155, 50, 127, 146, 111, 14, 5, 3, 113, 167, 132, 65, 144, 198, 130, 73, 164, 59, 88, 184, 117, 105, 139, 182, 102, 76, 104, 17, 95, 136, 118, 91, 199, 101, 147, 43, 129, 18, 150, 134, 161, 54, 103, 142, 176, 115, 51, 57, 168, 71, 36, 140, 46, 178, 112, 80, 55, 61, 131, 4, 193, 39, 38, 169, 188, 9, 141, 10, 2, 28, 135, 58, 174, 166, 31, 106, 34, 171, 156, 60, 26, 8, 24, 45, 145, 151, 20, 89, 0, 94, 173, 11, 160]
39277

[170, 190, 176, 184, 13, 63, 146, 120, 81, 109, 41, 108, 1, 15, 102, 76, 23, 161, 95, 136, 18, 150, 91, 199, 129, 43, 62, 30, 47, 194, 155, 50, 127, 111, 14, 3, 113, 167, 132, 198, 130, 93, 179, 175, 156, 171, 106, 11, 97, 31, 166, 174, 58, 75, 135, 28, 7, 98, 96, 90, 128, 27, 157, 2, 10, 92, 121, 84, 72, 141, 122, 9, 67, 110, 189, 66, 196, 4, 131, 68, 149, 25, 100, 74, 29, 180, 133, 48, 85, 137, 37, 19, 79, 126, 123, 183, 36, 138, 87, 21]
[33, 6, 56, 177, 144, 65, 73, 164, 59, 86, 88, 185, 195, 42, 117, 119, 124, 181, 82, 5, 32, 125, 186, 12, 154, 77, 104, 17, 44, 35, 16, 191, 40, 147, 101, 118, 134, 159, 152, 182, 139, 105, 158, 49, 163, 142, 54, 103, 143, 192, 22, 172, 140, 64, 187, 78, 178, 46, 80, 112, 55, 99, 61, 193, 116, 39, 38, 197, 69, 148, 169, 52, 188, 165, 20, 89, 0, 94, 173, 160, 70, 34, 60, 26, 8, 24, 45, 145, 107, 151, 71, 168, 114, 153, 53, 162, 115, 51, 57, 83]
40108

[133, 29, 74, 149, 25, 68, 110, 189, 116, 38, 197, 69, 148, 169, 52, 92, 10, 2, 157, 27, 128, 90, 96, 98, 7, 75, 58, 166, 31, 97, 173, 11, 106, 34, 60, 175, 179, 93, 130, 177, 56, 8, 24, 45, 168, 6, 83, 51, 115, 162, 163, 63, 32, 14, 111, 127, 146, 81, 109, 108, 1, 12, 154, 44, 35, 40, 147, 43, 101, 118, 91, 150, 18, 199, 129, 134, 136, 95, 161, 159, 192, 103, 21, 22, 170, 87, 138, 172, 114, 183, 140, 46, 187, 123, 126, 180, 48, 85, 137, 165]
[71, 36, 64, 78, 178, 80, 112, 100, 55, 99, 61, 193, 131, 4, 196, 66, 39, 188, 72, 121, 84, 141, 9, 67, 122, 20, 0, 94, 28, 135, 174, 171, 156, 198, 144, 65, 132, 167, 113, 73, 164, 59, 185, 195, 42, 88, 86, 3, 5, 82, 181, 13, 124, 119, 41, 120, 155, 50, 194, 47, 30, 62, 125, 186, 191, 16, 77, 15, 117, 184, 49, 158, 105, 139, 182, 102, 76, 104, 17, 23, 152, 143, 54, 142, 176, 190, 153, 53, 57, 33, 26, 70, 160, 89, 145, 107, 151, 37, 19, 79]
38617

[8, 45, 145, 151, 107, 165, 137, 85, 48, 133, 67, 141, 2, 128, 27, 157, 10, 92, 121, 84, 72, 52, 169, 148, 69, 197, 66, 196, 4, 131, 193, 61, 25, 99, 55, 100, 149, 74, 29, 126, 123, 78, 187, 64, 183, 168, 24, 33, 56, 6, 83, 57, 195, 51, 153, 190, 138, 176, 142, 87, 170, 143, 152, 23, 76, 104, 17, 95, 35, 44, 16, 40, 191, 77, 154, 12, 186, 125, 62, 30, 194, 155, 120, 109, 41, 81, 146, 32, 5, 3, 86, 73, 93, 179, 175, 26, 160, 173, 97, 11]
[46, 172, 140, 79, 19, 180, 37, 71, 36, 114, 53, 162, 115, 42, 163, 54, 103, 21, 22, 192, 159, 161, 134, 199, 129, 43, 147, 101, 118, 91, 150, 18, 136, 15, 1, 108, 47, 50, 127, 111, 14, 82, 181, 63, 13, 124, 119, 105, 182, 102, 139, 158, 49, 184, 117, 88, 185, 59, 164, 113, 167, 132, 65, 144, 198, 177, 130, 156, 171, 34, 60, 70, 106, 31, 166, 174, 58, 135, 75, 96, 90, 98, 7, 28, 94, 0, 89, 20, 122, 9, 188, 38, 39, 116, 189, 110, 68, 112, 80, 178]
39260

[83, 6, 33, 56, 93, 73, 164, 86, 3, 5, 111, 127, 50, 155, 109, 108, 41, 119, 13, 124, 15, 1, 154, 12, 125, 186, 77, 191, 40, 16, 44, 35, 95, 136, 118, 91, 150, 18, 199, 101, 147, 43, 129, 134, 161, 17, 104, 23, 152, 159, 192, 22, 21, 54, 49, 42, 88, 185, 195, 163, 176, 190, 153, 162, 53, 114, 71, 36, 183, 187, 112, 80, 55, 99, 61, 131, 4, 196, 66, 116, 189, 188, 169, 52, 72, 121, 92, 10, 2, 94, 97, 173, 0, 89, 20, 107, 151, 37, 168, 57]
[85, 48, 133, 180, 79, 19, 137, 165, 122, 141, 9, 67, 110, 68, 29, 74, 149, 100, 25, 193, 39, 38, 197, 69, 148, 84, 157, 27, 128, 90, 96, 98, 7, 28, 31, 135, 75, 58, 166, 174, 106, 11, 160, 70, 26, 60, 34, 171, 156, 198, 144, 65, 132, 167, 113, 82, 181, 32, 14, 146, 120, 194, 47, 30, 62, 81, 63, 117, 184, 158, 105, 139, 182, 102, 76, 143, 103, 142, 170, 87, 46, 178, 78, 126, 123, 64, 140, 172, 138, 115, 51, 59, 177, 130, 179, 175, 8, 24, 45, 145]
39559

[119, 124, 13, 41, 108, 1, 15, 77, 154, 12, 186, 125, 109, 47, 120, 14, 3, 113, 167, 132, 65, 177, 93, 179, 60, 34, 156, 171, 106, 31, 166, 174, 58, 135, 75, 7, 98, 96, 90, 128, 27, 157, 84, 148, 69, 197, 38, 39, 131, 193, 116, 189, 110, 67, 9, 122, 107, 151, 165, 137, 74, 149, 99, 55, 112, 80, 87, 170, 21, 22, 192, 103, 54, 143, 159, 152, 23, 102, 182, 139, 105, 117, 184, 158, 49, 163, 42, 88, 185, 195, 51, 115, 162, 53, 176, 153, 190, 114, 183, 140]
[198, 130, 73, 164, 59, 57, 83, 6, 56, 33, 168, 71, 36, 79, 19, 37, 145, 24, 8, 175, 26, 70, 45, 89, 20, 141, 94, 0, 173, 160, 11, 97, 28, 2, 10, 92, 121, 72, 52, 169, 188, 85, 48, 133, 180, 29, 68, 196, 66, 4, 61, 25, 100, 126, 123, 64, 187, 78, 178, 46, 172, 138, 142, 76, 104, 17, 44, 35, 118, 95, 136, 161, 134, 18, 150, 91, 101, 199, 129, 43, 147, 40, 191, 16, 62, 30, 194, 155, 50, 127, 111, 146, 81, 63, 32, 5, 82, 181, 86, 144]
42115

[126, 187, 78, 112, 178, 46, 80, 55, 99, 61, 131, 4, 196, 66, 169, 52, 72, 121, 84, 141, 2, 10, 92, 157, 7, 98, 135, 31, 97, 173, 11, 160, 70, 26, 60, 179, 175, 8, 33, 83, 6, 56, 93, 73, 164, 59, 88, 42, 184, 13, 63, 32, 146, 50, 155, 194, 47, 30, 62, 108, 1, 77, 191, 40, 147, 101, 91, 118, 17, 23, 104, 76, 102, 158, 49, 163, 54, 103, 21, 170, 142, 176, 153, 53, 162, 115, 51, 114, 19, 37, 107, 122, 9, 67, 188, 110, 68, 133, 180, 79]
[105, 139, 182, 15, 154, 12, 125, 186, 16, 44, 35, 95, 136, 150, 18, 199, 43, 129, 134, 161, 152, 159, 143, 192, 22, 87, 172, 138, 190, 195, 185, 57, 168, 24, 45, 71, 36, 183, 140, 64, 123, 29, 74, 149, 100, 25, 193, 116, 39, 197, 69, 148, 38, 189, 48, 85, 137, 165, 151, 145, 20, 89, 0, 94, 28, 27, 128, 90, 96, 75, 58, 166, 174, 106, 34, 171, 156, 130, 177, 198, 144, 65, 132, 167, 113, 86, 3, 5, 14, 111, 127, 120, 81, 109, 41, 119, 124, 82, 181, 117]
40180

[25, 149, 68, 67, 48, 85, 137, 165, 37, 19, 79, 29, 74, 126, 123, 187, 78, 112, 178, 64, 140, 114, 153, 190, 138, 87, 170, 21, 103, 159, 44, 40, 191, 186, 125, 62, 30, 47, 120, 109, 12, 1, 108, 41, 119, 124, 13, 63, 181, 86, 88, 42, 184, 158, 49, 163, 176, 162, 53, 115, 51, 59, 164, 73, 113, 167, 65, 144, 198, 130, 156, 171, 34, 60, 179, 175, 26, 70, 11, 106, 31, 166, 174, 58, 75, 135, 28, 2, 10, 92, 84, 141, 9, 188, 38, 148, 69, 197, 39, 61]
[199, 101, 147, 43, 129, 134, 18, 150, 91, 136, 95, 118, 35, 16, 77, 154, 81, 32, 146, 155, 194, 50, 127, 111, 14, 5, 82, 3, 132, 177, 93, 56, 33, 6, 83, 57, 185, 195, 117, 105, 139, 182, 102, 15, 76, 104, 17, 23, 152, 143, 54, 142, 172, 183, 36, 71, 168, 145, 45, 24, 8, 160, 173, 97, 0, 94, 7, 98, 96, 90, 128, 27, 157, 121, 72, 52, 169, 66, 196, 4, 131, 193, 116, 189, 110, 122, 20, 89, 107, 151, 180, 133, 100, 99, 55, 80, 46, 22, 192, 161]
40466

[59, 86, 88, 185, 195, 42, 184, 119, 124, 13, 63, 32, 5, 14, 111, 146, 127, 50, 155, 194, 47, 120, 81, 109, 41, 108, 1, 12, 154, 77, 16, 191, 118, 35, 44, 17, 23, 152, 159, 143, 192, 103, 21, 22, 170, 87, 172, 36, 183, 140, 46, 187, 78, 112, 178, 80, 55, 99, 149, 133, 48, 85, 137, 165, 151, 107, 20, 122, 141, 9, 67, 110, 188, 38, 169, 52, 72, 27, 128, 90, 28, 135, 58, 166, 31, 97, 173, 11, 160, 26, 175, 179, 60, 156, 130, 198, 177, 93, 73, 164]
[157, 2, 10, 92, 121, 84, 94, 0, 89, 37, 19, 79, 180, 29, 74, 68, 193, 116, 189, 39, 148, 69, 197, 66, 196, 4, 131, 61, 25, 100, 126, 123, 64, 71, 168, 145, 45, 24, 8, 33, 56, 6, 83, 57, 51, 115, 162, 53, 114, 138, 190, 153, 176, 142, 54, 163, 49, 158, 139, 182, 102, 76, 104, 161, 95, 136, 134, 18, 150, 91, 101, 199, 129, 43, 147, 40, 186, 125, 30, 62, 15, 105, 117, 181, 82, 3, 113, 167, 132, 65, 144, 171, 34, 70, 106, 174, 75, 96, 98, 7]
38085

[39, 38, 66, 196, 4, 131, 116, 189, 188, 110, 67, 9, 141, 84, 121, 92, 10, 2, 7, 98, 28, 135, 31, 97, 94, 0, 20, 89, 173, 160, 179, 93, 177, 198, 144, 65, 132, 167, 113, 59, 185, 195, 51, 115, 176, 163, 42, 88, 3, 5, 14, 32, 63, 13, 105, 15, 1, 12, 125, 186, 16, 44, 35, 118, 95, 23, 152, 159, 192, 143, 54, 103, 21, 22, 87, 170, 142, 138, 172, 71, 36, 183, 140, 46, 64, 123, 187, 78, 100, 99, 25, 149, 68, 133, 180, 48, 85, 137, 165, 122]
[193, 197, 69, 148, 169, 52, 72, 157, 27, 128, 90, 96, 75, 58, 166, 174, 106, 11, 70, 26, 60, 34, 171, 156, 130, 73, 164, 86, 82, 181, 124, 119, 41, 108, 109, 81, 146, 111, 127, 120, 155, 50, 194, 47, 30, 62, 154, 77, 191, 40, 147, 43, 129, 199, 101, 91, 150, 18, 136, 134, 161, 17, 104, 76, 102, 182, 139, 49, 158, 117, 184, 162, 53, 153, 190, 114, 168, 57, 83, 6, 33, 56, 175, 8, 24, 45, 145, 107, 151, 37, 19, 79, 29, 74, 126, 112, 178, 80, 55, 61]
38081

[195, 162, 53, 114, 87, 170, 142, 176, 163, 184, 95, 136, 18, 150, 91, 199, 101, 118, 35, 44, 77, 154, 12, 109, 124, 13, 117, 86, 59, 164, 73, 113, 167, 132, 144, 198, 130, 177, 93, 179, 175, 26, 70, 160, 173, 11, 106, 97, 31, 166, 174, 58, 135, 28, 7, 98, 75, 96, 90, 128, 27, 157, 84, 72, 52, 148, 69, 197, 66, 196, 4, 131, 61, 193, 189, 110, 67, 9, 85, 137, 48, 133, 29, 74, 126, 123, 78, 187, 64, 140, 183, 36, 71, 151, 107, 20, 89, 145, 33, 185]
[194, 30, 62, 47, 120, 155, 50, 127, 111, 14, 5, 3, 65, 156, 171, 34, 60, 56, 6, 83, 57, 168, 24, 8, 45, 0, 94, 2, 10, 92, 121, 141, 122, 165, 37, 19, 79, 180, 188, 169, 38, 39, 116, 68, 149, 100, 25, 99, 55, 80, 112, 178, 46, 172, 138, 190, 153, 115, 51, 42, 88, 181, 82, 32, 146, 81, 63, 119, 41, 108, 1, 15, 104, 76, 102, 182, 139, 105, 158, 49, 54, 103, 21, 22, 192, 143, 159, 152, 23, 17, 161, 134, 129, 43, 147, 40, 191, 16, 125, 186]
39454

[193, 116, 61, 25, 149, 100, 123, 64, 140, 172, 87, 170, 22, 21, 103, 192, 143, 159, 161, 134, 18, 150, 91, 136, 95, 17, 104, 15, 182, 49, 158, 184, 88, 13, 124, 119, 108, 12, 186, 125, 62, 109, 41, 32, 5, 198, 177, 93, 179, 175, 60, 26, 8, 45, 24, 33, 56, 6, 185, 195, 42, 163, 153, 190, 138, 183, 36, 37, 137, 48, 85, 122, 20, 89, 11, 106, 174, 58, 75, 96, 90, 98, 7, 28, 135, 166, 31, 97, 94, 141, 9, 67, 38, 148, 69, 197, 66, 196, 4, 131]
[73, 164, 59, 144, 65, 132, 167, 113, 86, 3, 82, 181, 63, 81, 146, 14, 111, 127, 120, 155, 50, 194, 47, 30, 16, 191, 40, 147, 43, 129, 199, 101, 118, 35, 44, 77, 154, 1, 117, 105, 139, 102, 76, 23, 152, 54, 142, 176, 162, 53, 115, 51, 83, 57, 114, 71, 168, 145, 151, 107, 165, 133, 180, 29, 74, 19, 79, 126, 187, 46, 178, 78, 112, 80, 55, 99, 68, 110, 188, 189, 39, 169, 52, 72, 84, 121, 92, 10, 157, 27, 128, 2, 0, 173, 160, 70, 34, 171, 156, 130]
40851

[106, 11, 160, 70, 26, 60, 34, 171, 156, 144, 65, 132, 198, 130, 175, 8, 24, 33, 6, 83, 57, 59, 86, 3, 82, 181, 117, 13, 32, 5, 14, 111, 127, 50, 30, 147, 101, 199, 43, 129, 134, 136, 18, 150, 91, 118, 35, 44, 17, 159, 192, 143, 54, 103, 21, 22, 170, 87, 138, 190, 153, 142, 176, 115, 51, 162, 53, 114, 36, 183, 140, 46, 178, 80, 112, 78, 187, 64, 123, 126, 29, 180, 133, 137, 85, 48, 188, 52, 72, 84, 94, 173, 97, 28, 7, 98, 135, 58, 166, 174]
[100, 149, 68, 74, 79, 19, 37, 151, 165, 107, 20, 89, 0, 2, 121, 92, 10, 157, 27, 128, 90, 96, 75, 31, 45, 145, 71, 168, 56, 179, 93, 177, 167, 113, 73, 164, 185, 195, 88, 42, 184, 105, 15, 1, 108, 41, 119, 124, 63, 146, 120, 155, 194, 47, 81, 109, 62, 125, 186, 12, 154, 77, 16, 191, 40, 95, 161, 23, 152, 104, 76, 102, 182, 139, 158, 49, 163, 172, 55, 99, 25, 61, 131, 4, 196, 66, 193, 39, 38, 197, 69, 148, 169, 141, 122, 9, 67, 110, 189, 116]
41007

[181, 82, 3, 5, 32, 63, 13, 124, 119, 146, 14, 111, 127, 50, 155, 194, 109, 108, 1, 15, 35, 118, 95, 136, 150, 18, 134, 161, 17, 104, 76, 54, 21, 22, 87, 172, 46, 64, 123, 19, 37, 145, 151, 107, 165, 137, 110, 188, 38, 197, 69, 148, 169, 52, 72, 84, 121, 92, 10, 2, 157, 27, 128, 90, 96, 98, 7, 75, 135, 28, 94, 0, 173, 160, 45, 24, 8, 33, 56, 179, 93, 177, 130, 198, 144, 73, 164, 59, 185, 195, 6, 168, 53, 42, 184, 139, 105, 117, 88, 86]
[170, 142, 176, 162, 153, 190, 138, 114, 71, 36, 183, 140, 187, 78, 178, 80, 112, 126, 55, 99, 25, 61, 193, 131, 4, 196, 66, 39, 116, 189, 68, 149, 100, 74, 29, 79, 180, 133, 48, 85, 67, 9, 141, 122, 20, 89, 97, 31, 166, 58, 174, 106, 11, 70, 26, 175, 60, 34, 171, 156, 65, 132, 167, 113, 83, 57, 51, 115, 163, 49, 158, 102, 182, 41, 81, 120, 47, 30, 62, 125, 186, 12, 154, 77, 44, 16, 191, 40, 147, 101, 43, 129, 199, 91, 23, 152, 159, 143, 103, 192]
38041

[3, 86, 113, 167, 132, 65, 144, 164, 73, 177, 198, 130, 156, 171, 34, 60, 11, 173, 0, 94, 31, 166, 174, 58, 75, 96, 90, 128, 27, 157, 92, 10, 2, 141, 122, 9, 188, 52, 169, 148, 69, 197, 38, 39, 66, 196, 4, 131, 193, 116, 189, 110, 165, 37, 19, 79, 74, 149, 68, 61, 25, 99, 55, 100, 80, 178, 112, 78, 187, 71, 195, 185, 59, 88, 181, 82, 5, 32, 14, 111, 146, 81, 12, 154, 44, 35, 118, 134, 161, 159, 152, 23, 104, 15, 1, 108, 119, 124, 13, 63]
[180, 133, 29, 126, 123, 64, 46, 140, 183, 36, 172, 138, 87, 22, 21, 170, 103, 192, 143, 54, 142, 190, 153, 176, 163, 49, 158, 105, 139, 182, 102, 76, 17, 95, 136, 18, 150, 91, 199, 129, 43, 101, 147, 40, 191, 16, 77, 186, 125, 62, 30, 194, 155, 50, 127, 120, 47, 109, 41, 117, 184, 42, 51, 115, 162, 53, 114, 168, 57, 83, 6, 33, 56, 93, 179, 175, 26, 70, 106, 135, 98, 7, 28, 97, 160, 8, 24, 45, 145, 151, 107, 20, 89, 121, 84, 72, 67, 48, 137, 85]
37943

[144, 177, 6, 83, 57, 51, 115, 168, 71, 36, 145, 45, 24, 8, 26, 60, 171, 34, 70, 89, 20, 107, 151, 37, 19, 79, 180, 165, 141, 2, 157, 10, 92, 121, 84, 72, 52, 39, 116, 193, 66, 196, 4, 131, 61, 55, 80, 178, 112, 78, 46, 172, 138, 190, 153, 53, 162, 176, 142, 143, 159, 152, 23, 161, 95, 136, 134, 129, 43, 199, 91, 118, 35, 44, 77, 186, 125, 12, 154, 1, 108, 41, 119, 124, 15, 182, 139, 105, 117, 181, 82, 86, 88, 42, 195, 185, 59, 164, 73, 65]
[48, 133, 29, 74, 149, 68, 25, 99, 100, 126, 123, 187, 64, 140, 183, 114, 87, 170, 21, 22, 192, 103, 54, 163, 184, 158, 49, 102, 76, 104, 17, 150, 18, 101, 147, 40, 191, 16, 62, 30, 194, 50, 127, 120, 155, 47, 109, 13, 63, 81, 146, 111, 14, 32, 5, 3, 113, 167, 132, 198, 130, 156, 175, 179, 93, 56, 33, 160, 11, 106, 31, 166, 174, 58, 75, 96, 90, 128, 27, 98, 7, 28, 135, 97, 173, 0, 94, 122, 9, 188, 169, 148, 69, 197, 38, 189, 110, 67, 85, 137]
38838

[126, 123, 64, 187, 78, 112, 80, 178, 46, 140, 172, 138, 190, 153, 87, 170, 21, 22, 192, 143, 152, 23, 76, 102, 182, 49, 158, 139, 15, 1, 108, 81, 146, 32, 86, 113, 167, 132, 65, 144, 164, 59, 185, 195, 57, 83, 6, 33, 56, 198, 130, 156, 171, 34, 60, 70, 160, 11, 173, 97, 31, 166, 174, 58, 135, 28, 94, 0, 89, 122, 67, 9, 141, 10, 92, 121, 84, 72, 188, 189, 116, 193, 66, 196, 4, 131, 61, 99, 55, 100, 25, 68, 149, 74, 29, 79, 19, 183, 36, 71]
[186, 62, 30, 47, 194, 50, 155, 120, 127, 111, 14, 5, 3, 82, 181, 88, 73, 177, 93, 179, 175, 26, 106, 75, 7, 98, 96, 90, 128, 27, 157, 2, 52, 169, 148, 69, 197, 38, 39, 110, 133, 180, 48, 85, 137, 165, 37, 151, 107, 20, 145, 45, 8, 24, 168, 114, 53, 162, 176, 115, 51, 42, 184, 163, 142, 54, 103, 159, 134, 136, 150, 18, 129, 43, 147, 101, 199, 91, 118, 40, 191, 16, 44, 35, 95, 161, 17, 104, 105, 117, 13, 63, 124, 119, 41, 109, 125, 77, 154, 12]
38013

[69, 38, 68, 149, 74, 29, 180, 133, 122, 141, 94, 0, 20, 89, 173, 97, 31, 135, 75, 58, 166, 174, 106, 34, 171, 156, 130, 198, 132, 167, 113, 73, 6, 83, 57, 195, 42, 49, 158, 102, 15, 182, 139, 105, 117, 181, 82, 13, 63, 81, 146, 111, 127, 120, 109, 108, 1, 154, 12, 125, 77, 191, 16, 44, 35, 95, 136, 159, 192, 21, 22, 87, 170, 142, 176, 190, 153, 115, 162, 53, 114, 36, 71, 79, 126, 123, 64, 187, 46, 178, 78, 112, 80, 55, 99, 100, 25, 61, 193, 39]
[165, 107, 11, 160, 70, 26, 60, 177, 144, 65, 3, 5, 14, 32, 124, 119, 41, 155, 50, 194, 47, 30, 62, 186, 40, 147, 101, 43, 129, 199, 91, 118, 150, 18, 134, 161, 17, 104, 76, 23, 152, 143, 103, 54, 163, 184, 88, 86, 164, 59, 185, 51, 138, 172, 140, 183, 168, 33, 56, 93, 179, 175, 8, 24, 45, 145, 151, 37, 19, 137, 85, 67, 9, 188, 84, 10, 2, 28, 7, 98, 96, 90, 128, 27, 157, 92, 121, 72, 52, 169, 148, 197, 66, 196, 4, 131, 116, 189, 110, 48]
40751

[39, 38, 197, 69, 148, 169, 52, 72, 121, 92, 10, 157, 27, 128, 90, 96, 98, 7, 2, 84, 189, 116, 193, 131, 61, 68, 137, 20, 89, 0, 94, 31, 166, 106, 34, 171, 156, 130, 60, 175, 26, 8, 24, 45, 71, 36, 183, 114, 51, 115, 42, 117, 105, 139, 15, 1, 108, 41, 119, 124, 13, 63, 32, 5, 14, 111, 127, 146, 81, 109, 125, 186, 12, 154, 77, 16, 44, 35, 118, 43, 129, 134, 136, 161, 159, 192, 143, 54, 103, 87, 138, 172, 46, 80, 178, 78, 126, 123, 64, 187]
[152, 23, 76, 102, 182, 104, 17, 95, 91, 150, 18, 199, 101, 147, 40, 191, 62, 30, 47, 194, 50, 155, 120, 181, 82, 3, 86, 59, 164, 73, 113, 167, 132, 65, 144, 198, 177, 93, 179, 56, 33, 70, 160, 11, 174, 58, 75, 135, 28, 97, 173, 145, 151, 37, 165, 107, 122, 141, 9, 188, 110, 67, 85, 48, 133, 180, 19, 79, 29, 74, 100, 149, 196, 66, 4, 25, 99, 55, 112, 140, 190, 153, 162, 53, 168, 57, 83, 6, 185, 195, 88, 184, 158, 49, 163, 176, 142, 170, 21, 22]
41546

[142, 170, 103, 54, 163, 49, 105, 139, 182, 102, 76, 104, 17, 161, 136, 95, 118, 91, 199, 150, 18, 134, 129, 43, 101, 147, 40, 62, 30, 47, 194, 155, 50, 127, 111, 14, 32, 146, 120, 81, 63, 82, 5, 3, 195, 185, 59, 164, 73, 65, 144, 198, 177, 130, 156, 171, 34, 60, 8, 24, 45, 145, 173, 97, 31, 58, 75, 7, 98, 96, 90, 128, 27, 157, 121, 72, 52, 148, 69, 197, 66, 196, 4, 131, 68, 149, 112, 78, 178, 80, 46, 187, 126, 123, 64, 140, 138, 176, 190, 153]
[87, 21, 22, 172, 183, 36, 71, 37, 19, 79, 29, 74, 100, 55, 99, 25, 61, 193, 116, 39, 38, 169, 188, 189, 110, 67, 133, 180, 48, 85, 137, 165, 151, 107, 20, 89, 0, 94, 122, 9, 141, 84, 92, 10, 2, 28, 135, 166, 174, 106, 11, 160, 70, 26, 175, 179, 93, 56, 33, 6, 83, 57, 168, 114, 53, 162, 115, 51, 42, 184, 158, 117, 88, 86, 113, 167, 132, 181, 13, 124, 119, 41, 109, 125, 186, 12, 154, 108, 1, 15, 77, 191, 16, 35, 44, 23, 152, 159, 143, 192]
37303

[188, 141, 92, 10, 2, 98, 7, 122, 20, 89, 173, 11, 160, 175, 179, 93, 73, 164, 181, 63, 13, 117, 184, 182, 102, 15, 108, 1, 77, 191, 40, 147, 101, 43, 129, 134, 18, 150, 199, 91, 118, 95, 136, 161, 17, 104, 76, 23, 152, 159, 143, 54, 103, 192, 22, 21, 115, 195, 51, 162, 53, 114, 36, 183, 64, 123, 126, 187, 78, 112, 178, 80, 55, 99, 100, 149, 74, 29, 79, 71, 168, 57, 83, 6, 33, 24, 145, 137, 85, 48, 110, 189, 38, 148, 69, 197, 66, 196, 39, 116]
[3, 82, 5, 32, 14, 111, 146, 120, 127, 50, 155, 194, 47, 30, 62, 125, 186, 16, 35, 44, 154, 12, 109, 81, 41, 119, 124, 105, 139, 158, 49, 163, 176, 142, 170, 87, 46, 140, 172, 138, 190, 153, 42, 88, 185, 59, 56, 26, 8, 45, 107, 165, 151, 37, 19, 180, 133, 9, 67, 68, 25, 61, 131, 4, 193, 169, 52, 72, 84, 121, 157, 27, 128, 90, 96, 75, 135, 58, 174, 166, 31, 28, 94, 0, 97, 106, 70, 60, 34, 171, 156, 130, 177, 198, 144, 65, 132, 167, 86, 113]
40703

[58, 174, 166, 135, 98, 7, 157, 2, 84, 72, 52, 169, 38, 39, 131, 193, 116, 189, 9, 122, 20, 107, 165, 37, 19, 79, 180, 29, 74, 149, 99, 55, 100, 126, 123, 64, 187, 78, 112, 80, 178, 46, 140, 183, 36, 114, 138, 87, 103, 54, 152, 23, 17, 44, 1, 108, 15, 182, 13, 124, 119, 41, 109, 62, 30, 47, 194, 155, 50, 127, 146, 111, 14, 5, 82, 3, 132, 167, 113, 73, 164, 59, 185, 195, 42, 158, 49, 176, 190, 153, 53, 162, 115, 51, 33, 93, 179, 70, 160, 31]
[18, 150, 91, 118, 95, 136, 161, 104, 76, 102, 139, 105, 117, 184, 163, 142, 170, 21, 22, 192, 143, 159, 134, 129, 43, 199, 101, 147, 40, 35, 16, 191, 77, 154, 12, 186, 125, 120, 81, 32, 63, 181, 88, 86, 65, 144, 198, 130, 177, 56, 6, 83, 57, 168, 71, 151, 145, 45, 24, 8, 26, 175, 60, 34, 156, 171, 106, 75, 96, 90, 128, 27, 28, 97, 11, 173, 89, 0, 94, 141, 10, 92, 121, 148, 69, 197, 188, 110, 67, 85, 137, 48, 133, 68, 196, 66, 4, 61, 25, 172]
42800

[107, 151, 37, 19, 79, 48, 67, 188, 84, 72, 52, 169, 148, 69, 197, 38, 39, 189, 110, 68, 99, 55, 80, 178, 46, 168, 6, 83, 57, 172, 138, 87, 22, 21, 170, 142, 176, 163, 139, 105, 119, 41, 109, 108, 1, 15, 76, 104, 17, 161, 95, 136, 150, 18, 134, 129, 43, 147, 40, 191, 186, 125, 62, 30, 47, 194, 155, 50, 127, 146, 111, 14, 5, 3, 86, 164, 73, 113, 167, 132, 65, 144, 198, 130, 156, 171, 34, 174, 166, 96, 90, 128, 27, 157, 2, 94, 97, 173, 0, 20]
[124, 13, 63, 81, 120, 32, 82, 181, 117, 158, 49, 184, 42, 88, 195, 185, 59, 177, 60, 175, 179, 93, 56, 33, 26, 70, 160, 8, 24, 45, 145, 89, 11, 106, 31, 28, 135, 58, 75, 98, 7, 10, 92, 121, 141, 9, 122, 165, 137, 85, 133, 180, 29, 74, 149, 193, 116, 66, 196, 4, 131, 61, 25, 100, 112, 78, 187, 126, 123, 64, 140, 183, 36, 71, 114, 51, 115, 162, 53, 153, 190, 54, 103, 192, 143, 159, 152, 23, 102, 182, 12, 154, 77, 44, 35, 118, 91, 199, 101, 16]
39684

[191, 16, 40, 118, 91, 136, 95, 35, 44, 17, 23, 152, 159, 143, 103, 170, 138, 172, 140, 64, 187, 78, 123, 126, 74, 29, 180, 133, 68, 131, 4, 196, 66, 189, 110, 67, 9, 122, 141, 2, 157, 27, 128, 90, 96, 75, 135, 58, 174, 166, 31, 97, 173, 160, 45, 145, 89, 0, 94, 20, 107, 151, 37, 36, 71, 33, 93, 130, 177, 73, 164, 59, 113, 86, 88, 42, 115, 176, 163, 184, 158, 105, 119, 124, 13, 63, 81, 120, 155, 194, 47, 109, 41, 108, 1, 154, 77, 15, 76, 104]
[162, 53, 51, 195, 185, 57, 83, 6, 56, 179, 175, 8, 24, 168, 114, 183, 46, 178, 80, 112, 79, 19, 165, 137, 85, 48, 149, 100, 55, 99, 25, 61, 193, 116, 39, 38, 197, 69, 148, 169, 52, 188, 72, 84, 121, 92, 10, 98, 7, 28, 106, 11, 70, 26, 60, 34, 171, 156, 198, 144, 65, 132, 167, 3, 5, 14, 111, 127, 50, 30, 62, 125, 186, 12, 146, 32, 82, 181, 117, 139, 182, 102, 49, 142, 54, 161, 150, 18, 199, 101, 147, 43, 129, 134, 192, 21, 22, 87, 190, 153]
40120

[80, 46, 178, 112, 78, 187, 64, 140, 183, 36, 123, 126, 100, 25, 61, 131, 193, 39, 116, 189, 188, 110, 67, 9, 141, 2, 7, 98, 75, 135, 28, 97, 173, 11, 160, 70, 26, 175, 179, 93, 130, 198, 177, 73, 164, 132, 167, 113, 86, 59, 6, 83, 57, 51, 53, 162, 115, 163, 49, 158, 105, 139, 182, 102, 15, 1, 108, 41, 13, 63, 181, 82, 14, 111, 127, 50, 30, 125, 186, 12, 154, 40, 147, 43, 101, 199, 161, 152, 159, 143, 54, 103, 192, 21, 22, 87, 170, 142, 138, 172]
[37, 19, 79, 151, 107, 89, 0, 94, 20, 122, 165, 137, 85, 48, 133, 180, 29, 74, 68, 149, 99, 55, 4, 196, 66, 197, 69, 148, 38, 169, 52, 72, 84, 121, 92, 10, 157, 27, 128, 90, 96, 58, 174, 166, 31, 106, 60, 34, 171, 156, 144, 65, 3, 5, 32, 146, 81, 109, 120, 155, 194, 47, 62, 77, 16, 191, 118, 91, 150, 18, 129, 134, 136, 95, 35, 44, 17, 23, 104, 76, 119, 124, 117, 184, 42, 88, 195, 185, 56, 33, 8, 24, 45, 145, 168, 71, 114, 153, 176, 190]
38752

[124, 119, 41, 108, 1, 15, 49, 54, 103, 192, 21, 22, 87, 170, 142, 176, 51, 57, 83, 6, 151, 107, 89, 20, 141, 122, 165, 137, 85, 48, 133, 180, 37, 140, 64, 123, 149, 100, 55, 99, 25, 61, 193, 116, 189, 188, 169, 52, 72, 84, 121, 92, 10, 2, 157, 27, 128, 90, 96, 98, 7, 94, 160, 60, 34, 171, 156, 130, 198, 42, 184, 117, 13, 63, 82, 3, 5, 14, 111, 127, 50, 155, 194, 47, 30, 62, 125, 186, 40, 147, 101, 118, 35, 44, 17, 104, 23, 152, 159, 143]
[8, 45, 145, 24, 33, 56, 73, 164, 59, 185, 195, 88, 86, 113, 167, 132, 65, 144, 177, 93, 179, 175, 26, 70, 106, 174, 166, 58, 75, 135, 28, 31, 97, 11, 173, 0, 9, 67, 110, 39, 38, 148, 69, 197, 66, 196, 4, 131, 68, 74, 29, 19, 79, 126, 187, 78, 112, 80, 178, 46, 183, 36, 71, 168, 114, 172, 138, 190, 153, 53, 162, 115, 163, 158, 105, 139, 182, 102, 76, 161, 95, 136, 150, 18, 134, 129, 43, 199, 91, 191, 16, 77, 154, 12, 109, 81, 120, 146, 32, 181]
40134

[152, 143, 170, 87, 172, 138, 115, 51, 195, 185, 56, 93, 179, 175, 33, 168, 71, 79, 19, 37, 137, 9, 67, 68, 25, 61, 193, 116, 169, 52, 72, 84, 121, 92, 10, 157, 27, 96, 98, 7, 75, 135, 58, 174, 166, 31, 28, 97, 106, 156, 130, 198, 144, 65, 132, 167, 113, 164, 86, 82, 181, 117, 139, 102, 76, 104, 23, 17, 161, 136, 150, 18, 199, 129, 43, 147, 40, 186, 125, 62, 30, 47, 194, 50, 155, 120, 127, 111, 14, 146, 81, 109, 108, 1, 12, 154, 44, 35, 118, 95]
[45, 8, 24, 145, 151, 107, 165, 85, 48, 180, 133, 110, 188, 189, 39, 38, 148, 69, 197, 66, 196, 4, 131, 99, 55, 100, 149, 74, 29, 126, 123, 187, 78, 112, 80, 178, 46, 64, 140, 183, 36, 114, 6, 83, 57, 53, 162, 153, 190, 176, 142, 54, 103, 21, 22, 192, 159, 134, 91, 101, 191, 16, 77, 15, 182, 105, 41, 119, 124, 13, 63, 32, 5, 3, 88, 184, 158, 49, 163, 42, 59, 73, 177, 171, 34, 60, 26, 70, 160, 11, 173, 89, 0, 94, 90, 128, 2, 141, 122, 20]
39426

[4, 66, 196, 131, 193, 61, 25, 68, 149, 74, 29, 133, 180, 151, 145, 45, 24, 168, 6, 83, 57, 51, 115, 162, 53, 114, 71, 36, 183, 123, 100, 99, 55, 80, 112, 178, 46, 172, 138, 190, 153, 176, 142, 170, 103, 54, 143, 159, 161, 136, 95, 35, 44, 16, 77, 154, 12, 186, 125, 108, 1, 15, 139, 158, 49, 184, 117, 181, 82, 32, 14, 5, 3, 59, 164, 73, 93, 175, 26, 70, 11, 173, 89, 20, 122, 137, 85, 48, 67, 9, 141, 2, 157, 10, 92, 121, 84, 72, 188, 116]
[91, 150, 18, 199, 101, 118, 17, 104, 23, 152, 192, 21, 22, 87, 140, 64, 187, 78, 126, 79, 19, 37, 107, 165, 110, 189, 39, 38, 197, 69, 148, 169, 52, 27, 128, 90, 96, 98, 7, 28, 135, 75, 58, 174, 166, 31, 106, 97, 94, 0, 160, 8, 33, 56, 179, 60, 34, 171, 156, 130, 177, 198, 144, 65, 132, 167, 113, 86, 88, 185, 195, 42, 163, 76, 102, 182, 105, 13, 63, 124, 119, 41, 109, 81, 120, 146, 111, 127, 50, 155, 194, 47, 30, 62, 191, 40, 147, 43, 129, 134]
38092

[0, 94, 28, 2, 10, 92, 157, 27, 128, 90, 96, 75, 31, 97, 173, 11, 160, 70, 171, 156, 130, 177, 198, 144, 65, 132, 167, 113, 86, 3, 5, 14, 111, 127, 50, 155, 120, 146, 32, 82, 181, 88, 117, 13, 63, 124, 119, 41, 108, 125, 186, 77, 16, 191, 118, 150, 18, 134, 161, 159, 103, 142, 176, 51, 83, 6, 33, 26, 8, 24, 45, 145, 107, 151, 37, 19, 71, 36, 183, 64, 123, 126, 25, 61, 131, 4, 196, 66, 197, 69, 188, 110, 67, 133, 48, 85, 137, 165, 20, 89]
[168, 57, 53, 162, 115, 163, 158, 49, 54, 170, 87, 22, 21, 192, 143, 152, 23, 104, 17, 44, 35, 95, 136, 91, 101, 199, 129, 43, 147, 40, 62, 30, 47, 194, 81, 109, 12, 154, 1, 15, 76, 102, 182, 139, 105, 184, 42, 195, 185, 59, 164, 73, 56, 93, 179, 175, 60, 34, 106, 174, 166, 58, 135, 98, 7, 141, 122, 9, 84, 121, 72, 52, 169, 148, 38, 39, 189, 116, 193, 68, 149, 180, 79, 29, 74, 100, 99, 55, 80, 178, 112, 78, 187, 46, 140, 172, 138, 190, 153, 114]
38525

[86, 59, 164, 73, 156, 171, 34, 60, 106, 75, 96, 90, 128, 27, 157, 84, 169, 66, 196, 4, 131, 110, 9, 141, 173, 11, 160, 8, 24, 45, 145, 151, 165, 137, 85, 48, 133, 180, 29, 149, 74, 79, 126, 123, 64, 187, 78, 112, 80, 178, 46, 140, 183, 168, 83, 57, 51, 153, 190, 142, 170, 21, 22, 192, 159, 95, 136, 91, 118, 16, 191, 62, 47, 109, 81, 120, 146, 14, 32, 63, 13, 124, 119, 15, 102, 182, 139, 105, 158, 49, 163, 184, 42, 88, 181, 82, 3, 132, 167, 113]
[122, 94, 0, 89, 20, 107, 37, 19, 71, 36, 114, 53, 162, 172, 138, 87, 103, 143, 152, 161, 134, 18, 150, 101, 199, 129, 43, 147, 40, 35, 44, 17, 23, 76, 104, 77, 154, 1, 108, 41, 12, 186, 125, 30, 194, 155, 50, 127, 111, 5, 117, 54, 176, 115, 195, 185, 6, 33, 56, 177, 65, 144, 198, 130, 93, 179, 175, 26, 70, 97, 31, 166, 174, 58, 135, 28, 98, 7, 2, 10, 92, 121, 72, 52, 148, 69, 197, 38, 188, 189, 116, 39, 193, 61, 25, 99, 55, 100, 68, 67]
40947

[124, 119, 41, 63, 32, 111, 127, 50, 125, 186, 12, 154, 1, 77, 16, 191, 40, 118, 35, 44, 15, 104, 17, 23, 152, 159, 143, 54, 103, 192, 22, 21, 170, 87, 172, 138, 142, 176, 190, 153, 162, 53, 114, 71, 168, 57, 83, 6, 33, 8, 24, 45, 145, 151, 37, 19, 79, 126, 123, 187, 78, 112, 178, 80, 55, 99, 100, 149, 137, 165, 107, 20, 94, 2, 141, 84, 92, 27, 128, 90, 98, 7, 28, 135, 166, 174, 106, 11, 173, 160, 70, 56, 185, 195, 51, 115, 163, 49, 117, 13]
[120, 81, 146, 14, 5, 3, 82, 181, 86, 59, 164, 73, 113, 167, 132, 65, 144, 198, 177, 130, 156, 171, 34, 60, 93, 179, 175, 26, 89, 0, 97, 31, 58, 75, 96, 157, 10, 121, 72, 52, 169, 148, 69, 197, 38, 66, 196, 4, 131, 61, 25, 68, 193, 39, 116, 189, 188, 110, 67, 9, 122, 85, 48, 133, 180, 29, 74, 64, 46, 140, 183, 36, 42, 88, 184, 158, 105, 139, 182, 102, 76, 161, 95, 136, 134, 129, 43, 147, 101, 199, 18, 150, 91, 108, 109, 62, 30, 47, 194, 155]
38414

[113, 59, 185, 195, 42, 88, 117, 184, 158, 49, 163, 115, 51, 6, 56, 164, 73, 177, 130, 93, 179, 175, 26, 70, 11, 173, 106, 135, 28, 7, 96, 90, 128, 27, 157, 2, 141, 9, 67, 110, 188, 66, 196, 4, 131, 61, 25, 99, 55, 100, 149, 29, 180, 133, 48, 85, 137, 165, 122, 20, 89, 107, 151, 145, 45, 36, 183, 64, 187, 78, 46, 172, 53, 162, 176, 142, 170, 21, 22, 192, 143, 159, 161, 134, 43, 147, 40, 186, 125, 62, 30, 194, 50, 127, 111, 14, 5, 82, 181, 86]
[124, 105, 139, 182, 102, 76, 15, 77, 191, 16, 35, 118, 91, 101, 199, 129, 18, 150, 136, 95, 44, 17, 104, 23, 152, 54, 103, 87, 138, 190, 153, 114, 140, 178, 80, 112, 68, 193, 116, 189, 39, 38, 197, 69, 148, 169, 52, 72, 84, 121, 92, 10, 98, 75, 58, 174, 166, 31, 97, 94, 0, 160, 34, 171, 156, 60, 33, 8, 24, 37, 19, 79, 74, 126, 123, 71, 168, 57, 83, 167, 132, 198, 144, 65, 3, 32, 146, 81, 120, 155, 47, 12, 154, 1, 108, 109, 41, 119, 63, 13]
40472

[2, 141, 122, 0, 89, 20, 137, 165, 107, 151, 37, 19, 29, 74, 68, 196, 66, 4, 131, 61, 99, 55, 80, 46, 140, 183, 172, 114, 53, 162, 153, 190, 176, 138, 87, 170, 21, 22, 192, 54, 76, 104, 44, 35, 118, 95, 136, 161, 134, 18, 150, 91, 101, 199, 129, 43, 147, 40, 191, 16, 1, 108, 81, 32, 5, 82, 3, 113, 167, 132, 65, 144, 198, 177, 73, 164, 59, 86, 181, 63, 15, 102, 49, 163, 184, 42, 51, 57, 83, 6, 168, 33, 8, 24, 45, 160, 106, 174, 166, 28]
[145, 26, 175, 179, 93, 56, 115, 142, 103, 143, 159, 152, 23, 17, 77, 154, 12, 186, 125, 62, 30, 194, 50, 127, 111, 14, 146, 120, 155, 47, 109, 41, 119, 124, 13, 105, 182, 139, 158, 117, 88, 195, 185, 130, 156, 171, 34, 60, 70, 11, 173, 94, 97, 31, 58, 135, 75, 7, 98, 96, 90, 128, 27, 157, 10, 92, 121, 84, 72, 52, 169, 148, 69, 197, 38, 39, 189, 116, 193, 25, 149, 100, 126, 123, 78, 112, 178, 187, 64, 36, 71, 79, 180, 133, 48, 85, 67, 9, 188, 110]
39558

[185, 195, 6, 83, 57, 168, 114, 53, 162, 51, 115, 153, 190, 176, 142, 170, 103, 54, 49, 158, 105, 139, 182, 102, 76, 152, 159, 23, 17, 161, 136, 95, 118, 35, 44, 186, 30, 194, 50, 155, 120, 81, 109, 41, 86, 113, 167, 132, 65, 144, 156, 171, 34, 60, 26, 173, 89, 20, 122, 0, 94, 97, 135, 28, 7, 98, 27, 157, 10, 92, 121, 84, 72, 141, 9, 67, 110, 188, 148, 69, 38, 39, 116, 189, 68, 99, 55, 100, 133, 48, 85, 137, 71, 36, 187, 78, 178, 80, 112, 126]
[45, 145, 107, 165, 151, 37, 19, 79, 180, 29, 74, 149, 25, 61, 193, 131, 4, 196, 66, 197, 169, 52, 2, 128, 90, 96, 75, 58, 174, 166, 31, 106, 11, 160, 70, 8, 24, 33, 183, 140, 64, 123, 46, 172, 138, 87, 22, 21, 192, 143, 163, 184, 117, 13, 63, 124, 119, 108, 1, 15, 104, 134, 18, 150, 91, 101, 199, 129, 43, 147, 40, 191, 16, 77, 154, 12, 125, 62, 47, 32, 146, 127, 111, 14, 5, 3, 82, 181, 88, 42, 59, 164, 73, 177, 198, 130, 93, 56, 175, 179]
40703

[114, 57, 83, 6, 168, 71, 172, 138, 87, 22, 21, 192, 143, 159, 152, 23, 76, 104, 17, 134, 129, 43, 147, 16, 77, 41, 81, 120, 146, 127, 111, 14, 32, 63, 13, 124, 119, 117, 105, 182, 139, 158, 49, 184, 42, 195, 185, 88, 181, 82, 86, 113, 167, 132, 65, 144, 164, 73, 177, 198, 130, 70, 160, 11, 106, 31, 166, 174, 58, 135, 97, 173, 94, 0, 89, 107, 165, 137, 133, 180, 29, 74, 116, 148, 69, 197, 66, 196, 4, 131, 61, 100, 126, 112, 78, 187, 123, 64, 183, 36]
[171, 156, 34, 60, 26, 33, 8, 24, 45, 145, 151, 37, 19, 79, 48, 85, 20, 28, 7, 98, 75, 96, 90, 128, 27, 157, 2, 10, 92, 121, 84, 72, 141, 122, 9, 67, 110, 189, 188, 52, 169, 38, 39, 193, 68, 149, 25, 99, 55, 80, 178, 46, 140, 53, 162, 153, 190, 176, 142, 170, 103, 54, 163, 102, 15, 44, 35, 118, 95, 161, 136, 18, 150, 91, 199, 101, 40, 191, 154, 12, 1, 108, 109, 125, 186, 62, 30, 47, 194, 155, 50, 5, 3, 59, 115, 51, 56, 93, 179, 175]
39341

[45, 0, 94, 97, 31, 166, 174, 58, 135, 75, 98, 96, 90, 128, 27, 157, 121, 72, 188, 52, 169, 148, 69, 197, 38, 39, 110, 67, 165, 137, 85, 48, 133, 149, 100, 74, 29, 180, 79, 19, 37, 145, 24, 8, 168, 71, 114, 53, 51, 57, 83, 6, 93, 179, 175, 26, 60, 34, 171, 156, 86, 82, 14, 111, 127, 50, 155, 194, 47, 30, 62, 109, 41, 117, 184, 105, 139, 182, 102, 104, 17, 44, 35, 16, 191, 40, 147, 101, 43, 129, 199, 134, 192, 103, 54, 142, 170, 21, 22, 87]
[143, 159, 161, 95, 136, 18, 150, 91, 118, 23, 152, 76, 15, 77, 186, 125, 12, 154, 1, 108, 119, 124, 13, 181, 63, 81, 120, 146, 32, 5, 3, 113, 167, 132, 65, 144, 198, 130, 177, 70, 160, 11, 173, 106, 28, 7, 2, 10, 92, 84, 141, 9, 189, 116, 66, 196, 4, 131, 193, 61, 55, 99, 25, 68, 122, 20, 89, 107, 151, 33, 56, 73, 164, 59, 185, 195, 88, 42, 115, 162, 153, 190, 36, 183, 64, 123, 126, 187, 78, 112, 80, 178, 46, 140, 172, 138, 176, 49, 158, 163]
40951

[17, 104, 182, 105, 15, 1, 62, 30, 47, 120, 155, 194, 50, 127, 111, 14, 146, 32, 63, 13, 124, 117, 184, 163, 142, 176, 42, 144, 198, 130, 177, 93, 179, 56, 6, 33, 45, 145, 107, 20, 89, 173, 11, 106, 75, 96, 90, 128, 27, 2, 141, 122, 9, 188, 52, 169, 116, 189, 110, 67, 85, 137, 48, 133, 74, 100, 149, 68, 25, 99, 55, 112, 78, 123, 187, 178, 80, 46, 172, 138, 87, 170, 21, 22, 192, 103, 54, 143, 159, 161, 134, 129, 43, 147, 101, 199, 91, 150, 18, 136]
[168, 24, 8, 175, 60, 156, 171, 34, 26, 70, 160, 0, 94, 97, 31, 166, 174, 58, 135, 28, 7, 98, 157, 10, 92, 121, 84, 72, 148, 69, 197, 38, 39, 193, 66, 196, 4, 131, 61, 165, 151, 37, 19, 79, 180, 29, 126, 64, 140, 183, 36, 71, 114, 190, 153, 49, 158, 139, 102, 76, 152, 23, 95, 118, 35, 44, 40, 191, 16, 77, 154, 12, 186, 125, 108, 119, 41, 109, 81, 5, 3, 65, 132, 167, 113, 73, 164, 59, 86, 82, 181, 88, 195, 185, 83, 57, 51, 115, 162, 53]
39394

[19, 79, 37, 151, 107, 165, 137, 85, 48, 133, 68, 149, 99, 55, 80, 112, 78, 187, 123, 64, 71, 168, 83, 57, 51, 115, 163, 49, 158, 182, 102, 142, 176, 162, 153, 190, 170, 192, 134, 129, 43, 101, 199, 91, 150, 18, 161, 104, 76, 15, 1, 108, 41, 63, 81, 109, 62, 47, 50, 127, 111, 5, 3, 82, 181, 195, 185, 26, 8, 24, 45, 160, 11, 173, 97, 31, 135, 28, 98, 7, 2, 10, 92, 121, 72, 169, 66, 196, 4, 131, 193, 110, 67, 9, 122, 20, 89, 0, 94, 141]
[175, 60, 34, 171, 156, 130, 198, 177, 73, 164, 59, 144, 65, 132, 167, 113, 86, 88, 42, 184, 117, 139, 105, 119, 124, 13, 32, 14, 146, 120, 155, 194, 30, 125, 186, 12, 154, 77, 16, 191, 40, 147, 118, 136, 95, 35, 44, 17, 23, 152, 159, 143, 54, 103, 21, 22, 87, 138, 172, 46, 178, 100, 25, 61, 39, 116, 189, 188, 38, 197, 69, 148, 52, 84, 157, 27, 128, 90, 96, 75, 58, 166, 174, 106, 70, 145, 180, 29, 74, 126, 140, 183, 36, 114, 53, 6, 33, 56, 179, 93]
39967

[195, 185, 42, 184, 49, 158, 117, 119, 41, 81, 120, 155, 47, 62, 109, 108, 1, 15, 104, 76, 152, 23, 95, 136, 150, 18, 199, 129, 134, 161, 192, 103, 170, 21, 22, 87, 138, 172, 162, 115, 51, 57, 83, 6, 168, 71, 36, 183, 123, 149, 100, 55, 99, 25, 68, 39, 38, 188, 110, 67, 133, 180, 29, 79, 19, 37, 151, 107, 145, 24, 45, 20, 89, 173, 11, 97, 28, 7, 2, 10, 157, 96, 98, 75, 135, 58, 174, 166, 31, 106, 70, 26, 175, 156, 130, 198, 177, 73, 164, 59]
[77, 16, 191, 154, 12, 186, 125, 30, 194, 50, 127, 146, 32, 111, 14, 5, 3, 82, 181, 63, 13, 124, 105, 139, 182, 102, 163, 176, 88, 86, 113, 167, 132, 65, 144, 171, 34, 60, 179, 93, 56, 33, 8, 160, 0, 94, 90, 128, 27, 92, 121, 84, 72, 52, 169, 148, 69, 197, 66, 196, 4, 131, 61, 193, 116, 189, 9, 141, 122, 165, 137, 85, 48, 74, 126, 187, 78, 112, 80, 178, 46, 64, 140, 114, 53, 153, 190, 142, 54, 143, 159, 17, 44, 35, 118, 91, 101, 43, 147, 40]
39108

[191, 16, 40, 147, 101, 43, 129, 199, 91, 136, 95, 161, 17, 23, 152, 104, 124, 119, 41, 81, 63, 13, 181, 82, 86, 164, 73, 59, 6, 83, 183, 140, 64, 112, 55, 99, 100, 74, 79, 19, 145, 20, 89, 0, 94, 141, 122, 9, 67, 110, 189, 116, 193, 131, 4, 197, 69, 148, 38, 169, 52, 72, 121, 92, 10, 2, 7, 98, 75, 135, 58, 174, 166, 28, 31, 106, 26, 33, 56, 93, 179, 175, 60, 34, 171, 156, 65, 132, 3, 5, 32, 14, 111, 127, 50, 194, 47, 155, 120, 146]
[8, 24, 45, 70, 160, 11, 173, 97, 96, 90, 128, 27, 157, 84, 188, 39, 66, 196, 61, 25, 68, 149, 29, 180, 133, 48, 85, 137, 165, 107, 151, 37, 126, 123, 187, 78, 178, 80, 46, 172, 138, 114, 36, 71, 168, 57, 51, 115, 163, 162, 53, 153, 190, 176, 142, 170, 87, 22, 21, 192, 103, 54, 143, 159, 134, 18, 150, 118, 35, 44, 77, 154, 12, 186, 125, 62, 30, 109, 108, 1, 15, 76, 102, 182, 139, 105, 117, 158, 49, 184, 42, 88, 195, 185, 113, 167, 144, 198, 130, 177]
39546

[51, 168, 33, 175, 60, 26, 45, 145, 151, 107, 89, 174, 58, 135, 28, 7, 98, 75, 96, 90, 128, 27, 157, 2, 10, 92, 121, 84, 9, 68, 99, 55, 112, 78, 140, 172, 87, 21, 170, 142, 103, 143, 54, 163, 49, 158, 139, 182, 102, 76, 104, 152, 23, 17, 118, 91, 199, 101, 147, 40, 191, 16, 1, 108, 41, 119, 124, 13, 63, 32, 146, 155, 50, 127, 111, 14, 5, 3, 82, 181, 88, 86, 59, 164, 73, 113, 167, 132, 65, 144, 198, 156, 130, 177, 93, 179, 56, 6, 57, 83]
[122, 141, 72, 52, 169, 148, 69, 197, 38, 188, 110, 189, 116, 39, 66, 196, 4, 131, 193, 61, 25, 100, 149, 133, 180, 29, 74, 126, 123, 64, 187, 178, 80, 46, 22, 192, 159, 161, 134, 129, 43, 18, 150, 136, 95, 35, 44, 77, 154, 12, 186, 125, 62, 30, 47, 194, 120, 81, 109, 15, 105, 117, 184, 42, 185, 195, 115, 53, 162, 176, 153, 190, 138, 114, 71, 36, 183, 79, 19, 37, 165, 137, 85, 48, 67, 20, 0, 94, 31, 166, 97, 173, 11, 160, 24, 8, 70, 34, 171, 106]
39279

[71, 36, 114, 138, 87, 192, 103, 54, 142, 176, 163, 49, 158, 102, 76, 104, 23, 152, 143, 159, 134, 150, 18, 129, 43, 199, 101, 147, 40, 35, 16, 191, 12, 109, 41, 13, 63, 81, 146, 32, 3, 65, 144, 198, 130, 156, 171, 106, 174, 166, 58, 75, 96, 98, 28, 97, 11, 70, 60, 34, 177, 73, 164, 59, 86, 88, 184, 42, 115, 51, 57, 168, 33, 24, 45, 145, 20, 122, 67, 9, 141, 2, 90, 128, 27, 92, 121, 72, 69, 197, 66, 196, 193, 68, 149, 100, 123, 64, 183, 140]
[167, 132, 113, 83, 6, 56, 93, 179, 175, 26, 8, 160, 173, 89, 0, 94, 31, 135, 7, 157, 10, 84, 52, 169, 148, 38, 188, 110, 189, 116, 39, 4, 131, 61, 25, 99, 55, 74, 29, 180, 133, 48, 85, 137, 165, 107, 151, 37, 19, 79, 126, 187, 78, 112, 80, 178, 46, 172, 22, 21, 170, 190, 153, 53, 162, 195, 185, 117, 139, 182, 105, 119, 124, 181, 82, 5, 14, 111, 127, 120, 155, 50, 194, 47, 30, 62, 186, 125, 108, 1, 154, 77, 44, 118, 91, 136, 95, 161, 17, 15]
41422

[44, 35, 118, 91, 199, 18, 150, 136, 95, 159, 192, 22, 21, 142, 163, 176, 153, 190, 138, 114, 71, 36, 183, 140, 64, 123, 79, 19, 37, 151, 107, 165, 100, 55, 99, 61, 193, 131, 4, 196, 66, 169, 52, 72, 84, 121, 92, 157, 27, 128, 90, 28, 166, 31, 97, 94, 0, 141, 122, 20, 89, 160, 70, 34, 171, 156, 130, 198, 177, 93, 179, 33, 145, 168, 57, 51, 53, 162, 115, 42, 181, 82, 63, 13, 124, 119, 41, 182, 102, 76, 23, 17, 104, 1, 108, 109, 12, 186, 125, 62]
[154, 77, 16, 191, 40, 147, 101, 43, 129, 134, 161, 152, 143, 54, 103, 170, 87, 172, 46, 178, 80, 112, 78, 187, 126, 74, 29, 180, 133, 137, 85, 48, 149, 25, 68, 110, 189, 116, 39, 197, 69, 148, 38, 188, 67, 9, 10, 2, 7, 98, 96, 75, 135, 58, 174, 106, 11, 173, 45, 24, 8, 26, 60, 175, 56, 6, 83, 185, 195, 88, 59, 164, 73, 144, 65, 132, 167, 113, 86, 3, 5, 32, 14, 111, 127, 50, 155, 194, 30, 47, 120, 146, 81, 117, 184, 49, 158, 139, 105, 15]
39447

[94, 0, 89, 145, 45, 24, 8, 60, 34, 171, 156, 144, 65, 127, 50, 155, 194, 30, 186, 191, 40, 147, 43, 101, 199, 129, 134, 161, 95, 136, 18, 150, 91, 118, 35, 44, 16, 77, 154, 12, 1, 15, 139, 105, 124, 13, 117, 51, 115, 153, 162, 53, 168, 151, 107, 165, 137, 85, 48, 133, 180, 37, 19, 79, 126, 123, 187, 78, 112, 178, 80, 55, 99, 25, 61, 131, 193, 189, 110, 67, 9, 188, 121, 92, 10, 157, 2, 28, 31, 166, 174, 58, 135, 75, 7, 98, 96, 90, 27, 128]
[21, 22, 192, 170, 87, 138, 172, 46, 64, 140, 183, 36, 71, 114, 190, 176, 142, 54, 103, 143, 159, 152, 23, 17, 104, 76, 102, 182, 119, 41, 108, 109, 125, 62, 47, 120, 146, 111, 14, 32, 81, 63, 181, 82, 5, 3, 132, 167, 113, 86, 59, 88, 184, 158, 49, 163, 42, 195, 185, 57, 83, 6, 164, 73, 198, 130, 177, 93, 179, 175, 56, 33, 26, 70, 160, 11, 106, 97, 173, 20, 122, 141, 84, 72, 52, 169, 148, 69, 197, 38, 39, 116, 66, 196, 4, 68, 149, 100, 74, 29]
39887

[141, 157, 27, 128, 94, 97, 173, 11, 160, 70, 26, 175, 177, 130, 198, 144, 65, 132, 167, 3, 82, 5, 32, 146, 120, 47, 109, 81, 63, 13, 117, 124, 119, 41, 108, 1, 77, 191, 16, 44, 35, 40, 147, 43, 129, 134, 136, 18, 150, 91, 199, 101, 118, 95, 161, 17, 104, 76, 23, 152, 159, 192, 22, 21, 142, 176, 115, 51, 57, 83, 6, 56, 33, 168, 114, 71, 36, 183, 64, 123, 187, 112, 55, 99, 100, 149, 25, 131, 4, 196, 66, 197, 69, 148, 38, 39, 189, 110, 67, 9]
[143, 54, 163, 49, 158, 105, 139, 182, 102, 15, 154, 12, 186, 125, 62, 30, 194, 155, 50, 127, 111, 14, 181, 184, 42, 88, 86, 113, 73, 164, 59, 185, 195, 37, 19, 79, 29, 180, 133, 48, 85, 137, 165, 151, 107, 122, 20, 0, 89, 145, 45, 24, 8, 179, 93, 60, 156, 171, 34, 106, 31, 166, 174, 58, 75, 96, 90, 98, 7, 135, 28, 2, 10, 92, 121, 84, 72, 52, 169, 188, 116, 193, 61, 68, 74, 126, 78, 178, 80, 46, 140, 172, 138, 53, 162, 153, 190, 87, 170, 103]
37772

[34, 60, 175, 33, 6, 83, 57, 51, 195, 59, 164, 73, 144, 65, 132, 167, 113, 86, 3, 5, 14, 111, 127, 50, 155, 194, 81, 109, 108, 1, 154, 77, 44, 16, 191, 40, 147, 43, 129, 199, 150, 18, 134, 17, 76, 102, 49, 115, 162, 53, 153, 114, 183, 140, 126, 74, 79, 19, 37, 24, 8, 45, 89, 0, 20, 107, 165, 122, 141, 9, 67, 110, 193, 131, 4, 39, 38, 197, 69, 148, 169, 52, 72, 92, 10, 157, 27, 128, 90, 96, 98, 31, 94, 97, 106, 171, 156, 130, 177, 198]
[13, 117, 184, 42, 88, 185, 56, 93, 179, 26, 70, 160, 11, 173, 166, 174, 58, 75, 135, 28, 7, 2, 121, 84, 188, 189, 116, 66, 196, 61, 68, 25, 99, 55, 100, 149, 29, 180, 133, 48, 85, 137, 151, 145, 168, 71, 36, 64, 123, 187, 78, 112, 80, 178, 46, 172, 138, 190, 87, 170, 22, 21, 103, 192, 143, 54, 142, 176, 163, 158, 105, 139, 182, 15, 104, 23, 152, 159, 161, 136, 95, 118, 91, 101, 35, 12, 186, 125, 62, 30, 47, 120, 146, 32, 82, 181, 63, 41, 119, 124]
38845

[79, 180, 133, 151, 145, 45, 24, 8, 160, 89, 20, 122, 67, 110, 116, 196, 66, 39, 189, 188, 72, 84, 2, 157, 27, 128, 90, 96, 75, 98, 7, 28, 94, 0, 173, 11, 70, 26, 175, 179, 93, 73, 164, 59, 132, 167, 113, 86, 88, 82, 181, 117, 105, 139, 15, 1, 108, 109, 47, 120, 146, 32, 14, 111, 127, 50, 155, 194, 30, 62, 12, 154, 44, 35, 118, 95, 136, 101, 147, 43, 129, 199, 134, 159, 192, 87, 138, 172, 140, 183, 36, 71, 162, 115, 51, 57, 83, 168, 37, 19]
[56, 60, 106, 174, 58, 135, 166, 31, 97, 107, 165, 137, 85, 48, 9, 141, 10, 92, 121, 52, 169, 148, 69, 197, 38, 193, 4, 131, 61, 68, 25, 99, 55, 100, 149, 74, 29, 126, 123, 64, 187, 78, 112, 80, 178, 46, 114, 53, 153, 190, 176, 142, 170, 22, 21, 103, 54, 163, 195, 185, 42, 184, 158, 49, 143, 152, 23, 161, 18, 150, 91, 40, 191, 16, 186, 125, 77, 17, 104, 76, 102, 182, 119, 124, 13, 63, 41, 81, 5, 3, 65, 144, 198, 156, 171, 34, 130, 177, 6, 33]
40778

[125, 186, 44, 35, 118, 101, 199, 91, 150, 18, 136, 95, 104, 76, 102, 105, 117, 13, 124, 119, 41, 109, 62, 30, 47, 194, 155, 120, 81, 32, 63, 181, 82, 86, 164, 73, 59, 185, 195, 51, 115, 176, 163, 49, 54, 170, 21, 22, 87, 172, 36, 183, 140, 46, 126, 19, 37, 165, 137, 85, 48, 67, 110, 116, 189, 188, 169, 52, 72, 121, 84, 141, 122, 107, 151, 145, 24, 45, 20, 89, 0, 94, 31, 174, 106, 175, 179, 93, 177, 130, 198, 167, 113, 3, 5, 14, 111, 146, 127, 50]
[57, 83, 33, 26, 8, 168, 53, 162, 153, 190, 42, 88, 184, 158, 139, 182, 15, 1, 108, 12, 154, 77, 16, 191, 40, 147, 43, 129, 134, 161, 17, 23, 152, 159, 143, 192, 103, 142, 138, 114, 71, 64, 123, 187, 78, 112, 178, 80, 100, 55, 99, 61, 131, 4, 196, 66, 197, 69, 148, 38, 39, 193, 68, 25, 149, 74, 29, 79, 180, 133, 9, 2, 10, 92, 157, 27, 128, 90, 96, 98, 7, 75, 58, 166, 135, 28, 97, 173, 11, 160, 70, 60, 34, 171, 156, 144, 65, 132, 56, 6]
39460

[177, 93, 70, 160, 11, 106, 174, 166, 58, 75, 135, 31, 94, 0, 20, 122, 85, 48, 137, 37, 19, 79, 74, 149, 68, 193, 116, 189, 39, 169, 52, 148, 69, 197, 38, 66, 196, 4, 131, 61, 25, 100, 99, 55, 112, 78, 64, 183, 36, 71, 168, 114, 53, 162, 115, 51, 42, 88, 184, 163, 176, 142, 138, 87, 54, 49, 158, 117, 13, 124, 119, 15, 104, 76, 152, 23, 17, 161, 136, 95, 44, 35, 118, 91, 199, 101, 40, 191, 16, 77, 62, 30, 47, 194, 50, 155, 120, 127, 111, 5]
[126, 123, 187, 178, 80, 46, 140, 172, 190, 153, 57, 83, 6, 56, 185, 195, 105, 139, 182, 102, 143, 103, 170, 21, 22, 192, 159, 134, 150, 18, 129, 43, 147, 186, 125, 12, 154, 1, 108, 41, 109, 81, 146, 14, 32, 63, 181, 82, 3, 86, 59, 164, 73, 113, 167, 132, 65, 144, 198, 130, 156, 171, 34, 60, 179, 175, 26, 33, 8, 24, 45, 145, 151, 165, 107, 89, 173, 97, 28, 7, 98, 96, 90, 128, 27, 157, 2, 10, 92, 121, 84, 72, 141, 9, 188, 110, 67, 133, 180, 29]
38797

[153, 190, 53, 162, 115, 163, 184, 117, 124, 119, 15, 104, 23, 152, 159, 161, 18, 150, 118, 35, 44, 77, 154, 12, 186, 125, 62, 30, 47, 50, 127, 111, 14, 32, 5, 3, 86, 59, 164, 73, 113, 167, 132, 65, 144, 198, 156, 171, 34, 60, 175, 26, 70, 106, 58, 135, 28, 7, 98, 75, 96, 90, 128, 27, 157, 92, 10, 2, 141, 9, 67, 165, 137, 85, 48, 133, 110, 116, 193, 68, 149, 100, 74, 29, 126, 123, 78, 187, 64, 140, 172, 138, 87, 170, 22, 21, 103, 54, 143, 192]
[166, 174, 31, 97, 173, 11, 160, 89, 107, 151, 180, 79, 19, 37, 145, 45, 24, 8, 33, 179, 93, 130, 177, 56, 6, 83, 57, 51, 185, 195, 42, 88, 82, 181, 13, 63, 146, 155, 194, 120, 81, 109, 41, 108, 1, 16, 191, 40, 147, 43, 101, 91, 199, 129, 134, 136, 95, 17, 76, 102, 182, 139, 105, 158, 49, 142, 176, 114, 168, 71, 36, 183, 46, 178, 112, 80, 55, 99, 25, 61, 131, 4, 196, 66, 197, 69, 148, 38, 39, 189, 188, 169, 52, 72, 121, 84, 122, 20, 0, 94]
37293

[164, 73, 132, 167, 113, 86, 59, 6, 56, 177, 130, 93, 179, 175, 26, 11, 173, 106, 174, 166, 58, 75, 90, 128, 27, 157, 10, 92, 121, 72, 84, 2, 94, 89, 20, 122, 67, 52, 169, 148, 69, 197, 66, 196, 4, 131, 116, 189, 110, 48, 85, 137, 165, 107, 145, 45, 24, 8, 33, 168, 71, 36, 114, 115, 51, 195, 185, 88, 117, 76, 104, 152, 23, 95, 136, 18, 150, 91, 118, 35, 17, 15, 154, 12, 186, 125, 1, 108, 109, 120, 155, 50, 127, 111, 14, 146, 81, 63, 13, 181]
[163, 54, 142, 176, 162, 53, 153, 190, 138, 172, 87, 170, 22, 21, 103, 192, 143, 159, 161, 134, 199, 101, 129, 43, 147, 40, 191, 16, 44, 77, 62, 30, 194, 47, 41, 119, 124, 32, 5, 82, 3, 65, 144, 198, 156, 171, 34, 60, 70, 160, 0, 97, 31, 135, 28, 98, 96, 7, 141, 9, 188, 38, 39, 193, 61, 68, 149, 25, 99, 55, 100, 74, 29, 133, 180, 151, 37, 19, 79, 126, 123, 187, 78, 112, 80, 178, 46, 64, 140, 183, 57, 83, 42, 184, 105, 139, 182, 102, 49, 158]
39609

[54, 143, 192, 103, 21, 22, 87, 170, 142, 176, 163, 49, 158, 184, 105, 139, 182, 161, 95, 136, 199, 129, 43, 101, 147, 62, 30, 194, 155, 50, 111, 14, 5, 3, 82, 86, 195, 185, 93, 179, 175, 26, 70, 8, 24, 45, 145, 37, 19, 79, 180, 48, 85, 122, 20, 89, 0, 94, 173, 97, 166, 174, 58, 135, 75, 98, 96, 90, 10, 92, 121, 84, 72, 148, 69, 197, 38, 66, 196, 39, 116, 68, 126, 123, 64, 187, 78, 112, 80, 178, 46, 172, 138, 190, 153, 53, 162, 115, 51, 42]
[124, 13, 63, 181, 117, 88, 59, 164, 73, 113, 167, 132, 65, 144, 198, 177, 130, 156, 171, 34, 60, 160, 11, 106, 31, 28, 7, 128, 27, 157, 2, 141, 9, 67, 110, 188, 52, 169, 189, 193, 4, 131, 61, 25, 99, 55, 100, 149, 74, 29, 133, 137, 165, 107, 151, 33, 56, 6, 83, 57, 168, 71, 36, 183, 140, 114, 152, 23, 159, 134, 18, 150, 91, 118, 40, 191, 16, 35, 44, 17, 104, 76, 102, 15, 77, 154, 12, 186, 125, 47, 120, 127, 146, 32, 81, 109, 108, 1, 41, 119]
38817

[129, 43, 101, 147, 40, 191, 186, 125, 62, 12, 154, 15, 102, 182, 139, 105, 13, 63, 32, 146, 155, 47, 30, 194, 50, 127, 111, 14, 5, 3, 88, 184, 42, 195, 56, 93, 171, 34, 60, 70, 160, 89, 20, 0, 94, 97, 31, 166, 174, 58, 75, 96, 90, 128, 27, 84, 9, 67, 110, 188, 169, 148, 69, 197, 38, 39, 189, 116, 193, 61, 68, 48, 85, 137, 133, 180, 79, 19, 37, 151, 145, 24, 33, 51, 115, 162, 153, 190, 176, 163, 142, 170, 21, 103, 54, 76, 44, 35, 118, 199]
[187, 64, 123, 126, 74, 29, 165, 107, 45, 8, 26, 175, 179, 177, 198, 130, 156, 106, 11, 173, 122, 141, 2, 28, 135, 98, 7, 157, 10, 92, 121, 72, 52, 66, 196, 4, 131, 25, 149, 100, 99, 55, 80, 112, 78, 178, 46, 140, 183, 36, 71, 168, 114, 53, 57, 83, 6, 185, 59, 164, 73, 144, 65, 132, 167, 113, 86, 82, 181, 117, 158, 49, 124, 119, 81, 120, 109, 41, 108, 1, 77, 16, 95, 136, 91, 150, 18, 134, 161, 17, 104, 23, 152, 159, 143, 192, 22, 87, 138, 172]
40487

[81, 146, 32, 63, 181, 82, 132, 65, 144, 198, 177, 130, 156, 171, 34, 60, 106, 97, 31, 166, 174, 58, 135, 75, 96, 27, 157, 92, 10, 2, 141, 84, 121, 72, 52, 169, 38, 188, 110, 67, 133, 180, 29, 74, 112, 80, 178, 78, 126, 79, 19, 37, 20, 89, 160, 56, 185, 195, 83, 6, 168, 71, 36, 183, 140, 114, 190, 153, 176, 142, 170, 21, 22, 192, 143, 159, 152, 76, 23, 161, 134, 129, 43, 199, 18, 150, 118, 35, 44, 16, 40, 191, 77, 154, 12, 125, 109, 41, 1, 108]
[39, 116, 189, 9, 122, 128, 90, 98, 7, 28, 94, 0, 173, 11, 70, 26, 175, 179, 93, 73, 164, 59, 167, 113, 86, 3, 5, 14, 111, 127, 120, 155, 50, 194, 47, 30, 62, 186, 147, 101, 91, 136, 95, 17, 104, 15, 102, 49, 158, 139, 182, 105, 119, 124, 13, 117, 184, 88, 42, 163, 54, 103, 87, 138, 172, 46, 187, 123, 64, 53, 162, 115, 51, 57, 33, 8, 24, 45, 145, 151, 107, 165, 137, 85, 48, 68, 149, 100, 55, 99, 25, 61, 193, 131, 4, 196, 66, 197, 69, 148]
39038

[73, 144, 65, 132, 167, 113, 5, 14, 111, 127, 50, 155, 194, 109, 12, 154, 77, 44, 35, 95, 161, 17, 104, 76, 102, 49, 158, 184, 42, 163, 54, 103, 170, 87, 172, 46, 178, 80, 55, 131, 4, 196, 66, 116, 189, 68, 74, 29, 133, 180, 79, 19, 37, 151, 165, 137, 85, 48, 110, 188, 84, 121, 92, 157, 27, 128, 90, 96, 98, 75, 58, 174, 166, 31, 97, 11, 173, 89, 20, 122, 107, 145, 26, 60, 34, 171, 156, 130, 198, 177, 93, 179, 175, 56, 33, 168, 83, 6, 59, 164]
[2, 10, 72, 52, 169, 148, 69, 197, 38, 39, 193, 61, 25, 99, 112, 78, 187, 64, 140, 138, 190, 153, 176, 142, 21, 22, 192, 143, 159, 152, 23, 182, 139, 105, 117, 13, 124, 119, 41, 108, 1, 15, 118, 91, 101, 199, 18, 150, 136, 134, 129, 43, 147, 40, 191, 16, 186, 125, 62, 30, 47, 120, 146, 32, 81, 63, 181, 82, 3, 86, 88, 195, 185, 57, 51, 115, 162, 53, 114, 71, 36, 183, 123, 126, 100, 149, 67, 9, 141, 94, 0, 45, 24, 8, 160, 70, 106, 135, 28, 7]
39079

[158, 139, 182, 105, 119, 41, 109, 47, 62, 125, 186, 12, 154, 108, 1, 77, 44, 35, 118, 101, 91, 150, 18, 136, 95, 161, 159, 143, 103, 192, 22, 21, 170, 87, 172, 140, 64, 187, 123, 126, 100, 149, 25, 61, 193, 131, 4, 196, 66, 38, 197, 69, 148, 169, 52, 72, 84, 2, 128, 90, 7, 135, 28, 94, 0, 122, 141, 9, 67, 188, 110, 85, 137, 165, 107, 20, 89, 173, 11, 160, 70, 26, 175, 179, 93, 130, 198, 56, 6, 33, 8, 24, 36, 183, 114, 53, 162, 115, 163, 49]
[65, 144, 156, 171, 34, 60, 177, 73, 164, 59, 86, 113, 167, 132, 3, 5, 32, 14, 111, 146, 81, 63, 124, 13, 181, 82, 88, 42, 195, 185, 51, 57, 83, 168, 71, 37, 19, 79, 74, 29, 180, 133, 48, 151, 145, 45, 106, 97, 31, 166, 174, 58, 75, 98, 96, 27, 157, 10, 92, 121, 39, 116, 189, 68, 99, 55, 80, 112, 78, 178, 46, 138, 190, 153, 176, 142, 54, 152, 23, 76, 102, 184, 117, 15, 104, 17, 134, 199, 129, 43, 147, 40, 191, 16, 30, 194, 155, 120, 127, 50]
41256

[85, 48, 137, 79, 183, 36, 71, 168, 57, 83, 6, 56, 93, 33, 26, 175, 60, 34, 171, 156, 130, 73, 164, 59, 86, 3, 5, 14, 111, 127, 50, 155, 194, 30, 40, 147, 43, 101, 91, 118, 44, 77, 154, 12, 108, 1, 15, 76, 102, 182, 119, 41, 63, 13, 124, 117, 184, 42, 51, 115, 153, 190, 176, 142, 170, 22, 87, 138, 46, 80, 112, 55, 99, 25, 68, 61, 131, 4, 196, 66, 197, 69, 148, 38, 52, 72, 84, 121, 92, 10, 157, 2, 11, 160, 70, 8, 24, 45, 145, 165]
[96, 75, 98, 7, 28, 135, 58, 174, 166, 31, 106, 179, 177, 198, 144, 65, 132, 167, 113, 185, 195, 88, 181, 82, 32, 146, 120, 81, 109, 47, 62, 125, 186, 191, 16, 35, 95, 136, 150, 18, 199, 129, 134, 161, 17, 104, 23, 152, 159, 143, 192, 21, 103, 54, 139, 105, 158, 49, 163, 162, 53, 114, 172, 140, 64, 187, 178, 78, 123, 126, 100, 149, 74, 29, 133, 180, 19, 37, 151, 107, 20, 89, 173, 97, 94, 0, 122, 9, 67, 110, 193, 39, 116, 189, 188, 169, 141, 27, 90, 128]
38487

[82, 181, 32, 14, 111, 146, 120, 81, 63, 13, 117, 124, 119, 41, 109, 62, 125, 186, 12, 108, 1, 154, 77, 44, 118, 91, 150, 136, 95, 161, 17, 104, 76, 15, 102, 182, 139, 105, 158, 49, 115, 51, 162, 53, 153, 190, 172, 46, 78, 112, 178, 80, 55, 99, 25, 193, 116, 189, 39, 38, 188, 121, 92, 10, 27, 128, 90, 96, 58, 174, 166, 97, 11, 70, 160, 173, 141, 9, 67, 110, 68, 100, 64, 140, 183, 36, 114, 57, 83, 6, 33, 26, 175, 130, 198, 144, 65, 73, 164, 86]
[22, 21, 170, 87, 138, 142, 176, 163, 184, 42, 88, 195, 185, 59, 177, 93, 179, 56, 168, 71, 24, 8, 45, 145, 37, 151, 107, 89, 0, 94, 20, 122, 165, 137, 85, 48, 133, 180, 19, 79, 123, 187, 126, 29, 74, 149, 61, 131, 4, 196, 66, 197, 69, 148, 169, 52, 72, 84, 2, 157, 7, 98, 75, 135, 28, 31, 106, 60, 34, 171, 156, 132, 167, 113, 3, 5, 127, 50, 155, 194, 47, 30, 191, 16, 35, 40, 147, 101, 43, 129, 199, 18, 134, 23, 152, 159, 143, 192, 103, 54]
39992

[143, 152, 23, 76, 104, 17, 44, 161, 95, 136, 150, 18, 101, 147, 40, 191, 186, 125, 62, 30, 47, 194, 50, 155, 41, 117, 88, 42, 51, 115, 162, 53, 57, 195, 185, 59, 73, 164, 86, 113, 167, 132, 65, 144, 156, 171, 34, 60, 8, 24, 45, 145, 89, 28, 135, 7, 2, 121, 84, 141, 9, 122, 20, 107, 165, 151, 37, 19, 79, 74, 29, 180, 133, 137, 85, 48, 67, 110, 188, 189, 116, 66, 196, 4, 99, 55, 46, 183, 36, 71, 168, 114, 138, 190, 153, 176, 142, 54, 103, 192]
[105, 139, 182, 102, 49, 158, 184, 163, 83, 6, 33, 56, 177, 198, 130, 93, 179, 175, 26, 70, 160, 0, 94, 97, 173, 11, 106, 31, 166, 174, 58, 75, 98, 96, 90, 128, 27, 157, 10, 92, 72, 52, 169, 148, 69, 197, 38, 39, 193, 131, 61, 25, 68, 149, 100, 112, 80, 178, 78, 187, 126, 123, 64, 140, 172, 87, 170, 21, 22, 159, 134, 129, 43, 199, 91, 118, 35, 16, 77, 154, 12, 1, 108, 109, 81, 120, 146, 127, 111, 14, 32, 5, 3, 82, 181, 63, 13, 124, 119, 15]
37229

[90, 96, 98, 75, 135, 58, 31, 97, 173, 70, 26, 34, 171, 156, 60, 175, 179, 93, 130, 198, 65, 3, 14, 111, 127, 146, 81, 120, 155, 50, 194, 47, 30, 62, 125, 186, 108, 1, 15, 16, 44, 35, 118, 91, 150, 18, 134, 161, 159, 143, 54, 103, 192, 22, 21, 190, 153, 53, 162, 115, 51, 42, 195, 185, 59, 113, 164, 73, 168, 71, 36, 183, 140, 64, 123, 126, 187, 78, 112, 100, 25, 61, 193, 110, 67, 9, 122, 20, 89, 0, 94, 141, 84, 121, 92, 10, 2, 157, 27, 128]
[124, 119, 41, 109, 12, 154, 77, 191, 40, 147, 101, 43, 129, 199, 136, 95, 17, 23, 152, 104, 76, 102, 182, 139, 105, 117, 184, 158, 49, 163, 83, 6, 57, 114, 176, 142, 170, 87, 138, 172, 46, 178, 80, 55, 99, 149, 68, 74, 29, 79, 19, 37, 151, 107, 165, 137, 85, 48, 180, 133, 189, 116, 39, 131, 4, 196, 66, 197, 69, 148, 38, 188, 169, 52, 72, 7, 28, 166, 174, 106, 11, 160, 145, 45, 24, 8, 33, 56, 177, 144, 132, 167, 86, 88, 181, 82, 5, 32, 63, 13]
37631

[115, 195, 51, 53, 114, 168, 33, 8, 24, 45, 145, 107, 165, 122, 67, 48, 85, 137, 133, 180, 29, 74, 68, 149, 100, 126, 123, 78, 187, 64, 183, 140, 46, 178, 112, 80, 55, 99, 25, 61, 131, 4, 193, 39, 197, 69, 148, 52, 72, 84, 121, 92, 10, 2, 28, 135, 75, 58, 166, 174, 106, 171, 34, 60, 179, 93, 73, 164, 59, 132, 167, 113, 86, 181, 63, 13, 124, 119, 41, 81, 109, 108, 1, 12, 154, 77, 191, 40, 101, 199, 91, 136, 95, 161, 23, 152, 143, 170, 87, 176]
[38, 169, 157, 27, 128, 90, 96, 98, 7, 31, 97, 94, 0, 173, 11, 160, 70, 26, 175, 156, 130, 177, 198, 144, 65, 3, 82, 5, 32, 14, 111, 127, 146, 120, 155, 50, 194, 47, 30, 62, 125, 186, 15, 102, 182, 139, 105, 117, 88, 184, 158, 49, 163, 42, 185, 56, 6, 83, 57, 162, 153, 190, 142, 103, 54, 76, 104, 16, 147, 43, 129, 134, 18, 150, 118, 35, 44, 17, 159, 192, 21, 22, 138, 172, 36, 71, 79, 19, 37, 151, 89, 20, 141, 9, 110, 188, 189, 116, 66, 196]
39275

[193, 116, 189, 39, 38, 148, 169, 52, 72, 2, 94, 0, 31, 166, 58, 174, 106, 171, 156, 34, 60, 175, 179, 93, 56, 177, 144, 132, 167, 113, 86, 164, 73, 59, 185, 195, 115, 42, 88, 181, 82, 3, 5, 32, 63, 13, 119, 41, 81, 120, 155, 50, 194, 47, 30, 62, 154, 77, 16, 191, 40, 147, 43, 101, 118, 95, 35, 44, 17, 104, 76, 49, 163, 54, 103, 192, 22, 21, 170, 142, 176, 190, 153, 162, 168, 24, 8, 45, 145, 151, 107, 165, 137, 85, 48, 133, 180, 29, 74, 68]
[66, 197, 69, 188, 9, 122, 141, 84, 121, 92, 10, 157, 27, 128, 90, 96, 75, 98, 7, 28, 135, 97, 11, 173, 89, 20, 37, 19, 79, 67, 110, 149, 100, 126, 123, 78, 187, 64, 140, 183, 36, 71, 114, 53, 51, 57, 83, 6, 33, 26, 160, 70, 130, 198, 65, 14, 111, 127, 146, 109, 125, 186, 12, 108, 1, 15, 105, 124, 117, 184, 158, 139, 182, 102, 152, 23, 161, 136, 18, 150, 91, 199, 129, 134, 159, 143, 87, 138, 172, 46, 178, 112, 80, 55, 99, 25, 61, 131, 4, 196]
39322

[114, 168, 71, 36, 183, 140, 64, 123, 187, 78, 178, 112, 100, 25, 61, 193, 131, 4, 196, 66, 39, 38, 197, 69, 148, 169, 52, 72, 121, 84, 141, 122, 85, 137, 165, 20, 89, 0, 2, 10, 92, 157, 27, 128, 90, 96, 75, 174, 171, 156, 130, 198, 73, 164, 59, 113, 167, 132, 3, 5, 32, 50, 155, 194, 47, 119, 117, 184, 102, 44, 35, 118, 40, 147, 101, 91, 150, 18, 159, 143, 103, 54, 142, 176, 138, 190, 153, 53, 162, 51, 57, 83, 6, 56, 179, 175, 26, 8, 24, 33]
[99, 55, 80, 46, 172, 87, 170, 21, 22, 192, 152, 23, 161, 134, 129, 43, 199, 136, 95, 17, 104, 76, 15, 1, 108, 12, 154, 77, 16, 191, 186, 125, 62, 30, 109, 41, 81, 120, 146, 127, 111, 14, 82, 181, 63, 13, 124, 105, 182, 139, 158, 49, 163, 115, 195, 185, 42, 88, 86, 65, 144, 177, 93, 60, 34, 106, 31, 166, 58, 135, 98, 7, 28, 94, 97, 173, 11, 160, 70, 45, 145, 151, 107, 9, 188, 189, 116, 110, 67, 48, 37, 19, 79, 126, 180, 133, 29, 74, 149, 68]
40414

[132, 167, 113, 86, 164, 59, 88, 117, 181, 82, 63, 13, 124, 102, 76, 163, 162, 53, 114, 36, 183, 123, 126, 79, 19, 37, 145, 45, 24, 8, 175, 26, 70, 160, 173, 0, 89, 20, 122, 180, 133, 68, 193, 116, 189, 39, 38, 188, 9, 141, 84, 121, 72, 52, 169, 148, 69, 197, 66, 196, 4, 131, 61, 25, 99, 55, 80, 112, 178, 46, 172, 138, 87, 170, 54, 152, 104, 17, 35, 44, 77, 154, 12, 108, 109, 120, 155, 47, 30, 194, 50, 127, 111, 14, 5, 3, 65, 144, 130, 198]
[103, 143, 159, 23, 161, 134, 136, 95, 118, 91, 150, 18, 199, 129, 43, 101, 147, 40, 191, 16, 186, 125, 62, 146, 32, 81, 119, 41, 1, 15, 182, 139, 105, 158, 49, 184, 42, 195, 185, 73, 177, 156, 171, 34, 106, 97, 31, 166, 174, 58, 135, 28, 7, 98, 75, 96, 90, 128, 27, 157, 92, 10, 2, 94, 11, 60, 179, 93, 56, 33, 151, 107, 165, 137, 85, 48, 67, 110, 29, 74, 149, 100, 78, 187, 64, 140, 71, 168, 6, 83, 57, 51, 115, 153, 190, 176, 142, 21, 22, 192]
39295

[34, 60, 106, 174, 166, 58, 75, 135, 28, 2, 121, 84, 72, 188, 116, 193, 4, 131, 61, 25, 99, 55, 112, 78, 140, 64, 100, 149, 68, 74, 79, 19, 37, 137, 85, 165, 107, 20, 89, 45, 24, 33, 176, 142, 170, 103, 54, 163, 42, 88, 82, 181, 13, 124, 63, 32, 146, 81, 108, 1, 15, 76, 104, 17, 44, 35, 118, 199, 101, 191, 16, 77, 154, 12, 186, 125, 62, 47, 50, 127, 111, 14, 5, 3, 86, 113, 167, 132, 65, 144, 198, 156, 171, 130, 177, 73, 164, 59, 56, 93]
[196, 66, 39, 189, 110, 67, 48, 133, 180, 29, 126, 123, 187, 178, 80, 46, 172, 138, 87, 22, 21, 192, 143, 159, 152, 23, 161, 95, 136, 91, 150, 18, 134, 129, 43, 147, 40, 30, 194, 155, 120, 109, 41, 119, 117, 105, 139, 182, 102, 49, 158, 184, 195, 185, 6, 83, 57, 51, 115, 162, 53, 153, 190, 114, 183, 36, 71, 168, 151, 145, 8, 179, 175, 26, 70, 160, 11, 173, 0, 94, 97, 31, 7, 98, 96, 90, 128, 27, 157, 10, 92, 141, 122, 9, 52, 169, 38, 148, 69, 197]
39278

[165, 133, 180, 29, 74, 149, 39, 38, 188, 84, 10, 2, 7, 98, 135, 28, 94, 0, 89, 173, 97, 106, 11, 160, 70, 26, 175, 60, 34, 171, 156, 130, 198, 144, 65, 132, 164, 73, 177, 93, 179, 56, 185, 195, 88, 82, 3, 5, 14, 111, 127, 50, 120, 146, 32, 13, 117, 184, 42, 163, 49, 76, 152, 23, 17, 44, 118, 91, 199, 101, 43, 129, 134, 159, 143, 54, 103, 170, 87, 46, 80, 178, 172, 138, 142, 176, 153, 53, 162, 115, 51, 57, 168, 33, 151, 107, 145, 45, 8, 24]
[104, 95, 136, 150, 18, 161, 192, 22, 21, 190, 114, 71, 36, 183, 140, 64, 123, 187, 78, 112, 55, 99, 100, 126, 79, 19, 37, 48, 85, 137, 20, 122, 141, 9, 67, 110, 189, 116, 68, 25, 61, 193, 131, 4, 196, 66, 197, 69, 148, 169, 52, 72, 121, 92, 157, 27, 128, 90, 96, 75, 58, 174, 166, 31, 6, 83, 59, 167, 113, 86, 181, 63, 81, 109, 155, 194, 47, 30, 62, 125, 186, 191, 40, 147, 35, 16, 77, 154, 12, 1, 108, 41, 119, 124, 105, 158, 139, 182, 102, 15]
41550

[110, 67, 9, 188, 189, 116, 39, 38, 197, 69, 148, 169, 52, 72, 121, 84, 141, 94, 160, 70, 60, 34, 171, 156, 198, 144, 65, 132, 167, 113, 86, 3, 5, 32, 146, 120, 155, 50, 194, 35, 118, 134, 159, 143, 54, 102, 182, 139, 105, 117, 184, 158, 49, 163, 142, 170, 21, 22, 87, 138, 172, 46, 178, 80, 112, 78, 187, 64, 140, 183, 36, 190, 153, 115, 51, 168, 33, 26, 45, 145, 151, 107, 165, 137, 48, 133, 180, 29, 68, 193, 66, 196, 4, 131, 61, 25, 99, 55, 100, 149]
[177, 130, 73, 164, 59, 185, 195, 57, 83, 6, 56, 93, 179, 175, 106, 174, 166, 58, 135, 31, 28, 7, 98, 75, 96, 90, 128, 27, 157, 92, 10, 2, 97, 11, 173, 0, 89, 20, 122, 85, 74, 126, 123, 79, 19, 37, 24, 8, 71, 114, 53, 162, 176, 103, 192, 152, 23, 161, 95, 136, 18, 150, 91, 101, 199, 129, 43, 147, 40, 191, 186, 125, 62, 30, 47, 109, 41, 108, 1, 12, 154, 77, 16, 44, 17, 104, 76, 15, 119, 124, 13, 63, 81, 127, 111, 14, 82, 181, 42, 88]
39301

[176, 163, 49, 158, 184, 117, 105, 139, 182, 15, 124, 13, 119, 41, 47, 194, 155, 120, 146, 81, 63, 32, 5, 3, 86, 195, 185, 59, 164, 73, 113, 167, 132, 65, 144, 198, 177, 130, 156, 171, 34, 8, 24, 45, 19, 37, 107, 122, 20, 89, 173, 97, 166, 174, 58, 75, 98, 10, 92, 141, 9, 110, 188, 148, 69, 197, 38, 39, 66, 196, 4, 131, 61, 55, 126, 187, 78, 112, 80, 178, 46, 172, 87, 170, 22, 21, 103, 192, 143, 159, 161, 134, 129, 43, 199, 91, 118, 17, 104, 102]
[6, 83, 57, 51, 115, 162, 53, 153, 190, 114, 36, 71, 168, 33, 56, 93, 179, 175, 60, 26, 70, 160, 11, 106, 31, 135, 28, 7, 96, 90, 128, 27, 157, 2, 94, 0, 145, 151, 165, 137, 85, 48, 67, 84, 121, 72, 52, 169, 189, 116, 193, 68, 149, 25, 99, 100, 74, 29, 133, 180, 79, 123, 64, 140, 183, 138, 142, 54, 76, 152, 23, 95, 136, 150, 18, 101, 147, 40, 35, 44, 16, 191, 77, 154, 1, 108, 109, 12, 186, 125, 62, 30, 50, 127, 111, 14, 82, 181, 88, 42]
39224

[181, 82, 117, 139, 182, 13, 63, 32, 14, 111, 127, 146, 81, 109, 120, 155, 50, 194, 47, 30, 40, 147, 43, 101, 199, 136, 95, 161, 44, 17, 15, 102, 76, 104, 23, 152, 143, 103, 54, 142, 176, 163, 49, 115, 162, 53, 153, 190, 172, 140, 46, 187, 78, 112, 178, 80, 55, 99, 100, 133, 48, 85, 137, 180, 79, 19, 37, 107, 20, 122, 9, 141, 72, 84, 121, 92, 10, 2, 157, 27, 128, 90, 96, 75, 58, 166, 174, 106, 60, 144, 65, 132, 167, 113, 73, 164, 59, 86, 5, 3]
[28, 94, 0, 89, 145, 151, 165, 67, 110, 189, 116, 193, 39, 38, 188, 52, 169, 148, 69, 197, 66, 196, 4, 131, 61, 25, 68, 149, 74, 29, 126, 123, 64, 183, 36, 71, 168, 114, 138, 87, 170, 21, 22, 192, 159, 134, 129, 18, 150, 91, 118, 35, 16, 191, 77, 186, 125, 62, 12, 154, 1, 108, 41, 119, 124, 105, 158, 184, 42, 88, 185, 195, 51, 57, 83, 6, 56, 33, 24, 45, 8, 26, 175, 179, 93, 177, 198, 130, 156, 171, 34, 70, 160, 11, 173, 97, 31, 135, 98, 7]
37530

[87, 138, 172, 36, 183, 64, 187, 78, 55, 99, 25, 68, 61, 131, 4, 189, 188, 110, 67, 9, 85, 48, 133, 180, 151, 145, 20, 89, 0, 94, 28, 98, 7, 2, 10, 157, 96, 75, 135, 58, 174, 166, 31, 97, 106, 160, 45, 24, 8, 93, 164, 86, 181, 82, 32, 14, 111, 127, 146, 81, 120, 47, 62, 186, 191, 40, 147, 101, 199, 91, 150, 18, 134, 136, 95, 17, 104, 76, 102, 182, 15, 1, 154, 12, 108, 41, 119, 124, 184, 42, 195, 168, 71, 114, 153, 190, 142, 170, 21, 22]
[105, 139, 158, 49, 163, 176, 53, 162, 115, 51, 57, 83, 6, 33, 56, 73, 167, 113, 59, 185, 88, 117, 13, 63, 5, 3, 132, 65, 144, 198, 177, 130, 156, 171, 34, 60, 179, 175, 26, 70, 11, 173, 122, 141, 90, 128, 27, 92, 121, 84, 72, 52, 169, 148, 69, 197, 38, 66, 196, 39, 116, 193, 149, 100, 80, 46, 178, 112, 74, 29, 137, 165, 107, 37, 19, 79, 126, 123, 140, 103, 54, 143, 192, 159, 152, 23, 161, 129, 43, 118, 35, 44, 16, 77, 125, 30, 194, 50, 155, 109]
41937

[123, 126, 79, 19, 74, 29, 180, 133, 48, 37, 151, 145, 6, 83, 57, 168, 71, 114, 172, 138, 142, 176, 190, 153, 53, 162, 115, 42, 88, 105, 139, 182, 102, 17, 95, 118, 91, 150, 18, 199, 101, 129, 43, 147, 40, 35, 44, 77, 1, 154, 12, 186, 125, 30, 194, 50, 155, 120, 81, 63, 32, 82, 181, 86, 113, 167, 132, 198, 130, 177, 56, 93, 179, 175, 26, 70, 0, 94, 97, 7, 90, 128, 2, 72, 52, 66, 196, 4, 99, 55, 80, 178, 46, 140, 183, 36, 64, 187, 78, 112]
[16, 191, 62, 47, 146, 127, 111, 14, 5, 3, 65, 144, 156, 171, 34, 60, 106, 174, 166, 31, 28, 135, 58, 75, 98, 96, 27, 157, 10, 92, 121, 84, 141, 122, 9, 67, 110, 188, 169, 148, 69, 197, 38, 39, 189, 116, 193, 131, 61, 25, 100, 149, 68, 85, 137, 165, 107, 20, 89, 173, 11, 160, 45, 24, 8, 33, 73, 164, 59, 185, 195, 51, 170, 87, 22, 21, 103, 54, 163, 49, 158, 184, 117, 13, 124, 119, 41, 109, 108, 15, 104, 76, 152, 23, 161, 136, 134, 192, 143, 159]
40175

[75, 98, 7, 28, 2, 84, 52, 169, 197, 38, 39, 189, 110, 67, 9, 141, 122, 20, 0, 89, 145, 151, 107, 165, 137, 85, 48, 116, 66, 196, 4, 131, 193, 61, 68, 149, 100, 25, 99, 55, 80, 112, 78, 178, 46, 22, 192, 161, 95, 136, 91, 101, 118, 35, 16, 191, 186, 125, 12, 154, 77, 17, 104, 102, 105, 117, 13, 81, 146, 120, 155, 194, 50, 127, 111, 14, 5, 3, 65, 132, 167, 113, 86, 88, 195, 185, 57, 83, 177, 130, 93, 179, 70, 160, 11, 106, 31, 166, 174, 58]
[128, 27, 157, 10, 92, 121, 72, 148, 69, 188, 133, 180, 29, 74, 79, 19, 37, 71, 36, 183, 64, 123, 126, 187, 140, 172, 138, 114, 190, 153, 53, 162, 115, 51, 42, 184, 158, 139, 182, 49, 163, 54, 176, 142, 170, 87, 21, 103, 143, 159, 134, 18, 150, 199, 129, 43, 147, 40, 44, 23, 152, 76, 15, 1, 108, 62, 30, 47, 109, 41, 119, 124, 63, 32, 82, 181, 59, 164, 73, 144, 198, 156, 171, 34, 60, 26, 175, 56, 6, 168, 33, 8, 24, 45, 173, 94, 97, 135, 96, 90]
40417

[66, 196, 4, 131, 74, 29, 19, 79, 126, 78, 112, 80, 178, 46, 187, 64, 183, 36, 71, 114, 153, 190, 87, 170, 22, 21, 103, 54, 143, 192, 159, 152, 23, 104, 17, 35, 118, 95, 136, 134, 129, 43, 101, 147, 40, 191, 16, 77, 154, 1, 108, 109, 47, 30, 194, 120, 32, 5, 3, 167, 113, 73, 164, 59, 185, 57, 83, 6, 56, 93, 179, 175, 33, 168, 145, 89, 173, 11, 160, 70, 106, 98, 96, 90, 128, 27, 92, 121, 84, 72, 52, 169, 148, 69, 197, 38, 188, 9, 67, 110]
[7, 28, 135, 75, 58, 174, 166, 31, 97, 94, 0, 20, 165, 137, 85, 48, 133, 180, 37, 151, 107, 45, 24, 8, 26, 60, 34, 171, 156, 130, 177, 198, 144, 65, 132, 86, 82, 181, 63, 13, 41, 81, 146, 14, 111, 127, 50, 155, 62, 125, 186, 12, 44, 91, 199, 18, 150, 161, 76, 15, 119, 124, 117, 105, 139, 182, 102, 49, 158, 184, 163, 42, 88, 195, 51, 115, 162, 53, 176, 142, 138, 172, 140, 123, 100, 149, 68, 25, 99, 55, 61, 193, 39, 116, 189, 122, 141, 2, 10, 157]
38249

[54, 176, 142, 103, 134, 129, 43, 91, 118, 35, 186, 125, 194, 50, 155, 120, 81, 32, 146, 127, 111, 14, 5, 63, 13, 124, 119, 117, 105, 139, 182, 102, 49, 158, 184, 42, 115, 51, 195, 185, 88, 181, 82, 3, 132, 167, 113, 86, 59, 164, 73, 177, 198, 130, 156, 171, 34, 60, 70, 8, 24, 45, 0, 94, 97, 2, 10, 121, 72, 52, 169, 197, 66, 196, 4, 131, 61, 25, 99, 55, 100, 133, 67, 9, 122, 85, 48, 137, 79, 126, 123, 78, 187, 64, 140, 153, 190, 138, 87, 170]
[74, 112, 80, 178, 46, 172, 22, 21, 53, 162, 163, 15, 76, 104, 23, 152, 143, 192, 159, 161, 17, 44, 95, 136, 150, 18, 199, 101, 147, 40, 191, 16, 77, 154, 1, 108, 12, 62, 30, 47, 109, 41, 65, 144, 56, 93, 179, 175, 26, 33, 6, 83, 57, 168, 114, 71, 36, 183, 19, 37, 145, 160, 173, 11, 106, 31, 166, 174, 58, 135, 28, 7, 98, 75, 96, 90, 128, 27, 157, 92, 84, 188, 148, 69, 38, 39, 189, 116, 193, 149, 68, 110, 141, 20, 89, 107, 151, 165, 180, 29]
42410

[45, 145, 151, 37, 19, 79, 29, 74, 68, 149, 100, 126, 123, 64, 46, 187, 78, 112, 178, 80, 55, 99, 25, 61, 193, 131, 4, 196, 66, 39, 116, 189, 38, 197, 69, 148, 169, 52, 9, 20, 89, 160, 8, 24, 33, 6, 83, 57, 168, 36, 183, 140, 172, 138, 190, 87, 170, 21, 22, 192, 143, 159, 152, 23, 95, 136, 18, 150, 91, 199, 101, 118, 35, 44, 1, 119, 117, 105, 158, 184, 42, 88, 195, 185, 59, 164, 113, 167, 132, 65, 144, 198, 130, 177, 93, 179, 60, 156, 171, 34]
[50, 155, 194, 47, 30, 62, 109, 41, 108, 125, 186, 12, 154, 77, 16, 191, 40, 147, 43, 129, 134, 161, 17, 104, 76, 15, 102, 182, 139, 49, 163, 54, 103, 142, 176, 153, 115, 51, 162, 53, 114, 71, 180, 133, 48, 137, 85, 67, 110, 188, 72, 84, 121, 92, 10, 157, 27, 128, 90, 2, 141, 122, 165, 107, 0, 94, 97, 31, 28, 7, 98, 96, 75, 135, 58, 166, 174, 106, 173, 11, 70, 26, 175, 56, 73, 86, 181, 82, 3, 5, 32, 146, 14, 111, 127, 120, 81, 63, 13, 124]
37361

[70, 160, 11, 20, 122, 141, 0, 94, 28, 90, 128, 27, 157, 10, 92, 121, 84, 72, 188, 38, 148, 69, 197, 39, 116, 189, 110, 133, 29, 74, 149, 4, 131, 61, 25, 99, 55, 100, 126, 123, 64, 140, 183, 138, 87, 22, 21, 103, 192, 143, 159, 134, 91, 118, 35, 44, 104, 76, 102, 15, 1, 186, 125, 62, 109, 108, 41, 119, 124, 13, 105, 182, 139, 158, 49, 184, 117, 88, 51, 57, 83, 6, 168, 33, 8, 26, 175, 56, 164, 73, 177, 130, 198, 144, 132, 167, 3, 5, 86, 113]
[136, 150, 18, 199, 101, 129, 43, 147, 40, 191, 16, 77, 154, 12, 30, 47, 194, 155, 50, 127, 111, 14, 32, 146, 120, 81, 63, 181, 82, 65, 156, 171, 34, 60, 179, 93, 59, 185, 195, 42, 163, 142, 176, 115, 162, 53, 153, 190, 114, 36, 71, 24, 45, 145, 151, 37, 137, 85, 48, 67, 9, 165, 107, 89, 173, 97, 106, 31, 166, 174, 58, 135, 75, 96, 98, 7, 2, 52, 169, 66, 196, 193, 68, 180, 19, 79, 187, 78, 112, 80, 178, 46, 172, 170, 54, 152, 23, 17, 161, 95]
41629

[96, 75, 58, 166, 31, 97, 11, 70, 160, 173, 89, 107, 151, 165, 137, 85, 48, 133, 180, 29, 79, 19, 37, 145, 26, 175, 177, 86, 181, 63, 109, 81, 32, 14, 146, 120, 155, 47, 62, 125, 12, 154, 44, 35, 118, 91, 150, 136, 95, 159, 143, 192, 21, 22, 87, 170, 103, 54, 142, 176, 190, 153, 162, 53, 114, 138, 172, 46, 80, 55, 99, 25, 196, 66, 38, 197, 69, 148, 52, 169, 39, 116, 189, 110, 67, 122, 20, 0, 94, 7, 98, 90, 128, 27, 92, 121, 72, 84, 10, 157]
[105, 13, 124, 119, 41, 108, 1, 15, 102, 76, 104, 152, 23, 17, 161, 134, 18, 199, 101, 129, 43, 147, 40, 191, 16, 77, 186, 30, 194, 50, 127, 111, 5, 3, 82, 117, 184, 42, 88, 195, 185, 59, 164, 73, 113, 167, 132, 65, 144, 198, 130, 156, 171, 34, 60, 106, 174, 135, 28, 2, 141, 9, 188, 193, 4, 131, 61, 68, 149, 100, 74, 126, 123, 78, 112, 178, 187, 64, 140, 183, 36, 71, 168, 33, 24, 45, 8, 179, 93, 56, 6, 83, 57, 51, 115, 163, 49, 158, 139, 182]
38152

[184, 158, 139, 102, 76, 104, 152, 54, 142, 190, 114, 168, 180, 133, 48, 85, 137, 37, 175, 179, 93, 177, 130, 156, 171, 34, 60, 70, 160, 11, 106, 31, 166, 174, 58, 135, 75, 96, 98, 7, 2, 10, 92, 141, 9, 188, 189, 116, 66, 196, 4, 131, 55, 80, 178, 46, 140, 183, 172, 138, 22, 21, 192, 159, 23, 44, 35, 147, 40, 191, 16, 77, 1, 108, 154, 12, 186, 125, 62, 30, 50, 127, 111, 14, 32, 5, 3, 86, 113, 167, 73, 164, 59, 6, 83, 57, 185, 195, 42, 88]
[112, 99, 25, 61, 193, 39, 38, 197, 69, 148, 169, 52, 72, 84, 121, 157, 27, 128, 90, 28, 97, 94, 0, 89, 173, 26, 198, 144, 65, 132, 82, 181, 13, 63, 81, 146, 120, 155, 194, 47, 109, 41, 119, 124, 117, 105, 182, 15, 17, 95, 136, 118, 91, 150, 18, 199, 101, 43, 129, 134, 161, 143, 103, 170, 87, 49, 163, 176, 153, 53, 162, 115, 51, 56, 33, 8, 24, 45, 145, 151, 165, 107, 20, 122, 67, 110, 68, 149, 100, 74, 29, 79, 19, 71, 36, 64, 123, 126, 187, 78]
40392

[190, 153, 192, 143, 159, 152, 23, 161, 95, 17, 76, 102, 182, 139, 105, 184, 88, 181, 13, 124, 1, 154, 12, 125, 62, 30, 47, 120, 81, 63, 146, 111, 14, 5, 3, 86, 185, 195, 162, 53, 114, 168, 57, 83, 6, 59, 113, 167, 132, 65, 144, 198, 130, 156, 171, 34, 60, 175, 179, 93, 177, 56, 33, 8, 24, 145, 45, 70, 160, 11, 173, 97, 31, 166, 174, 58, 135, 98, 7, 28, 122, 110, 188, 69, 197, 66, 196, 4, 68, 29, 37, 19, 79, 126, 187, 78, 112, 80, 178, 46]
[147, 43, 129, 199, 101, 91, 150, 18, 134, 136, 118, 40, 35, 44, 104, 15, 108, 109, 41, 119, 117, 158, 49, 163, 42, 51, 115, 176, 142, 54, 103, 170, 21, 22, 87, 138, 172, 71, 36, 183, 140, 64, 123, 74, 149, 100, 55, 99, 25, 61, 131, 193, 116, 189, 39, 38, 148, 169, 52, 72, 84, 121, 92, 10, 141, 9, 67, 48, 85, 137, 133, 180, 165, 151, 107, 20, 89, 0, 94, 2, 157, 27, 128, 90, 96, 75, 106, 26, 73, 164, 82, 32, 127, 50, 155, 194, 186, 77, 191, 16]
40406

[61, 55, 99, 25, 110, 67, 107, 145, 45, 24, 36, 183, 187, 78, 112, 80, 178, 46, 190, 153, 176, 142, 103, 54, 163, 49, 158, 13, 63, 41, 108, 1, 15, 16, 91, 150, 18, 199, 101, 129, 43, 147, 186, 125, 62, 109, 81, 32, 5, 82, 181, 164, 73, 59, 185, 195, 42, 115, 162, 53, 51, 57, 83, 6, 56, 177, 198, 130, 156, 171, 34, 60, 26, 70, 160, 11, 173, 97, 106, 31, 166, 174, 58, 75, 135, 28, 7, 98, 96, 90, 128, 27, 157, 10, 92, 141, 122, 9, 188, 193]
[120, 146, 127, 111, 14, 3, 65, 144, 132, 167, 113, 86, 88, 184, 117, 124, 119, 105, 139, 182, 102, 76, 143, 170, 138, 114, 71, 168, 33, 93, 179, 175, 8, 20, 89, 0, 94, 2, 121, 84, 72, 52, 169, 189, 116, 39, 38, 148, 69, 197, 66, 196, 4, 131, 68, 149, 100, 74, 29, 180, 133, 48, 85, 137, 165, 151, 37, 19, 79, 126, 123, 64, 140, 172, 87, 22, 21, 192, 159, 152, 23, 104, 17, 44, 35, 95, 161, 134, 136, 118, 40, 191, 77, 154, 12, 30, 194, 50, 155, 47]
39493

[91, 150, 18, 129, 134, 136, 118, 95, 17, 104, 76, 23, 152, 192, 103, 172, 46, 178, 112, 80, 55, 99, 25, 68, 149, 74, 29, 165, 151, 37, 19, 126, 123, 64, 183, 53, 162, 115, 51, 33, 8, 24, 45, 145, 107, 89, 0, 20, 122, 9, 67, 110, 188, 189, 116, 193, 131, 4, 39, 38, 69, 148, 169, 52, 84, 28, 135, 166, 174, 106, 60, 177, 130, 198, 144, 132, 167, 113, 73, 164, 86, 88, 105, 139, 182, 102, 15, 1, 108, 41, 109, 47, 62, 125, 12, 154, 77, 16, 44, 35]
[124, 13, 63, 32, 5, 14, 111, 127, 146, 81, 120, 155, 50, 194, 30, 186, 191, 40, 147, 43, 101, 199, 161, 159, 143, 54, 163, 176, 142, 170, 21, 22, 87, 138, 190, 153, 114, 140, 187, 78, 100, 61, 196, 66, 197, 72, 121, 92, 10, 157, 27, 128, 90, 2, 141, 137, 85, 48, 133, 180, 79, 36, 71, 168, 6, 83, 57, 42, 195, 185, 59, 56, 93, 179, 175, 26, 70, 160, 11, 173, 94, 7, 98, 96, 75, 58, 31, 97, 34, 171, 156, 65, 3, 82, 181, 117, 184, 49, 158, 119]
41722

[193, 61, 131, 4, 196, 66, 169, 52, 72, 84, 121, 92, 10, 2, 28, 135, 94, 0, 97, 11, 70, 34, 60, 175, 179, 185, 195, 88, 42, 163, 49, 158, 139, 182, 105, 184, 117, 13, 63, 81, 146, 127, 120, 155, 50, 194, 47, 30, 62, 109, 108, 1, 154, 12, 125, 186, 77, 44, 35, 118, 91, 199, 18, 150, 161, 159, 143, 54, 142, 176, 115, 162, 53, 153, 190, 114, 140, 46, 187, 64, 123, 126, 180, 151, 145, 45, 24, 8, 33, 26, 160, 173, 89, 20, 122, 9, 110, 189, 116, 39]
[86, 113, 167, 132, 65, 144, 198, 130, 177, 73, 164, 59, 51, 168, 57, 83, 6, 56, 93, 156, 171, 106, 31, 166, 174, 58, 75, 7, 98, 96, 90, 128, 27, 157, 141, 148, 69, 197, 38, 188, 67, 107, 165, 137, 85, 48, 133, 29, 74, 149, 68, 25, 99, 55, 100, 112, 80, 178, 78, 79, 19, 37, 71, 36, 183, 172, 138, 87, 22, 21, 170, 103, 192, 152, 23, 95, 136, 134, 129, 43, 101, 147, 40, 191, 16, 17, 104, 76, 102, 15, 41, 119, 124, 32, 111, 14, 5, 3, 181, 82]
38600

[148, 69, 197, 39, 116, 193, 4, 131, 61, 55, 99, 25, 68, 149, 100, 74, 29, 133, 180, 64, 172, 138, 87, 22, 21, 192, 159, 23, 161, 134, 18, 199, 129, 43, 101, 147, 40, 35, 16, 191, 77, 154, 12, 186, 125, 62, 30, 47, 194, 50, 155, 120, 63, 13, 124, 119, 41, 108, 15, 102, 182, 139, 105, 49, 54, 142, 176, 162, 51, 195, 185, 86, 113, 167, 132, 65, 144, 175, 26, 8, 24, 45, 70, 160, 173, 94, 31, 166, 135, 28, 75, 98, 7, 2, 10, 92, 121, 84, 188, 38]
[89, 0, 20, 107, 122, 141, 9, 67, 110, 189, 196, 66, 169, 52, 72, 157, 27, 128, 90, 96, 58, 174, 97, 11, 106, 60, 34, 171, 156, 130, 198, 177, 93, 179, 56, 73, 164, 59, 88, 42, 6, 33, 83, 57, 115, 163, 158, 184, 117, 181, 82, 3, 5, 32, 14, 111, 127, 146, 81, 109, 1, 44, 118, 91, 150, 136, 95, 17, 104, 76, 152, 143, 103, 170, 190, 153, 53, 114, 168, 71, 36, 183, 140, 46, 178, 80, 112, 78, 187, 123, 126, 79, 19, 37, 137, 48, 85, 165, 151, 145]
38435

[18, 136, 134, 159, 192, 22, 46, 80, 55, 99, 25, 61, 193, 116, 189, 188, 169, 52, 141, 72, 84, 121, 92, 10, 157, 2, 28, 7, 98, 75, 135, 58, 174, 166, 97, 122, 9, 67, 85, 137, 48, 133, 29, 180, 165, 107, 145, 168, 53, 162, 153, 190, 115, 42, 195, 185, 59, 164, 73, 132, 167, 113, 86, 88, 184, 163, 49, 158, 102, 76, 104, 17, 15, 41, 81, 32, 146, 120, 155, 194, 47, 109, 108, 1, 12, 154, 77, 44, 35, 118, 16, 191, 40, 147, 43, 129, 199, 101, 91, 150]
[20, 0, 94, 27, 128, 90, 96, 31, 106, 70, 160, 11, 173, 89, 151, 37, 19, 79, 74, 110, 39, 38, 148, 69, 197, 66, 196, 4, 131, 68, 149, 100, 112, 178, 78, 187, 126, 123, 64, 140, 183, 172, 138, 87, 21, 170, 142, 176, 117, 181, 63, 13, 124, 119, 105, 139, 182, 54, 103, 143, 152, 23, 161, 95, 186, 125, 62, 30, 50, 127, 111, 14, 5, 82, 3, 65, 144, 198, 130, 156, 171, 34, 60, 26, 175, 179, 93, 177, 56, 33, 6, 83, 57, 51, 114, 36, 71, 24, 8, 45]
40233

[88, 181, 63, 13, 124, 119, 108, 154, 77, 16, 191, 40, 147, 101, 199, 43, 129, 134, 18, 150, 91, 118, 104, 76, 102, 182, 139, 158, 49, 163, 176, 142, 87, 172, 46, 80, 112, 178, 140, 162, 115, 42, 195, 185, 57, 83, 6, 33, 168, 71, 79, 19, 137, 133, 180, 29, 74, 55, 99, 25, 61, 193, 131, 4, 196, 66, 38, 197, 69, 148, 169, 188, 9, 141, 92, 10, 157, 27, 128, 90, 96, 174, 166, 31, 106, 97, 89, 45, 24, 8, 26, 60, 34, 171, 156, 130, 177, 65, 144, 198]
[94, 0, 173, 11, 160, 70, 175, 179, 93, 56, 145, 107, 151, 37, 183, 36, 114, 53, 51, 59, 164, 73, 132, 167, 113, 86, 82, 3, 5, 32, 146, 14, 111, 127, 50, 194, 47, 155, 120, 81, 109, 41, 117, 184, 105, 15, 1, 62, 30, 125, 186, 12, 44, 35, 95, 136, 161, 17, 23, 152, 159, 143, 192, 22, 21, 170, 103, 54, 153, 190, 138, 64, 187, 78, 123, 126, 100, 149, 68, 48, 85, 165, 20, 122, 67, 110, 189, 116, 39, 52, 72, 84, 121, 2, 7, 28, 135, 58, 75, 98]
40950

[119, 124, 41, 109, 125, 186, 12, 154, 77, 1, 108, 15, 104, 191, 40, 118, 199, 101, 147, 43, 129, 134, 192, 22, 21, 170, 142, 176, 53, 162, 115, 195, 185, 57, 83, 6, 33, 168, 114, 36, 71, 19, 79, 180, 61, 131, 4, 196, 66, 197, 69, 72, 84, 121, 92, 10, 157, 27, 96, 75, 135, 58, 31, 97, 173, 89, 20, 107, 151, 37, 145, 24, 8, 160, 11, 70, 26, 60, 177, 130, 198, 144, 65, 132, 181, 13, 63, 81, 120, 146, 32, 14, 111, 127, 50, 155, 194, 47, 30, 62]
[88, 184, 117, 82, 5, 3, 86, 113, 167, 59, 164, 73, 93, 179, 156, 171, 34, 106, 174, 166, 28, 7, 98, 90, 128, 2, 94, 0, 122, 141, 9, 67, 110, 188, 52, 169, 148, 38, 39, 189, 116, 193, 68, 149, 100, 25, 99, 55, 80, 112, 178, 46, 140, 183, 64, 187, 78, 123, 126, 74, 29, 133, 48, 85, 137, 165, 45, 175, 56, 51, 153, 190, 138, 172, 87, 103, 54, 143, 159, 161, 136, 18, 150, 91, 95, 35, 16, 44, 17, 23, 152, 76, 102, 182, 139, 105, 158, 49, 163, 42]
39383

[106, 31, 166, 174, 58, 135, 75, 96, 157, 10, 92, 121, 84, 72, 52, 169, 148, 69, 197, 38, 39, 188, 122, 160, 70, 60, 34, 171, 156, 130, 198, 144, 65, 3, 82, 181, 5, 32, 14, 111, 127, 146, 81, 63, 119, 105, 139, 182, 1, 108, 109, 120, 155, 50, 194, 30, 125, 186, 12, 154, 77, 16, 44, 104, 76, 23, 152, 159, 143, 103, 54, 163, 88, 113, 167, 132, 177, 93, 179, 33, 8, 24, 45, 145, 140, 64, 78, 112, 80, 55, 99, 25, 100, 149, 133, 48, 85, 137, 165, 107]
[97, 28, 7, 98, 90, 128, 27, 2, 141, 9, 67, 110, 189, 116, 193, 66, 196, 4, 131, 61, 68, 74, 29, 180, 20, 94, 0, 89, 151, 37, 19, 79, 126, 123, 187, 178, 46, 172, 138, 87, 170, 21, 22, 192, 17, 161, 134, 129, 43, 147, 101, 199, 91, 150, 18, 136, 95, 118, 35, 40, 191, 62, 47, 41, 15, 102, 49, 142, 176, 190, 153, 162, 53, 114, 183, 36, 71, 168, 6, 83, 57, 51, 115, 42, 184, 158, 117, 124, 13, 86, 164, 73, 59, 185, 195, 56, 175, 26, 11, 173]
40416

[172, 138, 190, 153, 42, 88, 184, 158, 49, 163, 159, 134, 18, 150, 91, 199, 129, 43, 147, 101, 118, 95, 136, 161, 23, 17, 44, 35, 40, 191, 16, 77, 15, 1, 108, 154, 12, 186, 125, 194, 155, 50, 127, 146, 111, 14, 32, 5, 3, 113, 167, 132, 65, 144, 198, 6, 83, 57, 114, 36, 71, 168, 33, 24, 45, 145, 151, 107, 89, 31, 58, 135, 28, 10, 121, 72, 52, 188, 110, 9, 122, 67, 48, 85, 137, 19, 79, 149, 100, 25, 61, 99, 55, 126, 187, 78, 112, 80, 178, 46]
[20, 0, 94, 141, 2, 7, 98, 75, 96, 90, 128, 27, 157, 92, 84, 169, 38, 148, 69, 197, 66, 196, 4, 131, 39, 189, 116, 193, 68, 133, 180, 29, 74, 123, 64, 140, 183, 53, 162, 115, 51, 185, 195, 176, 142, 54, 103, 170, 87, 22, 21, 192, 143, 152, 104, 76, 102, 182, 139, 105, 117, 13, 124, 119, 41, 109, 62, 30, 47, 120, 81, 63, 181, 82, 86, 59, 164, 73, 56, 175, 60, 179, 93, 177, 130, 156, 171, 34, 106, 174, 166, 97, 173, 11, 160, 70, 26, 8, 37, 165]
40349

[125, 30, 194, 50, 127, 111, 86, 59, 185, 195, 42, 57, 83, 6, 168, 56, 177, 130, 93, 179, 26, 70, 106, 174, 75, 96, 90, 128, 27, 157, 2, 10, 92, 121, 84, 72, 141, 122, 9, 188, 52, 169, 148, 69, 197, 38, 66, 196, 4, 131, 61, 68, 193, 39, 116, 189, 110, 67, 85, 137, 165, 151, 37, 180, 19, 79, 126, 123, 187, 78, 112, 178, 64, 140, 183, 36, 71, 114, 172, 138, 87, 22, 21, 170, 142, 190, 153, 163, 49, 158, 15, 95, 101, 43, 147, 40, 191, 16, 12, 186]
[164, 73, 113, 167, 132, 65, 144, 198, 156, 171, 34, 60, 175, 33, 8, 24, 45, 145, 160, 11, 173, 97, 31, 166, 58, 135, 98, 7, 28, 94, 0, 89, 20, 107, 48, 133, 29, 74, 149, 25, 99, 55, 100, 80, 46, 53, 162, 51, 115, 176, 103, 192, 143, 54, 102, 76, 104, 17, 23, 152, 159, 161, 136, 134, 129, 199, 18, 150, 91, 118, 35, 44, 77, 154, 1, 108, 109, 62, 47, 155, 120, 81, 146, 32, 14, 5, 3, 82, 181, 88, 184, 117, 105, 139, 182, 119, 41, 63, 13, 124]
38650

[87, 22, 21, 170, 138, 172, 183, 140, 46, 78, 187, 126, 100, 149, 25, 99, 55, 61, 68, 67, 110, 188, 72, 84, 121, 10, 157, 90, 96, 75, 135, 58, 174, 166, 31, 106, 11, 173, 97, 94, 20, 151, 37, 19, 145, 45, 24, 8, 33, 93, 179, 60, 34, 171, 156, 130, 177, 198, 144, 65, 132, 86, 82, 181, 63, 13, 124, 119, 109, 47, 62, 108, 1, 15, 102, 76, 104, 17, 95, 118, 91, 199, 18, 150, 136, 161, 23, 152, 159, 143, 103, 54, 49, 163, 42, 51, 115, 162, 53, 190]
[178, 80, 112, 74, 29, 133, 180, 79, 123, 64, 36, 71, 168, 114, 153, 176, 142, 192, 134, 129, 43, 101, 147, 40, 35, 44, 16, 191, 77, 154, 12, 182, 139, 105, 158, 184, 117, 41, 125, 186, 30, 194, 155, 50, 127, 111, 14, 146, 120, 81, 32, 5, 3, 167, 113, 73, 164, 59, 88, 195, 185, 57, 83, 6, 56, 175, 26, 70, 160, 0, 89, 107, 165, 137, 85, 48, 9, 122, 141, 2, 28, 7, 98, 128, 27, 92, 52, 169, 148, 69, 197, 38, 39, 189, 116, 193, 66, 196, 4, 131]
39610

[60, 179, 93, 34, 171, 156, 198, 144, 65, 132, 3, 5, 14, 111, 127, 50, 155, 194, 30, 47, 120, 146, 32, 13, 117, 158, 49, 182, 139, 105, 124, 119, 108, 1, 12, 154, 77, 16, 147, 43, 129, 134, 18, 150, 118, 35, 44, 23, 152, 54, 142, 138, 114, 126, 74, 29, 79, 19, 180, 133, 68, 149, 100, 112, 178, 80, 55, 99, 25, 61, 131, 4, 193, 39, 38, 169, 52, 188, 110, 67, 9, 122, 20, 85, 48, 137, 165, 107, 151, 37, 145, 45, 8, 160, 106, 174, 58, 135, 166, 31]
[83, 6, 56, 33, 24, 89, 141, 189, 116, 196, 66, 197, 69, 148, 72, 84, 121, 92, 10, 2, 157, 27, 128, 90, 96, 75, 98, 7, 28, 94, 0, 97, 173, 11, 70, 26, 175, 130, 177, 73, 164, 59, 167, 113, 86, 82, 181, 63, 81, 41, 109, 62, 125, 186, 191, 40, 101, 199, 91, 136, 95, 161, 17, 104, 15, 102, 76, 159, 143, 192, 103, 21, 22, 170, 87, 172, 140, 46, 78, 187, 123, 64, 183, 36, 71, 168, 57, 51, 115, 195, 185, 88, 42, 184, 163, 176, 162, 53, 190, 153]
39537

[93, 177, 130, 198, 73, 164, 132, 167, 113, 86, 181, 82, 14, 111, 127, 146, 13, 117, 184, 158, 105, 15, 1, 108, 109, 62, 125, 186, 191, 40, 147, 43, 129, 199, 101, 150, 18, 134, 161, 159, 143, 192, 87, 172, 138, 176, 42, 88, 59, 56, 33, 8, 24, 45, 145, 151, 37, 19, 79, 126, 187, 78, 112, 178, 80, 55, 61, 131, 4, 196, 66, 197, 69, 148, 169, 52, 72, 92, 27, 128, 90, 2, 141, 9, 189, 116, 193, 137, 165, 107, 122, 20, 89, 0, 94, 97, 173, 160, 175, 179]
[99, 100, 123, 64, 46, 140, 183, 36, 71, 114, 168, 57, 83, 6, 185, 195, 51, 115, 162, 53, 153, 190, 142, 170, 22, 21, 103, 54, 163, 49, 139, 182, 102, 76, 152, 23, 104, 17, 95, 136, 91, 118, 35, 44, 16, 77, 154, 12, 30, 47, 194, 50, 155, 120, 81, 41, 119, 124, 63, 32, 5, 3, 65, 144, 156, 171, 34, 60, 26, 70, 11, 106, 174, 166, 58, 75, 135, 31, 28, 7, 98, 96, 157, 10, 121, 84, 188, 38, 39, 110, 67, 85, 48, 133, 180, 29, 74, 149, 68, 25]
38493

