[10, 165, 86, 125, 95, 164, 103, 152, 15, 117, 36, 48, 100, 59, 191, 13, 35, 56, 99, 155, 179, 130, 58, 40, 88, 139, 163, 168, 34, 143, 149, 94, 70, 37, 195, 177, 151, 55, 147, 87, 199, 170, 140, 57, 97, 113, 102, 145, 21, 182, 154, 126, 134, 41, 119, 156, 106, 108, 186, 150, 160, 79, 76, 157, 166, 127, 192, 64, 30, 46, 66, 63, 19, 159, 78, 176, 12, 14, 122, 197, 131, 114, 116, 120, 45, 171, 23, 31, 25, 198, 6, 81, 77, 8, 123, 50, 193, 121, 169, 51]
[43, 62, 178, 189, 18, 148, 105, 92, 162, 3, 26, 190, 39, 146, 11, 17, 109, 28, 183, 137, 60, 135, 158, 173, 110, 52, 0, 84, 144, 161, 54, 185, 111, 7, 16, 24, 142, 89, 33, 38, 27, 4, 104, 42, 136, 132, 175, 112, 194, 181, 93, 90, 75, 69, 101, 153, 20, 22, 172, 167, 184, 61, 82, 71, 49, 85, 138, 129, 128, 133, 74, 53, 5, 124, 180, 1, 67, 29, 2, 72, 188, 68, 141, 107, 73, 32, 80, 96, 44, 196, 174, 9, 98, 91, 118, 65, 47, 83, 115, 187]
40810

[17, 109, 28, 171, 45, 120, 173, 23, 31, 25, 198, 6, 81, 77, 8, 137, 123, 117, 15, 62, 187, 43, 152, 65, 18, 98, 174, 9, 91, 118, 47, 10, 51, 164, 103, 179, 130, 188, 88, 163, 168, 67, 180, 1, 34, 172, 90, 93, 94, 85, 195, 37, 38, 27, 147, 87, 113, 97, 199, 170, 140, 57, 33, 89, 145, 7, 154, 111, 119, 126, 185, 134, 41, 54, 159, 78, 14, 122, 190, 26, 197, 64, 186, 150, 160, 79, 76, 157, 29, 166, 59, 100, 3, 11, 162, 92, 105, 148, 189, 48]
[192, 127, 40, 58, 2, 72, 153, 139, 20, 101, 69, 75, 181, 194, 112, 175, 132, 136, 42, 104, 4, 177, 151, 55, 70, 129, 138, 49, 184, 167, 149, 143, 22, 124, 5, 53, 61, 82, 71, 128, 102, 142, 24, 16, 133, 21, 182, 74, 108, 106, 156, 46, 30, 66, 63, 19, 161, 176, 12, 144, 84, 131, 0, 52, 110, 39, 146, 191, 13, 107, 68, 141, 73, 56, 35, 99, 155, 32, 44, 196, 80, 96, 125, 86, 95, 165, 83, 169, 121, 115, 193, 50, 178, 36, 183, 60, 135, 158, 114, 116]
39380

[12, 78, 176, 30, 106, 108, 74, 21, 133, 145, 102, 113, 97, 57, 140, 170, 199, 87, 147, 27, 37, 38, 82, 61, 138, 70, 195, 55, 151, 177, 4, 104, 42, 136, 94, 93, 90, 149, 69, 143, 22, 172, 167, 186, 150, 79, 160, 67, 168, 163, 139, 88, 58, 2, 72, 188, 68, 107, 73, 99, 56, 35, 13, 191, 105, 148, 98, 174, 9, 91, 118, 47, 169, 121, 115, 187, 62, 43, 152, 65, 178, 36, 183, 137, 8, 77, 81, 6, 198, 25, 31, 120, 39, 190, 26, 146, 11, 92, 162, 3]
[189, 17, 28, 109, 48, 100, 59, 166, 40, 153, 20, 101, 75, 181, 194, 175, 132, 112, 85, 49, 184, 71, 129, 128, 142, 89, 33, 24, 16, 7, 182, 154, 111, 119, 126, 185, 134, 41, 54, 19, 63, 161, 159, 66, 46, 156, 5, 53, 124, 180, 1, 34, 29, 76, 157, 127, 192, 64, 14, 122, 197, 144, 84, 131, 0, 52, 110, 114, 116, 158, 173, 45, 171, 23, 135, 60, 123, 117, 15, 50, 193, 83, 10, 51, 165, 95, 86, 125, 164, 103, 96, 80, 179, 130, 141, 155, 32, 44, 196, 18]
39712

[76, 157, 192, 127, 59, 100, 3, 11, 162, 92, 105, 13, 191, 107, 68, 141, 73, 56, 35, 99, 32, 80, 96, 103, 164, 165, 95, 125, 86, 51, 10, 83, 169, 193, 50, 62, 123, 8, 77, 137, 60, 135, 158, 110, 116, 114, 52, 0, 131, 39, 84, 144, 190, 26, 197, 12, 176, 78, 159, 161, 63, 19, 154, 182, 74, 133, 21, 7, 16, 24, 142, 89, 33, 102, 145, 128, 113, 97, 57, 140, 170, 199, 87, 147, 55, 151, 177, 70, 129, 138, 85, 94, 49, 167, 1, 180, 124, 160, 150, 79]
[17, 48, 148, 98, 18, 91, 9, 174, 196, 44, 155, 179, 130, 188, 72, 2, 58, 88, 40, 166, 29, 67, 168, 34, 172, 22, 163, 139, 20, 153, 101, 75, 69, 143, 149, 90, 93, 181, 194, 112, 175, 132, 136, 42, 104, 4, 195, 37, 27, 38, 71, 82, 61, 184, 53, 186, 5, 108, 106, 156, 111, 126, 185, 134, 41, 54, 119, 46, 30, 66, 64, 14, 122, 146, 45, 171, 120, 173, 23, 31, 25, 198, 6, 81, 183, 28, 109, 36, 117, 15, 178, 65, 152, 43, 187, 115, 121, 47, 118, 189]
35952

[79, 76, 157, 107, 141, 130, 179, 155, 44, 196, 174, 9, 91, 18, 118, 47, 165, 51, 10, 83, 169, 121, 115, 187, 62, 178, 189, 148, 98, 191, 100, 3, 162, 105, 92, 11, 45, 171, 48, 17, 109, 28, 183, 36, 8, 77, 81, 6, 198, 25, 135, 31, 23, 158, 110, 116, 114, 52, 0, 144, 176, 66, 30, 46, 156, 108, 5, 53, 74, 154, 182, 21, 133, 128, 57, 140, 170, 199, 38, 129, 71, 184, 167, 172, 22, 143, 69, 75, 101, 163, 168, 29, 67, 34, 1, 180, 124, 186, 150, 160]
[61, 106, 111, 119, 64, 192, 127, 59, 13, 35, 56, 73, 99, 32, 80, 96, 103, 164, 125, 86, 95, 65, 152, 43, 193, 50, 15, 117, 123, 137, 60, 173, 120, 146, 39, 131, 84, 190, 26, 197, 122, 14, 12, 78, 159, 161, 63, 19, 54, 41, 134, 185, 126, 7, 16, 24, 33, 89, 142, 145, 102, 113, 97, 87, 147, 27, 37, 70, 195, 177, 55, 151, 4, 104, 42, 136, 132, 175, 112, 194, 181, 93, 20, 153, 72, 2, 188, 68, 58, 166, 40, 88, 139, 149, 90, 94, 85, 138, 49, 82]
39087

[88, 139, 29, 40, 58, 72, 2, 59, 192, 127, 166, 157, 76, 160, 67, 22, 172, 143, 69, 75, 181, 93, 94, 90, 149, 167, 184, 61, 49, 138, 85, 136, 42, 104, 38, 128, 133, 21, 74, 108, 106, 156, 111, 126, 185, 41, 134, 19, 63, 66, 119, 46, 30, 64, 176, 12, 78, 14, 122, 197, 190, 26, 146, 105, 148, 98, 91, 18, 189, 109, 28, 171, 45, 120, 173, 158, 23, 31, 135, 60, 183, 36, 178, 47, 169, 83, 10, 51, 86, 125, 95, 165, 164, 103, 96, 80, 13, 107, 68, 188]
[170, 140, 199, 147, 55, 151, 177, 195, 4, 132, 175, 112, 194, 101, 153, 20, 163, 168, 34, 1, 180, 124, 150, 79, 84, 131, 39, 11, 17, 48, 92, 162, 3, 100, 191, 141, 130, 179, 155, 99, 32, 44, 196, 73, 56, 35, 174, 9, 118, 65, 152, 43, 187, 115, 121, 193, 50, 62, 15, 117, 123, 137, 8, 77, 81, 6, 198, 25, 116, 114, 110, 52, 0, 144, 159, 161, 54, 16, 24, 142, 89, 33, 102, 145, 7, 182, 154, 5, 186, 53, 82, 71, 129, 70, 37, 27, 87, 113, 97, 57]
40315

[15, 117, 123, 8, 77, 81, 6, 198, 25, 135, 60, 137, 178, 152, 65, 118, 91, 9, 174, 98, 92, 162, 11, 52, 0, 84, 144, 14, 12, 176, 161, 66, 64, 186, 30, 46, 119, 111, 156, 106, 74, 133, 21, 7, 24, 89, 33, 57, 140, 170, 199, 147, 87, 97, 113, 102, 128, 82, 61, 49, 138, 4, 104, 42, 136, 85, 94, 93, 75, 69, 101, 153, 20, 139, 143, 22, 172, 1, 180, 124, 34, 29, 166, 68, 141, 107, 191, 13, 35, 56, 73, 99, 32, 164, 95, 165, 10, 83, 43, 62]
[16, 142, 145, 71, 129, 38, 27, 37, 70, 55, 151, 177, 195, 112, 132, 175, 194, 181, 90, 149, 167, 184, 160, 79, 150, 53, 5, 108, 182, 154, 126, 185, 134, 41, 54, 63, 19, 159, 78, 122, 197, 26, 190, 131, 39, 146, 3, 100, 59, 127, 192, 157, 76, 67, 168, 163, 88, 40, 58, 2, 72, 188, 130, 179, 155, 80, 96, 125, 86, 51, 169, 121, 193, 50, 187, 115, 47, 103, 44, 196, 18, 105, 148, 189, 48, 17, 109, 36, 183, 28, 171, 45, 120, 173, 23, 31, 158, 110, 116, 114]
40878

[166, 40, 88, 58, 2, 72, 188, 68, 107, 191, 13, 105, 148, 98, 18, 91, 9, 174, 35, 80, 96, 125, 86, 51, 193, 50, 123, 137, 8, 81, 77, 135, 158, 52, 0, 131, 84, 144, 190, 122, 14, 157, 76, 79, 64, 176, 159, 161, 54, 185, 119, 156, 74, 182, 154, 7, 21, 133, 128, 145, 102, 142, 16, 24, 89, 33, 113, 97, 57, 140, 170, 199, 87, 147, 27, 129, 71, 82, 61, 53, 186, 150, 160, 124, 180, 1, 34, 168, 22, 172, 149, 143, 69, 75, 101, 153, 20, 139, 163, 29]
[65, 152, 43, 187, 115, 121, 169, 10, 83, 47, 165, 95, 164, 103, 196, 44, 32, 155, 99, 56, 73, 179, 130, 141, 59, 192, 127, 67, 167, 90, 94, 93, 181, 194, 112, 175, 132, 136, 42, 104, 4, 177, 151, 55, 195, 37, 38, 70, 85, 138, 49, 184, 5, 108, 106, 111, 126, 134, 41, 46, 30, 66, 63, 19, 78, 12, 197, 26, 114, 116, 110, 39, 11, 146, 100, 3, 162, 92, 189, 48, 17, 109, 28, 171, 45, 120, 173, 23, 31, 6, 198, 25, 60, 183, 36, 117, 15, 62, 178, 118]
38377

[75, 69, 143, 101, 153, 20, 139, 163, 168, 34, 67, 29, 160, 30, 64, 192, 127, 166, 72, 2, 59, 162, 92, 189, 18, 98, 9, 174, 35, 56, 196, 91, 118, 103, 165, 95, 51, 10, 83, 169, 121, 115, 187, 193, 50, 62, 43, 178, 48, 17, 109, 28, 183, 36, 123, 137, 8, 25, 60, 135, 23, 158, 173, 84, 144, 122, 14, 78, 159, 161, 54, 41, 185, 119, 46, 156, 106, 74, 7, 16, 24, 142, 102, 113, 97, 87, 147, 177, 195, 71, 82, 61, 184, 167, 49, 138, 85, 94, 90, 93]
[190, 26, 197, 12, 176, 66, 63, 19, 134, 126, 111, 154, 182, 21, 133, 128, 145, 89, 33, 57, 140, 170, 199, 27, 38, 129, 70, 37, 55, 151, 4, 104, 42, 136, 132, 175, 112, 194, 181, 149, 172, 22, 1, 180, 124, 53, 108, 5, 186, 150, 79, 76, 157, 40, 88, 58, 68, 141, 188, 130, 179, 73, 99, 155, 32, 44, 80, 96, 164, 125, 86, 47, 152, 65, 15, 117, 77, 81, 6, 198, 31, 120, 171, 45, 11, 105, 148, 13, 107, 191, 3, 100, 146, 39, 131, 0, 52, 110, 114, 116]
39111

[191, 13, 148, 105, 92, 162, 3, 146, 26, 176, 66, 30, 79, 150, 186, 53, 5, 108, 106, 156, 46, 119, 185, 134, 41, 54, 63, 19, 159, 78, 14, 122, 39, 11, 173, 23, 31, 135, 60, 137, 123, 117, 15, 50, 62, 43, 187, 115, 193, 121, 169, 83, 165, 164, 103, 35, 56, 73, 107, 68, 72, 2, 166, 157, 76, 67, 168, 163, 139, 153, 20, 22, 172, 167, 61, 82, 133, 128, 145, 142, 102, 113, 27, 37, 38, 129, 71, 138, 70, 55, 151, 177, 4, 104, 42, 136, 85, 93, 75, 101]
[112, 175, 132, 195, 147, 87, 97, 199, 170, 140, 57, 33, 89, 24, 16, 7, 21, 74, 182, 154, 111, 126, 161, 144, 84, 131, 190, 197, 12, 64, 192, 127, 59, 100, 98, 174, 9, 91, 18, 189, 48, 17, 109, 28, 183, 171, 45, 120, 110, 52, 0, 114, 116, 158, 25, 198, 6, 81, 77, 8, 36, 178, 152, 65, 118, 47, 10, 51, 95, 86, 125, 96, 80, 196, 44, 32, 99, 155, 179, 130, 141, 188, 58, 40, 88, 29, 160, 124, 180, 1, 34, 149, 143, 69, 90, 184, 49, 94, 181, 194]
41812

[53, 82, 129, 38, 70, 37, 27, 147, 199, 170, 140, 57, 102, 33, 89, 142, 24, 16, 145, 7, 133, 21, 182, 154, 74, 106, 108, 5, 186, 150, 160, 124, 180, 1, 34, 67, 168, 172, 149, 94, 85, 195, 177, 4, 132, 175, 112, 93, 90, 22, 163, 139, 153, 72, 2, 58, 166, 76, 79, 64, 197, 26, 190, 131, 52, 110, 173, 23, 31, 6, 198, 25, 120, 39, 146, 11, 45, 171, 36, 178, 65, 152, 165, 164, 103, 96, 80, 196, 44, 32, 56, 35, 13, 105, 92, 162, 191, 141, 68, 107]
[87, 97, 113, 128, 61, 184, 167, 29, 157, 192, 127, 59, 100, 3, 12, 176, 66, 30, 46, 156, 119, 111, 126, 185, 134, 41, 54, 19, 63, 161, 159, 78, 14, 122, 144, 84, 0, 114, 116, 158, 135, 60, 77, 81, 8, 137, 123, 117, 15, 62, 189, 17, 183, 28, 109, 48, 148, 98, 174, 9, 91, 18, 118, 43, 187, 50, 193, 115, 121, 169, 47, 83, 10, 51, 86, 125, 95, 155, 99, 73, 179, 130, 188, 40, 88, 20, 101, 143, 69, 75, 181, 194, 136, 42, 104, 151, 55, 138, 49, 71]
43304

[187, 43, 115, 121, 169, 51, 10, 83, 47, 118, 92, 162, 146, 3, 100, 107, 35, 56, 73, 99, 32, 80, 96, 155, 141, 68, 59, 127, 192, 157, 76, 79, 186, 150, 160, 124, 180, 1, 163, 101, 143, 149, 69, 75, 181, 93, 90, 94, 49, 82, 71, 70, 195, 4, 177, 151, 55, 37, 27, 87, 97, 33, 89, 24, 142, 102, 145, 16, 7, 154, 111, 119, 126, 185, 134, 41, 54, 19, 63, 161, 159, 197, 26, 190, 114, 116, 158, 173, 120, 28, 183, 23, 31, 60, 36, 117, 15, 62, 50, 193]
[109, 17, 48, 189, 148, 105, 18, 91, 9, 174, 98, 191, 13, 196, 44, 179, 130, 188, 72, 2, 58, 166, 40, 88, 153, 20, 139, 29, 67, 168, 34, 22, 172, 194, 112, 175, 132, 136, 42, 104, 85, 138, 129, 38, 147, 199, 170, 140, 57, 113, 128, 61, 184, 167, 53, 5, 108, 74, 133, 21, 182, 106, 156, 46, 30, 66, 64, 176, 12, 78, 14, 122, 144, 84, 0, 52, 110, 131, 39, 11, 45, 171, 135, 25, 198, 6, 81, 77, 8, 137, 123, 178, 65, 152, 103, 164, 165, 95, 86, 125]
40145

[28, 109, 17, 48, 171, 45, 120, 110, 116, 114, 52, 0, 131, 84, 144, 122, 14, 63, 19, 134, 41, 111, 154, 182, 21, 133, 74, 82, 61, 167, 172, 149, 85, 195, 177, 4, 136, 194, 181, 143, 22, 88, 40, 29, 1, 180, 150, 186, 5, 108, 106, 156, 119, 46, 30, 66, 176, 12, 192, 59, 100, 3, 107, 141, 68, 58, 2, 72, 188, 130, 179, 73, 56, 99, 155, 32, 80, 96, 103, 91, 9, 174, 98, 18, 189, 178, 43, 115, 121, 193, 50, 117, 123, 137, 8, 25, 135, 60, 36, 183]
[128, 53, 64, 26, 146, 11, 162, 92, 105, 148, 191, 13, 35, 44, 196, 118, 65, 152, 47, 165, 164, 95, 125, 86, 51, 10, 83, 169, 187, 62, 15, 77, 81, 6, 198, 31, 23, 158, 173, 39, 190, 197, 78, 159, 161, 54, 185, 126, 7, 145, 142, 16, 24, 89, 33, 102, 113, 97, 57, 140, 170, 199, 87, 147, 27, 37, 55, 151, 104, 42, 132, 175, 112, 94, 93, 90, 75, 69, 101, 153, 20, 139, 163, 168, 34, 67, 166, 127, 157, 76, 79, 160, 124, 184, 49, 138, 71, 129, 70, 38]
40212

[167, 90, 149, 172, 22, 163, 139, 20, 153, 88, 58, 72, 2, 68, 141, 107, 191, 13, 35, 56, 73, 32, 80, 44, 196, 174, 9, 91, 98, 18, 189, 118, 95, 125, 86, 47, 81, 6, 198, 31, 23, 171, 45, 120, 116, 114, 52, 0, 84, 190, 131, 39, 146, 26, 197, 122, 14, 12, 78, 159, 176, 64, 79, 160, 150, 186, 53, 5, 108, 106, 156, 185, 54, 41, 134, 126, 154, 182, 74, 21, 133, 140, 170, 199, 147, 70, 195, 55, 151, 177, 4, 104, 42, 136, 132, 175, 85, 82, 61, 184]
[113, 97, 87, 27, 37, 38, 129, 71, 138, 49, 94, 93, 112, 194, 181, 75, 69, 101, 143, 168, 29, 67, 34, 1, 180, 124, 76, 157, 127, 192, 3, 100, 59, 166, 40, 188, 130, 179, 99, 155, 96, 103, 164, 165, 51, 10, 83, 169, 121, 115, 193, 50, 187, 43, 152, 65, 178, 62, 15, 117, 123, 137, 8, 77, 25, 135, 60, 36, 183, 28, 109, 17, 48, 148, 105, 92, 162, 11, 173, 158, 110, 144, 19, 63, 161, 66, 30, 46, 119, 111, 7, 16, 24, 142, 89, 33, 57, 102, 128, 145]
38741

[3, 100, 146, 11, 39, 26, 197, 78, 161, 66, 30, 150, 124, 180, 1, 53, 74, 16, 24, 89, 33, 57, 140, 170, 199, 87, 147, 37, 70, 55, 151, 177, 195, 4, 104, 42, 136, 85, 132, 175, 112, 194, 181, 75, 69, 101, 143, 22, 172, 149, 90, 93, 94, 49, 167, 34, 168, 163, 139, 20, 153, 88, 58, 2, 72, 188, 68, 141, 107, 191, 13, 35, 196, 118, 65, 152, 178, 36, 60, 25, 198, 6, 81, 77, 8, 50, 193, 121, 47, 165, 95, 86, 125, 164, 103, 96, 80, 155, 130, 179]
[15, 62, 43, 187, 115, 169, 51, 10, 83, 44, 32, 99, 73, 56, 174, 9, 91, 18, 98, 105, 59, 166, 40, 29, 67, 160, 79, 76, 157, 127, 192, 162, 92, 148, 189, 48, 17, 109, 28, 183, 171, 45, 120, 173, 110, 131, 190, 12, 176, 64, 186, 5, 184, 61, 82, 71, 138, 129, 38, 27, 97, 113, 102, 142, 145, 128, 133, 21, 7, 182, 154, 111, 126, 185, 119, 106, 108, 156, 46, 54, 41, 134, 19, 63, 159, 14, 122, 144, 84, 0, 52, 114, 116, 158, 23, 31, 135, 137, 123, 117]
38914

[35, 56, 73, 99, 32, 44, 196, 103, 164, 96, 80, 155, 179, 130, 188, 141, 68, 58, 88, 153, 20, 139, 163, 22, 101, 69, 90, 93, 94, 85, 136, 42, 104, 4, 195, 177, 151, 55, 199, 170, 140, 57, 33, 89, 145, 21, 182, 111, 54, 19, 63, 161, 66, 30, 64, 160, 29, 166, 127, 146, 39, 12, 176, 159, 78, 14, 0, 52, 114, 116, 110, 173, 158, 23, 31, 198, 6, 81, 15, 62, 50, 193, 121, 169, 10, 83, 47, 118, 91, 9, 174, 98, 18, 189, 11, 162, 92, 191, 107, 13]
[5, 53, 108, 106, 74, 133, 128, 38, 129, 70, 37, 27, 147, 87, 97, 113, 102, 142, 24, 16, 7, 154, 126, 134, 41, 185, 119, 46, 156, 186, 124, 180, 1, 34, 167, 184, 61, 82, 71, 49, 138, 112, 132, 175, 194, 181, 75, 143, 149, 172, 168, 67, 40, 72, 2, 59, 100, 3, 105, 148, 48, 17, 109, 28, 183, 36, 178, 65, 152, 165, 95, 125, 86, 51, 115, 187, 43, 117, 123, 137, 8, 77, 25, 135, 60, 171, 45, 120, 131, 84, 144, 122, 197, 190, 26, 192, 157, 76, 79, 150]
40361

[45, 120, 173, 110, 116, 114, 52, 0, 131, 39, 84, 190, 26, 197, 12, 64, 30, 119, 185, 41, 134, 126, 16, 24, 142, 145, 7, 154, 182, 74, 167, 184, 71, 38, 113, 97, 87, 195, 4, 104, 85, 94, 90, 1, 180, 124, 160, 79, 76, 157, 127, 192, 146, 11, 162, 92, 107, 141, 130, 179, 155, 99, 32, 44, 196, 80, 96, 95, 125, 86, 51, 169, 121, 193, 50, 62, 187, 115, 43, 152, 65, 118, 18, 189, 17, 109, 28, 183, 36, 123, 137, 8, 77, 81, 6, 198, 25, 135, 60, 171]
[68, 73, 56, 35, 174, 9, 91, 103, 164, 165, 10, 83, 47, 178, 15, 117, 31, 23, 158, 48, 105, 148, 98, 13, 191, 3, 100, 59, 166, 29, 67, 168, 34, 150, 186, 5, 156, 46, 66, 176, 14, 122, 144, 78, 159, 161, 63, 19, 54, 111, 106, 108, 53, 61, 82, 133, 21, 128, 102, 89, 33, 57, 140, 170, 199, 147, 27, 37, 55, 151, 177, 42, 136, 132, 175, 112, 194, 181, 93, 138, 70, 129, 49, 149, 172, 22, 143, 69, 75, 101, 163, 139, 20, 153, 88, 40, 58, 188, 72, 2]
40511

[64, 100, 3, 162, 92, 11, 39, 131, 52, 110, 158, 23, 31, 25, 198, 6, 81, 77, 8, 123, 50, 193, 187, 43, 152, 65, 47, 164, 103, 118, 18, 91, 9, 174, 179, 130, 188, 58, 88, 40, 166, 76, 79, 160, 34, 1, 180, 124, 150, 186, 156, 106, 108, 5, 53, 184, 49, 94, 93, 181, 136, 42, 104, 85, 138, 71, 129, 70, 195, 37, 38, 27, 87, 97, 113, 128, 102, 89, 142, 145, 7, 21, 133, 74, 182, 154, 185, 54, 66, 161, 63, 19, 159, 78, 14, 12, 176, 30, 46, 119]
[59, 146, 26, 197, 122, 190, 144, 84, 0, 114, 116, 173, 120, 45, 171, 135, 60, 137, 36, 183, 28, 109, 17, 48, 189, 178, 117, 15, 62, 115, 121, 169, 83, 10, 51, 165, 95, 86, 125, 96, 80, 196, 44, 32, 155, 99, 73, 56, 35, 98, 148, 105, 13, 191, 107, 141, 68, 2, 72, 153, 20, 139, 163, 101, 143, 69, 75, 194, 112, 175, 132, 4, 177, 151, 55, 147, 199, 170, 140, 57, 33, 24, 16, 134, 41, 126, 111, 82, 61, 167, 90, 149, 172, 22, 168, 67, 29, 157, 192, 127]
39742

[55, 177, 195, 85, 138, 82, 61, 74, 7, 142, 89, 33, 24, 16, 111, 126, 185, 119, 46, 156, 106, 108, 53, 180, 124, 160, 150, 79, 76, 157, 192, 127, 59, 100, 3, 146, 39, 26, 197, 64, 30, 66, 176, 161, 63, 19, 159, 78, 14, 122, 190, 84, 131, 114, 116, 158, 23, 60, 183, 28, 109, 17, 178, 152, 65, 196, 99, 155, 179, 130, 188, 88, 153, 20, 139, 163, 101, 143, 69, 75, 93, 181, 194, 112, 175, 132, 136, 42, 104, 4, 151, 147, 87, 97, 113, 27, 38, 129, 37, 70]
[162, 12, 54, 41, 134, 144, 0, 52, 110, 11, 48, 171, 45, 120, 173, 31, 135, 25, 198, 6, 81, 77, 8, 137, 123, 36, 117, 15, 50, 193, 62, 43, 187, 115, 121, 169, 51, 10, 83, 47, 165, 86, 125, 95, 164, 103, 96, 80, 44, 32, 35, 56, 73, 141, 2, 72, 58, 40, 29, 67, 168, 34, 1, 184, 167, 172, 22, 149, 90, 94, 49, 71, 128, 199, 170, 140, 57, 102, 145, 133, 21, 182, 154, 5, 186, 166, 68, 107, 13, 191, 92, 105, 148, 189, 118, 91, 18, 98, 174, 9]
41221

[33, 89, 142, 24, 16, 7, 133, 21, 182, 74, 108, 106, 156, 30, 64, 66, 46, 119, 111, 126, 185, 54, 19, 63, 161, 159, 78, 14, 122, 197, 26, 190, 114, 116, 173, 120, 45, 171, 48, 17, 109, 28, 183, 36, 123, 117, 15, 50, 193, 62, 178, 189, 18, 91, 196, 44, 80, 32, 35, 56, 107, 100, 59, 166, 40, 29, 160, 150, 186, 5, 53, 61, 82, 71, 49, 184, 167, 34, 168, 139, 163, 22, 143, 69, 75, 90, 94, 93, 181, 194, 85, 177, 151, 55, 147, 87, 199, 170, 140, 57]
[113, 97, 102, 145, 128, 154, 134, 41, 176, 12, 144, 84, 39, 131, 0, 52, 110, 158, 23, 31, 135, 60, 25, 198, 6, 81, 77, 8, 137, 92, 162, 11, 146, 3, 191, 13, 105, 148, 98, 9, 174, 118, 65, 152, 43, 187, 115, 121, 169, 83, 10, 51, 86, 125, 95, 164, 165, 47, 103, 96, 155, 99, 73, 179, 130, 141, 68, 188, 72, 2, 58, 88, 153, 20, 101, 112, 175, 132, 136, 42, 104, 4, 195, 37, 27, 38, 129, 70, 138, 149, 172, 67, 127, 192, 157, 76, 79, 124, 180, 1]
40160

[163, 139, 20, 153, 88, 40, 29, 67, 160, 157, 192, 127, 191, 13, 35, 56, 107, 68, 2, 72, 188, 130, 179, 155, 99, 32, 174, 9, 91, 103, 164, 95, 165, 83, 169, 121, 115, 193, 50, 15, 117, 178, 18, 189, 28, 183, 60, 135, 25, 198, 6, 31, 171, 45, 39, 131, 84, 144, 122, 14, 78, 159, 176, 161, 63, 19, 54, 134, 41, 119, 46, 30, 156, 74, 154, 182, 21, 133, 7, 16, 33, 57, 140, 170, 199, 147, 38, 129, 70, 195, 132, 175, 112, 85, 138, 71, 184, 167, 22, 172]
[197, 190, 0, 52, 114, 116, 110, 26, 12, 64, 79, 76, 166, 59, 100, 3, 146, 11, 120, 173, 158, 23, 77, 81, 8, 137, 123, 36, 109, 17, 48, 162, 92, 105, 148, 98, 118, 65, 152, 62, 187, 43, 47, 10, 51, 86, 125, 96, 80, 44, 196, 73, 141, 58, 101, 75, 69, 143, 149, 90, 93, 181, 194, 94, 49, 136, 42, 104, 4, 177, 151, 55, 37, 27, 87, 97, 113, 102, 142, 89, 24, 145, 128, 82, 61, 168, 34, 1, 180, 124, 150, 186, 53, 5, 108, 106, 111, 126, 185, 66]
41675

[109, 171, 45, 120, 23, 158, 173, 131, 84, 144, 190, 26, 197, 78, 159, 161, 63, 19, 134, 41, 185, 54, 66, 30, 46, 156, 106, 108, 53, 74, 182, 154, 7, 16, 24, 142, 102, 89, 33, 57, 140, 170, 199, 27, 38, 37, 70, 129, 71, 49, 138, 85, 94, 93, 90, 149, 143, 22, 20, 153, 139, 163, 168, 34, 1, 180, 124, 76, 40, 166, 127, 59, 105, 148, 48, 189, 18, 98, 196, 44, 32, 99, 155, 80, 96, 103, 165, 47, 65, 152, 43, 187, 115, 121, 62, 178, 117, 123, 137, 28]
[122, 0, 52, 114, 116, 110, 39, 146, 11, 17, 183, 36, 60, 135, 31, 25, 198, 6, 81, 77, 8, 15, 50, 193, 169, 83, 10, 51, 86, 125, 95, 164, 118, 91, 9, 174, 35, 56, 73, 141, 179, 130, 188, 2, 72, 101, 69, 75, 181, 194, 112, 175, 132, 136, 42, 104, 4, 195, 177, 151, 55, 147, 87, 97, 113, 128, 145, 21, 133, 82, 61, 184, 167, 172, 67, 29, 88, 58, 68, 107, 13, 191, 92, 162, 3, 100, 192, 157, 79, 160, 150, 186, 5, 111, 126, 119, 64, 176, 12, 14]
38054

[138, 85, 55, 199, 170, 140, 57, 97, 113, 38, 129, 49, 90, 93, 94, 132, 175, 112, 194, 181, 75, 69, 101, 153, 20, 139, 168, 67, 29, 76, 157, 192, 127, 59, 100, 3, 191, 13, 73, 80, 96, 103, 164, 165, 95, 125, 86, 51, 10, 169, 121, 115, 118, 91, 18, 92, 162, 146, 11, 48, 17, 123, 137, 8, 77, 81, 6, 198, 25, 60, 135, 31, 23, 158, 116, 114, 52, 0, 144, 14, 78, 159, 63, 19, 134, 126, 16, 24, 142, 7, 74, 108, 106, 46, 30, 64, 160, 124, 180, 184]
[117, 15, 36, 183, 28, 109, 189, 148, 105, 98, 9, 174, 35, 56, 107, 166, 79, 150, 186, 53, 5, 156, 119, 66, 176, 12, 26, 190, 39, 45, 171, 120, 173, 110, 131, 84, 197, 122, 161, 54, 41, 185, 111, 154, 182, 21, 133, 128, 145, 89, 33, 102, 87, 147, 27, 37, 70, 195, 177, 151, 104, 42, 136, 4, 71, 82, 61, 167, 1, 34, 172, 149, 143, 22, 163, 88, 40, 58, 2, 72, 188, 68, 141, 130, 179, 155, 99, 32, 44, 196, 47, 83, 152, 65, 178, 43, 187, 62, 50, 193]
40384

[166, 127, 192, 26, 197, 122, 190, 131, 114, 116, 110, 39, 146, 11, 45, 171, 120, 23, 135, 25, 8, 137, 60, 109, 17, 48, 162, 92, 65, 152, 50, 193, 47, 165, 95, 86, 125, 164, 103, 96, 80, 179, 130, 188, 141, 107, 68, 2, 72, 58, 88, 153, 20, 139, 163, 101, 69, 143, 172, 149, 90, 93, 94, 85, 195, 177, 151, 55, 138, 49, 184, 71, 129, 128, 145, 142, 102, 199, 170, 140, 57, 33, 89, 24, 16, 7, 182, 154, 111, 46, 30, 66, 176, 64, 79, 1, 34, 67, 76, 157]
[113, 97, 87, 147, 37, 70, 4, 104, 42, 136, 132, 175, 112, 194, 181, 75, 22, 168, 29, 40, 73, 99, 155, 32, 44, 196, 118, 91, 18, 98, 9, 174, 35, 56, 13, 191, 59, 100, 3, 105, 148, 189, 178, 43, 83, 10, 51, 169, 121, 115, 187, 62, 15, 117, 36, 28, 183, 123, 77, 81, 6, 198, 31, 158, 173, 52, 0, 84, 144, 14, 12, 78, 159, 161, 63, 19, 54, 41, 134, 185, 126, 119, 156, 108, 106, 21, 133, 74, 53, 5, 186, 150, 160, 124, 180, 167, 61, 82, 38, 27]
39231

[8, 81, 77, 25, 137, 123, 117, 36, 48, 189, 148, 105, 196, 44, 155, 141, 68, 59, 166, 76, 157, 127, 192, 26, 197, 190, 84, 144, 159, 161, 54, 41, 185, 119, 66, 176, 30, 46, 156, 106, 108, 74, 182, 21, 133, 7, 16, 24, 142, 89, 33, 102, 128, 113, 97, 87, 27, 38, 37, 55, 151, 177, 195, 70, 129, 71, 82, 61, 167, 149, 90, 94, 93, 181, 75, 69, 143, 101, 163, 22, 172, 1, 34, 67, 29, 88, 40, 58, 2, 72, 188, 130, 179, 96, 51, 10, 83, 169, 62, 15]
[171, 28, 183, 17, 109, 45, 120, 173, 158, 23, 31, 135, 60, 198, 6, 50, 193, 121, 115, 187, 43, 178, 65, 152, 47, 165, 86, 125, 95, 164, 103, 80, 32, 99, 73, 56, 35, 174, 9, 91, 118, 18, 98, 13, 107, 191, 3, 162, 92, 11, 146, 100, 153, 20, 139, 168, 180, 124, 160, 79, 12, 64, 150, 186, 5, 53, 184, 49, 138, 85, 194, 112, 175, 132, 136, 42, 104, 4, 147, 199, 170, 140, 57, 145, 154, 111, 126, 134, 19, 63, 78, 14, 122, 39, 131, 110, 116, 114, 0, 52]
41359

[192, 127, 64, 53, 61, 82, 128, 102, 145, 7, 106, 156, 30, 66, 63, 19, 161, 176, 12, 78, 14, 122, 197, 26, 39, 146, 11, 120, 45, 171, 28, 25, 198, 6, 81, 77, 8, 123, 117, 15, 62, 50, 193, 121, 115, 187, 43, 178, 65, 152, 47, 169, 83, 10, 51, 165, 95, 86, 125, 164, 103, 118, 148, 105, 92, 162, 3, 9, 174, 44, 32, 99, 155, 179, 130, 141, 188, 2, 72, 101, 69, 75, 93, 94, 85, 195, 177, 151, 55, 138, 49, 167, 34, 168, 67, 29, 40, 166, 59, 100]
[73, 56, 35, 80, 96, 196, 91, 98, 18, 189, 48, 17, 109, 183, 36, 137, 60, 135, 31, 23, 158, 173, 110, 116, 114, 52, 0, 131, 84, 144, 190, 159, 54, 41, 134, 185, 126, 119, 46, 111, 154, 182, 21, 133, 74, 108, 5, 186, 150, 79, 157, 76, 160, 124, 180, 1, 184, 71, 129, 38, 87, 97, 113, 142, 16, 24, 89, 33, 57, 140, 170, 199, 147, 27, 37, 70, 4, 104, 42, 136, 132, 175, 112, 194, 181, 90, 149, 172, 22, 143, 163, 139, 20, 153, 88, 58, 68, 107, 191, 13]
38127

[44, 32, 99, 155, 179, 130, 188, 166, 40, 88, 163, 29, 67, 168, 22, 172, 149, 90, 143, 69, 75, 181, 194, 112, 175, 132, 136, 42, 104, 4, 138, 49, 71, 113, 97, 199, 170, 140, 57, 33, 24, 16, 7, 21, 133, 74, 46, 66, 30, 186, 150, 192, 100, 3, 162, 146, 26, 197, 12, 78, 14, 122, 144, 0, 52, 131, 39, 45, 171, 109, 17, 28, 183, 25, 198, 6, 81, 77, 8, 137, 123, 117, 15, 187, 43, 152, 65, 18, 98, 91, 118, 47, 10, 51, 165, 95, 86, 125, 164, 196]
[64, 79, 160, 76, 157, 127, 59, 191, 13, 174, 9, 148, 105, 92, 189, 48, 11, 190, 84, 110, 114, 116, 120, 173, 158, 23, 31, 135, 60, 36, 178, 62, 50, 193, 115, 121, 169, 83, 103, 96, 80, 35, 56, 73, 107, 141, 68, 2, 72, 58, 153, 139, 20, 101, 93, 94, 85, 195, 177, 151, 55, 27, 147, 87, 102, 89, 142, 145, 128, 38, 37, 70, 129, 82, 61, 184, 167, 34, 1, 180, 124, 53, 5, 108, 156, 106, 182, 154, 111, 119, 126, 185, 134, 41, 54, 19, 63, 161, 159, 176]
39105

[27, 102, 142, 89, 24, 16, 145, 128, 133, 21, 7, 154, 182, 74, 111, 41, 134, 19, 159, 78, 14, 144, 84, 11, 45, 171, 31, 135, 60, 25, 198, 6, 81, 77, 8, 137, 123, 36, 117, 15, 178, 65, 152, 43, 115, 187, 62, 50, 193, 121, 169, 47, 83, 10, 51, 86, 125, 95, 165, 118, 189, 18, 98, 91, 9, 174, 35, 56, 73, 107, 26, 190, 197, 122, 12, 176, 30, 46, 106, 108, 186, 150, 124, 1, 34, 172, 143, 101, 69, 75, 90, 93, 94, 49, 71, 138, 85, 177, 151, 55]
[116, 110, 120, 173, 158, 23, 183, 28, 109, 17, 48, 148, 105, 92, 162, 3, 191, 13, 196, 103, 164, 96, 80, 44, 32, 99, 155, 179, 130, 188, 141, 68, 2, 72, 58, 40, 88, 153, 20, 139, 163, 22, 149, 181, 194, 112, 175, 132, 136, 42, 104, 4, 195, 70, 37, 147, 199, 170, 140, 57, 33, 113, 97, 87, 38, 129, 82, 61, 184, 167, 53, 5, 156, 119, 126, 185, 54, 63, 161, 66, 64, 79, 157, 76, 160, 180, 168, 67, 29, 166, 127, 192, 59, 100, 146, 39, 131, 0, 52, 114]
37215

[30, 14, 122, 197, 26, 190, 144, 84, 0, 52, 114, 116, 110, 131, 39, 146, 11, 92, 48, 17, 109, 28, 183, 36, 60, 171, 45, 120, 173, 158, 23, 31, 135, 25, 198, 6, 81, 77, 8, 137, 123, 117, 15, 152, 65, 118, 196, 44, 96, 80, 32, 155, 99, 73, 179, 130, 188, 72, 2, 58, 88, 153, 20, 139, 143, 149, 172, 22, 168, 34, 1, 180, 124, 160, 150, 186, 53, 61, 82, 49, 94, 138, 85, 136, 42, 104, 4, 195, 70, 129, 71, 128, 102, 145, 74, 106, 108, 5, 156, 46]
[91, 18, 98, 9, 174, 191, 13, 35, 56, 141, 68, 107, 59, 166, 40, 29, 67, 163, 101, 69, 75, 181, 194, 112, 175, 132, 93, 90, 167, 184, 177, 151, 55, 37, 38, 27, 147, 87, 113, 97, 199, 170, 140, 57, 33, 89, 142, 24, 16, 7, 133, 21, 182, 154, 111, 119, 126, 185, 134, 41, 54, 19, 63, 161, 159, 78, 12, 176, 66, 64, 79, 76, 157, 127, 192, 100, 3, 162, 105, 148, 189, 178, 50, 193, 62, 43, 187, 115, 121, 169, 47, 83, 10, 51, 86, 125, 95, 165, 103, 164]
35658

[97, 87, 27, 38, 82, 61, 71, 129, 70, 195, 4, 132, 175, 112, 194, 181, 93, 75, 69, 101, 143, 22, 34, 1, 67, 168, 163, 139, 20, 153, 88, 72, 2, 188, 68, 141, 130, 179, 73, 91, 18, 118, 103, 165, 47, 115, 62, 178, 189, 148, 92, 162, 48, 17, 109, 28, 183, 60, 135, 158, 116, 114, 110, 52, 0, 84, 190, 197, 122, 14, 159, 78, 12, 26, 59, 127, 192, 79, 160, 150, 186, 5, 108, 156, 30, 66, 46, 106, 154, 182, 21, 7, 16, 24, 33, 89, 142, 145, 102, 113]
[151, 55, 177, 104, 42, 136, 85, 138, 49, 184, 167, 94, 90, 149, 172, 29, 76, 157, 166, 40, 58, 107, 56, 35, 13, 191, 105, 98, 9, 174, 196, 44, 32, 99, 155, 80, 96, 164, 95, 125, 86, 51, 10, 83, 169, 121, 152, 65, 43, 187, 193, 50, 15, 117, 36, 123, 137, 8, 77, 81, 6, 198, 25, 31, 23, 173, 120, 171, 45, 11, 3, 100, 146, 39, 131, 144, 19, 63, 134, 41, 185, 126, 111, 119, 54, 161, 176, 64, 124, 180, 53, 74, 133, 128, 57, 140, 170, 199, 147, 37]
39162

[36, 48, 92, 162, 3, 100, 59, 146, 11, 39, 131, 190, 12, 78, 159, 176, 30, 46, 156, 106, 119, 66, 161, 63, 19, 54, 41, 134, 185, 126, 111, 154, 182, 21, 7, 145, 102, 142, 16, 24, 89, 33, 57, 140, 170, 199, 38, 129, 70, 55, 151, 42, 136, 132, 175, 112, 194, 181, 93, 94, 90, 75, 69, 143, 149, 167, 184, 71, 82, 61, 53, 186, 150, 160, 124, 67, 29, 88, 40, 107, 191, 13, 80, 96, 103, 164, 95, 125, 86, 165, 47, 83, 10, 51, 169, 121, 193, 123, 137, 60]
[62, 187, 115, 43, 152, 65, 178, 15, 50, 117, 8, 77, 81, 6, 198, 25, 135, 31, 23, 183, 28, 17, 109, 171, 45, 120, 173, 158, 116, 114, 110, 52, 0, 84, 144, 14, 122, 197, 26, 192, 127, 166, 157, 76, 79, 64, 5, 108, 74, 133, 128, 113, 97, 87, 147, 27, 37, 195, 177, 4, 104, 85, 138, 49, 180, 1, 34, 168, 172, 22, 101, 163, 139, 20, 153, 58, 2, 72, 188, 68, 141, 130, 179, 73, 56, 35, 99, 155, 32, 44, 196, 118, 91, 9, 174, 98, 18, 105, 148, 189]
37286

[7, 16, 24, 102, 113, 97, 87, 27, 37, 55, 151, 177, 104, 42, 136, 132, 175, 112, 194, 181, 75, 69, 143, 149, 90, 93, 94, 49, 184, 53, 108, 106, 156, 64, 79, 150, 160, 124, 180, 1, 172, 22, 101, 153, 20, 139, 163, 168, 192, 146, 39, 11, 120, 45, 171, 48, 191, 107, 68, 141, 130, 179, 155, 32, 44, 196, 10, 51, 169, 121, 115, 152, 65, 118, 189, 17, 109, 28, 60, 135, 31, 23, 158, 116, 114, 0, 84, 144, 122, 14, 12, 176, 161, 63, 54, 126, 111, 154, 182, 21]
[96, 80, 99, 73, 56, 35, 13, 98, 174, 9, 91, 18, 148, 105, 92, 162, 3, 100, 59, 127, 188, 72, 2, 58, 88, 40, 166, 157, 76, 29, 67, 34, 167, 61, 82, 71, 138, 85, 4, 195, 70, 129, 38, 147, 199, 170, 140, 57, 33, 89, 142, 145, 128, 133, 74, 5, 186, 30, 66, 46, 119, 185, 41, 134, 19, 159, 78, 197, 26, 190, 131, 52, 110, 173, 183, 36, 137, 25, 198, 6, 81, 77, 8, 123, 117, 178, 15, 50, 193, 62, 187, 43, 47, 83, 165, 95, 86, 125, 164, 103]
38454

[53, 5, 156, 46, 30, 66, 161, 63, 19, 159, 78, 12, 14, 122, 144, 84, 0, 52, 110, 173, 120, 11, 146, 100, 3, 162, 92, 48, 109, 28, 183, 45, 171, 135, 60, 123, 117, 15, 50, 193, 121, 169, 86, 125, 95, 164, 165, 47, 115, 187, 43, 62, 178, 152, 65, 189, 148, 18, 91, 9, 174, 196, 44, 99, 155, 179, 130, 188, 72, 139, 163, 22, 172, 149, 90, 94, 85, 129, 38, 27, 147, 87, 199, 170, 140, 57, 97, 113, 33, 89, 24, 16, 142, 102, 145, 128, 133, 74, 106, 108]
[177, 151, 55, 37, 70, 138, 49, 71, 82, 61, 21, 7, 182, 154, 111, 126, 185, 134, 41, 54, 119, 186, 150, 124, 180, 1, 184, 167, 34, 168, 67, 29, 166, 59, 127, 192, 157, 76, 160, 79, 64, 176, 197, 26, 190, 39, 131, 114, 116, 158, 23, 31, 25, 198, 6, 81, 77, 8, 137, 36, 17, 105, 191, 107, 13, 98, 118, 83, 10, 51, 103, 96, 80, 32, 35, 56, 73, 141, 68, 2, 58, 40, 88, 153, 20, 101, 143, 69, 75, 93, 181, 194, 112, 175, 132, 136, 42, 104, 4, 195]
37581

[84, 0, 52, 114, 116, 158, 23, 31, 135, 60, 15, 62, 43, 178, 28, 109, 17, 189, 148, 105, 18, 98, 35, 56, 99, 73, 141, 68, 107, 13, 191, 3, 100, 59, 192, 127, 166, 40, 160, 124, 180, 1, 168, 67, 29, 139, 20, 163, 22, 149, 90, 93, 94, 85, 138, 195, 177, 151, 55, 147, 87, 199, 170, 140, 57, 97, 113, 27, 38, 129, 71, 82, 61, 133, 21, 24, 16, 7, 154, 182, 74, 53, 5, 108, 106, 156, 126, 185, 134, 41, 54, 19, 63, 161, 159, 78, 14, 122, 190, 144]
[10, 51, 83, 47, 169, 121, 115, 187, 152, 65, 118, 91, 9, 174, 196, 44, 103, 164, 165, 95, 86, 125, 96, 80, 32, 155, 179, 130, 188, 72, 2, 58, 88, 153, 101, 69, 143, 172, 34, 167, 184, 49, 75, 181, 194, 112, 175, 132, 136, 42, 104, 4, 70, 37, 102, 33, 89, 142, 145, 128, 111, 119, 46, 186, 150, 79, 76, 157, 64, 30, 66, 176, 12, 197, 26, 146, 11, 39, 131, 110, 173, 120, 171, 45, 162, 92, 48, 183, 36, 137, 25, 198, 6, 81, 77, 8, 123, 117, 50, 193]
37941

[3, 191, 13, 107, 68, 141, 73, 99, 56, 35, 174, 9, 91, 98, 18, 103, 164, 165, 83, 169, 121, 115, 43, 187, 193, 50, 62, 15, 36, 183, 28, 171, 173, 120, 45, 109, 17, 48, 189, 148, 105, 92, 162, 11, 131, 84, 39, 146, 100, 59, 192, 127, 166, 157, 76, 79, 160, 150, 7, 16, 24, 102, 113, 97, 170, 199, 87, 27, 38, 129, 82, 71, 70, 37, 55, 151, 177, 195, 42, 104, 4, 138, 49, 184, 167, 149, 172, 22, 168, 163, 20, 139, 88, 40, 29, 67, 34, 1, 180, 124]
[137, 123, 117, 178, 152, 65, 118, 47, 10, 51, 95, 86, 125, 96, 80, 196, 44, 32, 155, 179, 130, 188, 72, 2, 58, 153, 101, 75, 69, 143, 90, 93, 94, 85, 181, 194, 112, 175, 132, 136, 147, 140, 57, 33, 89, 142, 145, 128, 61, 74, 133, 21, 182, 154, 106, 108, 5, 53, 186, 156, 119, 111, 126, 185, 134, 41, 54, 46, 30, 64, 66, 161, 63, 19, 159, 176, 12, 78, 14, 122, 197, 26, 190, 144, 0, 52, 110, 114, 116, 158, 23, 31, 135, 60, 25, 198, 6, 81, 77, 8]
38289

[15, 117, 81, 6, 198, 77, 8, 137, 123, 36, 17, 109, 28, 183, 60, 135, 25, 31, 23, 158, 173, 120, 171, 45, 11, 26, 159, 161, 63, 19, 134, 41, 124, 180, 1, 167, 184, 49, 71, 129, 38, 87, 170, 199, 147, 151, 177, 4, 104, 42, 136, 132, 175, 112, 194, 181, 93, 94, 90, 149, 143, 69, 75, 101, 172, 22, 163, 88, 40, 166, 58, 72, 2, 68, 188, 130, 179, 155, 99, 44, 196, 35, 13, 191, 92, 105, 148, 98, 174, 9, 91, 103, 164, 95, 165, 83, 169, 187, 43, 62]
[116, 110, 39, 146, 162, 48, 189, 178, 50, 193, 121, 115, 152, 65, 18, 118, 47, 10, 51, 86, 125, 96, 80, 32, 56, 73, 141, 107, 3, 100, 59, 127, 192, 64, 79, 76, 157, 29, 67, 139, 153, 20, 168, 34, 160, 150, 186, 53, 5, 108, 74, 61, 82, 138, 85, 195, 55, 70, 37, 27, 113, 97, 57, 140, 33, 89, 24, 16, 142, 102, 145, 128, 133, 21, 7, 182, 154, 106, 156, 30, 46, 119, 111, 126, 185, 54, 66, 176, 12, 78, 14, 122, 197, 190, 144, 84, 131, 0, 52, 114]
38325

[26, 197, 176, 66, 119, 186, 150, 79, 157, 76, 160, 124, 180, 1, 53, 74, 133, 21, 7, 89, 33, 57, 140, 170, 199, 97, 113, 87, 147, 27, 37, 70, 195, 4, 104, 85, 138, 129, 71, 184, 167, 90, 149, 172, 34, 67, 29, 88, 40, 58, 2, 72, 188, 130, 179, 44, 196, 65, 152, 47, 83, 10, 51, 169, 121, 115, 187, 43, 62, 193, 50, 15, 178, 117, 36, 123, 137, 8, 77, 81, 6, 198, 25, 60, 135, 31, 23, 116, 114, 52, 0, 11, 92, 105, 148, 13, 191, 107, 141, 68]
[101, 69, 75, 181, 194, 112, 175, 132, 136, 42, 177, 151, 55, 38, 128, 145, 102, 142, 24, 16, 182, 154, 111, 126, 185, 134, 41, 54, 19, 63, 161, 159, 78, 12, 14, 122, 190, 144, 84, 131, 146, 39, 110, 158, 173, 120, 45, 171, 183, 28, 109, 17, 48, 189, 18, 91, 118, 103, 165, 86, 125, 95, 164, 96, 80, 32, 155, 99, 73, 56, 35, 174, 9, 98, 162, 3, 100, 59, 166, 127, 192, 64, 30, 46, 156, 106, 108, 5, 61, 82, 49, 94, 93, 143, 20, 153, 139, 163, 168, 22]
37966

[61, 82, 53, 156, 46, 186, 150, 64, 30, 176, 12, 78, 14, 122, 144, 84, 110, 158, 173, 120, 45, 171, 183, 36, 60, 135, 25, 198, 6, 81, 77, 8, 62, 43, 187, 169, 83, 10, 51, 86, 125, 95, 165, 164, 103, 96, 80, 32, 56, 35, 174, 18, 189, 17, 109, 48, 92, 162, 3, 88, 153, 20, 139, 163, 22, 172, 167, 184, 49, 71, 129, 70, 37, 27, 87, 97, 57, 140, 170, 199, 147, 151, 177, 4, 104, 42, 136, 132, 175, 112, 194, 181, 93, 94, 90, 149, 75, 69, 101, 143]
[160, 124, 180, 1, 34, 168, 67, 29, 40, 58, 2, 72, 188, 130, 179, 141, 68, 107, 191, 13, 73, 99, 155, 44, 196, 118, 47, 115, 121, 193, 50, 15, 117, 123, 137, 178, 152, 65, 91, 9, 98, 148, 105, 28, 31, 23, 116, 114, 52, 0, 131, 39, 11, 146, 26, 190, 197, 159, 161, 63, 19, 134, 41, 54, 66, 119, 185, 126, 111, 154, 182, 7, 145, 16, 24, 142, 89, 33, 102, 113, 38, 55, 195, 85, 138, 128, 133, 21, 74, 106, 108, 5, 79, 76, 157, 166, 59, 100, 127, 192]
39157

[18, 91, 9, 174, 35, 56, 73, 99, 155, 32, 80, 44, 196, 118, 103, 96, 179, 130, 188, 141, 68, 59, 100, 3, 146, 26, 197, 12, 64, 157, 192, 127, 166, 40, 58, 88, 139, 163, 22, 172, 34, 1, 180, 124, 150, 30, 46, 156, 106, 74, 21, 133, 61, 82, 71, 138, 49, 181, 194, 112, 175, 132, 42, 151, 55, 70, 129, 38, 113, 97, 33, 89, 142, 24, 16, 126, 185, 134, 41, 54, 119, 66, 176, 78, 14, 144, 84, 23, 31, 135, 60, 25, 8, 137, 123, 117, 50, 193, 152, 65]
[92, 189, 48, 17, 109, 28, 183, 36, 178, 47, 164, 125, 86, 95, 165, 51, 10, 83, 169, 121, 115, 187, 43, 62, 15, 77, 81, 6, 198, 158, 116, 114, 52, 0, 131, 110, 173, 120, 171, 45, 11, 39, 190, 122, 159, 19, 63, 161, 79, 76, 29, 67, 168, 160, 186, 53, 5, 108, 111, 154, 182, 7, 128, 145, 102, 57, 140, 170, 199, 87, 147, 27, 37, 195, 177, 4, 104, 136, 85, 94, 93, 90, 184, 167, 149, 143, 69, 75, 101, 20, 153, 72, 2, 107, 191, 13, 98, 148, 105, 162]
40722

[41, 134, 54, 161, 159, 176, 64, 150, 160, 76, 166, 107, 13, 191, 3, 146, 39, 131, 0, 52, 114, 116, 110, 11, 120, 173, 158, 23, 31, 60, 137, 123, 15, 62, 121, 169, 83, 10, 51, 86, 125, 95, 164, 103, 165, 47, 152, 178, 36, 183, 189, 148, 105, 18, 98, 9, 174, 35, 56, 73, 99, 155, 179, 130, 188, 40, 139, 163, 29, 67, 168, 34, 22, 172, 194, 112, 175, 132, 151, 55, 38, 128, 145, 142, 89, 33, 24, 16, 7, 21, 133, 74, 53, 5, 108, 106, 111, 126, 182, 154]
[197, 26, 190, 84, 144, 78, 19, 63, 185, 119, 66, 30, 46, 156, 186, 124, 180, 1, 167, 184, 49, 61, 82, 71, 129, 70, 37, 27, 87, 97, 113, 102, 57, 140, 170, 199, 147, 177, 195, 4, 104, 42, 136, 85, 138, 94, 149, 90, 93, 181, 75, 69, 143, 101, 20, 153, 88, 58, 72, 2, 68, 141, 32, 80, 96, 44, 196, 91, 118, 65, 43, 187, 115, 193, 50, 117, 8, 77, 81, 6, 198, 25, 135, 171, 45, 28, 109, 17, 48, 92, 162, 100, 59, 127, 192, 157, 79, 12, 14, 122]
39373

[147, 55, 151, 177, 195, 4, 85, 94, 93, 181, 75, 90, 149, 69, 101, 20, 153, 88, 68, 141, 107, 191, 13, 73, 56, 35, 91, 98, 18, 118, 65, 152, 47, 83, 115, 187, 43, 178, 36, 60, 25, 135, 171, 11, 146, 162, 92, 48, 17, 189, 148, 105, 3, 100, 59, 127, 192, 157, 76, 160, 79, 30, 66, 161, 159, 19, 63, 54, 41, 134, 185, 126, 21, 133, 74, 53, 124, 180, 1, 167, 184, 49, 138, 71, 129, 38, 27, 87, 199, 97, 102, 145, 142, 16, 24, 89, 33, 57, 140, 170]
[23, 31, 198, 6, 81, 77, 8, 137, 123, 183, 28, 109, 117, 15, 62, 50, 193, 121, 169, 51, 10, 165, 95, 86, 125, 164, 103, 96, 80, 44, 196, 9, 174, 32, 99, 155, 179, 130, 188, 72, 2, 58, 40, 166, 29, 139, 163, 143, 172, 22, 168, 67, 34, 61, 82, 194, 112, 175, 132, 136, 42, 104, 70, 37, 113, 128, 7, 182, 154, 106, 111, 119, 46, 156, 108, 5, 186, 150, 64, 176, 12, 78, 14, 144, 84, 131, 0, 52, 110, 114, 116, 158, 173, 120, 45, 39, 190, 26, 197, 122]
40026

[143, 69, 75, 181, 194, 112, 175, 132, 136, 42, 104, 4, 151, 177, 138, 49, 82, 71, 129, 70, 38, 113, 102, 145, 128, 133, 21, 106, 156, 30, 66, 54, 19, 63, 161, 159, 78, 14, 122, 197, 144, 84, 0, 52, 173, 158, 23, 31, 135, 25, 198, 6, 81, 77, 8, 123, 137, 60, 120, 45, 171, 28, 109, 17, 189, 18, 91, 9, 174, 196, 96, 80, 44, 13, 191, 59, 192, 12, 176, 64, 79, 160, 124, 184, 167, 172, 22, 163, 20, 139, 88, 40, 58, 68, 141, 188, 2, 72, 153, 101]
[47, 65, 152, 83, 165, 103, 164, 125, 86, 95, 10, 51, 169, 121, 115, 187, 43, 62, 193, 50, 15, 178, 117, 36, 183, 48, 92, 162, 11, 110, 116, 114, 131, 190, 26, 39, 146, 3, 100, 127, 157, 76, 67, 34, 1, 180, 150, 186, 46, 119, 185, 41, 134, 126, 111, 108, 5, 53, 61, 74, 182, 154, 7, 16, 24, 142, 89, 33, 57, 140, 170, 199, 97, 87, 147, 27, 37, 55, 195, 85, 94, 93, 90, 149, 168, 29, 166, 107, 130, 179, 155, 32, 99, 73, 56, 35, 105, 148, 98, 118]
39671

[99, 32, 155, 141, 68, 58, 88, 22, 172, 149, 181, 194, 112, 175, 132, 42, 195, 27, 147, 87, 97, 199, 170, 140, 57, 33, 113, 128, 7, 154, 182, 133, 82, 61, 184, 53, 108, 106, 111, 156, 30, 46, 119, 41, 134, 19, 63, 161, 159, 78, 12, 176, 76, 157, 192, 146, 39, 26, 190, 131, 0, 52, 114, 116, 173, 120, 45, 171, 36, 60, 135, 25, 198, 6, 81, 77, 8, 15, 50, 193, 187, 43, 115, 121, 169, 47, 152, 65, 118, 196, 98, 148, 105, 92, 162, 3, 100, 191, 107, 73]
[40, 2, 72, 188, 130, 179, 56, 35, 44, 80, 96, 103, 164, 125, 86, 95, 165, 51, 10, 83, 62, 178, 117, 123, 137, 31, 23, 158, 110, 84, 144, 14, 122, 197, 11, 28, 183, 109, 17, 48, 189, 18, 91, 9, 174, 13, 59, 127, 166, 29, 67, 168, 163, 139, 20, 153, 101, 75, 69, 143, 90, 93, 94, 138, 85, 136, 104, 4, 177, 151, 55, 70, 37, 38, 129, 71, 49, 167, 34, 1, 180, 124, 160, 79, 64, 66, 54, 185, 126, 16, 24, 89, 142, 102, 145, 21, 74, 5, 186, 150]
40262

[188, 72, 2, 58, 127, 192, 157, 76, 79, 150, 53, 128, 145, 102, 113, 97, 87, 38, 70, 195, 94, 93, 90, 75, 181, 194, 112, 175, 132, 136, 42, 104, 4, 177, 151, 55, 37, 27, 147, 199, 170, 140, 57, 33, 89, 142, 24, 16, 126, 63, 19, 14, 122, 144, 84, 0, 52, 114, 116, 110, 173, 158, 23, 31, 198, 6, 81, 117, 15, 43, 187, 115, 169, 10, 51, 86, 125, 95, 47, 152, 65, 189, 148, 105, 92, 162, 48, 17, 109, 183, 60, 28, 11, 146, 3, 107, 68, 141, 179, 130]
[190, 131, 39, 120, 45, 171, 135, 25, 77, 8, 137, 123, 36, 18, 98, 91, 9, 174, 44, 196, 118, 178, 62, 50, 193, 121, 83, 165, 164, 103, 96, 80, 32, 155, 99, 73, 56, 35, 13, 191, 100, 59, 166, 40, 88, 153, 20, 139, 163, 67, 29, 64, 12, 176, 66, 30, 46, 156, 106, 108, 5, 186, 160, 124, 180, 1, 34, 168, 22, 143, 101, 69, 149, 172, 167, 184, 49, 85, 138, 129, 71, 82, 61, 74, 133, 21, 7, 182, 154, 111, 119, 185, 134, 41, 54, 161, 159, 78, 197, 26]
38624

[155, 179, 130, 188, 72, 2, 68, 141, 107, 59, 166, 29, 67, 22, 172, 149, 90, 93, 94, 85, 138, 195, 177, 55, 70, 37, 38, 27, 199, 170, 140, 57, 33, 89, 102, 145, 128, 82, 61, 49, 184, 167, 34, 1, 160, 150, 53, 74, 182, 154, 111, 185, 119, 46, 30, 66, 176, 159, 78, 122, 197, 26, 190, 131, 39, 146, 11, 28, 8, 77, 198, 6, 81, 117, 15, 178, 62, 50, 193, 121, 169, 165, 95, 86, 125, 164, 103, 96, 80, 44, 174, 9, 91, 18, 98, 191, 13, 35, 56, 99]
[116, 114, 52, 0, 84, 144, 14, 12, 64, 79, 76, 157, 127, 192, 100, 3, 162, 92, 105, 148, 48, 171, 45, 120, 173, 110, 158, 23, 31, 135, 60, 25, 137, 123, 36, 183, 109, 17, 189, 65, 152, 43, 187, 115, 51, 10, 83, 47, 118, 196, 32, 73, 58, 40, 88, 168, 163, 139, 20, 153, 101, 143, 69, 75, 181, 194, 112, 175, 132, 136, 42, 104, 4, 151, 147, 87, 97, 113, 129, 71, 180, 124, 186, 5, 108, 106, 156, 161, 63, 19, 54, 41, 134, 126, 21, 133, 7, 16, 142, 24]
40584

[26, 190, 131, 52, 110, 116, 114, 0, 84, 144, 122, 14, 78, 159, 19, 63, 161, 66, 30, 46, 119, 54, 41, 134, 185, 126, 111, 154, 182, 21, 133, 7, 145, 142, 16, 24, 89, 33, 113, 97, 87, 27, 38, 37, 195, 4, 104, 42, 136, 138, 49, 22, 168, 67, 29, 124, 53, 5, 186, 150, 79, 166, 40, 88, 58, 2, 72, 188, 130, 179, 107, 13, 191, 162, 146, 11, 92, 105, 148, 189, 48, 17, 109, 28, 183, 36, 178, 43, 152, 65, 165, 95, 86, 125, 164, 103, 96, 80, 196, 98]
[117, 15, 50, 193, 62, 187, 115, 121, 169, 51, 10, 83, 47, 118, 18, 91, 9, 174, 44, 32, 155, 99, 35, 56, 73, 141, 68, 3, 100, 59, 127, 192, 157, 76, 160, 180, 1, 34, 163, 139, 20, 153, 101, 143, 69, 75, 181, 194, 112, 175, 132, 85, 94, 93, 90, 149, 172, 167, 184, 61, 82, 71, 129, 70, 177, 151, 55, 147, 199, 170, 140, 57, 102, 128, 74, 108, 106, 156, 64, 176, 12, 197, 39, 45, 171, 120, 173, 158, 23, 31, 135, 60, 25, 198, 6, 81, 77, 8, 137, 123]
36738

[25, 198, 6, 81, 117, 50, 193, 187, 115, 121, 169, 83, 47, 152, 65, 178, 28, 109, 17, 48, 189, 148, 98, 18, 91, 9, 174, 179, 130, 188, 68, 2, 72, 58, 29, 157, 76, 160, 124, 180, 1, 172, 22, 143, 101, 69, 75, 149, 90, 93, 94, 49, 138, 85, 181, 194, 112, 175, 132, 136, 42, 104, 4, 195, 70, 37, 38, 102, 33, 89, 142, 24, 16, 126, 111, 154, 182, 74, 106, 108, 5, 53, 186, 150, 79, 161, 63, 19, 159, 78, 14, 144, 39, 11, 120, 173, 158, 23, 31, 135]
[146, 59, 107, 141, 155, 80, 96, 196, 44, 32, 99, 73, 56, 35, 13, 191, 100, 3, 162, 92, 105, 118, 103, 164, 95, 125, 86, 165, 10, 51, 43, 62, 15, 123, 137, 8, 77, 60, 36, 183, 171, 45, 110, 116, 114, 52, 0, 131, 84, 190, 26, 197, 122, 64, 192, 127, 166, 40, 88, 153, 20, 139, 163, 168, 67, 34, 167, 184, 61, 82, 71, 129, 177, 151, 55, 27, 147, 87, 199, 170, 140, 57, 97, 113, 128, 145, 7, 21, 133, 156, 30, 46, 119, 185, 134, 41, 54, 66, 176, 12]
38459

[53, 74, 133, 21, 154, 111, 126, 185, 54, 66, 161, 159, 78, 14, 122, 197, 26, 192, 127, 59, 105, 148, 92, 48, 11, 146, 39, 131, 52, 110, 158, 23, 31, 135, 109, 17, 189, 18, 91, 9, 174, 35, 56, 73, 99, 32, 44, 196, 103, 164, 165, 95, 86, 125, 96, 80, 155, 179, 130, 188, 72, 153, 139, 88, 40, 166, 157, 76, 180, 1, 34, 172, 149, 90, 167, 184, 49, 138, 85, 136, 42, 104, 4, 177, 195, 70, 27, 147, 87, 97, 199, 170, 140, 57, 145, 128, 61, 82, 129, 71]
[151, 55, 37, 38, 113, 102, 33, 89, 142, 24, 16, 7, 182, 106, 108, 5, 186, 150, 124, 160, 79, 64, 30, 46, 156, 119, 41, 134, 19, 63, 176, 12, 100, 3, 162, 190, 144, 84, 0, 114, 116, 173, 120, 45, 171, 28, 183, 36, 123, 137, 60, 25, 198, 6, 81, 77, 8, 117, 15, 50, 193, 62, 178, 65, 152, 43, 187, 115, 121, 169, 51, 10, 83, 47, 118, 98, 13, 191, 107, 141, 68, 2, 58, 29, 67, 168, 22, 163, 20, 101, 143, 69, 75, 93, 94, 181, 194, 175, 132, 112]
39373

[38, 27, 97, 113, 102, 142, 89, 24, 16, 145, 128, 71, 138, 85, 112, 132, 175, 194, 181, 75, 90, 93, 94, 61, 82, 74, 182, 106, 156, 108, 5, 53, 186, 150, 160, 79, 76, 157, 192, 127, 166, 29, 67, 168, 172, 22, 163, 139, 58, 2, 72, 188, 68, 141, 73, 56, 35, 174, 9, 91, 118, 152, 47, 95, 125, 86, 51, 169, 121, 193, 115, 187, 43, 62, 50, 15, 117, 123, 178, 17, 109, 171, 45, 120, 173, 11, 39, 146, 100, 59, 26, 131, 84, 190, 197, 122, 14, 12, 78, 161]
[124, 180, 1, 34, 167, 184, 49, 149, 143, 69, 101, 20, 153, 88, 40, 130, 179, 155, 99, 107, 191, 13, 98, 18, 196, 44, 32, 80, 96, 103, 164, 165, 10, 83, 65, 189, 148, 105, 3, 162, 92, 48, 28, 183, 36, 60, 135, 137, 8, 77, 81, 6, 198, 25, 31, 23, 158, 110, 116, 114, 52, 0, 144, 159, 19, 63, 54, 41, 134, 185, 126, 7, 33, 57, 140, 170, 199, 87, 147, 37, 55, 151, 177, 104, 42, 136, 4, 195, 70, 129, 133, 21, 154, 111, 119, 46, 30, 66, 176, 64]
40955

[174, 191, 13, 35, 56, 73, 68, 2, 72, 58, 40, 166, 157, 76, 29, 67, 163, 101, 69, 75, 85, 195, 177, 37, 27, 147, 199, 170, 140, 57, 97, 113, 102, 145, 128, 129, 71, 138, 49, 172, 22, 168, 34, 1, 124, 160, 150, 186, 133, 21, 7, 111, 119, 161, 159, 78, 14, 122, 197, 190, 26, 192, 146, 23, 31, 135, 60, 137, 25, 198, 6, 81, 77, 8, 123, 117, 15, 36, 109, 17, 48, 178, 65, 152, 43, 62, 187, 115, 47, 165, 95, 86, 125, 96, 80, 196, 44, 32, 155, 99]
[24, 16, 142, 82, 61, 184, 167, 180, 53, 74, 182, 154, 106, 108, 5, 156, 46, 30, 66, 54, 185, 126, 41, 134, 63, 19, 144, 0, 52, 114, 116, 110, 158, 173, 120, 45, 171, 28, 183, 50, 193, 121, 169, 83, 10, 51, 164, 103, 118, 91, 9, 98, 18, 189, 148, 105, 92, 162, 11, 39, 131, 84, 12, 176, 64, 79, 127, 59, 100, 3, 107, 141, 179, 130, 188, 88, 153, 20, 139, 143, 149, 90, 94, 93, 181, 194, 112, 175, 132, 136, 42, 104, 4, 151, 55, 70, 38, 87, 33, 89]
40570

[166, 160, 150, 124, 180, 1, 34, 67, 29, 168, 22, 163, 139, 88, 153, 20, 101, 143, 69, 75, 181, 194, 112, 175, 132, 42, 147, 199, 170, 140, 57, 129, 71, 82, 53, 5, 108, 106, 156, 46, 30, 66, 54, 41, 134, 19, 63, 78, 144, 84, 131, 110, 120, 28, 183, 123, 137, 8, 77, 81, 50, 193, 121, 115, 187, 43, 152, 65, 178, 62, 15, 117, 36, 17, 3, 100, 191, 13, 118, 103, 47, 169, 83, 10, 51, 165, 164, 95, 86, 125, 96, 179, 130, 141, 68, 188, 72, 2, 58, 40]
[172, 167, 184, 61, 133, 21, 74, 186, 64, 79, 76, 157, 127, 192, 146, 39, 11, 59, 107, 35, 56, 73, 99, 155, 32, 80, 44, 196, 174, 9, 91, 98, 18, 189, 148, 105, 92, 162, 48, 109, 45, 171, 60, 135, 25, 198, 6, 31, 23, 158, 173, 116, 114, 52, 0, 190, 26, 197, 122, 14, 12, 176, 159, 161, 185, 126, 119, 111, 154, 182, 7, 16, 24, 142, 89, 33, 102, 145, 128, 113, 97, 87, 27, 38, 37, 70, 195, 55, 151, 177, 4, 104, 136, 85, 138, 49, 94, 93, 90, 149]
38284

[107, 68, 141, 99, 32, 44, 196, 103, 164, 95, 125, 86, 51, 10, 47, 118, 35, 56, 73, 13, 191, 3, 162, 92, 189, 65, 152, 43, 187, 62, 15, 117, 123, 137, 8, 77, 81, 6, 198, 25, 31, 158, 39, 146, 26, 190, 197, 122, 78, 159, 19, 63, 54, 41, 134, 185, 126, 119, 46, 111, 154, 7, 145, 128, 38, 37, 195, 4, 138, 49, 184, 167, 90, 93, 75, 69, 101, 143, 172, 22, 168, 34, 1, 180, 124, 53, 5, 108, 106, 156, 186, 150, 79, 76, 157, 166, 127, 192, 100, 59]
[11, 105, 148, 98, 174, 9, 91, 18, 48, 17, 109, 171, 45, 120, 173, 23, 135, 60, 28, 183, 36, 178, 50, 193, 115, 121, 169, 83, 165, 96, 80, 155, 179, 130, 188, 72, 2, 58, 40, 88, 153, 20, 139, 163, 181, 194, 112, 175, 132, 136, 42, 104, 85, 94, 149, 67, 29, 160, 64, 176, 66, 30, 74, 182, 21, 133, 61, 82, 71, 129, 70, 177, 151, 55, 27, 147, 87, 199, 170, 140, 57, 97, 113, 102, 33, 89, 142, 24, 16, 161, 12, 14, 144, 84, 131, 0, 52, 114, 116, 110]
38733

[139, 20, 153, 101, 69, 75, 93, 181, 194, 112, 175, 132, 136, 42, 104, 4, 37, 27, 87, 97, 33, 89, 145, 128, 74, 106, 111, 126, 185, 134, 41, 54, 63, 19, 78, 144, 0, 52, 114, 116, 110, 45, 171, 28, 183, 50, 193, 169, 83, 10, 51, 165, 95, 86, 125, 44, 196, 118, 65, 152, 178, 189, 92, 162, 105, 148, 98, 18, 91, 9, 174, 35, 56, 73, 141, 68, 107, 100, 3, 146, 131, 84, 12, 64, 108, 5, 53, 61, 82, 71, 49, 184, 167, 149, 143, 22, 163, 168, 67, 29]
[59, 191, 13, 130, 179, 155, 99, 32, 80, 96, 103, 164, 47, 121, 115, 187, 43, 62, 15, 117, 36, 60, 135, 25, 137, 123, 8, 77, 81, 6, 198, 31, 23, 158, 173, 120, 109, 17, 48, 11, 39, 190, 14, 122, 197, 26, 192, 127, 157, 76, 79, 160, 180, 124, 150, 186, 156, 46, 30, 66, 176, 159, 161, 119, 154, 182, 21, 133, 7, 16, 24, 142, 102, 113, 57, 140, 170, 199, 147, 38, 129, 70, 55, 151, 177, 195, 138, 85, 94, 90, 172, 1, 34, 88, 40, 58, 2, 72, 188, 166]
39717

[152, 65, 91, 9, 174, 98, 148, 105, 17, 109, 48, 92, 162, 3, 100, 146, 39, 11, 45, 171, 28, 183, 36, 123, 137, 60, 135, 31, 23, 158, 116, 114, 52, 0, 84, 144, 78, 159, 19, 63, 54, 119, 156, 106, 154, 182, 74, 108, 5, 53, 186, 150, 160, 124, 180, 1, 61, 82, 128, 145, 113, 97, 87, 70, 195, 4, 104, 42, 136, 132, 175, 112, 194, 181, 93, 94, 85, 49, 184, 167, 90, 149, 172, 168, 67, 166, 59, 141, 130, 179, 80, 96, 165, 10, 51, 169, 121, 115, 187, 43]
[125, 95, 164, 103, 196, 44, 32, 155, 99, 73, 56, 35, 13, 191, 107, 68, 188, 72, 2, 58, 40, 88, 29, 163, 139, 20, 153, 101, 75, 69, 143, 22, 34, 79, 76, 157, 127, 192, 64, 66, 30, 46, 111, 7, 21, 133, 71, 129, 138, 177, 151, 55, 37, 38, 27, 147, 199, 170, 140, 57, 33, 89, 102, 142, 24, 16, 126, 185, 41, 134, 161, 176, 12, 14, 122, 197, 26, 190, 131, 110, 173, 120, 25, 198, 6, 81, 77, 8, 117, 50, 193, 62, 15, 178, 189, 18, 118, 47, 83, 86]
38867

[32, 96, 103, 164, 83, 115, 187, 62, 193, 50, 123, 137, 8, 77, 81, 6, 198, 25, 60, 135, 31, 23, 158, 110, 52, 0, 144, 190, 197, 122, 14, 78, 159, 161, 63, 19, 54, 41, 134, 185, 119, 46, 66, 30, 156, 5, 53, 180, 167, 184, 49, 61, 82, 71, 129, 70, 38, 128, 145, 142, 89, 102, 113, 27, 37, 55, 151, 177, 195, 4, 104, 42, 136, 85, 138, 94, 93, 90, 149, 143, 172, 22, 168, 163, 139, 88, 166, 192, 146, 173, 120, 45, 171, 28, 109, 148, 99, 155, 56, 35]
[118, 189, 65, 152, 47, 165, 95, 125, 86, 51, 10, 169, 121, 43, 178, 15, 117, 36, 183, 17, 48, 105, 92, 162, 11, 39, 131, 116, 114, 84, 26, 12, 176, 64, 186, 108, 106, 111, 126, 154, 182, 74, 133, 21, 7, 16, 24, 33, 57, 140, 170, 199, 97, 87, 147, 132, 175, 112, 194, 181, 75, 69, 101, 20, 153, 72, 2, 58, 40, 29, 67, 34, 1, 124, 160, 150, 79, 76, 157, 127, 59, 100, 3, 191, 107, 141, 68, 188, 130, 179, 73, 13, 98, 18, 91, 9, 174, 196, 80, 44]
38834

[178, 36, 60, 135, 23, 158, 116, 114, 110, 52, 0, 131, 84, 144, 14, 78, 159, 161, 176, 12, 122, 197, 26, 190, 39, 105, 148, 18, 118, 91, 9, 174, 98, 100, 59, 166, 29, 22, 172, 143, 149, 90, 93, 94, 85, 138, 49, 71, 82, 61, 184, 167, 53, 108, 106, 156, 111, 126, 154, 182, 21, 133, 7, 16, 102, 145, 128, 129, 70, 4, 104, 42, 136, 132, 175, 112, 194, 181, 75, 69, 101, 153, 40, 58, 68, 141, 73, 99, 103, 164, 95, 165, 83, 121, 193, 50, 62, 43, 152, 65]
[48, 189, 47, 196, 44, 35, 56, 107, 13, 191, 3, 162, 92, 11, 146, 192, 127, 157, 76, 79, 64, 30, 46, 119, 66, 63, 19, 54, 41, 134, 185, 24, 142, 89, 33, 57, 140, 170, 199, 147, 55, 151, 177, 195, 37, 38, 27, 87, 97, 113, 74, 5, 186, 150, 160, 124, 180, 1, 34, 67, 168, 163, 20, 139, 88, 72, 2, 188, 130, 179, 155, 32, 80, 96, 125, 86, 51, 10, 169, 115, 187, 15, 117, 123, 137, 8, 77, 81, 6, 198, 25, 31, 173, 120, 45, 171, 183, 28, 109, 17]
39331

[162, 92, 105, 148, 13, 107, 59, 166, 157, 127, 192, 11, 45, 171, 120, 31, 23, 158, 173, 110, 144, 197, 122, 14, 78, 159, 176, 66, 161, 63, 19, 54, 41, 134, 185, 126, 106, 108, 154, 182, 74, 61, 82, 71, 129, 87, 97, 113, 102, 145, 142, 16, 24, 89, 33, 57, 140, 170, 199, 147, 195, 85, 138, 49, 94, 93, 101, 163, 139, 20, 153, 88, 58, 68, 141, 130, 179, 73, 56, 35, 196, 44, 80, 96, 95, 125, 86, 51, 10, 47, 152, 65, 178, 117, 123, 8, 137, 36, 183, 48]
[128, 38, 27, 37, 70, 55, 151, 177, 4, 104, 42, 136, 132, 175, 112, 194, 181, 90, 149, 75, 69, 143, 22, 172, 184, 167, 168, 34, 1, 180, 124, 160, 150, 79, 76, 67, 29, 40, 2, 72, 188, 155, 99, 32, 174, 9, 91, 118, 103, 164, 165, 83, 169, 121, 193, 50, 115, 187, 43, 62, 15, 77, 81, 6, 198, 25, 135, 60, 28, 109, 17, 189, 18, 98, 191, 3, 100, 146, 39, 131, 52, 116, 114, 0, 84, 190, 26, 12, 64, 186, 53, 5, 156, 30, 46, 119, 111, 133, 21, 7]
38903

[98, 18, 91, 118, 196, 80, 96, 179, 130, 188, 73, 107, 141, 68, 2, 72, 58, 88, 40, 166, 64, 79, 160, 1, 34, 67, 168, 167, 184, 172, 22, 143, 69, 149, 90, 94, 85, 136, 42, 104, 4, 177, 151, 55, 147, 87, 199, 170, 140, 57, 33, 102, 128, 133, 21, 182, 154, 111, 119, 176, 12, 144, 0, 52, 131, 39, 11, 146, 100, 3, 162, 48, 17, 109, 173, 158, 23, 31, 77, 81, 8, 137, 123, 117, 15, 62, 187, 50, 193, 121, 169, 83, 10, 51, 86, 125, 95, 152, 65, 189]
[53, 61, 82, 71, 49, 138, 70, 129, 38, 113, 97, 27, 37, 195, 112, 132, 175, 194, 181, 93, 75, 101, 153, 20, 139, 163, 29, 76, 157, 192, 127, 59, 92, 105, 148, 191, 13, 9, 174, 35, 56, 99, 155, 32, 44, 103, 164, 165, 47, 115, 43, 178, 36, 183, 28, 60, 25, 198, 6, 135, 171, 45, 120, 110, 116, 114, 84, 190, 26, 197, 122, 14, 78, 159, 161, 63, 19, 134, 41, 126, 7, 16, 24, 89, 142, 145, 74, 185, 54, 66, 30, 46, 156, 106, 108, 5, 186, 150, 180, 124]
40284

[48, 148, 105, 92, 162, 45, 171, 137, 8, 77, 81, 6, 198, 116, 114, 52, 0, 131, 84, 144, 190, 26, 197, 122, 14, 78, 12, 64, 30, 46, 119, 156, 106, 108, 184, 49, 71, 129, 128, 57, 140, 170, 199, 147, 27, 38, 37, 55, 151, 177, 195, 4, 104, 42, 136, 132, 175, 112, 194, 181, 75, 143, 149, 1, 180, 124, 160, 150, 186, 79, 76, 157, 166, 127, 192, 59, 191, 13, 35, 56, 130, 179, 155, 32, 44, 196, 174, 9, 91, 118, 164, 95, 125, 86, 115, 187, 178, 183, 28, 109]
[54, 66, 176, 159, 161, 63, 19, 134, 41, 185, 126, 111, 5, 53, 82, 61, 167, 172, 22, 34, 168, 67, 29, 40, 68, 107, 100, 3, 11, 146, 39, 110, 120, 173, 158, 23, 31, 25, 135, 60, 123, 36, 17, 189, 98, 18, 65, 152, 43, 62, 15, 117, 50, 193, 121, 169, 51, 10, 83, 47, 165, 103, 96, 80, 99, 73, 141, 188, 72, 2, 58, 88, 153, 20, 139, 163, 101, 69, 90, 93, 94, 85, 138, 70, 87, 97, 113, 102, 33, 89, 24, 16, 142, 145, 7, 21, 133, 74, 182, 154]
39126

[118, 65, 152, 43, 115, 121, 193, 50, 117, 123, 8, 77, 81, 6, 198, 25, 137, 183, 28, 17, 189, 48, 109, 171, 45, 120, 173, 11, 39, 197, 122, 12, 176, 78, 159, 54, 41, 134, 185, 126, 111, 119, 46, 156, 108, 106, 154, 182, 21, 133, 7, 16, 24, 57, 140, 170, 199, 87, 147, 27, 37, 55, 151, 93, 75, 69, 101, 20, 139, 29, 67, 124, 160, 76, 157, 40, 88, 58, 72, 2, 68, 141, 73, 56, 44, 196, 35, 107, 13, 191, 3, 162, 92, 105, 148, 18, 98, 174, 9, 91]
[52, 0, 131, 190, 26, 192, 127, 166, 59, 100, 146, 110, 114, 116, 158, 23, 31, 135, 60, 36, 178, 15, 62, 187, 169, 47, 83, 10, 51, 86, 125, 95, 165, 164, 103, 96, 80, 32, 99, 155, 179, 130, 188, 153, 163, 22, 143, 149, 90, 181, 194, 112, 175, 132, 136, 42, 104, 4, 177, 195, 85, 94, 138, 71, 129, 70, 38, 97, 113, 102, 33, 89, 142, 145, 128, 74, 5, 53, 61, 82, 49, 184, 167, 172, 168, 34, 1, 180, 79, 64, 150, 186, 30, 66, 161, 63, 19, 14, 144, 84]
38802

[197, 122, 14, 190, 144, 84, 39, 131, 0, 52, 114, 116, 110, 173, 120, 183, 36, 123, 137, 8, 77, 25, 198, 6, 81, 50, 193, 121, 169, 115, 187, 43, 152, 65, 47, 83, 10, 51, 86, 125, 95, 165, 164, 103, 118, 91, 98, 191, 3, 100, 59, 127, 192, 157, 64, 30, 119, 126, 111, 154, 182, 74, 108, 5, 186, 53, 61, 133, 21, 128, 145, 102, 57, 97, 113, 129, 138, 4, 104, 136, 85, 94, 90, 75, 69, 101, 163, 139, 20, 153, 88, 40, 166, 58, 68, 107, 141, 188, 2, 72]
[13, 35, 56, 73, 130, 179, 155, 99, 32, 80, 96, 44, 196, 174, 9, 18, 178, 62, 15, 117, 60, 135, 31, 23, 158, 45, 171, 28, 109, 17, 48, 189, 148, 105, 92, 162, 11, 146, 26, 12, 78, 159, 161, 63, 19, 134, 41, 185, 54, 176, 66, 46, 156, 106, 7, 16, 24, 142, 89, 33, 140, 170, 199, 87, 147, 27, 38, 37, 70, 55, 151, 177, 195, 42, 132, 175, 112, 194, 181, 93, 49, 71, 82, 184, 167, 172, 149, 143, 22, 168, 29, 67, 34, 1, 180, 124, 160, 150, 79, 76]
39513

[136, 132, 175, 112, 194, 181, 172, 22, 168, 34, 1, 180, 124, 79, 76, 157, 166, 58, 2, 72, 188, 68, 141, 99, 155, 80, 96, 103, 118, 65, 152, 62, 117, 123, 8, 77, 81, 6, 198, 25, 137, 60, 135, 31, 23, 146, 39, 131, 84, 144, 190, 26, 197, 122, 14, 12, 78, 159, 19, 63, 119, 46, 30, 66, 176, 64, 186, 156, 106, 111, 185, 126, 16, 24, 89, 33, 57, 140, 170, 199, 97, 113, 102, 142, 7, 74, 82, 61, 184, 49, 71, 129, 70, 38, 27, 37, 55, 177, 195, 4]
[13, 191, 98, 18, 91, 9, 174, 196, 44, 32, 35, 56, 73, 179, 130, 107, 59, 100, 3, 162, 92, 105, 148, 189, 178, 43, 187, 47, 165, 164, 95, 125, 86, 51, 10, 83, 169, 121, 115, 193, 50, 15, 36, 183, 28, 109, 17, 48, 11, 45, 171, 120, 173, 158, 110, 116, 114, 52, 0, 192, 127, 40, 88, 153, 20, 139, 163, 67, 29, 160, 150, 5, 108, 53, 167, 149, 90, 143, 101, 69, 75, 93, 94, 138, 85, 104, 42, 151, 147, 87, 128, 145, 133, 21, 182, 154, 134, 41, 54, 161]
39657

[26, 78, 159, 176, 161, 63, 19, 54, 41, 134, 185, 126, 154, 182, 21, 133, 16, 24, 142, 89, 33, 102, 57, 140, 170, 199, 97, 113, 87, 147, 27, 37, 55, 151, 177, 4, 132, 175, 181, 75, 93, 90, 149, 167, 49, 85, 138, 71, 82, 61, 74, 108, 106, 156, 46, 30, 64, 79, 157, 76, 160, 124, 180, 67, 29, 163, 139, 88, 58, 40, 166, 59, 100, 3, 107, 191, 162, 92, 48, 17, 189, 103, 164, 125, 86, 95, 165, 47, 193, 50, 15, 117, 137, 25, 60, 135, 31, 23, 158, 39]
[65, 152, 83, 10, 51, 169, 121, 115, 187, 43, 62, 178, 123, 8, 77, 81, 6, 198, 36, 183, 28, 109, 171, 45, 120, 173, 110, 116, 114, 52, 0, 131, 84, 144, 190, 197, 122, 14, 12, 66, 119, 111, 7, 145, 128, 38, 129, 70, 195, 104, 42, 136, 112, 194, 94, 184, 53, 5, 186, 150, 1, 34, 168, 22, 172, 143, 69, 101, 20, 153, 72, 2, 188, 130, 179, 155, 99, 35, 56, 73, 141, 68, 127, 192, 146, 11, 105, 148, 13, 98, 174, 9, 91, 18, 118, 196, 44, 32, 80, 96]
40389

[168, 67, 29, 88, 72, 2, 58, 40, 166, 107, 141, 68, 188, 130, 179, 155, 32, 99, 73, 56, 35, 105, 148, 18, 91, 118, 65, 62, 15, 6, 198, 31, 23, 135, 60, 183, 28, 109, 17, 48, 92, 162, 39, 190, 197, 122, 176, 66, 30, 46, 156, 108, 5, 53, 61, 82, 133, 21, 182, 154, 111, 126, 41, 134, 16, 24, 142, 89, 33, 102, 113, 97, 57, 140, 170, 199, 147, 37, 70, 195, 55, 151, 177, 4, 104, 42, 136, 132, 175, 112, 194, 181, 101, 153, 20, 139, 163, 22, 34, 1]
[86, 125, 95, 51, 10, 83, 169, 121, 115, 193, 50, 117, 123, 8, 81, 77, 25, 137, 36, 189, 178, 187, 43, 152, 47, 165, 164, 103, 96, 80, 44, 196, 174, 9, 98, 13, 191, 3, 100, 59, 127, 192, 146, 11, 45, 171, 120, 173, 158, 110, 116, 114, 52, 0, 131, 84, 144, 14, 78, 159, 161, 63, 19, 54, 185, 119, 106, 74, 7, 145, 128, 87, 27, 38, 129, 71, 138, 85, 94, 93, 90, 75, 69, 143, 149, 172, 167, 49, 184, 180, 124, 186, 150, 160, 76, 157, 79, 64, 12, 26]
39695

[25, 198, 6, 31, 23, 158, 45, 48, 189, 148, 105, 92, 162, 3, 11, 146, 39, 131, 52, 0, 84, 144, 190, 197, 26, 192, 127, 12, 176, 66, 30, 46, 119, 156, 106, 108, 5, 186, 150, 160, 124, 53, 74, 128, 145, 102, 57, 140, 170, 199, 147, 55, 151, 70, 82, 61, 184, 167, 94, 90, 149, 22, 163, 139, 20, 153, 88, 72, 2, 59, 107, 73, 56, 35, 44, 196, 174, 9, 91, 118, 65, 152, 47, 165, 164, 95, 125, 86, 51, 10, 83, 169, 115, 187, 43, 62, 15, 8, 81, 77]
[21, 133, 7, 16, 24, 142, 89, 33, 113, 97, 87, 27, 37, 38, 129, 71, 49, 138, 85, 195, 177, 4, 104, 42, 136, 132, 175, 112, 194, 181, 93, 75, 69, 101, 143, 172, 1, 180, 34, 168, 67, 29, 166, 40, 58, 188, 68, 141, 130, 179, 155, 99, 32, 80, 96, 103, 121, 193, 50, 117, 123, 137, 60, 135, 173, 120, 171, 109, 17, 28, 183, 36, 178, 18, 98, 13, 191, 100, 157, 76, 79, 64, 122, 110, 116, 114, 14, 78, 159, 161, 63, 19, 54, 41, 134, 185, 126, 111, 182, 154]
39030

[145, 142, 16, 7, 182, 106, 108, 156, 46, 30, 161, 159, 78, 14, 144, 84, 131, 39, 146, 11, 45, 171, 120, 23, 31, 25, 198, 6, 81, 77, 8, 117, 15, 50, 193, 43, 152, 65, 178, 36, 183, 28, 109, 17, 48, 189, 92, 105, 148, 18, 118, 47, 165, 95, 86, 125, 164, 103, 91, 9, 174, 98, 13, 107, 141, 68, 58, 40, 88, 101, 75, 69, 143, 149, 49, 184, 167, 1, 180, 124, 160, 76, 157, 79, 64, 150, 186, 5, 53, 74, 21, 133, 128, 38, 87, 113, 97, 170, 57, 102]
[52, 114, 116, 110, 173, 158, 135, 60, 137, 123, 62, 187, 115, 121, 169, 83, 10, 51, 96, 80, 196, 44, 32, 155, 99, 35, 56, 73, 179, 130, 188, 72, 2, 191, 162, 3, 100, 59, 192, 127, 166, 29, 67, 34, 168, 163, 139, 153, 20, 22, 172, 90, 94, 93, 181, 194, 112, 175, 132, 136, 42, 104, 4, 151, 55, 177, 195, 85, 138, 61, 82, 71, 129, 70, 37, 27, 147, 199, 140, 33, 89, 24, 154, 111, 126, 185, 41, 134, 19, 63, 54, 119, 66, 176, 12, 122, 197, 26, 190, 0]
37130

[190, 26, 146, 11, 17, 109, 28, 183, 36, 117, 15, 62, 187, 115, 47, 196, 13, 191, 3, 100, 59, 107, 68, 166, 127, 192, 157, 76, 180, 1, 34, 167, 49, 184, 53, 5, 108, 66, 161, 63, 19, 54, 41, 134, 185, 126, 119, 111, 154, 182, 7, 142, 145, 128, 82, 61, 71, 129, 4, 104, 42, 94, 93, 22, 163, 139, 20, 153, 88, 58, 188, 130, 179, 155, 99, 32, 44, 80, 96, 103, 164, 95, 125, 86, 165, 51, 10, 83, 169, 121, 193, 50, 123, 137, 25, 135, 158, 39, 131, 84]
[198, 31, 23, 171, 45, 120, 173, 110, 116, 114, 52, 0, 144, 197, 122, 14, 12, 78, 159, 176, 64, 79, 160, 124, 150, 186, 30, 46, 156, 106, 74, 133, 21, 16, 24, 89, 33, 102, 113, 97, 57, 140, 170, 199, 87, 147, 27, 38, 37, 55, 151, 177, 195, 70, 138, 85, 136, 132, 175, 112, 194, 181, 75, 69, 101, 143, 90, 149, 172, 168, 67, 29, 40, 72, 2, 141, 73, 56, 35, 174, 9, 91, 98, 18, 118, 65, 152, 43, 178, 189, 148, 105, 92, 162, 48, 60, 8, 77, 81, 6]
38592

[29, 160, 79, 150, 186, 53, 61, 82, 49, 184, 167, 149, 90, 94, 138, 71, 129, 195, 4, 104, 136, 175, 132, 42, 151, 87, 97, 113, 102, 142, 89, 24, 16, 145, 128, 7, 21, 133, 74, 106, 46, 30, 66, 12, 14, 144, 84, 0, 52, 114, 116, 158, 173, 110, 131, 39, 146, 11, 48, 36, 60, 25, 198, 6, 81, 77, 8, 178, 65, 152, 47, 165, 95, 86, 125, 164, 118, 91, 9, 174, 148, 105, 92, 162, 3, 100, 127, 157, 76, 166, 58, 72, 2, 68, 141, 73, 155, 179, 130, 188]
[83, 51, 10, 103, 96, 80, 196, 44, 32, 99, 35, 56, 107, 40, 88, 153, 20, 139, 163, 101, 143, 69, 75, 93, 181, 194, 112, 85, 177, 55, 70, 37, 38, 27, 147, 199, 170, 140, 57, 33, 182, 154, 111, 126, 41, 134, 19, 63, 161, 54, 185, 119, 156, 108, 5, 124, 180, 1, 34, 172, 22, 168, 67, 64, 176, 159, 78, 122, 197, 190, 26, 192, 59, 191, 13, 98, 18, 189, 17, 109, 28, 183, 171, 45, 120, 23, 31, 135, 137, 123, 117, 15, 62, 50, 193, 121, 169, 115, 43, 187]
40709

[154, 182, 74, 111, 119, 126, 185, 134, 41, 54, 19, 63, 161, 159, 78, 12, 176, 30, 156, 5, 186, 124, 180, 1, 34, 67, 29, 76, 157, 59, 100, 3, 191, 13, 148, 109, 171, 23, 31, 6, 81, 8, 117, 15, 50, 193, 121, 169, 83, 95, 86, 125, 164, 96, 80, 35, 107, 141, 68, 2, 72, 153, 139, 22, 172, 149, 90, 93, 181, 194, 112, 175, 132, 136, 42, 104, 4, 195, 70, 138, 49, 61, 82, 113, 97, 199, 170, 140, 57, 33, 89, 24, 16, 142, 102, 145, 128, 7, 21, 133]
[122, 14, 66, 46, 106, 108, 53, 167, 184, 71, 129, 38, 87, 147, 27, 37, 55, 151, 177, 85, 94, 75, 69, 143, 101, 20, 163, 168, 160, 150, 79, 64, 192, 127, 166, 40, 88, 58, 188, 130, 179, 73, 56, 99, 155, 32, 44, 196, 174, 9, 91, 118, 103, 165, 51, 10, 47, 65, 152, 43, 115, 187, 62, 178, 123, 137, 77, 198, 25, 135, 60, 36, 183, 28, 17, 189, 18, 98, 105, 92, 162, 48, 45, 120, 173, 158, 116, 114, 110, 11, 146, 39, 26, 197, 190, 144, 84, 131, 52, 0]
38784

[54, 185, 126, 7, 16, 24, 142, 89, 33, 57, 140, 170, 199, 147, 27, 37, 38, 129, 128, 133, 21, 182, 154, 111, 119, 66, 161, 159, 78, 14, 122, 12, 176, 30, 46, 156, 5, 53, 61, 82, 71, 49, 138, 70, 195, 4, 104, 42, 136, 132, 175, 112, 194, 181, 90, 172, 22, 168, 163, 139, 20, 153, 88, 68, 141, 155, 80, 96, 103, 164, 10, 51, 169, 115, 187, 62, 43, 152, 65, 118, 91, 18, 189, 36, 123, 137, 135, 60, 183, 28, 11, 39, 146, 3, 100, 59, 166, 76, 79, 64]
[25, 198, 6, 31, 23, 158, 173, 120, 110, 116, 114, 52, 0, 131, 84, 144, 19, 63, 134, 41, 197, 190, 26, 192, 127, 157, 160, 180, 124, 150, 186, 108, 106, 74, 145, 102, 113, 97, 87, 55, 151, 177, 85, 94, 93, 75, 69, 101, 143, 149, 184, 167, 1, 34, 67, 29, 40, 58, 2, 72, 188, 130, 179, 107, 191, 13, 35, 56, 73, 99, 32, 44, 196, 174, 9, 98, 148, 105, 92, 162, 48, 45, 171, 109, 17, 178, 15, 47, 165, 95, 125, 86, 83, 121, 193, 50, 117, 81, 77, 8]
40017

[156, 119, 54, 66, 176, 12, 14, 122, 197, 26, 146, 59, 100, 3, 11, 39, 131, 0, 52, 114, 116, 158, 23, 31, 135, 60, 137, 25, 198, 6, 81, 77, 8, 123, 117, 50, 193, 169, 51, 10, 165, 164, 103, 96, 99, 73, 56, 35, 107, 166, 40, 29, 67, 88, 153, 22, 143, 149, 90, 75, 93, 94, 49, 138, 70, 195, 4, 136, 42, 104, 177, 151, 55, 37, 27, 102, 142, 24, 16, 145, 128, 71, 82, 61, 184, 167, 172, 180, 124, 186, 53, 74, 133, 21, 7, 182, 154, 106, 108, 5]
[147, 87, 38, 129, 85, 112, 132, 175, 194, 181, 69, 101, 20, 139, 163, 168, 34, 1, 160, 150, 46, 30, 64, 79, 76, 157, 127, 192, 162, 92, 105, 148, 98, 9, 174, 13, 191, 141, 68, 58, 2, 72, 188, 130, 179, 155, 32, 80, 44, 196, 91, 18, 118, 95, 125, 86, 83, 47, 65, 152, 43, 115, 121, 187, 62, 15, 178, 189, 48, 17, 109, 28, 36, 183, 171, 45, 120, 173, 110, 84, 144, 190, 78, 159, 161, 63, 19, 134, 41, 185, 126, 111, 89, 33, 113, 97, 199, 140, 57, 170]
39031

[182, 154, 74, 133, 21, 7, 128, 145, 102, 142, 16, 24, 89, 33, 57, 140, 170, 199, 129, 82, 61, 71, 55, 151, 177, 4, 104, 42, 136, 132, 175, 112, 194, 181, 75, 69, 101, 143, 167, 5, 186, 150, 160, 29, 88, 58, 72, 2, 59, 100, 3, 162, 92, 13, 35, 56, 73, 99, 174, 91, 118, 47, 83, 10, 51, 169, 62, 15, 178, 36, 183, 45, 110, 116, 114, 52, 0, 144, 84, 131, 146, 192, 127, 157, 79, 64, 30, 176, 12, 78, 159, 19, 63, 54, 41, 134, 185, 126, 111, 119]
[11, 39, 190, 26, 197, 122, 14, 161, 66, 46, 156, 106, 108, 53, 184, 49, 138, 70, 37, 38, 27, 113, 97, 87, 147, 195, 85, 94, 93, 90, 149, 172, 22, 163, 20, 153, 139, 168, 67, 34, 1, 180, 124, 76, 166, 40, 188, 130, 179, 141, 68, 107, 191, 98, 18, 105, 148, 189, 48, 17, 109, 28, 171, 120, 173, 158, 23, 31, 135, 60, 25, 198, 6, 81, 77, 8, 137, 123, 117, 50, 193, 121, 115, 187, 43, 152, 65, 165, 95, 86, 125, 164, 103, 96, 80, 155, 32, 44, 196, 9]
38129

[70, 38, 199, 170, 140, 57, 33, 89, 145, 128, 129, 71, 184, 167, 34, 168, 166, 59, 68, 107, 174, 9, 98, 148, 105, 92, 162, 146, 26, 197, 12, 176, 66, 46, 106, 108, 74, 111, 119, 126, 185, 41, 134, 161, 159, 78, 0, 131, 39, 11, 120, 45, 171, 48, 17, 109, 28, 183, 36, 123, 137, 8, 117, 50, 193, 121, 115, 187, 43, 152, 65, 47, 83, 165, 164, 103, 80, 155, 179, 130, 188, 72, 153, 20, 101, 75, 69, 143, 22, 172, 149, 90, 93, 181, 194, 112, 136, 104, 4, 195]
[85, 94, 53, 5, 156, 54, 19, 63, 30, 186, 150, 160, 124, 180, 1, 67, 29, 157, 76, 79, 64, 14, 122, 144, 84, 190, 192, 127, 100, 3, 191, 13, 56, 35, 44, 196, 118, 91, 18, 189, 178, 60, 173, 110, 52, 114, 116, 158, 23, 31, 135, 25, 198, 6, 81, 77, 15, 62, 169, 51, 10, 95, 86, 125, 96, 32, 99, 73, 141, 2, 58, 40, 88, 139, 163, 175, 132, 42, 177, 151, 55, 37, 27, 147, 87, 97, 113, 102, 142, 24, 16, 7, 154, 182, 21, 133, 82, 61, 49, 138]
43431

[124, 160, 76, 79, 156, 106, 108, 74, 128, 199, 170, 140, 57, 33, 89, 142, 24, 16, 126, 134, 19, 63, 161, 66, 176, 159, 78, 12, 14, 122, 197, 26, 192, 59, 100, 3, 146, 39, 190, 144, 84, 131, 0, 52, 110, 114, 116, 158, 23, 135, 60, 137, 8, 77, 81, 123, 117, 15, 50, 193, 121, 115, 187, 62, 43, 152, 65, 178, 36, 183, 48, 92, 105, 148, 191, 13, 196, 44, 80, 32, 155, 99, 35, 56, 73, 88, 153, 20, 139, 163, 101, 22, 167, 184, 61, 82, 53, 5, 186, 150]
[104, 4, 85, 138, 71, 129, 70, 195, 177, 151, 55, 37, 38, 27, 147, 87, 97, 113, 102, 145, 7, 182, 154, 111, 185, 41, 54, 119, 46, 30, 64, 157, 127, 166, 68, 107, 162, 11, 45, 171, 120, 173, 31, 6, 198, 25, 28, 109, 17, 189, 18, 98, 174, 9, 91, 118, 47, 169, 83, 10, 51, 165, 86, 125, 95, 164, 103, 96, 179, 130, 141, 188, 72, 2, 58, 40, 29, 67, 168, 34, 1, 180, 21, 133, 49, 94, 136, 42, 132, 175, 112, 194, 181, 93, 90, 75, 69, 143, 172, 149]
40453

[148, 105, 162, 3, 100, 127, 157, 160, 124, 180, 1, 34, 67, 29, 168, 22, 172, 167, 184, 149, 143, 90, 93, 94, 70, 37, 87, 97, 113, 102, 142, 89, 24, 145, 82, 61, 74, 182, 111, 119, 46, 156, 106, 108, 5, 53, 186, 150, 79, 192, 146, 26, 197, 122, 14, 78, 159, 63, 19, 144, 84, 0, 52, 110, 39, 11, 92, 189, 48, 17, 109, 28, 183, 60, 135, 23, 31, 198, 25, 137, 123, 117, 15, 62, 43, 187, 115, 47, 86, 125, 95, 164, 103, 44, 99, 73, 107, 191, 13, 98]
[65, 118, 18, 91, 9, 174, 196, 35, 56, 141, 68, 59, 166, 40, 76, 64, 30, 66, 176, 12, 190, 131, 45, 171, 120, 173, 158, 116, 114, 161, 54, 41, 134, 185, 126, 154, 7, 16, 33, 57, 140, 170, 199, 147, 27, 38, 128, 21, 133, 129, 71, 49, 138, 85, 195, 55, 151, 177, 4, 104, 42, 136, 132, 175, 112, 194, 181, 75, 69, 101, 163, 139, 20, 153, 88, 58, 2, 72, 188, 130, 179, 155, 32, 80, 96, 165, 51, 10, 83, 169, 121, 193, 50, 81, 6, 77, 8, 36, 178, 152]
41025

[0, 52, 110, 39, 146, 45, 171, 120, 173, 114, 116, 158, 23, 31, 135, 60, 137, 36, 183, 48, 148, 189, 65, 152, 178, 62, 50, 193, 187, 43, 115, 121, 169, 47, 103, 96, 80, 155, 99, 174, 9, 18, 98, 13, 107, 141, 179, 130, 188, 72, 2, 58, 88, 153, 20, 139, 168, 67, 160, 79, 176, 12, 78, 159, 161, 66, 30, 46, 156, 108, 5, 53, 167, 184, 49, 138, 94, 93, 90, 149, 75, 181, 194, 112, 177, 151, 199, 170, 140, 57, 33, 24, 16, 74, 106, 111, 119, 41, 134, 19]
[61, 82, 128, 129, 71, 85, 175, 132, 136, 42, 104, 4, 195, 55, 70, 37, 38, 27, 147, 87, 97, 113, 102, 89, 142, 145, 7, 133, 21, 182, 154, 126, 185, 54, 63, 14, 122, 197, 144, 84, 131, 190, 26, 64, 186, 150, 124, 180, 1, 34, 172, 22, 143, 69, 101, 163, 29, 40, 166, 68, 73, 56, 35, 32, 44, 196, 91, 118, 164, 125, 86, 95, 165, 51, 10, 83, 15, 117, 123, 8, 77, 81, 6, 198, 25, 28, 109, 17, 11, 162, 92, 105, 191, 3, 100, 59, 127, 192, 157, 76]
42019

[55, 195, 85, 138, 49, 167, 184, 61, 53, 5, 108, 74, 133, 21, 16, 7, 182, 154, 111, 119, 46, 30, 176, 12, 14, 122, 197, 26, 190, 131, 39, 11, 146, 192, 127, 59, 100, 3, 162, 191, 13, 98, 174, 9, 91, 18, 189, 148, 105, 92, 48, 17, 183, 36, 60, 135, 25, 137, 178, 62, 121, 169, 51, 10, 83, 118, 196, 44, 80, 32, 99, 35, 56, 73, 179, 130, 141, 188, 72, 2, 58, 166, 29, 1, 34, 143, 101, 69, 75, 181, 194, 112, 175, 132, 136, 42, 104, 4, 177, 151]
[128, 145, 102, 142, 24, 89, 33, 57, 97, 113, 38, 129, 71, 82, 106, 156, 186, 150, 124, 180, 160, 76, 157, 79, 64, 66, 54, 185, 126, 41, 134, 19, 63, 161, 159, 78, 144, 84, 0, 52, 114, 116, 110, 45, 109, 28, 171, 120, 173, 158, 23, 31, 198, 6, 81, 77, 8, 123, 117, 15, 50, 193, 115, 187, 43, 152, 65, 47, 165, 95, 86, 125, 164, 103, 96, 155, 107, 68, 40, 88, 153, 20, 139, 163, 67, 168, 22, 172, 149, 90, 93, 94, 70, 37, 27, 147, 87, 199, 140, 170]
37308

[80, 96, 44, 196, 174, 9, 91, 118, 103, 164, 125, 86, 95, 165, 47, 83, 10, 51, 169, 43, 152, 65, 178, 117, 123, 8, 77, 81, 6, 198, 25, 31, 23, 158, 173, 120, 110, 84, 144, 190, 197, 122, 64, 66, 119, 111, 154, 182, 74, 167, 184, 61, 82, 128, 145, 102, 142, 16, 24, 89, 33, 57, 97, 113, 27, 38, 37, 70, 55, 151, 177, 195, 138, 85, 94, 93, 181, 112, 132, 175, 194, 101, 153, 20, 139, 168, 67, 29, 59, 100, 3, 105, 148, 98, 35, 56, 73, 99, 155, 32]
[68, 141, 188, 130, 179, 107, 13, 191, 162, 92, 18, 115, 121, 193, 187, 62, 50, 15, 137, 135, 60, 36, 183, 28, 109, 17, 189, 48, 171, 45, 116, 114, 52, 0, 131, 39, 11, 146, 26, 14, 12, 176, 78, 159, 161, 63, 19, 54, 41, 134, 185, 126, 46, 30, 156, 106, 108, 5, 186, 150, 53, 133, 21, 7, 140, 170, 199, 87, 147, 42, 136, 104, 4, 129, 71, 49, 149, 90, 75, 69, 143, 163, 22, 172, 34, 1, 180, 124, 160, 79, 76, 157, 192, 127, 166, 40, 58, 2, 72, 88]
38840

[36, 183, 131, 84, 190, 122, 14, 176, 30, 46, 156, 106, 108, 5, 53, 82, 61, 1, 180, 124, 76, 157, 40, 166, 127, 192, 59, 100, 3, 162, 92, 191, 13, 98, 91, 118, 103, 96, 80, 196, 44, 32, 99, 155, 179, 130, 188, 72, 153, 20, 139, 163, 101, 143, 22, 149, 90, 93, 69, 75, 181, 194, 112, 85, 138, 71, 129, 70, 37, 38, 128, 102, 145, 7, 126, 185, 134, 41, 54, 66, 161, 63, 19, 159, 78, 144, 0, 52, 158, 23, 31, 135, 60, 137, 123, 62, 187, 115, 43, 178]
[65, 152, 47, 165, 164, 95, 125, 86, 51, 10, 83, 169, 121, 193, 50, 15, 117, 8, 77, 81, 6, 198, 25, 28, 109, 17, 48, 171, 45, 120, 173, 116, 114, 110, 39, 11, 146, 26, 197, 12, 64, 79, 160, 150, 186, 119, 111, 154, 182, 74, 133, 21, 16, 24, 142, 89, 33, 57, 140, 170, 199, 97, 113, 87, 147, 27, 55, 151, 177, 195, 4, 104, 42, 136, 132, 175, 94, 49, 184, 167, 172, 34, 168, 67, 29, 88, 58, 2, 68, 141, 107, 73, 56, 35, 174, 9, 18, 105, 148, 189]
38871

[85, 138, 94, 136, 42, 104, 4, 195, 37, 27, 38, 128, 102, 24, 16, 7, 154, 126, 41, 134, 19, 63, 66, 46, 156, 108, 5, 64, 79, 160, 76, 157, 166, 127, 192, 59, 100, 162, 92, 105, 148, 48, 17, 109, 11, 39, 131, 0, 52, 110, 173, 120, 45, 171, 28, 183, 137, 77, 81, 8, 123, 117, 178, 152, 47, 83, 86, 125, 196, 44, 80, 32, 155, 99, 73, 56, 35, 174, 9, 98, 13, 107, 68, 2, 72, 58, 40, 88, 153, 20, 139, 29, 67, 180, 124, 150, 186, 53, 129, 70]
[6, 198, 25, 135, 31, 23, 158, 60, 36, 189, 18, 91, 118, 65, 43, 62, 15, 50, 193, 187, 115, 121, 169, 51, 10, 165, 95, 164, 103, 96, 179, 130, 188, 141, 191, 3, 146, 26, 197, 12, 176, 30, 106, 74, 61, 82, 71, 49, 184, 167, 1, 34, 168, 172, 22, 163, 101, 75, 69, 143, 149, 90, 93, 181, 194, 112, 175, 132, 177, 151, 55, 147, 87, 199, 170, 140, 57, 97, 113, 33, 89, 142, 145, 133, 21, 182, 111, 119, 185, 54, 161, 159, 78, 14, 122, 190, 144, 84, 116, 114]
40239

[107, 59, 100, 3, 56, 73, 155, 96, 164, 95, 125, 86, 169, 121, 193, 50, 62, 178, 148, 92, 162, 11, 45, 171, 28, 183, 36, 77, 81, 6, 198, 25, 135, 31, 23, 173, 120, 39, 146, 26, 190, 197, 122, 78, 159, 161, 63, 19, 54, 41, 134, 185, 126, 111, 119, 106, 74, 182, 154, 7, 16, 24, 142, 89, 33, 102, 57, 140, 170, 199, 97, 113, 87, 147, 27, 85, 94, 90, 93, 181, 75, 69, 143, 149, 172, 167, 1, 180, 124, 160, 150, 186, 79, 157, 76, 67, 29, 166, 127, 192]
[18, 118, 91, 98, 9, 174, 35, 99, 32, 80, 44, 196, 103, 165, 51, 10, 83, 47, 65, 152, 43, 115, 187, 15, 117, 123, 8, 137, 60, 158, 110, 116, 114, 52, 0, 131, 84, 144, 14, 12, 176, 64, 66, 30, 46, 156, 108, 5, 53, 133, 21, 145, 128, 38, 37, 70, 129, 71, 82, 61, 184, 49, 138, 195, 55, 151, 177, 4, 104, 42, 136, 132, 175, 112, 194, 101, 153, 20, 139, 163, 22, 34, 168, 88, 40, 58, 72, 2, 68, 188, 130, 179, 141, 13, 191, 105, 48, 109, 17, 189]
37992

[127, 192, 157, 76, 180, 1, 167, 172, 22, 34, 67, 168, 163, 139, 20, 153, 101, 69, 75, 93, 181, 194, 175, 132, 112, 138, 49, 184, 61, 82, 71, 129, 38, 27, 87, 97, 33, 89, 142, 24, 16, 111, 126, 185, 41, 134, 19, 63, 161, 159, 78, 14, 122, 197, 26, 190, 39, 48, 17, 109, 171, 114, 116, 158, 23, 31, 135, 25, 198, 6, 81, 60, 28, 183, 36, 117, 15, 50, 193, 121, 165, 47, 65, 118, 91, 174, 56, 73, 99, 32, 155, 141, 68, 107, 100, 3, 162, 92, 105, 148]
[179, 130, 188, 72, 2, 58, 40, 88, 143, 149, 90, 94, 85, 136, 42, 104, 4, 195, 177, 151, 55, 70, 37, 147, 199, 170, 140, 57, 113, 102, 145, 128, 133, 21, 7, 154, 182, 74, 53, 108, 106, 119, 54, 66, 176, 12, 144, 84, 131, 0, 52, 110, 173, 120, 45, 11, 146, 64, 30, 46, 156, 5, 186, 150, 79, 160, 124, 29, 166, 59, 191, 13, 35, 80, 96, 103, 44, 196, 9, 98, 18, 189, 137, 77, 8, 123, 178, 152, 43, 62, 187, 115, 169, 83, 10, 51, 86, 125, 95, 164]
40180

[145, 102, 113, 97, 57, 170, 87, 27, 128, 129, 38, 37, 4, 104, 42, 136, 132, 175, 112, 194, 181, 85, 94, 93, 75, 69, 101, 153, 20, 139, 163, 168, 34, 1, 180, 67, 29, 2, 72, 188, 141, 130, 179, 73, 99, 155, 32, 44, 80, 96, 164, 125, 86, 95, 50, 117, 123, 137, 8, 77, 81, 6, 198, 25, 135, 31, 23, 158, 131, 84, 144, 122, 197, 26, 190, 39, 28, 109, 17, 189, 148, 105, 18, 91, 196, 35, 56, 157, 76, 79, 160, 124, 150, 186, 5, 156, 108, 21, 133, 74]
[120, 173, 110, 116, 114, 52, 0, 14, 78, 159, 63, 19, 134, 41, 185, 54, 161, 176, 66, 30, 46, 119, 126, 111, 106, 154, 182, 7, 16, 24, 142, 89, 33, 140, 199, 147, 55, 151, 177, 195, 70, 71, 138, 49, 90, 149, 143, 22, 172, 167, 184, 61, 82, 53, 64, 12, 192, 127, 59, 166, 40, 88, 58, 68, 107, 13, 191, 100, 3, 162, 98, 9, 174, 118, 103, 165, 47, 83, 10, 51, 169, 121, 193, 115, 187, 43, 152, 65, 62, 15, 178, 36, 60, 183, 48, 92, 146, 11, 171, 45]
41335

[119, 185, 54, 63, 161, 176, 150, 160, 180, 1, 34, 168, 67, 59, 100, 162, 105, 148, 98, 18, 189, 92, 11, 39, 26, 190, 84, 131, 158, 173, 120, 45, 171, 48, 17, 109, 28, 183, 60, 135, 198, 6, 137, 36, 178, 50, 193, 115, 121, 169, 83, 47, 196, 44, 32, 99, 155, 141, 68, 58, 88, 139, 20, 153, 101, 143, 22, 172, 149, 90, 75, 93, 94, 184, 49, 85, 138, 71, 129, 38, 37, 55, 177, 151, 87, 97, 113, 102, 142, 24, 16, 7, 74, 53, 108, 106, 156, 46, 30, 66]
[126, 41, 134, 19, 159, 78, 14, 144, 0, 52, 110, 114, 116, 23, 31, 25, 77, 81, 8, 123, 117, 15, 62, 43, 187, 51, 10, 152, 65, 118, 103, 164, 165, 95, 86, 125, 96, 80, 179, 130, 188, 73, 56, 35, 174, 9, 91, 13, 107, 191, 3, 146, 197, 122, 12, 64, 79, 76, 157, 192, 127, 166, 2, 72, 40, 29, 163, 69, 181, 194, 112, 175, 132, 136, 42, 104, 4, 195, 70, 27, 147, 199, 170, 140, 57, 33, 89, 145, 128, 133, 21, 182, 154, 82, 61, 167, 124, 186, 5, 111]
41251

[45, 171, 120, 173, 158, 110, 144, 161, 63, 19, 134, 41, 126, 185, 54, 64, 150, 186, 5, 108, 156, 106, 182, 74, 53, 184, 167, 172, 149, 90, 94, 85, 138, 71, 129, 70, 38, 170, 140, 199, 27, 37, 195, 177, 4, 104, 42, 136, 132, 175, 112, 194, 181, 143, 22, 168, 67, 34, 1, 180, 124, 160, 79, 76, 157, 192, 127, 59, 166, 40, 58, 2, 72, 188, 73, 56, 35, 44, 196, 103, 164, 95, 125, 86, 51, 10, 83, 169, 193, 50, 62, 65, 9, 174, 148, 105, 92, 48, 17, 109]
[123, 117, 15, 187, 121, 115, 43, 152, 18, 98, 91, 118, 47, 165, 96, 80, 32, 99, 155, 179, 130, 141, 68, 107, 13, 191, 162, 3, 100, 29, 88, 153, 20, 139, 163, 101, 69, 75, 93, 49, 61, 82, 128, 113, 97, 87, 55, 151, 147, 57, 33, 89, 24, 16, 142, 102, 145, 7, 133, 21, 154, 111, 119, 46, 30, 66, 176, 159, 78, 12, 14, 122, 197, 26, 190, 84, 0, 114, 116, 52, 131, 39, 146, 11, 28, 183, 189, 178, 36, 60, 135, 23, 31, 25, 198, 6, 81, 77, 137, 8]
39311

[78, 14, 144, 84, 0, 114, 116, 11, 146, 3, 100, 59, 191, 162, 92, 105, 148, 183, 36, 60, 25, 198, 6, 81, 77, 8, 15, 50, 193, 169, 51, 10, 118, 18, 91, 9, 13, 107, 73, 99, 155, 32, 44, 196, 80, 96, 179, 130, 141, 68, 188, 153, 20, 101, 75, 69, 143, 90, 149, 61, 82, 138, 94, 93, 181, 194, 112, 175, 132, 136, 42, 104, 151, 147, 87, 97, 113, 102, 145, 128, 111, 185, 119, 156, 5, 186, 150, 124, 180, 1, 34, 168, 67, 29, 157, 76, 79, 64, 66, 159]
[171, 120, 45, 28, 109, 17, 48, 189, 98, 174, 35, 56, 103, 164, 125, 86, 95, 165, 83, 47, 65, 152, 43, 115, 121, 187, 62, 178, 117, 123, 137, 135, 31, 23, 158, 173, 110, 52, 131, 39, 190, 26, 197, 122, 12, 176, 161, 63, 19, 54, 41, 134, 126, 154, 182, 21, 133, 7, 16, 24, 142, 89, 33, 57, 140, 170, 199, 27, 38, 37, 55, 177, 4, 85, 195, 70, 129, 71, 49, 184, 167, 172, 22, 163, 139, 88, 72, 2, 58, 40, 166, 127, 192, 160, 53, 74, 108, 106, 46, 30]
40412

[37, 27, 87, 97, 113, 128, 82, 61, 133, 21, 74, 53, 5, 108, 106, 156, 30, 12, 144, 0, 114, 116, 110, 173, 120, 45, 171, 135, 25, 198, 6, 81, 77, 8, 137, 123, 36, 183, 17, 189, 118, 65, 152, 178, 117, 15, 50, 193, 62, 43, 187, 115, 121, 169, 51, 10, 83, 47, 196, 44, 155, 99, 73, 179, 130, 188, 141, 68, 2, 72, 58, 40, 88, 139, 163, 22, 172, 143, 69, 149, 167, 184, 49, 93, 181, 194, 112, 175, 132, 136, 42, 104, 138, 71, 129, 38, 70, 55, 177, 195]
[191, 13, 107, 56, 35, 32, 80, 96, 125, 86, 95, 165, 164, 103, 174, 9, 91, 18, 98, 148, 105, 48, 109, 28, 60, 31, 23, 158, 52, 131, 84, 190, 197, 26, 39, 146, 11, 92, 162, 3, 100, 59, 127, 192, 157, 166, 29, 67, 160, 76, 79, 64, 176, 161, 66, 119, 46, 186, 150, 124, 180, 1, 34, 168, 20, 153, 101, 75, 90, 94, 85, 4, 151, 147, 199, 170, 140, 57, 33, 89, 24, 142, 102, 145, 16, 7, 182, 154, 111, 126, 185, 134, 41, 54, 63, 19, 159, 78, 14, 122]
38212

[2, 72, 58, 188, 68, 141, 107, 174, 9, 91, 98, 148, 105, 92, 162, 3, 100, 146, 26, 197, 12, 176, 66, 30, 156, 106, 108, 5, 53, 184, 167, 94, 93, 90, 149, 172, 22, 34, 1, 180, 124, 160, 67, 168, 163, 139, 20, 153, 101, 143, 69, 75, 181, 194, 112, 136, 70, 37, 38, 170, 140, 57, 33, 89, 24, 126, 185, 41, 134, 161, 14, 122, 190, 84, 110, 120, 173, 158, 23, 171, 45, 48, 189, 18, 118, 65, 152, 178, 62, 50, 193, 187, 43, 47, 165, 95, 86, 125, 179, 130]
[199, 97, 113, 102, 142, 16, 7, 182, 154, 111, 119, 46, 54, 63, 19, 159, 78, 144, 0, 114, 116, 52, 131, 39, 11, 17, 109, 28, 183, 36, 60, 135, 31, 25, 198, 6, 81, 77, 8, 137, 123, 117, 15, 115, 121, 169, 83, 10, 51, 164, 103, 96, 80, 196, 44, 32, 155, 99, 73, 56, 35, 13, 191, 59, 127, 192, 157, 166, 40, 88, 29, 76, 79, 64, 150, 186, 74, 21, 133, 145, 128, 129, 71, 82, 61, 49, 138, 85, 175, 132, 42, 104, 4, 195, 177, 151, 55, 27, 87, 147]
38779

[192, 127, 2, 72, 58, 40, 88, 153, 20, 101, 75, 69, 143, 149, 90, 93, 181, 194, 112, 85, 138, 71, 129, 70, 37, 38, 27, 87, 97, 113, 33, 89, 142, 24, 16, 111, 119, 46, 156, 108, 5, 53, 186, 150, 79, 64, 197, 26, 190, 144, 84, 131, 0, 52, 110, 158, 31, 25, 198, 6, 81, 77, 8, 137, 123, 178, 152, 65, 118, 95, 86, 125, 96, 80, 196, 9, 174, 56, 73, 99, 155, 179, 130, 188, 68, 141, 107, 105, 148, 98, 91, 18, 189, 48, 17, 109, 28, 183, 171, 45]
[15, 117, 36, 60, 135, 23, 120, 173, 116, 114, 39, 122, 14, 12, 78, 159, 176, 30, 66, 161, 63, 19, 54, 41, 134, 185, 126, 106, 74, 182, 154, 7, 21, 133, 82, 128, 145, 102, 57, 140, 170, 199, 147, 55, 151, 177, 195, 4, 104, 42, 136, 132, 175, 94, 49, 61, 184, 167, 172, 22, 163, 139, 168, 67, 34, 1, 180, 124, 160, 76, 157, 29, 166, 59, 100, 146, 11, 92, 162, 3, 191, 13, 35, 32, 44, 103, 164, 165, 47, 83, 10, 51, 169, 121, 115, 193, 50, 62, 187, 43]
38933

[46, 119, 111, 154, 182, 21, 74, 108, 5, 186, 150, 124, 180, 1, 34, 167, 49, 138, 55, 151, 177, 195, 85, 94, 93, 90, 75, 69, 101, 143, 149, 172, 22, 168, 67, 163, 88, 58, 2, 188, 130, 141, 68, 107, 56, 35, 91, 47, 43, 62, 15, 123, 8, 77, 25, 135, 60, 36, 189, 148, 105, 92, 48, 31, 23, 158, 116, 114, 52, 0, 84, 131, 39, 162, 3, 100, 59, 166, 40, 29, 160, 64, 30, 66, 176, 12, 122, 197, 144, 14, 78, 159, 161, 63, 19, 54, 41, 134, 126, 185]
[145, 128, 133, 7, 16, 24, 89, 33, 57, 140, 170, 199, 147, 27, 37, 4, 104, 42, 136, 132, 175, 112, 194, 181, 20, 139, 153, 72, 179, 155, 80, 96, 103, 164, 165, 95, 125, 86, 51, 10, 83, 169, 121, 115, 187, 193, 50, 117, 81, 6, 198, 137, 183, 28, 171, 45, 120, 173, 110, 190, 26, 146, 11, 109, 17, 178, 152, 65, 118, 18, 98, 9, 174, 196, 44, 32, 99, 73, 13, 191, 127, 192, 157, 76, 79, 156, 106, 53, 184, 61, 82, 71, 129, 70, 38, 87, 97, 113, 142, 102]
40560

[2, 72, 58, 40, 88, 29, 67, 168, 34, 1, 180, 124, 167, 172, 22, 143, 101, 69, 75, 181, 194, 112, 175, 132, 42, 104, 4, 195, 177, 151, 55, 147, 27, 37, 70, 138, 61, 82, 71, 129, 38, 128, 145, 142, 16, 126, 134, 41, 54, 185, 119, 108, 5, 186, 150, 160, 79, 76, 157, 192, 64, 176, 12, 197, 26, 190, 39, 131, 52, 110, 158, 23, 31, 135, 60, 137, 123, 50, 193, 121, 115, 187, 43, 118, 18, 91, 95, 86, 125, 96, 155, 99, 179, 130, 188, 68, 141, 107, 56, 73]
[146, 11, 45, 171, 120, 173, 116, 114, 0, 84, 144, 122, 14, 78, 159, 19, 63, 161, 66, 30, 46, 156, 106, 111, 154, 182, 7, 24, 89, 33, 57, 140, 170, 199, 87, 97, 113, 102, 133, 21, 74, 53, 184, 49, 85, 136, 94, 93, 90, 149, 163, 139, 20, 153, 166, 127, 59, 100, 3, 191, 13, 98, 9, 174, 35, 32, 80, 44, 196, 103, 164, 165, 51, 10, 83, 169, 47, 152, 65, 178, 62, 15, 117, 8, 77, 81, 6, 198, 25, 36, 183, 28, 109, 17, 48, 189, 148, 105, 162, 92]
38265

[10, 51, 165, 86, 125, 95, 164, 103, 96, 80, 73, 56, 35, 91, 118, 47, 83, 169, 121, 115, 43, 187, 193, 50, 62, 15, 178, 17, 109, 28, 77, 81, 6, 198, 25, 135, 171, 45, 120, 173, 131, 84, 144, 190, 12, 161, 134, 41, 185, 126, 16, 24, 142, 89, 33, 102, 57, 140, 170, 199, 97, 113, 87, 147, 27, 70, 195, 4, 136, 85, 138, 49, 184, 167, 149, 90, 143, 20, 139, 163, 22, 172, 1, 180, 34, 168, 67, 29, 160, 150, 186, 156, 46, 30, 79, 166, 40, 58, 100, 59]
[65, 152, 189, 48, 183, 36, 117, 123, 8, 137, 60, 31, 23, 158, 116, 114, 0, 52, 110, 11, 146, 39, 26, 197, 122, 14, 78, 159, 19, 63, 54, 111, 154, 182, 7, 145, 128, 133, 21, 74, 53, 5, 108, 106, 119, 66, 176, 64, 192, 127, 157, 76, 124, 61, 82, 71, 129, 38, 37, 55, 151, 177, 104, 42, 132, 175, 112, 194, 181, 94, 93, 75, 69, 101, 153, 88, 72, 2, 188, 130, 179, 141, 68, 107, 13, 191, 3, 162, 92, 105, 148, 18, 98, 9, 174, 196, 44, 32, 99, 155]
40323

[95, 86, 125, 164, 165, 43, 117, 60, 135, 183, 28, 109, 171, 45, 120, 173, 110, 116, 114, 52, 0, 144, 78, 159, 63, 19, 134, 41, 66, 30, 46, 119, 111, 154, 182, 21, 133, 7, 145, 102, 142, 16, 24, 89, 33, 57, 140, 170, 55, 151, 177, 195, 4, 104, 42, 136, 132, 175, 112, 194, 181, 93, 85, 138, 49, 94, 90, 75, 69, 101, 143, 149, 172, 22, 34, 1, 67, 29, 168, 163, 139, 20, 153, 88, 192, 146, 39, 11, 189, 18, 91, 35, 56, 73, 99, 32, 155, 179, 188, 130]
[53, 74, 128, 113, 97, 199, 87, 147, 27, 37, 70, 38, 129, 71, 82, 61, 184, 167, 180, 124, 160, 79, 64, 150, 186, 5, 108, 106, 156, 126, 185, 54, 161, 176, 12, 14, 122, 197, 26, 190, 84, 131, 158, 23, 31, 25, 198, 6, 81, 77, 8, 137, 123, 36, 17, 48, 178, 15, 50, 193, 62, 187, 115, 121, 169, 51, 10, 83, 47, 152, 65, 118, 103, 96, 80, 44, 196, 174, 9, 98, 13, 191, 148, 105, 92, 162, 3, 100, 59, 127, 157, 76, 166, 40, 58, 72, 2, 68, 141, 107]
39222

[115, 121, 169, 10, 51, 86, 125, 96, 80, 73, 56, 35, 13, 92, 105, 148, 189, 48, 17, 109, 11, 39, 146, 59, 127, 192, 157, 67, 163, 101, 69, 75, 181, 194, 112, 175, 132, 136, 42, 104, 4, 151, 147, 87, 199, 97, 113, 38, 129, 71, 184, 167, 90, 149, 172, 22, 168, 34, 1, 150, 186, 5, 108, 156, 106, 74, 7, 145, 142, 89, 33, 24, 16, 134, 41, 119, 46, 30, 176, 26, 131, 0, 52, 110, 45, 171, 23, 31, 135, 60, 137, 25, 198, 6, 81, 77, 8, 123, 117, 15]
[155, 179, 130, 141, 68, 188, 72, 2, 58, 40, 107, 191, 162, 3, 100, 166, 29, 88, 153, 20, 139, 143, 93, 94, 49, 138, 85, 195, 177, 55, 70, 37, 27, 170, 140, 57, 102, 128, 82, 61, 180, 124, 160, 76, 79, 64, 53, 133, 21, 182, 154, 111, 126, 185, 54, 66, 161, 63, 19, 159, 78, 12, 14, 122, 197, 190, 144, 84, 114, 116, 158, 173, 120, 28, 183, 36, 178, 62, 50, 193, 187, 43, 152, 65, 47, 83, 165, 95, 164, 103, 118, 18, 98, 91, 9, 174, 196, 44, 32, 99]
39591

[68, 141, 107, 191, 13, 98, 18, 9, 174, 196, 44, 103, 164, 165, 51, 10, 83, 169, 121, 115, 187, 43, 62, 178, 15, 117, 36, 183, 28, 60, 135, 31, 23, 158, 173, 110, 116, 114, 52, 0, 190, 26, 19, 134, 41, 185, 126, 154, 182, 74, 61, 82, 71, 129, 38, 87, 97, 113, 128, 102, 142, 24, 89, 33, 57, 140, 170, 199, 147, 27, 37, 70, 55, 151, 177, 104, 42, 136, 132, 175, 112, 194, 181, 90, 149, 172, 168, 67, 29, 180, 124, 160, 64, 146, 39, 11, 162, 105, 148, 92]
[109, 48, 3, 100, 59, 127, 192, 12, 176, 30, 46, 156, 186, 150, 79, 76, 157, 166, 40, 88, 153, 20, 139, 163, 22, 143, 101, 69, 75, 93, 94, 85, 4, 195, 138, 49, 184, 167, 34, 1, 53, 5, 108, 106, 21, 133, 145, 16, 7, 111, 119, 54, 66, 161, 63, 159, 78, 14, 122, 197, 144, 84, 131, 120, 45, 171, 25, 137, 123, 8, 77, 198, 6, 81, 50, 193, 47, 95, 86, 125, 96, 80, 32, 99, 155, 179, 130, 188, 72, 2, 58, 73, 56, 35, 91, 118, 152, 65, 189, 17]
39546

[76, 29, 67, 168, 22, 143, 93, 94, 90, 149, 172, 34, 1, 167, 184, 49, 71, 129, 138, 85, 194, 112, 175, 132, 42, 104, 4, 177, 151, 55, 37, 38, 27, 87, 97, 113, 33, 89, 142, 24, 16, 74, 53, 186, 150, 79, 64, 66, 63, 19, 159, 14, 122, 197, 190, 131, 39, 11, 45, 171, 120, 23, 31, 25, 135, 60, 36, 15, 50, 193, 121, 115, 187, 43, 47, 83, 95, 86, 125, 96, 32, 99, 155, 179, 130, 188, 68, 141, 174, 91, 118, 189, 48, 92, 162, 100, 59, 127, 192, 157]
[154, 182, 7, 128, 145, 102, 57, 140, 170, 199, 147, 70, 195, 136, 181, 75, 69, 101, 163, 139, 20, 153, 88, 72, 2, 58, 40, 166, 160, 124, 180, 61, 82, 133, 21, 106, 108, 5, 156, 111, 126, 119, 46, 30, 176, 12, 26, 146, 3, 191, 13, 107, 73, 56, 35, 44, 80, 164, 165, 103, 196, 9, 98, 18, 105, 148, 178, 65, 152, 10, 51, 169, 62, 117, 123, 137, 8, 77, 81, 6, 198, 183, 28, 17, 109, 173, 158, 116, 114, 110, 52, 0, 84, 144, 78, 161, 54, 41, 134, 185]
40657

[5, 53, 180, 1, 34, 167, 143, 101, 69, 75, 181, 194, 112, 175, 132, 136, 42, 104, 4, 85, 195, 177, 151, 55, 97, 113, 102, 145, 7, 21, 133, 74, 182, 154, 111, 119, 126, 185, 134, 41, 54, 63, 19, 159, 144, 84, 131, 190, 197, 26, 39, 146, 11, 45, 171, 60, 137, 123, 36, 183, 28, 48, 148, 105, 191, 13, 118, 65, 152, 178, 121, 169, 83, 10, 51, 165, 164, 103, 96, 80, 196, 44, 155, 179, 130, 141, 68, 188, 72, 2, 58, 166, 157, 64, 66, 30, 46, 156, 106, 108]
[129, 70, 37, 38, 27, 147, 87, 199, 170, 140, 57, 33, 89, 142, 24, 16, 161, 78, 14, 122, 12, 176, 186, 150, 124, 160, 79, 76, 192, 127, 59, 100, 3, 162, 92, 98, 174, 9, 91, 18, 189, 17, 109, 120, 173, 110, 52, 0, 114, 116, 158, 23, 31, 135, 25, 198, 6, 81, 77, 8, 117, 15, 62, 50, 193, 115, 187, 43, 47, 95, 86, 125, 32, 99, 73, 56, 35, 107, 40, 88, 153, 20, 139, 163, 29, 67, 168, 22, 172, 149, 90, 93, 94, 49, 184, 61, 82, 128, 71, 138]
38048

[168, 167, 94, 93, 181, 85, 138, 70, 129, 38, 37, 27, 128, 102, 145, 53, 180, 124, 160, 79, 150, 30, 66, 161, 159, 78, 14, 122, 197, 190, 144, 84, 0, 52, 114, 116, 110, 131, 26, 157, 76, 166, 127, 146, 11, 17, 109, 28, 183, 120, 173, 158, 23, 31, 135, 25, 198, 6, 81, 77, 8, 123, 137, 60, 36, 117, 15, 62, 50, 193, 121, 51, 86, 125, 103, 118, 18, 148, 98, 91, 9, 174, 196, 44, 155, 99, 73, 56, 107, 68, 141, 179, 130, 188, 58, 88, 153, 20, 139, 163]
[42, 104, 195, 4, 136, 132, 175, 112, 194, 75, 69, 90, 149, 172, 22, 143, 101, 72, 2, 40, 29, 67, 34, 1, 186, 156, 106, 108, 5, 82, 61, 184, 49, 71, 133, 21, 74, 111, 119, 46, 64, 192, 59, 100, 3, 191, 13, 35, 32, 80, 96, 164, 95, 165, 47, 83, 10, 169, 115, 187, 43, 152, 65, 178, 189, 105, 92, 162, 48, 171, 45, 39, 12, 176, 63, 19, 54, 41, 134, 185, 126, 154, 182, 7, 16, 24, 142, 89, 33, 57, 140, 170, 199, 97, 113, 87, 147, 55, 177, 151]
41146

[155, 99, 179, 130, 141, 68, 188, 72, 2, 58, 40, 166, 100, 3, 191, 13, 32, 80, 96, 44, 196, 174, 9, 91, 118, 65, 189, 48, 92, 162, 11, 171, 137, 8, 77, 81, 6, 31, 23, 158, 173, 120, 110, 52, 0, 84, 144, 190, 122, 14, 78, 159, 30, 46, 156, 150, 186, 5, 108, 106, 154, 182, 16, 24, 102, 113, 97, 170, 199, 147, 55, 151, 177, 104, 42, 112, 194, 181, 75, 69, 149, 90, 93, 94, 167, 172, 22, 143, 101, 153, 20, 139, 163, 168, 34, 1, 180, 67, 29, 88]
[117, 15, 178, 62, 50, 193, 121, 169, 115, 187, 43, 152, 47, 83, 10, 51, 165, 95, 86, 125, 164, 103, 18, 148, 105, 98, 35, 56, 73, 107, 59, 127, 192, 157, 76, 79, 160, 124, 53, 74, 21, 133, 128, 129, 71, 82, 61, 184, 49, 138, 85, 175, 132, 136, 4, 195, 70, 37, 38, 27, 87, 140, 57, 33, 89, 142, 145, 7, 111, 119, 126, 185, 134, 41, 54, 19, 63, 161, 66, 64, 176, 12, 197, 26, 146, 39, 131, 114, 116, 45, 109, 17, 28, 183, 36, 60, 135, 25, 198, 123]
39861

[109, 17, 48, 11, 39, 146, 100, 3, 162, 92, 105, 148, 189, 98, 9, 13, 191, 107, 59, 127, 192, 157, 76, 79, 64, 66, 119, 111, 154, 182, 7, 21, 133, 74, 106, 46, 156, 108, 5, 53, 82, 71, 129, 70, 37, 195, 4, 104, 42, 136, 132, 175, 112, 194, 181, 75, 69, 101, 143, 90, 149, 172, 1, 180, 29, 166, 40, 58, 2, 72, 188, 68, 141, 130, 179, 73, 56, 99, 155, 32, 47, 169, 121, 193, 50, 15, 117, 123, 137, 8, 81, 77, 25, 135, 60, 28, 183, 36, 178, 65]
[152, 43, 115, 187, 62, 6, 198, 31, 23, 158, 173, 120, 171, 45, 110, 116, 114, 52, 0, 131, 84, 144, 190, 26, 197, 122, 14, 78, 12, 176, 159, 161, 63, 19, 54, 41, 134, 126, 185, 30, 186, 150, 160, 124, 167, 184, 61, 49, 138, 38, 27, 97, 113, 102, 128, 145, 16, 24, 142, 89, 33, 57, 140, 170, 199, 87, 147, 55, 151, 177, 85, 94, 93, 22, 34, 67, 168, 163, 139, 20, 153, 88, 35, 174, 91, 18, 118, 196, 44, 80, 96, 103, 164, 125, 86, 95, 165, 51, 10, 83]
37890

[178, 50, 193, 43, 152, 65, 47, 83, 165, 103, 118, 91, 9, 174, 196, 44, 32, 35, 56, 73, 99, 155, 179, 130, 141, 68, 188, 72, 2, 58, 40, 88, 153, 168, 67, 29, 124, 53, 5, 108, 106, 74, 21, 133, 167, 172, 149, 90, 93, 94, 85, 136, 42, 104, 4, 195, 177, 151, 55, 38, 128, 7, 182, 154, 111, 134, 41, 119, 46, 66, 159, 78, 122, 197, 26, 190, 0, 52, 114, 116, 23, 137, 123, 36, 183, 28, 109, 17, 48, 189, 18, 98, 127, 192, 146, 39, 11, 92, 148, 105]
[84, 144, 14, 12, 176, 161, 63, 19, 54, 185, 126, 16, 145, 102, 142, 24, 89, 33, 57, 140, 170, 199, 97, 113, 87, 147, 27, 37, 70, 129, 71, 82, 61, 184, 49, 138, 112, 132, 175, 194, 181, 75, 69, 143, 101, 20, 139, 163, 22, 34, 1, 180, 150, 186, 156, 30, 64, 79, 160, 76, 157, 166, 59, 100, 3, 162, 191, 13, 107, 80, 96, 164, 95, 125, 86, 51, 10, 169, 121, 115, 187, 62, 15, 117, 8, 77, 81, 6, 198, 25, 60, 135, 31, 171, 45, 120, 173, 158, 110, 131]
38222

[165, 164, 103, 47, 118, 189, 148, 105, 98, 9, 174, 35, 56, 73, 13, 191, 107, 68, 141, 179, 130, 188, 72, 2, 58, 88, 40, 166, 29, 67, 168, 163, 139, 20, 153, 101, 75, 69, 143, 149, 90, 93, 181, 194, 112, 94, 49, 71, 129, 38, 199, 170, 140, 57, 102, 33, 89, 24, 16, 142, 145, 128, 133, 21, 7, 126, 134, 41, 185, 119, 46, 30, 64, 79, 76, 157, 192, 127, 59, 100, 146, 39, 173, 31, 198, 6, 81, 77, 123, 117, 15, 62, 43, 187, 50, 193, 115, 121, 169, 83]
[74, 182, 154, 111, 54, 19, 63, 161, 159, 78, 14, 122, 144, 84, 0, 114, 116, 158, 23, 135, 60, 25, 8, 137, 36, 178, 65, 152, 10, 51, 86, 125, 95, 96, 80, 155, 99, 32, 44, 196, 91, 18, 92, 162, 3, 11, 48, 17, 109, 28, 183, 171, 45, 120, 110, 52, 131, 190, 26, 197, 12, 176, 66, 156, 106, 108, 5, 53, 186, 150, 160, 124, 180, 1, 34, 22, 172, 167, 184, 61, 82, 70, 37, 27, 113, 97, 87, 147, 55, 151, 177, 195, 4, 104, 42, 136, 132, 175, 85, 138]
37714

[60, 135, 36, 183, 28, 109, 17, 189, 65, 152, 178, 62, 50, 193, 121, 115, 47, 83, 165, 95, 86, 125, 164, 103, 96, 80, 44, 196, 174, 9, 91, 98, 13, 191, 107, 73, 56, 35, 32, 99, 155, 179, 130, 188, 58, 40, 29, 166, 157, 76, 150, 186, 53, 124, 180, 67, 168, 22, 143, 101, 69, 75, 93, 181, 194, 175, 132, 112, 138, 49, 71, 129, 38, 37, 70, 55, 27, 97, 113, 7, 74, 106, 108, 5, 156, 119, 41, 134, 19, 63, 78, 26, 146, 11, 162, 92, 48, 171, 45, 120]
[16, 24, 89, 142, 145, 128, 102, 33, 57, 140, 170, 199, 87, 147, 151, 177, 195, 4, 104, 42, 136, 85, 94, 90, 149, 172, 163, 139, 20, 153, 88, 72, 2, 68, 141, 59, 127, 192, 100, 3, 105, 148, 18, 118, 10, 51, 169, 187, 43, 15, 117, 123, 137, 8, 77, 81, 6, 198, 25, 31, 23, 158, 173, 39, 131, 52, 110, 116, 114, 0, 84, 144, 190, 197, 122, 14, 12, 64, 79, 160, 1, 34, 167, 184, 61, 82, 133, 21, 182, 154, 111, 46, 30, 66, 176, 159, 161, 54, 185, 126]
38816

[23, 158, 173, 120, 110, 116, 114, 52, 0, 190, 26, 197, 122, 12, 161, 119, 111, 82, 128, 102, 33, 57, 140, 170, 199, 87, 147, 27, 70, 4, 104, 42, 136, 132, 175, 112, 194, 181, 75, 69, 22, 172, 34, 1, 180, 124, 150, 160, 76, 157, 29, 67, 168, 153, 88, 40, 58, 2, 72, 188, 68, 166, 127, 192, 59, 146, 45, 171, 31, 25, 198, 6, 81, 77, 8, 137, 36, 183, 189, 148, 105, 18, 98, 174, 9, 91, 118, 165, 164, 95, 125, 86, 51, 10, 83, 15, 117, 178, 152, 65]
[50, 123, 60, 135, 28, 109, 17, 48, 11, 39, 131, 84, 144, 14, 78, 159, 19, 63, 54, 41, 134, 185, 126, 154, 182, 74, 133, 21, 7, 145, 16, 24, 89, 142, 113, 97, 38, 37, 55, 151, 177, 195, 85, 138, 129, 71, 61, 184, 49, 94, 93, 90, 149, 143, 101, 20, 139, 163, 167, 53, 186, 5, 108, 106, 156, 46, 30, 66, 176, 64, 79, 100, 3, 162, 92, 191, 13, 35, 56, 107, 141, 130, 179, 73, 99, 155, 32, 44, 196, 80, 96, 103, 47, 169, 115, 187, 43, 62, 193, 121]
39837

[9, 174, 98, 13, 107, 166, 40, 29, 67, 168, 34, 172, 85, 136, 42, 104, 195, 70, 27, 147, 87, 199, 170, 140, 57, 97, 113, 102, 33, 89, 142, 24, 16, 74, 106, 108, 53, 5, 156, 119, 46, 30, 66, 176, 64, 79, 186, 150, 160, 76, 157, 192, 127, 59, 100, 3, 191, 105, 92, 162, 11, 146, 39, 26, 131, 0, 52, 114, 116, 120, 173, 158, 23, 135, 137, 77, 81, 8, 123, 117, 50, 193, 62, 15, 36, 183, 28, 109, 17, 48, 118, 65, 47, 165, 95, 86, 125, 164, 103, 91]
[178, 152, 43, 187, 115, 121, 169, 83, 10, 51, 96, 80, 196, 44, 32, 155, 99, 35, 56, 73, 179, 130, 141, 68, 188, 72, 2, 58, 88, 153, 20, 139, 163, 1, 180, 124, 167, 184, 94, 93, 90, 149, 22, 143, 101, 69, 75, 181, 194, 112, 175, 132, 4, 177, 151, 55, 37, 38, 129, 71, 138, 49, 61, 82, 128, 145, 7, 133, 21, 182, 154, 111, 126, 185, 134, 41, 54, 19, 63, 161, 159, 78, 12, 14, 122, 197, 190, 144, 84, 110, 31, 6, 198, 25, 60, 189, 18, 148, 45, 171]
38434

[2, 72, 188, 130, 179, 141, 68, 107, 73, 99, 155, 32, 80, 44, 196, 118, 65, 152, 47, 83, 10, 51, 169, 121, 115, 193, 50, 15, 36, 183, 28, 48, 11, 146, 39, 131, 84, 144, 159, 161, 54, 185, 119, 156, 108, 5, 53, 186, 150, 124, 180, 1, 34, 172, 149, 90, 93, 94, 138, 129, 38, 27, 97, 113, 102, 142, 89, 33, 57, 140, 170, 199, 87, 147, 55, 151, 177, 4, 104, 136, 181, 75, 69, 143, 101, 153, 20, 139, 29, 76, 157, 192, 127, 191, 13, 98, 18, 91, 174, 9]
[78, 63, 19, 134, 41, 126, 111, 154, 182, 7, 16, 24, 145, 128, 37, 70, 195, 42, 132, 175, 112, 194, 85, 49, 167, 184, 61, 82, 71, 133, 21, 74, 106, 46, 30, 66, 176, 12, 64, 79, 160, 67, 168, 22, 163, 88, 58, 40, 166, 59, 100, 3, 162, 92, 105, 148, 35, 56, 96, 103, 164, 95, 125, 86, 165, 43, 187, 62, 178, 189, 17, 109, 45, 171, 135, 60, 137, 123, 117, 8, 77, 81, 6, 198, 25, 31, 23, 158, 173, 120, 110, 116, 114, 52, 0, 190, 26, 197, 14, 122]
38927

[1, 167, 74, 133, 21, 7, 16, 24, 89, 33, 37, 70, 195, 4, 104, 42, 136, 132, 175, 112, 194, 181, 93, 94, 90, 149, 172, 22, 29, 127, 192, 146, 59, 68, 107, 191, 100, 3, 162, 105, 148, 189, 65, 152, 9, 174, 196, 44, 80, 96, 164, 95, 125, 86, 51, 169, 121, 193, 50, 115, 187, 43, 62, 15, 60, 135, 25, 198, 6, 31, 23, 158, 173, 120, 171, 45, 110, 116, 114, 52, 0, 131, 84, 144, 190, 26, 197, 122, 14, 12, 176, 78, 159, 161, 54, 185, 126, 111, 182, 154]
[10, 83, 47, 118, 91, 18, 178, 117, 81, 77, 8, 137, 123, 36, 183, 28, 109, 17, 48, 11, 39, 92, 98, 13, 35, 56, 73, 141, 166, 157, 76, 64, 79, 160, 180, 124, 150, 186, 156, 46, 30, 66, 63, 19, 134, 41, 119, 106, 108, 5, 53, 82, 61, 184, 49, 71, 129, 38, 128, 145, 142, 102, 113, 97, 57, 140, 170, 199, 87, 147, 27, 55, 151, 177, 138, 85, 75, 69, 143, 101, 153, 20, 139, 163, 168, 34, 67, 88, 40, 58, 2, 72, 188, 130, 179, 155, 99, 32, 103, 165]
40004

[29, 180, 124, 160, 79, 76, 157, 166, 40, 88, 58, 2, 72, 188, 141, 130, 179, 96, 80, 44, 196, 91, 18, 98, 148, 105, 92, 48, 109, 17, 189, 178, 65, 152, 47, 103, 164, 125, 86, 95, 165, 51, 10, 83, 169, 121, 115, 187, 193, 50, 8, 77, 81, 6, 198, 25, 31, 23, 158, 110, 52, 131, 190, 26, 197, 122, 14, 12, 176, 64, 150, 186, 119, 185, 126, 111, 106, 74, 154, 182, 21, 133, 128, 145, 142, 102, 87, 147, 27, 38, 70, 138, 85, 94, 93, 90, 69, 143, 22, 67]
[0, 114, 116, 173, 120, 45, 171, 28, 183, 36, 60, 135, 137, 123, 117, 15, 62, 43, 118, 9, 174, 35, 32, 155, 99, 73, 56, 13, 191, 107, 68, 127, 192, 59, 100, 3, 162, 11, 146, 39, 84, 144, 78, 159, 19, 63, 161, 66, 30, 46, 156, 108, 5, 53, 167, 184, 49, 149, 172, 1, 34, 168, 163, 139, 20, 153, 101, 75, 181, 194, 112, 175, 132, 136, 42, 104, 4, 195, 177, 151, 55, 37, 129, 71, 61, 82, 113, 97, 199, 170, 140, 57, 33, 89, 24, 16, 7, 134, 41, 54]
37304

[38, 129, 27, 37, 70, 138, 49, 149, 101, 153, 20, 139, 163, 22, 172, 167, 53, 74, 106, 156, 108, 5, 124, 180, 1, 34, 29, 40, 58, 68, 141, 130, 179, 73, 56, 35, 196, 103, 164, 51, 10, 83, 169, 121, 193, 50, 115, 187, 178, 36, 137, 8, 77, 81, 6, 198, 25, 60, 183, 118, 91, 18, 98, 92, 11, 45, 110, 116, 114, 52, 0, 144, 197, 190, 84, 131, 39, 192, 127, 166, 157, 76, 64, 66, 54, 41, 185, 111, 154, 7, 16, 24, 33, 57, 140, 170, 199, 97, 147, 87]
[145, 142, 89, 102, 113, 128, 133, 21, 182, 126, 134, 19, 63, 161, 119, 46, 30, 186, 150, 160, 79, 176, 159, 78, 12, 14, 122, 26, 146, 59, 100, 3, 162, 105, 148, 189, 48, 17, 109, 28, 171, 120, 173, 158, 23, 31, 135, 123, 117, 15, 62, 43, 152, 65, 47, 165, 95, 86, 125, 96, 80, 44, 174, 9, 13, 191, 107, 99, 32, 155, 188, 2, 72, 88, 67, 168, 143, 69, 75, 181, 194, 112, 175, 132, 136, 42, 104, 4, 177, 151, 55, 195, 85, 94, 93, 90, 184, 71, 82, 61]
40372

[73, 107, 68, 58, 40, 88, 153, 101, 69, 90, 93, 94, 112, 175, 132, 151, 55, 147, 87, 113, 97, 199, 170, 140, 57, 33, 89, 24, 16, 142, 102, 38, 129, 82, 61, 180, 124, 186, 53, 5, 108, 106, 156, 111, 119, 63, 19, 159, 64, 150, 79, 192, 59, 100, 146, 26, 197, 122, 14, 190, 84, 131, 120, 173, 158, 23, 31, 135, 25, 198, 6, 81, 77, 8, 123, 137, 60, 183, 28, 109, 36, 117, 50, 193, 187, 43, 152, 47, 118, 91, 9, 98, 18, 148, 105, 3, 191, 13, 35, 56]
[80, 96, 103, 164, 125, 86, 95, 165, 51, 10, 83, 169, 121, 115, 62, 15, 178, 65, 189, 48, 17, 171, 45, 92, 162, 11, 39, 110, 116, 114, 52, 0, 144, 78, 12, 176, 30, 46, 66, 161, 54, 41, 134, 185, 126, 154, 182, 74, 133, 21, 7, 145, 128, 27, 37, 177, 195, 70, 71, 184, 49, 138, 85, 4, 104, 42, 136, 194, 181, 75, 143, 149, 167, 172, 22, 163, 20, 139, 168, 34, 1, 67, 29, 160, 76, 157, 127, 166, 2, 72, 188, 141, 130, 179, 155, 99, 32, 44, 174, 196]
39666

[161, 159, 78, 14, 122, 190, 84, 131, 39, 146, 11, 45, 120, 173, 158, 23, 31, 6, 198, 137, 36, 109, 17, 48, 92, 189, 65, 152, 83, 47, 118, 91, 18, 98, 191, 107, 68, 141, 130, 188, 40, 29, 67, 168, 139, 20, 153, 101, 69, 75, 181, 194, 112, 136, 42, 104, 4, 195, 177, 151, 55, 37, 70, 49, 94, 90, 149, 172, 22, 34, 160, 79, 76, 157, 192, 26, 197, 12, 176, 64, 66, 30, 46, 119, 185, 126, 111, 7, 145, 128, 113, 97, 199, 170, 140, 57, 33, 89, 24, 16]
[121, 169, 51, 10, 165, 95, 86, 125, 164, 103, 96, 80, 44, 196, 9, 174, 32, 99, 155, 179, 73, 56, 35, 13, 148, 105, 162, 3, 100, 59, 127, 166, 2, 72, 58, 88, 163, 143, 93, 175, 132, 85, 138, 71, 129, 38, 27, 147, 87, 102, 142, 133, 21, 182, 154, 74, 82, 61, 184, 167, 1, 180, 124, 150, 186, 53, 5, 108, 106, 156, 54, 41, 134, 63, 19, 144, 0, 52, 114, 116, 110, 171, 28, 183, 60, 135, 25, 77, 81, 8, 123, 178, 62, 43, 187, 115, 193, 50, 15, 117]
40138

[172, 22, 34, 167, 49, 94, 90, 149, 143, 69, 75, 101, 153, 88, 58, 72, 2, 141, 68, 166, 127, 192, 59, 105, 98, 18, 118, 91, 9, 174, 35, 56, 73, 99, 155, 32, 44, 196, 103, 164, 165, 47, 43, 62, 15, 178, 36, 6, 198, 60, 183, 28, 109, 11, 131, 84, 190, 26, 197, 122, 14, 159, 19, 63, 161, 66, 176, 12, 64, 157, 76, 5, 108, 106, 156, 30, 46, 119, 111, 154, 182, 133, 82, 71, 129, 38, 37, 55, 151, 177, 4, 104, 42, 136, 132, 175, 112, 194, 181, 93]
[152, 80, 96, 125, 86, 95, 51, 10, 83, 169, 121, 115, 187, 193, 50, 117, 123, 137, 8, 81, 77, 25, 135, 31, 23, 158, 173, 120, 45, 171, 17, 48, 146, 39, 110, 116, 114, 52, 0, 144, 78, 54, 41, 134, 185, 126, 16, 7, 21, 74, 53, 186, 150, 79, 160, 124, 180, 1, 184, 61, 128, 145, 102, 142, 24, 89, 33, 57, 140, 170, 199, 97, 113, 87, 147, 27, 70, 195, 85, 138, 20, 139, 163, 168, 67, 29, 40, 188, 130, 179, 107, 13, 191, 100, 3, 162, 92, 148, 189, 65]
40133

[26, 146, 11, 39, 114, 116, 158, 23, 31, 135, 25, 198, 6, 137, 123, 36, 183, 28, 109, 17, 48, 189, 118, 91, 18, 98, 9, 174, 196, 35, 56, 73, 107, 191, 13, 148, 105, 3, 100, 192, 127, 157, 76, 79, 186, 30, 46, 119, 54, 185, 126, 16, 24, 33, 57, 140, 170, 199, 97, 128, 82, 61, 184, 167, 172, 22, 163, 139, 20, 153, 88, 58, 188, 68, 141, 130, 179, 155, 99, 32, 44, 80, 96, 164, 165, 95, 125, 86, 51, 10, 83, 169, 121, 115, 187, 43, 152, 65, 47, 103]
[124, 150, 160, 180, 1, 34, 168, 67, 29, 40, 72, 2, 166, 59, 162, 92, 178, 62, 193, 50, 15, 117, 8, 81, 77, 60, 171, 45, 120, 173, 110, 52, 0, 131, 84, 144, 190, 197, 122, 14, 78, 12, 64, 66, 176, 159, 161, 63, 19, 134, 41, 111, 156, 106, 108, 5, 53, 74, 154, 182, 21, 133, 7, 145, 142, 89, 102, 113, 87, 147, 27, 37, 38, 129, 70, 55, 151, 177, 195, 138, 71, 49, 94, 90, 93, 85, 4, 104, 42, 136, 132, 175, 112, 194, 181, 75, 69, 101, 143, 149]
38888

[162, 92, 48, 189, 18, 98, 9, 174, 35, 56, 73, 44, 196, 91, 118, 47, 10, 51, 83, 65, 152, 43, 62, 178, 15, 117, 81, 6, 198, 77, 8, 137, 36, 183, 28, 171, 45, 120, 31, 23, 158, 173, 110, 116, 114, 52, 0, 131, 84, 144, 122, 14, 12, 78, 63, 19, 134, 41, 54, 66, 64, 79, 157, 76, 160, 124, 180, 34, 1, 53, 21, 133, 128, 129, 38, 37, 70, 195, 132, 175, 112, 194, 181, 75, 69, 101, 143, 90, 93, 94, 49, 149, 172, 22, 168, 67, 29, 40, 107, 191]
[193, 50, 123, 25, 135, 60, 109, 17, 11, 146, 39, 190, 197, 26, 192, 127, 59, 100, 3, 105, 148, 13, 141, 68, 166, 150, 186, 5, 108, 106, 156, 119, 46, 30, 176, 159, 161, 185, 126, 111, 74, 182, 154, 7, 145, 102, 142, 16, 24, 89, 33, 57, 140, 170, 199, 97, 113, 87, 147, 27, 55, 151, 177, 4, 104, 42, 136, 85, 138, 71, 82, 61, 184, 167, 163, 139, 20, 153, 88, 58, 2, 72, 188, 130, 179, 155, 99, 32, 80, 96, 103, 164, 125, 86, 95, 165, 169, 121, 187, 115]
38303

[73, 56, 35, 107, 141, 155, 99, 32, 174, 9, 18, 189, 65, 152, 178, 62, 193, 50, 15, 117, 8, 77, 137, 123, 36, 183, 17, 48, 92, 162, 3, 26, 39, 146, 11, 45, 171, 116, 114, 52, 0, 84, 144, 78, 159, 176, 66, 119, 161, 63, 19, 54, 41, 134, 185, 126, 111, 16, 24, 33, 89, 142, 7, 182, 154, 108, 5, 180, 124, 160, 76, 157, 29, 67, 34, 1, 82, 71, 129, 38, 37, 70, 85, 138, 49, 184, 94, 93, 90, 143, 69, 75, 101, 20, 139, 153, 88, 40, 58, 68]
[80, 44, 196, 103, 165, 47, 43, 187, 115, 121, 169, 83, 10, 51, 86, 125, 95, 164, 96, 179, 130, 188, 72, 2, 166, 59, 191, 13, 100, 127, 192, 79, 150, 186, 53, 61, 167, 168, 163, 22, 172, 149, 181, 194, 112, 175, 132, 136, 42, 104, 4, 195, 177, 151, 55, 27, 147, 87, 199, 170, 140, 57, 97, 113, 102, 145, 128, 133, 21, 74, 106, 156, 46, 30, 64, 12, 14, 122, 197, 190, 131, 110, 120, 173, 158, 23, 31, 135, 25, 198, 6, 81, 60, 28, 109, 105, 148, 98, 91, 118]
40109

[163, 143, 22, 172, 149, 90, 85, 136, 42, 104, 4, 70, 129, 71, 82, 61, 53, 124, 150, 186, 5, 108, 156, 46, 30, 66, 119, 185, 126, 7, 145, 142, 102, 57, 170, 199, 140, 33, 89, 24, 16, 134, 41, 54, 19, 63, 161, 159, 78, 14, 144, 84, 197, 122, 12, 176, 64, 79, 160, 76, 157, 192, 146, 110, 52, 0, 114, 116, 158, 173, 120, 183, 36, 123, 117, 15, 65, 152, 43, 62, 50, 193, 121, 169, 10, 51, 86, 125, 95, 164, 103, 118, 18, 98, 100, 59, 68, 188, 2, 72]
[174, 9, 91, 13, 191, 107, 35, 56, 73, 99, 155, 32, 44, 196, 80, 96, 165, 83, 47, 115, 187, 178, 189, 17, 109, 28, 60, 135, 25, 137, 8, 77, 81, 6, 198, 31, 23, 171, 45, 48, 148, 105, 92, 162, 3, 11, 39, 131, 190, 26, 127, 166, 29, 67, 168, 34, 1, 180, 167, 49, 184, 74, 106, 111, 154, 182, 21, 133, 128, 113, 97, 87, 147, 27, 38, 37, 55, 151, 177, 195, 138, 94, 93, 112, 132, 175, 194, 181, 75, 69, 101, 153, 20, 139, 88, 40, 58, 130, 179, 141]
40730

[46, 30, 176, 197, 26, 146, 162, 92, 105, 148, 98, 174, 9, 18, 189, 48, 17, 109, 28, 171, 45, 120, 173, 158, 23, 31, 135, 60, 137, 123, 117, 15, 62, 178, 65, 152, 165, 86, 125, 95, 164, 103, 96, 80, 155, 179, 130, 141, 68, 107, 56, 35, 13, 59, 157, 76, 160, 1, 180, 124, 150, 186, 5, 156, 106, 108, 53, 74, 133, 71, 70, 195, 85, 94, 93, 181, 194, 112, 175, 132, 136, 42, 104, 4, 177, 151, 55, 37, 87, 97, 113, 102, 24, 16, 7, 182, 154, 111, 185, 119]
[81, 6, 198, 25, 77, 8, 36, 183, 11, 39, 190, 122, 12, 64, 79, 29, 40, 166, 127, 192, 100, 3, 191, 91, 118, 43, 187, 50, 193, 115, 121, 169, 51, 10, 83, 47, 196, 44, 32, 99, 73, 188, 72, 2, 58, 88, 153, 20, 139, 163, 101, 75, 69, 143, 90, 149, 22, 168, 67, 34, 172, 167, 184, 61, 82, 49, 138, 129, 38, 27, 147, 199, 170, 140, 57, 33, 89, 142, 145, 128, 21, 126, 134, 41, 54, 66, 161, 63, 19, 159, 78, 14, 144, 84, 131, 0, 52, 114, 116, 110]
39008

[104, 42, 136, 85, 138, 70, 195, 177, 151, 55, 27, 147, 87, 199, 170, 140, 57, 33, 89, 102, 113, 97, 129, 71, 82, 61, 186, 156, 119, 46, 30, 66, 161, 159, 78, 12, 14, 122, 197, 146, 39, 0, 52, 114, 116, 110, 173, 120, 45, 171, 23, 31, 135, 60, 36, 183, 28, 109, 17, 48, 189, 178, 65, 152, 43, 187, 115, 121, 169, 83, 47, 96, 80, 35, 174, 9, 91, 18, 98, 148, 105, 92, 162, 11, 3, 100, 59, 127, 157, 76, 79, 150, 160, 124, 180, 1, 93, 112, 175, 132]
[72, 2, 58, 40, 166, 29, 67, 34, 168, 163, 88, 153, 139, 20, 101, 75, 69, 143, 90, 149, 22, 172, 167, 184, 49, 94, 181, 194, 4, 37, 38, 128, 145, 142, 24, 16, 7, 133, 21, 182, 154, 74, 53, 5, 108, 106, 111, 126, 185, 134, 41, 54, 19, 63, 176, 64, 192, 26, 190, 144, 84, 131, 158, 25, 198, 6, 81, 77, 8, 137, 123, 117, 15, 50, 193, 62, 118, 13, 191, 107, 141, 68, 188, 130, 179, 73, 56, 99, 155, 32, 44, 196, 103, 164, 165, 10, 51, 95, 125, 86]
39347

[62, 15, 117, 8, 77, 81, 6, 198, 25, 135, 60, 109, 17, 189, 48, 171, 45, 120, 173, 110, 116, 114, 52, 0, 190, 26, 12, 176, 66, 30, 150, 186, 5, 53, 74, 154, 182, 21, 145, 142, 102, 128, 71, 129, 70, 37, 55, 151, 177, 195, 85, 4, 104, 42, 136, 132, 175, 112, 194, 181, 69, 143, 101, 153, 20, 139, 163, 180, 124, 160, 76, 157, 127, 166, 2, 72, 188, 130, 179, 141, 68, 107, 98, 18, 91, 9, 174, 35, 56, 32, 80, 96, 95, 165, 83, 47, 65, 152, 43, 187]
[168, 67, 29, 40, 58, 88, 22, 172, 149, 90, 75, 93, 94, 49, 138, 38, 27, 147, 87, 199, 170, 140, 57, 97, 113, 33, 89, 24, 16, 7, 111, 126, 185, 41, 134, 19, 63, 54, 119, 46, 156, 108, 106, 133, 82, 61, 184, 167, 34, 1, 79, 64, 161, 159, 78, 14, 122, 197, 144, 84, 131, 39, 146, 192, 59, 100, 191, 13, 73, 99, 155, 44, 196, 103, 164, 118, 148, 105, 92, 162, 3, 11, 158, 23, 31, 137, 123, 36, 183, 28, 178, 50, 193, 115, 121, 169, 10, 51, 86, 125]
41029

[28, 183, 36, 178, 17, 109, 45, 110, 116, 114, 52, 0, 84, 144, 19, 134, 41, 185, 126, 16, 24, 142, 89, 33, 102, 71, 138, 49, 82, 61, 184, 149, 90, 93, 94, 85, 4, 104, 42, 136, 132, 175, 112, 194, 181, 75, 69, 143, 101, 163, 29, 180, 124, 160, 150, 186, 53, 5, 108, 106, 156, 190, 131, 39, 146, 11, 92, 148, 105, 162, 3, 100, 191, 13, 107, 68, 141, 130, 179, 80, 96, 125, 86, 51, 10, 47, 65, 152, 43, 115, 121, 187, 62, 15, 117, 77, 81, 6, 198, 25]
[97, 113, 57, 140, 170, 199, 87, 147, 27, 38, 37, 55, 151, 177, 195, 70, 129, 128, 145, 7, 21, 133, 74, 182, 154, 111, 119, 46, 54, 63, 161, 159, 78, 14, 122, 197, 26, 12, 176, 66, 30, 64, 79, 76, 157, 166, 127, 192, 59, 35, 196, 118, 91, 9, 174, 98, 18, 189, 48, 171, 120, 173, 158, 23, 31, 135, 60, 137, 8, 123, 50, 193, 169, 83, 165, 95, 164, 103, 44, 32, 155, 99, 56, 73, 188, 72, 2, 58, 40, 88, 153, 20, 139, 22, 172, 168, 67, 34, 1, 167]
39272

[45, 28, 171, 120, 173, 110, 52, 0, 114, 116, 158, 23, 31, 25, 198, 6, 50, 193, 121, 169, 51, 10, 164, 103, 96, 196, 91, 18, 189, 148, 92, 105, 35, 56, 73, 99, 179, 130, 58, 40, 166, 127, 192, 157, 76, 79, 64, 150, 186, 53, 82, 61, 184, 167, 34, 172, 22, 143, 149, 90, 93, 181, 194, 112, 175, 132, 136, 42, 104, 37, 27, 87, 97, 113, 102, 142, 24, 16, 145, 128, 133, 21, 74, 111, 126, 185, 41, 134, 19, 63, 159, 78, 12, 14, 122, 144, 84, 131, 39, 11]
[65, 178, 43, 152, 47, 165, 95, 125, 86, 83, 115, 187, 62, 15, 117, 123, 8, 81, 77, 137, 135, 60, 36, 183, 109, 17, 48, 162, 146, 190, 197, 26, 3, 100, 59, 29, 67, 168, 1, 180, 124, 160, 5, 108, 106, 156, 46, 30, 66, 176, 161, 54, 119, 154, 182, 7, 89, 33, 57, 140, 170, 199, 147, 38, 70, 129, 71, 49, 138, 195, 55, 151, 177, 4, 85, 94, 75, 69, 101, 163, 139, 20, 153, 88, 72, 2, 188, 68, 141, 155, 80, 44, 32, 107, 191, 13, 98, 174, 9, 118]
39262

[16, 7, 133, 21, 182, 154, 111, 126, 185, 134, 41, 54, 19, 63, 161, 159, 78, 14, 0, 114, 116, 158, 173, 120, 171, 23, 31, 135, 60, 25, 198, 6, 81, 77, 8, 137, 123, 36, 183, 28, 109, 17, 48, 189, 148, 92, 162, 105, 18, 98, 174, 9, 91, 103, 165, 95, 86, 125, 164, 96, 80, 32, 155, 99, 13, 191, 100, 3, 11, 39, 146, 192, 157, 76, 40, 88, 29, 67, 1, 180, 124, 150, 186, 5, 156, 30, 46, 106, 108, 53, 167, 184, 61, 71, 129, 57, 170, 140, 33, 24]
[12, 176, 66, 119, 74, 82, 128, 145, 142, 89, 102, 113, 97, 199, 87, 147, 27, 38, 37, 70, 55, 151, 177, 195, 4, 104, 42, 136, 85, 138, 49, 172, 34, 168, 22, 143, 149, 90, 93, 94, 112, 132, 175, 194, 181, 75, 69, 101, 20, 163, 139, 153, 58, 2, 72, 188, 130, 179, 141, 68, 166, 160, 79, 64, 127, 59, 107, 73, 56, 35, 44, 196, 118, 65, 152, 43, 187, 115, 47, 83, 10, 51, 169, 121, 193, 50, 62, 178, 15, 117, 45, 110, 52, 131, 84, 144, 190, 26, 197, 122]
38378

[39, 146, 11, 48, 17, 171, 45, 120, 173, 110, 116, 114, 0, 84, 144, 161, 54, 156, 106, 108, 74, 154, 182, 21, 133, 16, 24, 142, 89, 33, 102, 57, 140, 170, 199, 147, 27, 37, 70, 195, 177, 4, 104, 42, 136, 132, 175, 112, 194, 181, 93, 94, 85, 138, 49, 129, 71, 82, 61, 184, 167, 34, 1, 180, 124, 160, 150, 186, 53, 5, 66, 176, 12, 192, 127, 166, 29, 163, 139, 40, 130, 179, 155, 99, 32, 13, 191, 98, 91, 164, 95, 125, 86, 43, 178, 123, 77, 81, 198, 6]
[151, 55, 38, 128, 111, 119, 46, 30, 64, 79, 157, 76, 67, 168, 22, 172, 143, 149, 90, 75, 69, 101, 20, 153, 88, 58, 2, 72, 188, 68, 141, 73, 56, 35, 107, 59, 100, 3, 162, 92, 105, 148, 189, 18, 65, 152, 118, 9, 174, 196, 44, 80, 96, 103, 165, 47, 83, 10, 51, 169, 121, 193, 115, 187, 62, 50, 15, 117, 36, 109, 28, 183, 137, 8, 25, 60, 135, 31, 23, 158, 52, 131, 190, 26, 197, 122, 14, 78, 159, 63, 19, 134, 41, 185, 126, 7, 145, 113, 97, 87]
40651

[96, 80, 32, 155, 99, 174, 9, 91, 118, 18, 189, 48, 17, 109, 120, 173, 110, 52, 84, 64, 30, 5, 186, 150, 79, 76, 157, 40, 58, 2, 72, 88, 153, 101, 75, 181, 194, 175, 132, 112, 94, 93, 90, 149, 143, 22, 172, 167, 184, 61, 82, 71, 129, 38, 70, 37, 27, 87, 97, 113, 102, 89, 142, 145, 128, 133, 21, 111, 46, 66, 176, 12, 144, 0, 114, 116, 158, 23, 183, 36, 137, 8, 123, 178, 65, 152, 47, 43, 187, 62, 50, 193, 115, 121, 169, 51, 86, 125, 95, 164]
[195, 177, 151, 55, 147, 199, 170, 140, 57, 33, 24, 16, 7, 154, 182, 74, 53, 108, 106, 156, 119, 126, 185, 134, 41, 54, 19, 63, 161, 159, 78, 14, 122, 197, 26, 190, 131, 39, 45, 171, 28, 60, 135, 31, 25, 198, 6, 81, 77, 117, 15, 83, 10, 165, 103, 44, 196, 98, 148, 105, 92, 162, 11, 146, 3, 191, 13, 35, 56, 73, 141, 179, 130, 188, 68, 107, 100, 59, 192, 127, 166, 29, 67, 160, 124, 180, 1, 34, 168, 163, 139, 20, 69, 85, 136, 42, 104, 4, 138, 49]
39475

[105, 162, 92, 148, 98, 91, 118, 65, 152, 47, 115, 187, 43, 50, 193, 121, 169, 83, 10, 51, 165, 95, 86, 125, 164, 103, 96, 80, 196, 44, 32, 155, 99, 73, 141, 107, 191, 3, 100, 127, 192, 26, 146, 48, 17, 109, 28, 183, 123, 137, 8, 77, 31, 158, 110, 116, 114, 52, 0, 19, 63, 66, 46, 119, 111, 133, 21, 7, 16, 24, 142, 89, 33, 102, 145, 128, 38, 195, 4, 132, 175, 112, 194, 181, 75, 69, 101, 143, 22, 168, 34, 53, 106, 108, 5, 186, 150, 160, 166, 59]
[178, 62, 15, 117, 81, 6, 198, 25, 60, 135, 23, 173, 120, 171, 45, 11, 39, 131, 84, 144, 190, 197, 122, 14, 12, 64, 157, 76, 79, 156, 30, 176, 78, 159, 161, 54, 41, 134, 185, 126, 154, 182, 74, 82, 61, 184, 167, 49, 71, 129, 70, 37, 27, 87, 113, 97, 57, 140, 170, 199, 147, 55, 151, 177, 104, 42, 136, 85, 138, 94, 93, 90, 149, 172, 1, 180, 124, 67, 29, 163, 139, 20, 153, 88, 40, 58, 72, 2, 68, 188, 130, 179, 56, 35, 13, 174, 9, 18, 189, 36]
38682

[166, 76, 79, 64, 12, 122, 14, 78, 176, 66, 30, 156, 106, 108, 5, 53, 74, 61, 82, 71, 129, 102, 113, 97, 38, 55, 151, 177, 195, 85, 138, 49, 94, 93, 90, 75, 69, 143, 22, 172, 149, 184, 167, 34, 168, 67, 29, 88, 40, 58, 2, 72, 188, 130, 179, 56, 35, 44, 196, 103, 164, 165, 95, 125, 86, 51, 10, 115, 187, 50, 62, 43, 152, 65, 178, 15, 117, 123, 137, 36, 183, 28, 171, 45, 109, 17, 48, 189, 18, 118, 91, 9, 174, 98, 13, 191, 148, 105, 100, 59]
[19, 63, 159, 161, 54, 119, 46, 186, 150, 124, 180, 1, 160, 157, 127, 192, 3, 162, 92, 11, 146, 39, 26, 197, 190, 144, 84, 131, 0, 52, 114, 116, 110, 120, 173, 158, 23, 31, 135, 60, 25, 198, 6, 81, 77, 8, 193, 121, 169, 83, 47, 96, 80, 32, 155, 99, 73, 107, 141, 68, 153, 139, 163, 20, 101, 181, 194, 112, 175, 132, 136, 42, 104, 4, 70, 37, 27, 147, 87, 199, 170, 140, 57, 33, 89, 24, 16, 142, 145, 128, 133, 21, 7, 182, 154, 111, 126, 185, 134, 41]
36882

[125, 86, 51, 10, 169, 121, 193, 50, 15, 117, 8, 77, 81, 6, 198, 31, 158, 116, 114, 110, 11, 48, 189, 18, 98, 162, 3, 146, 39, 26, 157, 76, 176, 78, 159, 19, 63, 161, 66, 119, 185, 126, 111, 154, 7, 145, 57, 140, 170, 199, 87, 147, 4, 104, 85, 138, 49, 167, 184, 61, 82, 133, 21, 182, 106, 186, 150, 124, 180, 1, 34, 168, 163, 69, 75, 101, 20, 139, 153, 58, 2, 72, 188, 130, 179, 141, 68, 107, 73, 56, 35, 174, 9, 91, 47, 83, 165, 103, 164, 95]
[17, 109, 28, 183, 36, 123, 137, 25, 60, 135, 23, 171, 45, 120, 173, 52, 0, 131, 84, 144, 190, 197, 122, 14, 12, 54, 41, 134, 16, 24, 142, 89, 33, 102, 113, 97, 27, 38, 37, 70, 195, 55, 151, 177, 42, 136, 132, 175, 112, 194, 181, 93, 90, 143, 22, 172, 149, 94, 71, 129, 128, 74, 53, 5, 108, 156, 46, 30, 64, 79, 160, 67, 29, 88, 40, 166, 127, 192, 59, 100, 191, 13, 99, 155, 32, 80, 96, 44, 196, 118, 65, 152, 43, 115, 187, 62, 178, 92, 105, 148]
39632

[12, 197, 190, 144, 84, 131, 0, 52, 114, 116, 110, 120, 173, 158, 23, 171, 162, 3, 100, 105, 92, 48, 17, 109, 28, 31, 198, 6, 50, 193, 62, 178, 65, 152, 43, 187, 115, 121, 169, 51, 10, 83, 47, 165, 95, 86, 125, 164, 103, 96, 80, 196, 44, 32, 73, 56, 35, 13, 191, 2, 72, 58, 88, 153, 139, 163, 168, 29, 67, 34, 22, 75, 194, 112, 175, 132, 177, 151, 55, 70, 129, 71, 138, 85, 93, 94, 49, 133, 21, 182, 74, 186, 150, 76, 157, 79, 30, 66, 176, 78]
[20, 101, 69, 143, 172, 149, 90, 181, 136, 42, 104, 4, 195, 37, 38, 27, 147, 87, 199, 170, 140, 57, 97, 113, 102, 128, 145, 142, 89, 33, 24, 16, 7, 154, 111, 119, 126, 185, 134, 41, 54, 19, 63, 161, 159, 14, 122, 26, 39, 146, 11, 45, 183, 36, 60, 135, 25, 77, 81, 8, 137, 123, 117, 15, 118, 18, 189, 148, 98, 91, 9, 174, 99, 155, 179, 130, 188, 68, 141, 107, 59, 127, 192, 64, 46, 156, 106, 108, 5, 53, 82, 61, 184, 167, 1, 180, 124, 160, 166, 40]
39520

[44, 196, 80, 32, 99, 35, 174, 9, 91, 18, 98, 13, 191, 107, 56, 73, 179, 130, 188, 72, 2, 58, 88, 153, 20, 149, 49, 138, 71, 129, 199, 170, 140, 57, 33, 89, 24, 16, 142, 102, 145, 7, 154, 182, 74, 21, 133, 82, 61, 34, 1, 180, 124, 160, 79, 150, 186, 5, 108, 156, 30, 46, 119, 185, 161, 159, 176, 12, 78, 14, 122, 197, 26, 190, 144, 84, 146, 39, 131, 0, 52, 158, 23, 31, 25, 198, 6, 81, 77, 8, 117, 15, 178, 189, 36, 60, 135, 109, 17, 48]
[173, 120, 45, 171, 28, 183, 137, 123, 62, 50, 193, 121, 115, 187, 43, 152, 65, 118, 47, 169, 83, 10, 51, 165, 86, 125, 95, 164, 103, 96, 155, 141, 68, 40, 166, 76, 29, 67, 168, 163, 139, 101, 69, 143, 22, 172, 167, 184, 94, 93, 90, 75, 181, 194, 112, 175, 132, 42, 104, 136, 85, 4, 177, 151, 55, 195, 70, 37, 38, 27, 147, 87, 97, 113, 128, 53, 106, 111, 126, 134, 41, 54, 19, 63, 66, 64, 157, 192, 127, 59, 100, 3, 162, 105, 148, 92, 11, 110, 116, 114]
38493

[75, 69, 143, 101, 163, 67, 29, 127, 192, 59, 35, 56, 73, 99, 155, 32, 96, 125, 86, 95, 164, 165, 47, 152, 65, 118, 18, 105, 148, 189, 48, 17, 109, 28, 183, 36, 8, 77, 81, 6, 198, 25, 31, 23, 158, 110, 116, 114, 52, 0, 84, 144, 78, 159, 19, 63, 161, 66, 30, 46, 119, 111, 156, 106, 108, 5, 186, 150, 53, 74, 21, 7, 145, 16, 24, 142, 89, 33, 102, 128, 113, 97, 57, 140, 170, 199, 87, 147, 70, 112, 132, 175, 194, 181, 93, 94, 90, 149, 172, 22]
[85, 138, 49, 184, 167, 168, 34, 1, 180, 124, 160, 76, 157, 166, 40, 88, 139, 20, 153, 58, 2, 72, 188, 130, 179, 141, 68, 107, 191, 13, 98, 91, 9, 174, 196, 44, 80, 103, 10, 51, 83, 169, 121, 115, 43, 187, 193, 50, 62, 178, 15, 117, 123, 137, 60, 135, 173, 120, 171, 45, 11, 92, 162, 3, 100, 146, 39, 131, 190, 26, 197, 122, 14, 12, 176, 64, 79, 54, 41, 134, 185, 126, 154, 182, 133, 61, 82, 71, 129, 38, 27, 37, 55, 151, 177, 195, 4, 104, 42, 136]
36188

[134, 41, 19, 63, 161, 159, 78, 176, 12, 14, 122, 197, 144, 84, 0, 52, 114, 116, 158, 173, 120, 45, 171, 109, 28, 183, 23, 31, 135, 60, 25, 198, 6, 81, 77, 8, 137, 123, 36, 62, 43, 187, 50, 193, 121, 169, 83, 10, 51, 165, 164, 96, 80, 35, 13, 191, 3, 162, 189, 17, 48, 11, 39, 146, 192, 127, 166, 40, 58, 88, 29, 124, 160, 79, 150, 186, 5, 108, 53, 167, 184, 49, 138, 195, 177, 55, 37, 38, 27, 87, 97, 113, 33, 89, 142, 24, 16, 7, 154, 182]
[148, 105, 98, 18, 91, 118, 65, 152, 178, 117, 15, 115, 47, 95, 86, 125, 103, 196, 44, 32, 155, 99, 73, 56, 174, 9, 107, 68, 141, 179, 130, 188, 72, 2, 100, 59, 157, 76, 67, 168, 34, 1, 180, 61, 82, 71, 129, 70, 85, 94, 93, 90, 149, 143, 172, 22, 163, 139, 20, 153, 101, 69, 75, 181, 194, 112, 175, 132, 136, 42, 104, 4, 151, 147, 199, 170, 140, 57, 102, 145, 128, 133, 21, 74, 106, 156, 46, 119, 111, 126, 185, 54, 66, 30, 64, 26, 190, 131, 110, 92]
38292

[126, 111, 108, 5, 186, 30, 66, 176, 12, 78, 14, 122, 190, 144, 84, 0, 114, 116, 39, 11, 92, 105, 148, 98, 9, 91, 118, 65, 152, 178, 36, 137, 123, 117, 15, 62, 43, 187, 50, 193, 115, 121, 169, 51, 10, 83, 47, 165, 86, 125, 95, 164, 103, 96, 196, 13, 191, 107, 59, 127, 166, 58, 2, 72, 88, 67, 168, 143, 90, 149, 167, 180, 53, 82, 61, 184, 85, 136, 42, 104, 55, 27, 147, 87, 199, 170, 140, 57, 97, 113, 33, 89, 142, 24, 16, 7, 182, 154, 134, 41]
[3, 100, 192, 157, 76, 79, 150, 64, 26, 197, 159, 161, 63, 19, 54, 185, 119, 46, 156, 106, 74, 21, 133, 145, 102, 128, 71, 49, 138, 129, 38, 37, 70, 195, 177, 151, 4, 132, 175, 112, 194, 181, 94, 93, 75, 69, 101, 153, 20, 139, 163, 22, 172, 34, 1, 124, 160, 29, 40, 68, 188, 130, 179, 141, 73, 99, 155, 80, 44, 32, 56, 35, 174, 18, 189, 48, 17, 109, 45, 120, 171, 28, 183, 8, 77, 81, 6, 198, 25, 60, 135, 31, 23, 158, 173, 110, 52, 131, 146, 162]
39249

[124, 160, 186, 156, 46, 30, 66, 176, 26, 190, 39, 146, 100, 3, 191, 13, 107, 141, 68, 166, 127, 192, 157, 76, 29, 40, 58, 188, 130, 179, 73, 99, 155, 32, 44, 196, 103, 164, 47, 43, 187, 193, 50, 62, 15, 8, 81, 77, 25, 23, 158, 173, 120, 45, 171, 28, 183, 135, 60, 36, 109, 17, 48, 11, 110, 52, 0, 84, 144, 78, 159, 161, 63, 19, 54, 119, 74, 7, 16, 24, 102, 113, 97, 87, 27, 38, 37, 55, 151, 177, 132, 175, 112, 194, 181, 75, 69, 143, 22, 180]
[153, 101, 20, 139, 163, 88, 72, 2, 59, 162, 92, 105, 148, 189, 18, 98, 118, 91, 9, 174, 35, 56, 80, 96, 125, 86, 95, 165, 51, 10, 83, 169, 121, 115, 152, 65, 178, 117, 123, 137, 198, 6, 31, 116, 114, 131, 197, 122, 14, 12, 64, 79, 150, 53, 5, 108, 106, 185, 41, 134, 126, 111, 154, 182, 21, 133, 128, 145, 142, 89, 33, 57, 140, 170, 199, 147, 195, 4, 104, 42, 136, 85, 138, 49, 94, 93, 90, 149, 172, 168, 67, 34, 1, 167, 184, 61, 82, 71, 70, 129]
40636

[8, 77, 81, 6, 198, 137, 123, 36, 183, 28, 171, 45, 110, 190, 122, 197, 26, 3, 100, 59, 127, 166, 157, 76, 79, 160, 67, 168, 34, 150, 186, 156, 46, 30, 66, 161, 54, 41, 134, 185, 126, 24, 142, 89, 33, 57, 140, 170, 199, 97, 113, 37, 70, 4, 104, 42, 136, 132, 175, 112, 194, 181, 20, 139, 153, 88, 72, 2, 68, 141, 130, 179, 73, 56, 32, 80, 96, 125, 86, 95, 165, 164, 103, 91, 18, 189, 178, 117, 15, 50, 62, 43, 187, 115, 83, 10, 51, 169, 121, 193]
[129, 71, 138, 85, 195, 177, 151, 55, 147, 87, 27, 38, 128, 145, 102, 16, 7, 21, 133, 74, 182, 154, 111, 119, 106, 108, 5, 53, 82, 61, 184, 49, 94, 93, 75, 69, 101, 163, 22, 143, 90, 149, 172, 167, 1, 180, 124, 29, 40, 58, 188, 155, 99, 44, 196, 118, 47, 152, 65, 48, 17, 109, 120, 173, 60, 135, 25, 31, 23, 158, 116, 114, 52, 0, 131, 84, 144, 14, 12, 78, 159, 19, 63, 176, 64, 192, 146, 39, 11, 162, 92, 105, 148, 98, 9, 174, 35, 13, 191, 107]
42465

[139, 20, 163, 22, 172, 69, 75, 184, 167, 1, 180, 124, 150, 186, 53, 5, 108, 74, 133, 128, 113, 97, 199, 170, 140, 57, 21, 111, 119, 106, 156, 46, 30, 66, 176, 78, 14, 122, 12, 64, 76, 157, 192, 127, 59, 166, 2, 72, 188, 68, 141, 107, 73, 130, 179, 155, 99, 32, 44, 80, 96, 103, 164, 125, 86, 95, 165, 47, 118, 91, 98, 148, 105, 92, 3, 162, 48, 17, 109, 131, 0, 52, 110, 120, 60, 135, 25, 8, 137, 123, 178, 65, 152, 43, 115, 121, 169, 51, 10, 83]
[194, 181, 93, 94, 90, 149, 143, 101, 153, 88, 58, 40, 29, 67, 168, 34, 160, 79, 26, 39, 11, 146, 100, 191, 13, 56, 35, 196, 174, 9, 18, 189, 45, 171, 28, 183, 36, 117, 15, 62, 187, 193, 50, 77, 81, 6, 198, 31, 23, 158, 173, 116, 114, 84, 144, 190, 197, 159, 161, 63, 19, 54, 41, 134, 185, 126, 154, 182, 7, 16, 24, 33, 89, 142, 145, 102, 87, 147, 27, 55, 151, 177, 195, 70, 37, 38, 129, 71, 82, 61, 49, 138, 85, 4, 104, 42, 136, 132, 175, 112]
41855

[175, 132, 112, 70, 27, 147, 199, 170, 140, 57, 33, 89, 142, 24, 16, 7, 154, 182, 74, 53, 186, 5, 108, 106, 156, 46, 119, 185, 41, 54, 66, 30, 176, 12, 197, 190, 39, 11, 48, 17, 36, 123, 137, 60, 135, 23, 31, 25, 198, 8, 117, 15, 121, 169, 83, 10, 51, 165, 95, 86, 125, 164, 103, 96, 80, 141, 107, 13, 98, 9, 91, 118, 18, 189, 148, 105, 92, 162, 3, 192, 127, 166, 40, 88, 153, 20, 139, 163, 101, 93, 90, 167, 184, 61, 82, 145, 102, 113, 97, 87]
[136, 85, 138, 129, 71, 49, 94, 194, 181, 75, 69, 143, 149, 172, 22, 1, 180, 124, 34, 168, 67, 29, 58, 72, 2, 59, 100, 191, 68, 188, 130, 179, 155, 99, 32, 44, 73, 56, 35, 174, 196, 47, 65, 152, 43, 187, 115, 193, 50, 62, 178, 109, 28, 183, 77, 81, 6, 158, 173, 120, 171, 45, 146, 157, 76, 160, 150, 79, 64, 26, 131, 110, 116, 114, 52, 0, 84, 144, 122, 14, 78, 159, 161, 63, 19, 134, 126, 111, 21, 133, 128, 38, 37, 55, 151, 177, 195, 4, 104, 42]
41069

[32, 196, 44, 155, 99, 73, 56, 35, 191, 3, 100, 59, 127, 192, 146, 190, 26, 76, 150, 186, 53, 5, 108, 74, 82, 61, 167, 22, 163, 139, 20, 153, 101, 181, 194, 112, 175, 132, 85, 138, 4, 195, 177, 151, 55, 27, 147, 199, 170, 140, 57, 33, 24, 16, 126, 185, 41, 134, 19, 63, 14, 144, 0, 52, 131, 39, 11, 48, 189, 118, 178, 36, 183, 28, 17, 109, 171, 45, 120, 173, 23, 135, 60, 137, 123, 117, 15, 62, 187, 43, 152, 65, 47, 83, 165, 95, 164, 103, 96, 80]
[70, 129, 128, 133, 21, 182, 154, 7, 145, 142, 89, 102, 113, 97, 87, 38, 37, 104, 42, 136, 93, 75, 69, 143, 88, 40, 166, 157, 162, 92, 105, 148, 18, 91, 9, 174, 98, 13, 107, 141, 68, 58, 2, 72, 188, 130, 179, 125, 86, 51, 10, 169, 121, 115, 193, 50, 8, 77, 81, 6, 198, 25, 31, 158, 116, 114, 110, 84, 197, 122, 12, 78, 159, 161, 54, 119, 111, 106, 156, 46, 30, 66, 176, 64, 79, 160, 124, 180, 1, 34, 67, 29, 168, 172, 149, 90, 94, 49, 184, 71]
40530

[162, 11, 146, 3, 191, 13, 32, 44, 196, 174, 9, 91, 118, 103, 47, 83, 10, 51, 169, 121, 193, 50, 62, 187, 115, 43, 152, 65, 178, 15, 117, 36, 183, 123, 137, 8, 77, 81, 6, 198, 25, 60, 135, 31, 23, 158, 173, 120, 110, 84, 144, 122, 14, 78, 159, 19, 63, 161, 176, 64, 79, 157, 76, 160, 180, 124, 150, 186, 74, 21, 133, 128, 145, 57, 140, 170, 199, 38, 71, 49, 94, 93, 90, 149, 69, 143, 172, 22, 29, 88, 40, 58, 188, 130, 179, 141, 68, 166, 59, 100]
[89, 33, 142, 24, 16, 7, 182, 154, 111, 119, 126, 185, 134, 41, 54, 12, 197, 26, 190, 39, 131, 0, 52, 114, 116, 45, 171, 28, 109, 17, 48, 189, 92, 105, 148, 98, 18, 165, 95, 86, 125, 164, 96, 80, 155, 99, 73, 56, 35, 107, 72, 2, 127, 192, 66, 30, 46, 156, 106, 108, 5, 53, 82, 61, 184, 167, 1, 34, 67, 168, 163, 139, 20, 153, 101, 75, 181, 194, 112, 175, 132, 136, 42, 104, 4, 177, 151, 55, 195, 85, 138, 129, 70, 37, 27, 147, 87, 97, 113, 102]
37876

[7, 133, 21, 182, 154, 74, 108, 106, 156, 119, 185, 54, 19, 63, 161, 66, 176, 12, 14, 122, 197, 26, 190, 131, 39, 11, 48, 17, 109, 120, 173, 114, 116, 158, 60, 137, 123, 187, 115, 51, 10, 165, 86, 125, 95, 164, 103, 96, 99, 73, 174, 9, 91, 18, 189, 148, 105, 3, 100, 59, 2, 58, 153, 20, 139, 163, 168, 160, 5, 53, 184, 49, 94, 90, 149, 172, 22, 143, 101, 69, 75, 93, 181, 194, 112, 175, 132, 136, 4, 195, 70, 129, 87, 97, 113, 102, 89, 142, 128, 145]
[166, 40, 88, 29, 67, 34, 1, 180, 124, 167, 61, 82, 71, 138, 85, 104, 42, 177, 151, 55, 37, 38, 27, 147, 199, 170, 140, 57, 33, 24, 16, 111, 126, 134, 41, 159, 78, 144, 84, 0, 52, 110, 23, 31, 198, 6, 81, 77, 8, 25, 135, 171, 45, 28, 183, 36, 117, 15, 50, 193, 121, 169, 83, 47, 65, 152, 43, 62, 178, 118, 98, 13, 56, 35, 196, 44, 80, 32, 155, 179, 130, 188, 72, 68, 141, 107, 191, 92, 162, 146, 64, 30, 46, 186, 150, 79, 76, 157, 127, 192]
40334

[91, 98, 105, 148, 18, 47, 83, 10, 51, 169, 121, 62, 178, 109, 28, 183, 36, 137, 8, 77, 81, 6, 198, 31, 23, 158, 173, 116, 114, 110, 131, 190, 122, 197, 26, 192, 127, 157, 76, 79, 64, 176, 30, 46, 66, 161, 12, 78, 159, 19, 63, 54, 185, 119, 156, 5, 108, 106, 74, 21, 133, 138, 85, 70, 38, 113, 142, 16, 24, 89, 33, 97, 87, 147, 27, 37, 195, 4, 104, 42, 136, 132, 175, 112, 194, 181, 93, 75, 69, 68, 141, 73, 56, 35, 99, 155, 32, 196, 174, 9]
[40, 88, 166, 160, 29, 67, 168, 163, 139, 20, 153, 101, 143, 22, 149, 90, 94, 49, 184, 167, 172, 34, 1, 180, 124, 150, 186, 53, 61, 82, 71, 129, 177, 151, 55, 199, 170, 140, 57, 102, 145, 128, 7, 182, 154, 111, 126, 134, 41, 14, 144, 84, 0, 52, 39, 146, 11, 45, 171, 120, 60, 135, 25, 123, 117, 15, 50, 193, 115, 187, 43, 152, 65, 165, 95, 86, 125, 164, 103, 118, 189, 17, 48, 92, 162, 3, 100, 59, 107, 191, 13, 44, 80, 96, 179, 130, 188, 72, 2, 58]
40118

[50, 117, 123, 137, 8, 77, 81, 6, 198, 25, 60, 135, 31, 23, 158, 116, 114, 52, 0, 144, 14, 66, 54, 111, 154, 182, 133, 128, 145, 102, 113, 97, 87, 147, 27, 37, 55, 151, 177, 4, 195, 70, 38, 129, 71, 138, 85, 194, 181, 94, 49, 184, 53, 108, 106, 156, 30, 64, 192, 127, 166, 29, 67, 168, 34, 1, 22, 163, 139, 88, 58, 2, 72, 188, 130, 179, 141, 68, 107, 59, 100, 3, 146, 39, 131, 11, 189, 18, 98, 9, 196, 165, 10, 83, 47, 152, 43, 115, 121, 193]
[112, 75, 101, 20, 153, 40, 73, 56, 99, 155, 32, 44, 80, 96, 103, 164, 95, 125, 86, 51, 169, 187, 62, 15, 36, 183, 28, 109, 17, 178, 65, 118, 91, 174, 35, 13, 191, 162, 92, 105, 148, 48, 171, 45, 120, 173, 110, 84, 190, 26, 197, 122, 12, 176, 78, 159, 161, 63, 19, 134, 41, 185, 126, 119, 46, 79, 157, 76, 160, 180, 124, 150, 186, 5, 74, 21, 7, 16, 24, 142, 89, 33, 57, 140, 170, 199, 82, 61, 167, 172, 143, 69, 149, 90, 93, 136, 104, 42, 132, 175]
40154

[159, 176, 12, 78, 14, 122, 131, 173, 158, 23, 31, 135, 25, 198, 6, 81, 77, 8, 137, 123, 117, 50, 193, 121, 169, 83, 47, 115, 187, 43, 118, 18, 91, 9, 174, 98, 191, 13, 56, 35, 196, 44, 32, 155, 179, 130, 188, 72, 2, 58, 153, 20, 139, 163, 101, 69, 75, 181, 143, 149, 90, 93, 94, 49, 138, 85, 70, 37, 27, 87, 113, 128, 102, 33, 89, 142, 24, 16, 145, 7, 1, 34, 168, 67, 76, 157, 30, 46, 156, 111, 126, 185, 134, 41, 54, 19, 63, 161, 119, 66]
[112, 194, 175, 132, 136, 42, 104, 4, 195, 177, 151, 55, 147, 199, 170, 140, 57, 97, 38, 129, 71, 184, 167, 172, 22, 180, 124, 29, 88, 40, 166, 68, 141, 107, 73, 99, 80, 96, 125, 86, 51, 10, 165, 95, 164, 103, 152, 65, 178, 62, 15, 36, 60, 183, 28, 109, 17, 189, 48, 171, 45, 120, 116, 114, 0, 52, 110, 11, 92, 148, 105, 162, 3, 100, 59, 127, 192, 146, 39, 84, 144, 190, 26, 197, 64, 79, 160, 150, 186, 53, 5, 108, 106, 74, 154, 182, 21, 133, 82, 61]
39518

[91, 9, 174, 98, 148, 105, 13, 191, 107, 73, 99, 155, 80, 96, 179, 130, 188, 141, 68, 58, 40, 166, 127, 192, 29, 67, 163, 139, 20, 143, 22, 168, 34, 1, 180, 124, 167, 184, 61, 82, 181, 194, 112, 175, 132, 136, 4, 195, 177, 27, 147, 199, 170, 140, 57, 33, 16, 7, 74, 106, 108, 5, 156, 119, 185, 54, 161, 159, 78, 144, 84, 114, 116, 110, 11, 109, 28, 183, 60, 198, 6, 123, 117, 15, 50, 193, 62, 43, 187, 115, 121, 169, 51, 86, 125, 95, 164, 103, 118, 18]
[53, 186, 46, 30, 66, 63, 19, 134, 41, 126, 111, 154, 182, 21, 133, 128, 145, 24, 89, 142, 102, 113, 97, 87, 38, 37, 55, 151, 42, 104, 85, 138, 70, 129, 71, 49, 172, 149, 90, 94, 93, 75, 69, 101, 153, 88, 72, 2, 59, 100, 3, 35, 56, 32, 44, 196, 165, 10, 83, 47, 152, 65, 178, 36, 137, 8, 81, 77, 25, 135, 31, 23, 158, 173, 120, 45, 171, 17, 48, 189, 92, 162, 146, 39, 52, 0, 131, 190, 26, 197, 122, 14, 12, 176, 64, 79, 157, 76, 160, 150]
39322

[34, 1, 180, 124, 67, 29, 163, 139, 88, 58, 2, 72, 155, 32, 44, 174, 9, 98, 18, 91, 196, 80, 96, 103, 164, 83, 121, 193, 50, 8, 77, 81, 6, 31, 23, 158, 173, 110, 52, 0, 131, 39, 11, 146, 59, 127, 192, 157, 76, 197, 122, 14, 78, 159, 161, 63, 19, 134, 41, 185, 119, 46, 156, 108, 106, 21, 133, 128, 145, 57, 140, 170, 199, 87, 147, 27, 38, 37, 55, 151, 4, 104, 42, 136, 85, 138, 49, 94, 93, 112, 132, 175, 194, 181, 75, 69, 143, 172, 22, 168]
[153, 20, 101, 90, 149, 167, 184, 61, 82, 71, 129, 70, 195, 177, 97, 113, 102, 33, 89, 142, 24, 16, 7, 154, 182, 74, 53, 5, 186, 150, 160, 79, 64, 30, 111, 126, 54, 66, 176, 12, 26, 190, 144, 84, 114, 116, 120, 45, 171, 60, 135, 25, 198, 137, 123, 36, 183, 28, 109, 17, 48, 178, 117, 15, 62, 43, 187, 115, 169, 10, 51, 86, 125, 95, 165, 47, 152, 65, 118, 189, 148, 105, 92, 162, 3, 100, 166, 40, 188, 130, 179, 141, 68, 107, 191, 13, 35, 99, 73, 56]
39294

[102, 87, 147, 27, 37, 55, 151, 177, 195, 138, 85, 93, 94, 49, 167, 172, 149, 90, 69, 143, 22, 168, 67, 34, 1, 157, 192, 127, 59, 100, 3, 162, 92, 191, 107, 68, 141, 179, 73, 56, 99, 155, 44, 196, 103, 10, 51, 83, 169, 121, 115, 187, 193, 50, 15, 117, 8, 77, 81, 6, 198, 25, 31, 23, 158, 173, 120, 171, 45, 110, 116, 114, 52, 0, 131, 84, 144, 190, 197, 122, 14, 66, 30, 186, 150, 184, 61, 82, 71, 129, 38, 128, 182, 154, 111, 185, 41, 134, 126, 145]
[170, 57, 140, 199, 97, 113, 33, 89, 142, 24, 16, 7, 21, 133, 74, 106, 108, 53, 5, 156, 46, 119, 54, 19, 63, 161, 159, 78, 12, 176, 64, 79, 160, 124, 180, 76, 26, 39, 146, 11, 105, 148, 18, 189, 48, 17, 109, 28, 183, 36, 60, 135, 137, 123, 178, 62, 43, 152, 65, 47, 165, 95, 86, 125, 164, 118, 91, 9, 174, 98, 13, 35, 32, 80, 96, 130, 188, 72, 2, 58, 88, 40, 166, 29, 163, 139, 20, 153, 101, 75, 181, 194, 112, 175, 132, 136, 42, 104, 4, 70]
38180

[30, 46, 119, 185, 63, 19, 14, 122, 197, 144, 114, 116, 158, 23, 31, 25, 8, 137, 60, 28, 109, 48, 17, 183, 36, 117, 15, 62, 50, 193, 121, 169, 83, 10, 51, 165, 47, 65, 118, 103, 164, 96, 80, 196, 44, 32, 35, 56, 73, 99, 155, 179, 130, 153, 143, 149, 90, 93, 94, 85, 4, 151, 177, 195, 138, 49, 71, 129, 147, 87, 199, 170, 140, 57, 97, 113, 128, 74, 5, 186, 76, 157, 192, 127, 59, 100, 3, 191, 13, 98, 91, 18, 189, 148, 105, 92, 162, 11, 146, 39]
[150, 79, 160, 124, 180, 1, 34, 168, 67, 29, 166, 40, 88, 58, 2, 72, 188, 68, 141, 107, 174, 9, 125, 86, 95, 115, 187, 43, 152, 178, 123, 77, 81, 6, 198, 135, 171, 45, 120, 173, 110, 52, 0, 131, 84, 190, 26, 64, 66, 176, 12, 78, 159, 161, 54, 41, 134, 126, 111, 154, 182, 7, 16, 24, 142, 89, 33, 102, 145, 133, 21, 106, 156, 108, 53, 184, 167, 172, 22, 163, 139, 20, 101, 69, 75, 181, 194, 112, 175, 132, 136, 42, 104, 55, 27, 38, 37, 70, 82, 61]
40199

[32, 99, 155, 96, 80, 44, 196, 118, 103, 164, 95, 125, 86, 165, 47, 83, 10, 51, 169, 121, 115, 183, 28, 109, 17, 11, 146, 39, 110, 116, 114, 52, 0, 144, 122, 14, 159, 63, 19, 134, 41, 54, 161, 66, 30, 46, 119, 185, 126, 111, 106, 108, 74, 21, 133, 128, 145, 89, 33, 57, 140, 170, 199, 147, 27, 37, 70, 138, 85, 195, 55, 151, 177, 4, 104, 42, 136, 94, 93, 90, 149, 143, 172, 22, 168, 67, 29, 76, 157, 64, 192, 127, 58, 2, 72, 188, 68, 141, 179, 130]
[56, 73, 107, 191, 13, 105, 148, 189, 48, 92, 162, 3, 100, 59, 166, 40, 88, 153, 20, 139, 163, 101, 69, 75, 181, 194, 175, 132, 112, 49, 184, 167, 34, 1, 180, 124, 160, 79, 150, 186, 53, 61, 82, 71, 129, 38, 87, 97, 113, 102, 142, 24, 16, 7, 182, 154, 5, 156, 176, 78, 12, 197, 26, 190, 84, 131, 45, 171, 120, 173, 158, 23, 31, 135, 60, 25, 198, 6, 81, 77, 8, 137, 123, 36, 117, 15, 50, 193, 187, 43, 62, 178, 152, 65, 18, 98, 91, 9, 174, 35]
36005

[148, 18, 189, 183, 36, 60, 135, 25, 198, 137, 123, 50, 193, 121, 115, 187, 43, 152, 65, 165, 164, 103, 118, 91, 174, 35, 56, 73, 107, 68, 58, 88, 153, 20, 101, 69, 75, 94, 138, 49, 172, 168, 67, 59, 127, 192, 157, 79, 30, 66, 46, 156, 106, 108, 74, 133, 145, 142, 102, 113, 97, 87, 27, 37, 195, 4, 104, 136, 42, 177, 151, 55, 147, 199, 170, 140, 57, 33, 89, 24, 16, 7, 111, 119, 185, 54, 161, 14, 122, 144, 84, 131, 0, 52, 114, 116, 110, 11, 92, 105]
[10, 51, 86, 125, 95, 96, 80, 196, 44, 32, 99, 155, 179, 130, 141, 188, 2, 72, 139, 163, 29, 40, 166, 76, 160, 150, 186, 5, 53, 61, 82, 71, 184, 167, 124, 180, 1, 34, 22, 143, 149, 90, 93, 181, 194, 112, 175, 132, 85, 70, 129, 38, 128, 21, 182, 154, 126, 41, 134, 19, 63, 159, 78, 176, 64, 12, 197, 26, 190, 39, 146, 162, 3, 100, 191, 13, 9, 98, 48, 17, 109, 28, 171, 45, 120, 173, 158, 23, 31, 6, 81, 77, 8, 117, 15, 178, 62, 169, 47, 83]
40467

[30, 46, 119, 54, 19, 63, 161, 159, 78, 144, 0, 114, 116, 158, 23, 31, 135, 25, 198, 6, 81, 77, 8, 137, 60, 36, 123, 117, 15, 178, 152, 65, 118, 18, 189, 148, 105, 92, 162, 3, 100, 191, 13, 98, 91, 35, 56, 99, 155, 179, 130, 188, 72, 2, 58, 88, 40, 157, 76, 79, 64, 186, 5, 108, 74, 128, 145, 142, 89, 33, 140, 170, 199, 147, 27, 38, 37, 55, 151, 177, 195, 138, 85, 132, 175, 112, 194, 181, 93, 94, 49, 167, 172, 22, 34, 1, 180, 124, 160, 150]
[86, 125, 95, 164, 96, 103, 165, 47, 83, 10, 51, 169, 121, 193, 115, 187, 43, 62, 50, 183, 28, 109, 17, 48, 171, 45, 120, 173, 110, 52, 131, 84, 190, 39, 11, 146, 26, 197, 122, 14, 12, 176, 66, 41, 134, 185, 126, 111, 154, 7, 16, 24, 133, 21, 182, 106, 156, 53, 184, 61, 82, 71, 129, 102, 57, 97, 113, 87, 70, 4, 104, 42, 136, 90, 149, 143, 69, 75, 101, 153, 20, 139, 163, 168, 67, 29, 166, 127, 192, 59, 107, 9, 174, 196, 44, 80, 32, 73, 68, 141]
38901

[137, 8, 60, 23, 173, 120, 110, 52, 0, 131, 84, 144, 190, 26, 197, 12, 176, 64, 79, 157, 76, 160, 150, 186, 30, 46, 156, 108, 5, 53, 61, 82, 133, 21, 182, 154, 7, 16, 24, 89, 142, 145, 102, 33, 57, 140, 170, 199, 97, 113, 87, 147, 27, 38, 70, 85, 138, 49, 184, 167, 1, 34, 168, 67, 29, 40, 58, 188, 130, 179, 73, 56, 80, 96, 125, 86, 47, 118, 91, 18, 98, 13, 191, 107, 59, 166, 127, 192, 100, 3, 105, 148, 189, 65, 152, 43, 115, 187, 117, 123]
[51, 10, 83, 169, 121, 193, 50, 62, 15, 178, 28, 183, 36, 77, 81, 6, 198, 25, 135, 31, 158, 116, 114, 11, 45, 171, 109, 17, 48, 92, 162, 146, 39, 122, 14, 78, 159, 66, 161, 63, 19, 134, 41, 54, 119, 185, 126, 111, 106, 74, 128, 71, 129, 37, 55, 151, 177, 195, 4, 104, 42, 136, 132, 175, 112, 194, 181, 75, 69, 101, 143, 93, 94, 90, 149, 172, 124, 180, 22, 163, 139, 20, 153, 88, 72, 2, 68, 141, 155, 99, 32, 44, 196, 35, 174, 9, 103, 164, 95, 165]
38466

[122, 197, 26, 190, 131, 110, 173, 120, 171, 45, 39, 146, 11, 48, 17, 109, 28, 183, 36, 117, 15, 50, 193, 121, 169, 51, 10, 83, 62, 178, 189, 18, 98, 107, 59, 127, 192, 157, 79, 30, 66, 119, 46, 156, 106, 108, 5, 186, 34, 67, 29, 40, 58, 88, 168, 143, 101, 69, 75, 93, 94, 112, 175, 132, 42, 104, 85, 49, 138, 195, 177, 151, 55, 87, 97, 113, 33, 89, 24, 16, 142, 128, 82, 61, 53, 74, 133, 21, 182, 154, 111, 126, 185, 54, 63, 161, 159, 78, 12, 14]
[174, 9, 91, 148, 105, 92, 162, 13, 191, 3, 100, 166, 76, 160, 1, 180, 124, 150, 64, 176, 144, 84, 0, 52, 135, 60, 137, 123, 8, 77, 81, 6, 198, 25, 31, 23, 158, 116, 114, 19, 41, 134, 7, 145, 102, 57, 140, 170, 199, 147, 27, 37, 70, 38, 129, 71, 4, 136, 194, 181, 90, 149, 184, 167, 172, 22, 163, 139, 20, 153, 72, 2, 188, 68, 141, 130, 179, 73, 56, 35, 99, 155, 32, 44, 80, 96, 103, 164, 125, 86, 95, 165, 47, 115, 187, 43, 152, 65, 118, 196]
41414

[125, 86, 196, 44, 179, 130, 188, 72, 2, 40, 29, 67, 168, 22, 172, 143, 101, 69, 75, 90, 93, 181, 194, 112, 175, 132, 177, 151, 55, 37, 70, 129, 38, 27, 147, 87, 113, 97, 199, 170, 140, 57, 33, 89, 142, 24, 16, 7, 154, 111, 126, 41, 134, 19, 63, 161, 159, 78, 12, 14, 122, 197, 190, 26, 64, 157, 127, 192, 3, 162, 92, 105, 148, 98, 174, 9, 18, 189, 48, 17, 109, 28, 183, 171, 45, 11, 39, 131, 84, 144, 0, 52, 158, 23, 60, 36, 178, 115, 10, 51]
[91, 165, 95, 164, 103, 96, 80, 32, 155, 99, 73, 56, 35, 13, 191, 107, 141, 68, 58, 88, 153, 20, 139, 163, 34, 1, 180, 160, 124, 167, 184, 61, 82, 49, 149, 94, 136, 42, 104, 4, 195, 85, 138, 71, 128, 102, 145, 133, 21, 182, 74, 106, 108, 53, 5, 156, 46, 119, 185, 54, 66, 176, 30, 186, 150, 79, 76, 166, 59, 100, 146, 110, 114, 116, 173, 120, 31, 135, 25, 198, 6, 81, 77, 8, 137, 123, 117, 15, 62, 43, 187, 50, 193, 121, 169, 83, 47, 152, 65, 118]
38428

[140, 57, 170, 199, 87, 147, 27, 38, 37, 136, 132, 175, 112, 194, 181, 75, 69, 22, 172, 1, 180, 34, 67, 29, 88, 40, 58, 2, 72, 188, 68, 127, 192, 59, 100, 3, 105, 148, 98, 9, 174, 13, 35, 99, 155, 32, 44, 196, 80, 96, 103, 164, 125, 86, 95, 165, 10, 51, 43, 189, 109, 120, 110, 116, 114, 52, 0, 131, 84, 190, 26, 197, 122, 14, 12, 64, 79, 150, 186, 5, 108, 156, 30, 66, 46, 119, 126, 111, 106, 74, 182, 154, 7, 16, 24, 142, 89, 33, 97, 113]
[129, 71, 82, 61, 184, 167, 49, 138, 85, 94, 93, 90, 149, 143, 101, 153, 20, 139, 163, 168, 124, 160, 76, 157, 166, 141, 130, 179, 73, 56, 107, 191, 162, 92, 48, 17, 36, 123, 117, 15, 178, 152, 65, 18, 91, 118, 47, 83, 169, 121, 115, 187, 62, 193, 50, 81, 6, 198, 77, 8, 137, 25, 31, 135, 60, 183, 28, 45, 171, 23, 158, 173, 11, 146, 39, 144, 78, 159, 63, 19, 134, 41, 185, 54, 161, 176, 53, 133, 21, 145, 102, 128, 55, 151, 177, 42, 104, 4, 195, 70]
38781

[104, 42, 136, 4, 85, 138, 71, 129, 38, 70, 55, 37, 27, 147, 87, 113, 102, 145, 142, 89, 33, 24, 16, 7, 182, 154, 126, 185, 41, 134, 19, 63, 159, 14, 122, 12, 78, 161, 54, 119, 46, 30, 156, 106, 74, 108, 5, 53, 184, 167, 172, 149, 143, 101, 153, 20, 139, 163, 22, 168, 29, 67, 34, 1, 180, 124, 76, 157, 166, 146, 11, 45, 171, 135, 25, 198, 6, 81, 77, 28, 109, 17, 48, 92, 105, 148, 189, 65, 118, 196, 44, 99, 141, 68, 188, 40, 88, 58, 72, 2]
[115, 121, 169, 51, 10, 83, 152, 47, 165, 86, 125, 95, 164, 103, 96, 80, 32, 155, 179, 130, 73, 56, 35, 174, 9, 91, 18, 98, 13, 107, 191, 162, 3, 100, 59, 127, 192, 64, 79, 160, 150, 186, 61, 82, 49, 94, 93, 90, 69, 75, 181, 194, 112, 175, 132, 195, 177, 151, 199, 170, 140, 57, 97, 128, 133, 21, 111, 66, 176, 197, 26, 190, 144, 84, 39, 131, 0, 52, 114, 116, 110, 120, 173, 158, 23, 31, 60, 183, 36, 137, 8, 123, 117, 178, 15, 50, 193, 187, 43, 62]
40520

[116, 114, 84, 197, 122, 12, 176, 66, 30, 106, 154, 182, 7, 16, 24, 142, 89, 33, 57, 140, 170, 199, 87, 97, 113, 102, 145, 133, 21, 74, 82, 61, 184, 167, 49, 4, 104, 42, 136, 85, 94, 149, 172, 22, 168, 34, 1, 180, 124, 150, 64, 39, 146, 100, 192, 127, 166, 59, 191, 13, 32, 44, 196, 103, 164, 95, 125, 86, 165, 51, 10, 83, 169, 47, 118, 18, 98, 17, 183, 60, 135, 137, 123, 50, 115, 121, 193, 8, 77, 81, 6, 198, 25, 31, 23, 158, 173, 120, 171, 45]
[48, 109, 28, 110, 52, 0, 144, 14, 78, 159, 161, 63, 19, 54, 41, 134, 185, 126, 111, 119, 46, 156, 108, 5, 186, 53, 128, 147, 27, 38, 37, 70, 129, 71, 138, 195, 55, 151, 177, 132, 175, 112, 194, 181, 93, 90, 143, 69, 75, 101, 163, 139, 20, 153, 88, 72, 2, 58, 40, 29, 67, 160, 79, 76, 157, 26, 190, 131, 11, 3, 107, 141, 68, 188, 130, 179, 155, 96, 80, 99, 73, 56, 35, 174, 9, 91, 65, 152, 43, 187, 62, 178, 15, 117, 36, 189, 148, 92, 162, 105]
40026

[57, 140, 170, 199, 97, 113, 33, 89, 128, 133, 21, 182, 154, 111, 119, 185, 134, 41, 54, 161, 66, 176, 12, 64, 79, 150, 160, 76, 157, 192, 26, 197, 190, 39, 171, 109, 17, 28, 60, 135, 25, 15, 50, 193, 121, 169, 51, 10, 83, 115, 43, 152, 65, 118, 91, 18, 148, 105, 3, 100, 107, 56, 73, 99, 32, 155, 179, 130, 141, 68, 188, 72, 2, 58, 29, 67, 180, 124, 53, 5, 108, 106, 74, 71, 138, 49, 172, 22, 149, 90, 93, 132, 175, 112, 194, 181, 75, 69, 101, 143]
[55, 151, 177, 4, 104, 42, 136, 94, 168, 163, 139, 20, 153, 88, 40, 166, 127, 59, 146, 11, 162, 92, 191, 13, 35, 98, 9, 174, 196, 44, 80, 96, 103, 164, 125, 86, 95, 165, 47, 187, 62, 178, 189, 48, 183, 36, 117, 123, 137, 8, 77, 81, 6, 198, 31, 23, 158, 173, 120, 45, 110, 116, 114, 52, 0, 131, 84, 144, 122, 14, 78, 159, 19, 63, 126, 16, 24, 142, 102, 145, 7, 156, 46, 30, 186, 1, 34, 167, 184, 61, 82, 85, 195, 70, 129, 37, 27, 147, 87, 38]
41679

[68, 141, 73, 99, 32, 174, 9, 91, 103, 164, 165, 51, 10, 83, 47, 65, 152, 43, 187, 193, 50, 62, 15, 117, 77, 81, 6, 198, 25, 31, 23, 158, 116, 114, 52, 110, 173, 120, 45, 48, 148, 105, 92, 162, 100, 59, 127, 192, 157, 76, 79, 186, 150, 160, 124, 180, 1, 34, 163, 139, 20, 143, 85, 138, 71, 177, 151, 55, 27, 147, 87, 97, 113, 102, 142, 145, 128, 133, 21, 7, 182, 154, 111, 119, 185, 41, 134, 19, 63, 161, 66, 64, 176, 159, 78, 26, 39, 131, 190, 197]
[84, 0, 144, 122, 14, 12, 30, 46, 156, 106, 108, 5, 53, 74, 82, 61, 184, 49, 94, 93, 90, 149, 167, 172, 22, 168, 67, 29, 40, 166, 107, 191, 3, 146, 11, 171, 135, 60, 137, 8, 123, 36, 183, 28, 109, 17, 189, 18, 98, 13, 56, 35, 44, 196, 118, 178, 115, 121, 169, 95, 86, 125, 96, 80, 155, 179, 130, 188, 72, 2, 58, 88, 153, 101, 69, 75, 181, 194, 112, 175, 132, 136, 42, 104, 4, 195, 37, 70, 129, 38, 199, 170, 140, 57, 33, 89, 24, 16, 126, 54]
40717

[74, 133, 142, 24, 16, 7, 111, 161, 176, 12, 84, 0, 114, 116, 120, 171, 45, 131, 39, 146, 11, 48, 189, 17, 109, 28, 183, 36, 60, 135, 137, 123, 117, 15, 50, 193, 121, 169, 51, 10, 83, 47, 165, 86, 125, 95, 164, 103, 96, 80, 44, 196, 91, 9, 174, 13, 191, 107, 141, 179, 130, 188, 58, 163, 22, 172, 149, 90, 143, 101, 69, 75, 93, 94, 85, 195, 177, 151, 55, 37, 138, 49, 184, 167, 1, 34, 168, 67, 29, 166, 59, 100, 192, 127, 157, 64, 150, 186, 5, 53]
[129, 70, 4, 104, 42, 136, 132, 175, 112, 194, 181, 180, 124, 160, 79, 76, 40, 88, 139, 20, 153, 72, 2, 68, 73, 56, 35, 99, 155, 32, 118, 65, 152, 43, 115, 187, 62, 178, 8, 77, 81, 6, 198, 25, 31, 23, 158, 173, 110, 52, 162, 92, 105, 148, 18, 98, 3, 26, 197, 190, 144, 122, 14, 78, 159, 19, 63, 54, 41, 134, 185, 126, 119, 66, 30, 46, 156, 108, 106, 154, 182, 21, 145, 102, 89, 33, 113, 97, 57, 140, 170, 199, 87, 147, 27, 38, 128, 82, 61, 71]
40240

[101, 143, 34, 1, 180, 124, 184, 49, 138, 194, 112, 175, 132, 136, 42, 104, 4, 177, 151, 55, 37, 27, 38, 70, 129, 128, 113, 97, 87, 147, 199, 170, 140, 57, 33, 89, 142, 102, 145, 74, 150, 64, 12, 78, 14, 122, 144, 84, 0, 52, 114, 116, 110, 120, 173, 158, 23, 31, 135, 60, 25, 198, 6, 81, 77, 8, 137, 123, 117, 115, 121, 169, 86, 125, 95, 152, 65, 56, 73, 107, 191, 3, 100, 59, 127, 192, 157, 166, 68, 141, 188, 72, 2, 58, 40, 88, 153, 20, 163, 139]
[176, 66, 54, 41, 134, 185, 126, 111, 16, 24, 7, 133, 21, 182, 154, 106, 119, 46, 30, 186, 156, 108, 5, 53, 61, 82, 71, 195, 85, 94, 93, 181, 75, 69, 90, 149, 167, 172, 22, 168, 67, 160, 79, 76, 29, 130, 179, 155, 99, 32, 80, 96, 103, 164, 165, 51, 10, 83, 47, 118, 18, 98, 91, 9, 174, 196, 44, 35, 13, 162, 92, 105, 148, 189, 178, 43, 187, 193, 50, 62, 15, 36, 183, 28, 109, 17, 48, 171, 45, 11, 146, 39, 131, 190, 26, 197, 159, 161, 19, 63]
39580

[127, 192, 59, 166, 29, 67, 168, 34, 1, 180, 124, 160, 76, 157, 79, 64, 150, 186, 5, 108, 156, 106, 154, 182, 7, 16, 145, 102, 113, 128, 133, 21, 74, 53, 61, 82, 70, 55, 151, 177, 195, 94, 93, 90, 149, 143, 69, 163, 20, 139, 88, 40, 107, 73, 56, 35, 174, 9, 98, 48, 17, 109, 178, 65, 152, 47, 83, 10, 125, 86, 51, 169, 121, 115, 43, 187, 193, 50, 62, 15, 117, 123, 31, 23, 158, 173, 120, 171, 45, 11, 131, 84, 144, 190, 26, 197, 12, 78, 14, 122]
[30, 176, 66, 46, 119, 111, 24, 142, 89, 33, 57, 140, 170, 199, 97, 87, 147, 27, 37, 38, 129, 71, 184, 167, 22, 172, 49, 138, 85, 4, 104, 42, 136, 132, 175, 112, 194, 181, 75, 101, 153, 58, 2, 72, 188, 68, 141, 130, 179, 155, 99, 32, 44, 196, 80, 96, 103, 164, 95, 165, 118, 91, 18, 148, 189, 36, 137, 8, 77, 81, 6, 198, 25, 135, 60, 183, 28, 162, 92, 105, 13, 191, 3, 100, 146, 39, 110, 116, 114, 52, 0, 159, 161, 63, 19, 54, 41, 134, 185, 126]
38987

[173, 158, 23, 31, 25, 198, 6, 81, 77, 8, 117, 15, 62, 178, 36, 183, 28, 109, 48, 92, 162, 11, 146, 192, 127, 166, 59, 107, 191, 13, 18, 118, 65, 152, 47, 83, 165, 95, 164, 103, 96, 80, 44, 179, 130, 188, 72, 2, 58, 153, 20, 139, 143, 149, 90, 94, 49, 61, 82, 71, 138, 85, 136, 42, 104, 4, 177, 151, 55, 87, 33, 89, 24, 21, 133, 74, 106, 108, 5, 53, 184, 167, 172, 22, 168, 67, 34, 1, 180, 124, 160, 150, 79, 64, 0, 52, 114, 116, 110, 39]
[137, 60, 135, 120, 45, 171, 17, 189, 148, 105, 3, 100, 157, 76, 186, 156, 46, 30, 66, 176, 12, 122, 197, 26, 190, 131, 84, 144, 14, 78, 159, 161, 63, 19, 134, 41, 54, 119, 185, 126, 111, 154, 182, 7, 16, 142, 102, 145, 128, 113, 97, 57, 140, 170, 199, 147, 27, 38, 129, 70, 37, 195, 132, 175, 112, 194, 181, 93, 75, 69, 101, 163, 29, 88, 40, 68, 141, 155, 32, 99, 73, 56, 35, 174, 9, 98, 91, 196, 125, 86, 51, 10, 169, 121, 115, 43, 187, 193, 50, 123]
39242

[188, 72, 2, 58, 40, 29, 149, 90, 85, 136, 42, 104, 4, 195, 37, 38, 27, 147, 87, 199, 170, 140, 57, 97, 113, 102, 33, 89, 24, 16, 142, 145, 128, 7, 21, 133, 108, 106, 111, 119, 46, 156, 5, 186, 150, 160, 79, 76, 157, 166, 127, 192, 64, 30, 66, 176, 144, 0, 52, 131, 39, 146, 11, 48, 17, 36, 178, 15, 62, 50, 193, 115, 121, 169, 10, 51, 86, 125, 95, 83, 47, 118, 189, 148, 105, 92, 191, 13, 9, 174, 35, 56, 99, 155, 73, 107, 68, 141, 130, 179]
[1, 180, 124, 53, 74, 182, 154, 126, 185, 134, 41, 54, 19, 63, 161, 159, 78, 12, 14, 122, 197, 26, 190, 84, 110, 114, 116, 120, 173, 158, 23, 171, 45, 109, 28, 183, 60, 135, 31, 25, 198, 6, 81, 77, 8, 137, 123, 117, 187, 43, 152, 65, 165, 164, 103, 96, 80, 32, 44, 196, 91, 18, 98, 162, 3, 100, 59, 88, 153, 20, 139, 163, 101, 69, 143, 22, 172, 167, 49, 94, 93, 75, 181, 194, 112, 175, 132, 177, 151, 55, 70, 129, 138, 71, 82, 61, 184, 34, 168, 67]
37390

[174, 9, 98, 91, 118, 65, 152, 47, 165, 164, 103, 96, 80, 32, 155, 99, 73, 179, 130, 188, 72, 2, 58, 40, 88, 139, 29, 67, 168, 34, 1, 22, 172, 149, 75, 181, 194, 112, 175, 132, 94, 167, 184, 71, 129, 70, 195, 177, 87, 97, 113, 128, 145, 7, 126, 134, 41, 185, 160, 76, 157, 127, 192, 146, 11, 39, 131, 26, 197, 12, 14, 122, 190, 84, 0, 52, 110, 158, 23, 31, 135, 60, 25, 198, 6, 81, 77, 8, 137, 123, 117, 36, 183, 28, 171, 120, 45, 48, 189, 18]
[13, 148, 105, 92, 162, 3, 191, 107, 68, 141, 56, 35, 44, 196, 43, 187, 115, 83, 95, 125, 86, 51, 10, 169, 121, 193, 50, 62, 15, 178, 17, 109, 173, 116, 114, 144, 78, 159, 19, 63, 54, 111, 154, 182, 74, 133, 21, 16, 24, 142, 102, 89, 33, 57, 140, 170, 199, 147, 27, 38, 37, 55, 151, 4, 104, 42, 136, 85, 138, 82, 61, 49, 93, 90, 143, 69, 101, 153, 20, 163, 180, 124, 150, 186, 53, 5, 108, 106, 156, 119, 46, 30, 66, 161, 176, 64, 79, 166, 59, 100]
39707

[27, 38, 37, 70, 55, 151, 177, 42, 104, 85, 138, 49, 94, 75, 69, 101, 143, 22, 1, 34, 168, 67, 29, 163, 139, 20, 153, 88, 40, 58, 72, 2, 68, 141, 188, 130, 179, 73, 56, 35, 174, 9, 98, 91, 196, 44, 32, 99, 155, 80, 96, 164, 95, 165, 47, 83, 10, 51, 169, 152, 65, 81, 6, 198, 135, 60, 171, 11, 131, 39, 146, 3, 191, 13, 107, 166, 157, 76, 160, 180, 124, 161, 63, 19, 111, 74, 133, 21, 7, 145, 89, 33, 57, 140, 170, 199, 97, 113, 147, 87]
[178, 15, 62, 43, 187, 115, 50, 193, 121, 86, 125, 103, 118, 18, 148, 105, 92, 162, 100, 59, 127, 192, 26, 190, 197, 122, 12, 64, 79, 150, 186, 5, 108, 106, 53, 82, 61, 184, 167, 172, 149, 90, 93, 181, 194, 112, 175, 132, 136, 4, 195, 129, 71, 128, 102, 142, 24, 16, 182, 154, 126, 185, 134, 41, 54, 119, 156, 46, 30, 66, 176, 159, 78, 14, 144, 84, 0, 52, 114, 116, 110, 45, 120, 173, 158, 23, 31, 25, 77, 8, 137, 123, 117, 36, 183, 28, 109, 17, 48, 189]
38320

[91, 18, 189, 17, 28, 183, 36, 187, 115, 47, 83, 10, 51, 169, 121, 193, 50, 15, 8, 77, 81, 6, 198, 25, 60, 135, 31, 52, 0, 131, 84, 144, 197, 122, 14, 78, 159, 19, 63, 161, 66, 30, 46, 119, 54, 41, 134, 185, 126, 111, 154, 182, 74, 21, 133, 145, 113, 97, 87, 27, 38, 129, 70, 37, 55, 151, 177, 195, 85, 75, 69, 101, 20, 153, 40, 166, 76, 157, 26, 192, 127, 59, 191, 13, 174, 35, 56, 73, 141, 130, 179, 155, 99, 32, 44, 80, 96, 164, 165, 118]
[188, 68, 107, 100, 3, 162, 92, 105, 148, 98, 9, 196, 103, 125, 86, 95, 65, 152, 43, 62, 178, 117, 123, 137, 23, 158, 116, 114, 110, 173, 120, 45, 171, 109, 48, 11, 146, 39, 190, 12, 176, 64, 79, 160, 150, 186, 53, 5, 108, 156, 106, 7, 16, 24, 142, 89, 33, 102, 57, 140, 170, 199, 147, 4, 104, 42, 136, 132, 175, 112, 194, 181, 93, 90, 94, 138, 71, 128, 82, 61, 49, 184, 167, 172, 149, 143, 22, 34, 1, 180, 124, 29, 67, 168, 163, 139, 88, 58, 72, 2]
39292

[112, 132, 175, 194, 181, 75, 69, 143, 22, 172, 167, 49, 184, 53, 108, 106, 156, 46, 30, 5, 186, 150, 124, 180, 168, 88, 72, 2, 68, 141, 73, 56, 35, 80, 96, 125, 86, 95, 51, 169, 121, 115, 117, 123, 137, 8, 77, 81, 6, 198, 25, 120, 45, 171, 183, 28, 109, 17, 48, 189, 13, 191, 100, 146, 39, 131, 116, 114, 52, 0, 84, 144, 190, 26, 197, 122, 14, 12, 78, 159, 161, 66, 54, 185, 126, 154, 182, 61, 82, 129, 38, 27, 87, 170, 57, 140, 199, 147, 37, 70]
[55, 97, 113, 102, 33, 89, 142, 24, 16, 111, 119, 41, 134, 19, 63, 176, 64, 76, 157, 192, 127, 59, 107, 174, 9, 98, 148, 105, 92, 162, 3, 11, 110, 173, 158, 23, 31, 135, 60, 36, 178, 15, 62, 50, 193, 187, 43, 152, 65, 47, 83, 10, 165, 164, 103, 118, 18, 91, 196, 44, 32, 99, 155, 179, 130, 188, 58, 40, 166, 29, 67, 34, 1, 160, 79, 74, 133, 21, 7, 145, 128, 71, 138, 90, 149, 163, 139, 20, 153, 101, 93, 94, 85, 136, 42, 104, 4, 151, 177, 195]
40488

[161, 63, 19, 54, 41, 134, 185, 126, 111, 119, 156, 5, 186, 46, 30, 66, 176, 26, 39, 146, 11, 17, 48, 92, 162, 3, 100, 192, 157, 76, 79, 29, 67, 168, 34, 1, 184, 61, 133, 21, 142, 89, 33, 57, 140, 87, 27, 38, 129, 70, 138, 112, 132, 175, 194, 181, 75, 69, 172, 22, 163, 139, 58, 2, 72, 188, 141, 130, 179, 155, 99, 32, 80, 96, 174, 9, 98, 18, 189, 65, 152, 43, 15, 117, 123, 8, 77, 81, 6, 198, 25, 31, 23, 158, 173, 110, 131, 14, 78, 159]
[144, 84, 0, 52, 114, 116, 120, 171, 45, 105, 148, 109, 28, 183, 60, 135, 137, 36, 178, 62, 50, 193, 187, 115, 121, 169, 51, 10, 83, 47, 165, 86, 125, 95, 164, 103, 118, 91, 196, 44, 73, 56, 35, 13, 191, 107, 68, 59, 127, 166, 40, 88, 153, 20, 101, 143, 149, 90, 93, 94, 85, 136, 42, 104, 4, 195, 177, 151, 55, 37, 147, 199, 170, 97, 113, 102, 128, 145, 24, 16, 7, 154, 182, 74, 106, 108, 53, 82, 71, 49, 167, 180, 124, 160, 150, 64, 12, 122, 197, 190]
38945

[48, 105, 92, 162, 100, 127, 192, 64, 79, 160, 67, 29, 88, 153, 20, 143, 149, 172, 167, 184, 49, 195, 177, 37, 38, 27, 147, 87, 97, 113, 145, 128, 82, 61, 133, 21, 182, 154, 106, 108, 156, 111, 126, 185, 41, 134, 19, 63, 54, 119, 46, 66, 161, 159, 78, 26, 39, 146, 11, 45, 171, 120, 173, 110, 114, 116, 158, 23, 31, 25, 198, 6, 81, 77, 8, 137, 123, 117, 178, 65, 118, 91, 103, 164, 96, 80, 99, 73, 56, 35, 98, 148, 189, 17, 109, 28, 183, 36, 60, 135]
[181, 194, 112, 175, 132, 42, 136, 85, 138, 94, 93, 90, 75, 69, 101, 139, 163, 22, 168, 34, 1, 180, 124, 76, 157, 40, 166, 59, 107, 141, 68, 58, 2, 72, 188, 130, 179, 155, 32, 44, 196, 125, 86, 95, 165, 47, 83, 10, 51, 169, 121, 115, 187, 193, 50, 15, 62, 43, 152, 18, 9, 174, 13, 191, 3, 131, 52, 0, 84, 144, 190, 197, 122, 14, 12, 176, 30, 150, 186, 5, 53, 74, 7, 16, 24, 142, 89, 33, 102, 57, 140, 170, 199, 129, 71, 70, 55, 151, 4, 104]
39648

[92, 48, 36, 178, 189, 18, 98, 13, 107, 35, 56, 73, 99, 32, 80, 44, 196, 91, 118, 83, 169, 121, 193, 187, 62, 50, 81, 6, 198, 31, 23, 171, 45, 11, 39, 131, 110, 52, 0, 84, 144, 190, 197, 26, 192, 127, 29, 67, 168, 34, 1, 150, 64, 30, 66, 161, 54, 185, 119, 111, 106, 74, 154, 182, 128, 57, 140, 170, 199, 87, 147, 27, 55, 151, 177, 42, 104, 85, 138, 49, 71, 82, 61, 184, 167, 90, 94, 93, 69, 143, 149, 172, 22, 163, 20, 139, 88, 40, 166, 162]
[153, 101, 75, 181, 194, 112, 175, 132, 136, 4, 195, 70, 37, 38, 129, 133, 21, 7, 145, 102, 113, 97, 33, 89, 142, 24, 16, 126, 41, 134, 19, 63, 159, 78, 14, 122, 12, 176, 46, 156, 108, 5, 53, 186, 124, 180, 160, 79, 76, 157, 59, 191, 3, 100, 146, 114, 116, 158, 173, 120, 109, 17, 28, 183, 60, 135, 25, 77, 8, 137, 123, 117, 15, 43, 115, 47, 152, 65, 148, 105, 9, 174, 103, 165, 10, 51, 86, 125, 95, 164, 96, 155, 179, 141, 68, 58, 2, 72, 188, 130]
42022

[176, 64, 157, 76, 79, 150, 186, 53, 5, 108, 106, 74, 7, 16, 145, 128, 37, 104, 42, 132, 175, 85, 138, 71, 82, 61, 184, 49, 94, 93, 90, 69, 143, 149, 172, 22, 163, 139, 153, 88, 40, 68, 107, 73, 99, 56, 35, 13, 191, 3, 100, 146, 11, 109, 17, 48, 105, 148, 18, 98, 174, 9, 91, 118, 103, 125, 86, 47, 187, 62, 123, 8, 137, 135, 31, 60, 183, 28, 171, 45, 120, 23, 158, 173, 110, 116, 114, 52, 0, 84, 144, 19, 63, 54, 185, 126, 111, 119, 46, 66]
[167, 180, 124, 160, 30, 156, 154, 182, 21, 133, 129, 38, 27, 147, 87, 199, 170, 140, 57, 97, 113, 102, 33, 89, 142, 24, 134, 41, 161, 159, 78, 12, 14, 122, 197, 26, 190, 131, 39, 192, 127, 59, 162, 92, 189, 178, 36, 25, 198, 6, 81, 77, 117, 15, 65, 152, 43, 50, 193, 115, 121, 169, 83, 10, 51, 165, 95, 164, 96, 80, 196, 44, 32, 155, 179, 130, 141, 188, 72, 2, 58, 166, 29, 67, 1, 34, 168, 20, 101, 75, 181, 194, 112, 136, 4, 195, 177, 151, 55, 70]
40956

[115, 121, 187, 62, 193, 50, 15, 117, 8, 81, 77, 135, 60, 36, 183, 28, 17, 109, 171, 45, 120, 110, 131, 122, 14, 78, 159, 63, 19, 134, 41, 126, 111, 154, 182, 21, 133, 74, 53, 61, 82, 71, 129, 128, 145, 16, 24, 142, 102, 113, 97, 87, 38, 70, 195, 138, 49, 184, 167, 149, 90, 101, 153, 88, 166, 76, 79, 64, 157, 192, 127, 59, 100, 162, 92, 105, 148, 98, 9, 174, 35, 56, 73, 179, 155, 99, 32, 44, 196, 80, 96, 164, 95, 165, 10, 83, 47, 65, 152, 43]
[173, 116, 114, 52, 0, 84, 144, 190, 26, 197, 12, 176, 161, 54, 185, 119, 46, 66, 30, 150, 160, 180, 124, 186, 5, 108, 156, 106, 7, 89, 33, 57, 140, 170, 199, 147, 27, 37, 55, 151, 177, 4, 104, 42, 136, 85, 94, 93, 132, 175, 112, 194, 181, 75, 69, 143, 172, 22, 20, 139, 163, 168, 34, 1, 67, 29, 40, 58, 2, 72, 188, 130, 141, 68, 107, 13, 191, 3, 146, 39, 11, 48, 189, 18, 91, 118, 103, 125, 86, 51, 169, 178, 123, 137, 25, 198, 6, 31, 158, 23]
38315

[74, 82, 61, 34, 29, 166, 59, 100, 3, 162, 146, 26, 190, 131, 39, 11, 109, 28, 183, 198, 6, 81, 77, 8, 137, 123, 117, 15, 62, 50, 193, 121, 169, 10, 51, 86, 125, 95, 83, 115, 187, 43, 118, 91, 98, 9, 174, 196, 44, 32, 99, 155, 179, 130, 188, 58, 40, 88, 153, 20, 139, 163, 101, 69, 75, 93, 181, 194, 112, 175, 132, 42, 104, 87, 97, 33, 89, 142, 24, 16, 7, 133, 21, 182, 154, 111, 126, 119, 106, 108, 5, 53, 186, 156, 46, 30, 176, 12, 122, 14]
[114, 116, 158, 173, 120, 45, 171, 23, 31, 25, 135, 60, 36, 178, 65, 152, 47, 165, 164, 103, 96, 80, 35, 56, 73, 141, 68, 72, 2, 107, 13, 18, 189, 17, 48, 92, 105, 148, 191, 127, 192, 157, 76, 79, 160, 67, 168, 22, 172, 143, 149, 90, 94, 49, 138, 85, 136, 4, 195, 177, 151, 55, 37, 70, 129, 38, 27, 147, 199, 170, 140, 57, 113, 102, 145, 128, 71, 184, 167, 1, 180, 124, 150, 64, 66, 161, 54, 185, 41, 134, 19, 63, 159, 78, 197, 144, 84, 0, 52, 110]
39385

[153, 20, 139, 163, 58, 2, 72, 188, 130, 179, 141, 107, 35, 56, 73, 99, 155, 80, 96, 125, 86, 51, 10, 83, 169, 121, 193, 50, 115, 187, 43, 62, 15, 117, 123, 8, 77, 81, 6, 198, 25, 135, 45, 11, 146, 26, 78, 159, 19, 63, 161, 66, 54, 41, 134, 185, 126, 119, 46, 30, 156, 106, 108, 5, 53, 74, 133, 21, 16, 24, 89, 33, 140, 199, 170, 57, 102, 145, 128, 82, 61, 184, 49, 138, 85, 132, 175, 112, 194, 181, 149, 167, 180, 124, 160, 76, 166, 59, 3, 100]
[165, 95, 164, 103, 47, 152, 65, 178, 36, 137, 60, 31, 23, 183, 28, 17, 109, 171, 120, 173, 158, 110, 116, 114, 52, 0, 131, 39, 84, 144, 190, 197, 122, 14, 12, 176, 64, 192, 127, 157, 79, 150, 186, 111, 154, 182, 7, 142, 113, 97, 87, 147, 27, 38, 129, 71, 70, 37, 195, 55, 151, 177, 4, 104, 42, 136, 94, 93, 90, 75, 69, 101, 143, 22, 172, 1, 34, 168, 67, 29, 88, 40, 68, 32, 44, 196, 118, 18, 91, 9, 174, 98, 13, 191, 162, 92, 48, 189, 148, 105]
39373

[193, 121, 169, 47, 165, 164, 103, 118, 91, 68, 141, 130, 188, 72, 2, 58, 166, 40, 88, 153, 20, 139, 163, 168, 67, 34, 1, 167, 172, 143, 101, 69, 75, 181, 194, 112, 175, 132, 136, 49, 184, 61, 82, 71, 129, 38, 37, 27, 87, 170, 57, 102, 145, 7, 21, 133, 74, 106, 108, 186, 150, 124, 180, 79, 64, 30, 46, 66, 176, 12, 197, 26, 190, 144, 84, 131, 39, 146, 100, 3, 162, 92, 48, 17, 109, 28, 183, 36, 137, 123, 117, 50, 15, 178, 65, 152, 43, 62, 187, 115]
[173, 120, 158, 116, 114, 110, 52, 0, 122, 14, 78, 159, 161, 63, 19, 54, 41, 134, 185, 126, 111, 119, 156, 5, 53, 154, 182, 128, 113, 97, 142, 16, 24, 89, 33, 140, 199, 147, 55, 151, 177, 42, 104, 4, 195, 70, 138, 85, 94, 93, 90, 149, 22, 29, 160, 76, 157, 192, 127, 59, 11, 45, 171, 189, 148, 105, 18, 98, 9, 174, 13, 191, 107, 35, 56, 73, 179, 155, 99, 32, 44, 196, 80, 96, 125, 86, 95, 51, 10, 83, 8, 77, 81, 6, 198, 25, 31, 23, 135, 60]
38315

[7, 182, 154, 106, 156, 30, 46, 119, 185, 54, 66, 176, 197, 190, 144, 84, 131, 0, 52, 114, 116, 110, 158, 23, 31, 6, 81, 77, 193, 121, 169, 83, 10, 51, 165, 196, 44, 32, 73, 56, 35, 65, 152, 43, 178, 189, 120, 173, 11, 146, 127, 166, 157, 76, 79, 160, 124, 180, 29, 67, 168, 34, 1, 167, 94, 93, 90, 149, 172, 22, 143, 69, 75, 181, 136, 42, 104, 4, 195, 177, 151, 55, 70, 71, 184, 61, 82, 133, 21, 16, 24, 89, 33, 57, 140, 170, 199, 102, 142, 145]
[15, 50, 117, 123, 137, 8, 198, 25, 135, 60, 36, 183, 28, 109, 17, 48, 171, 45, 39, 26, 122, 14, 12, 78, 159, 161, 63, 19, 134, 41, 126, 111, 128, 113, 97, 87, 147, 27, 37, 38, 129, 138, 85, 112, 132, 175, 194, 49, 74, 108, 5, 53, 186, 150, 64, 192, 100, 3, 162, 92, 105, 148, 18, 118, 91, 9, 174, 98, 13, 191, 107, 59, 40, 163, 139, 20, 101, 153, 88, 58, 2, 72, 188, 68, 141, 130, 179, 155, 99, 80, 96, 103, 164, 125, 86, 95, 47, 115, 187, 62]
40683

[11, 162, 92, 105, 148, 189, 47, 187, 43, 178, 48, 17, 109, 28, 171, 45, 114, 116, 158, 60, 137, 8, 123, 50, 193, 115, 121, 169, 83, 10, 51, 165, 103, 32, 99, 155, 179, 130, 72, 2, 58, 29, 67, 168, 163, 139, 20, 153, 101, 143, 172, 149, 90, 93, 69, 75, 181, 194, 85, 195, 37, 27, 38, 21, 133, 61, 184, 167, 34, 1, 180, 124, 186, 53, 5, 108, 106, 156, 46, 30, 66, 54, 119, 111, 126, 185, 41, 134, 19, 63, 161, 176, 159, 78, 14, 122, 144, 84, 131, 39]
[74, 150, 160, 76, 157, 79, 64, 12, 197, 26, 190, 0, 52, 110, 120, 173, 23, 31, 135, 25, 198, 6, 81, 77, 183, 36, 117, 15, 62, 152, 65, 118, 18, 98, 174, 9, 91, 164, 95, 86, 125, 96, 80, 44, 196, 35, 56, 73, 188, 68, 141, 107, 13, 191, 59, 100, 3, 146, 192, 127, 166, 40, 88, 22, 94, 49, 138, 112, 175, 132, 136, 42, 104, 4, 177, 151, 55, 70, 129, 71, 82, 128, 145, 102, 113, 97, 87, 147, 199, 170, 140, 57, 33, 89, 142, 24, 16, 7, 182, 154]
39804

[153, 88, 72, 2, 58, 40, 166, 59, 100, 3, 191, 13, 56, 73, 99, 155, 32, 44, 196, 98, 105, 162, 92, 148, 18, 118, 47, 152, 65, 62, 15, 117, 123, 31, 23, 158, 173, 110, 52, 131, 39, 190, 26, 197, 122, 14, 78, 159, 161, 66, 176, 12, 64, 79, 67, 163, 139, 20, 101, 75, 69, 143, 22, 34, 124, 150, 30, 46, 119, 111, 154, 182, 7, 145, 102, 113, 97, 57, 140, 170, 199, 87, 147, 27, 37, 70, 129, 71, 82, 61, 184, 49, 93, 94, 138, 55, 151, 177, 195, 85]
[45, 120, 171, 28, 109, 17, 48, 11, 146, 192, 127, 157, 76, 160, 180, 1, 167, 53, 186, 5, 108, 106, 156, 54, 63, 144, 84, 0, 114, 116, 19, 134, 41, 185, 126, 74, 133, 21, 16, 24, 33, 89, 142, 128, 38, 4, 104, 42, 136, 132, 175, 112, 194, 181, 90, 149, 172, 168, 29, 68, 188, 130, 179, 141, 107, 35, 80, 96, 125, 86, 95, 164, 103, 174, 9, 91, 189, 178, 43, 187, 115, 83, 165, 10, 51, 169, 121, 193, 50, 8, 77, 81, 6, 198, 25, 137, 36, 183, 60, 135]
42229

[53, 74, 106, 111, 126, 185, 134, 41, 54, 19, 63, 161, 176, 12, 122, 197, 26, 190, 131, 0, 52, 114, 116, 39, 11, 17, 109, 137, 8, 123, 117, 43, 83, 165, 95, 164, 103, 118, 18, 98, 91, 9, 174, 35, 196, 44, 96, 80, 32, 99, 155, 179, 130, 188, 141, 68, 2, 72, 58, 166, 40, 88, 168, 124, 180, 172, 22, 143, 149, 90, 93, 181, 194, 175, 132, 112, 85, 136, 42, 104, 4, 177, 151, 199, 170, 140, 57, 113, 102, 24, 16, 7, 154, 182, 21, 133, 128, 82, 184, 61]
[129, 71, 49, 167, 1, 34, 67, 29, 127, 192, 157, 76, 79, 160, 150, 186, 5, 108, 156, 119, 46, 30, 64, 66, 159, 78, 14, 144, 84, 110, 158, 173, 120, 45, 171, 28, 183, 36, 60, 135, 23, 31, 25, 198, 6, 81, 77, 15, 62, 187, 115, 50, 193, 121, 169, 10, 51, 86, 125, 47, 152, 65, 178, 189, 48, 146, 59, 100, 3, 162, 92, 105, 148, 191, 13, 56, 73, 107, 153, 20, 139, 163, 101, 69, 75, 94, 138, 70, 195, 55, 27, 147, 87, 97, 33, 89, 142, 145, 38, 37]
40316

[64, 156, 108, 5, 61, 138, 85, 181, 194, 112, 175, 132, 136, 42, 104, 4, 195, 177, 151, 55, 70, 37, 147, 199, 170, 140, 57, 128, 74, 106, 46, 30, 66, 176, 197, 26, 190, 39, 146, 11, 0, 52, 114, 116, 158, 23, 135, 60, 77, 81, 8, 137, 123, 117, 15, 50, 193, 121, 169, 51, 10, 165, 95, 86, 125, 164, 96, 103, 83, 115, 187, 43, 62, 36, 183, 28, 109, 17, 189, 18, 196, 44, 80, 32, 155, 99, 73, 179, 130, 141, 68, 188, 58, 40, 166, 76, 157, 192, 59, 127]
[53, 186, 150, 79, 160, 124, 180, 1, 34, 172, 22, 143, 90, 149, 167, 184, 49, 94, 93, 75, 69, 101, 153, 20, 139, 163, 168, 67, 29, 88, 72, 2, 100, 3, 162, 92, 45, 171, 48, 148, 105, 13, 191, 107, 56, 35, 174, 9, 98, 91, 118, 47, 152, 65, 178, 25, 198, 6, 31, 120, 173, 110, 131, 84, 144, 122, 14, 12, 78, 159, 161, 63, 19, 54, 41, 134, 185, 126, 119, 111, 154, 182, 21, 133, 7, 145, 16, 24, 142, 89, 33, 102, 113, 97, 87, 27, 38, 129, 71, 82]
39155

[11, 45, 171, 148, 98, 91, 18, 189, 36, 137, 77, 8, 123, 117, 15, 62, 43, 187, 115, 121, 169, 83, 165, 164, 103, 73, 56, 35, 13, 107, 68, 2, 72, 58, 88, 153, 20, 101, 75, 181, 194, 112, 175, 132, 42, 104, 136, 90, 149, 172, 167, 61, 82, 71, 129, 70, 195, 4, 177, 151, 55, 37, 38, 128, 102, 145, 133, 21, 74, 53, 1, 34, 180, 124, 160, 192, 146, 39, 131, 52, 110, 116, 114, 0, 84, 144, 190, 26, 197, 122, 14, 78, 159, 161, 63, 19, 119, 46, 30, 64]
[10, 51, 95, 86, 125, 96, 80, 32, 99, 155, 179, 130, 188, 141, 191, 162, 3, 100, 59, 127, 157, 76, 79, 150, 156, 106, 108, 5, 186, 67, 29, 166, 40, 139, 163, 168, 22, 143, 69, 93, 94, 184, 49, 138, 85, 27, 147, 87, 199, 170, 140, 57, 97, 113, 33, 89, 142, 24, 16, 7, 182, 154, 111, 126, 185, 134, 41, 54, 66, 176, 12, 120, 173, 158, 23, 31, 135, 60, 25, 198, 6, 81, 50, 193, 178, 183, 28, 109, 17, 48, 92, 105, 9, 174, 44, 196, 118, 65, 152, 47]
40689

[131, 84, 144, 190, 122, 197, 26, 39, 146, 11, 162, 191, 107, 59, 127, 192, 64, 176, 12, 14, 78, 159, 134, 41, 185, 126, 119, 46, 156, 106, 108, 74, 16, 24, 89, 33, 57, 140, 170, 199, 97, 113, 87, 147, 27, 38, 129, 70, 37, 195, 55, 151, 177, 4, 104, 42, 136, 94, 93, 90, 150, 79, 166, 2, 72, 68, 141, 188, 130, 179, 155, 99, 32, 44, 196, 73, 56, 35, 13, 98, 174, 9, 91, 18, 189, 118, 65, 152, 43, 178, 36, 183, 28, 17, 109, 171, 45, 120, 173, 110]
[180, 1, 167, 184, 61, 82, 53, 5, 186, 30, 66, 161, 63, 19, 54, 111, 154, 182, 21, 133, 7, 145, 142, 102, 128, 71, 49, 138, 85, 132, 175, 112, 194, 181, 75, 69, 101, 143, 149, 172, 22, 34, 168, 67, 29, 163, 139, 20, 153, 88, 40, 58, 80, 96, 103, 164, 125, 86, 95, 165, 47, 83, 10, 51, 169, 121, 115, 187, 193, 50, 62, 15, 117, 123, 137, 8, 77, 81, 6, 198, 25, 60, 135, 31, 23, 158, 116, 114, 0, 52, 48, 148, 105, 92, 3, 100, 157, 76, 160, 124]
38203

[14, 122, 197, 26, 190, 144, 84, 0, 52, 131, 39, 146, 79, 64, 78, 159, 161, 63, 19, 134, 126, 111, 156, 106, 108, 5, 53, 74, 133, 128, 57, 140, 170, 199, 87, 147, 38, 184, 167, 172, 149, 94, 85, 4, 112, 194, 181, 75, 69, 101, 153, 20, 139, 163, 168, 34, 1, 180, 124, 160, 157, 192, 127, 59, 68, 141, 73, 56, 35, 164, 125, 86, 95, 165, 51, 10, 83, 169, 121, 115, 187, 193, 50, 62, 15, 8, 77, 81, 6, 198, 25, 60, 36, 183, 48, 65, 152, 118, 189, 92]
[151, 55, 195, 138, 49, 61, 82, 71, 129, 70, 37, 27, 97, 113, 102, 145, 142, 89, 33, 24, 16, 7, 21, 182, 154, 186, 150, 30, 46, 119, 185, 41, 54, 66, 176, 12, 100, 3, 162, 11, 110, 114, 116, 158, 173, 120, 45, 171, 109, 17, 28, 23, 31, 135, 137, 123, 117, 178, 43, 47, 103, 96, 80, 155, 99, 32, 44, 196, 174, 9, 91, 18, 98, 148, 105, 13, 191, 107, 179, 130, 188, 72, 2, 58, 88, 40, 166, 76, 29, 67, 22, 143, 90, 93, 175, 132, 136, 42, 104, 177]
40639

[32, 155, 99, 73, 179, 130, 188, 2, 72, 88, 153, 20, 139, 163, 22, 172, 101, 69, 93, 85, 70, 37, 38, 129, 71, 184, 61, 82, 128, 170, 140, 57, 102, 145, 182, 154, 126, 185, 111, 108, 5, 53, 186, 150, 160, 124, 180, 1, 34, 67, 76, 157, 192, 127, 59, 107, 35, 174, 9, 98, 18, 189, 48, 171, 45, 11, 39, 190, 144, 84, 131, 0, 52, 114, 116, 110, 120, 173, 158, 23, 31, 135, 60, 137, 123, 117, 15, 178, 62, 43, 47, 83, 165, 95, 86, 125, 164, 103, 96, 80]
[10, 51, 169, 121, 115, 187, 193, 50, 8, 77, 81, 6, 198, 25, 36, 183, 28, 109, 17, 148, 105, 13, 191, 100, 3, 162, 92, 146, 26, 197, 122, 14, 12, 78, 159, 176, 64, 79, 30, 66, 161, 63, 19, 134, 41, 54, 119, 46, 156, 106, 74, 133, 21, 7, 16, 24, 142, 89, 33, 113, 97, 199, 87, 147, 27, 55, 151, 177, 195, 4, 104, 42, 136, 132, 175, 112, 194, 181, 75, 143, 149, 90, 94, 138, 49, 167, 168, 29, 166, 40, 58, 68, 141, 56, 44, 196, 91, 118, 65, 152]
37646

[178, 15, 62, 187, 115, 43, 118, 9, 174, 196, 44, 32, 99, 155, 179, 130, 68, 107, 13, 191, 3, 100, 59, 127, 166, 40, 88, 29, 67, 168, 163, 139, 20, 153, 101, 69, 143, 22, 172, 94, 85, 104, 42, 147, 87, 113, 97, 199, 170, 140, 57, 33, 89, 24, 16, 7, 21, 133, 61, 82, 71, 49, 184, 53, 74, 108, 106, 156, 5, 186, 150, 64, 30, 46, 66, 54, 161, 159, 78, 176, 12, 14, 144, 131, 39, 146, 11, 45, 171, 31, 25, 135, 60, 183, 28, 48, 148, 105, 162, 92]
[19, 134, 41, 185, 126, 119, 111, 154, 182, 142, 102, 145, 128, 27, 55, 151, 177, 70, 37, 38, 129, 138, 195, 4, 136, 132, 175, 112, 194, 181, 75, 93, 90, 149, 167, 34, 1, 180, 124, 160, 79, 76, 157, 58, 2, 72, 188, 141, 73, 56, 35, 80, 96, 103, 164, 165, 95, 125, 86, 51, 10, 83, 47, 169, 121, 193, 50, 117, 8, 77, 81, 6, 198, 137, 123, 36, 152, 65, 91, 98, 18, 189, 17, 109, 120, 173, 23, 158, 116, 114, 110, 52, 0, 84, 190, 26, 192, 197, 122, 63]
39114

[177, 151, 55, 87, 97, 113, 89, 142, 102, 38, 129, 71, 128, 145, 111, 126, 54, 66, 161, 63, 19, 159, 78, 14, 122, 144, 131, 39, 146, 11, 45, 171, 23, 31, 25, 198, 6, 117, 15, 50, 193, 121, 169, 83, 165, 47, 187, 43, 189, 17, 28, 109, 48, 92, 162, 3, 191, 13, 44, 196, 103, 164, 95, 86, 125, 96, 80, 32, 155, 99, 73, 141, 68, 188, 72, 2, 58, 127, 192, 157, 150, 186, 5, 108, 106, 53, 82, 61, 184, 167, 34, 67, 168, 90, 93, 94, 136, 42, 104, 4]
[10, 152, 65, 118, 18, 148, 105, 98, 91, 9, 174, 35, 56, 179, 130, 107, 100, 59, 166, 40, 88, 153, 20, 139, 163, 101, 69, 75, 181, 194, 175, 132, 112, 143, 22, 172, 149, 49, 138, 85, 195, 70, 37, 27, 147, 199, 170, 140, 57, 33, 24, 16, 7, 133, 21, 182, 154, 74, 156, 30, 46, 119, 185, 134, 41, 176, 12, 64, 79, 160, 124, 180, 1, 29, 76, 26, 197, 190, 84, 0, 52, 110, 114, 116, 158, 173, 120, 183, 36, 60, 135, 137, 77, 81, 8, 123, 178, 62, 115, 51]
41124

[195, 177, 55, 70, 37, 38, 27, 87, 97, 113, 33, 89, 142, 24, 16, 7, 21, 133, 74, 182, 154, 111, 126, 185, 41, 134, 19, 63, 161, 54, 119, 46, 30, 66, 176, 159, 78, 122, 197, 131, 0, 52, 114, 116, 110, 173, 158, 23, 31, 135, 60, 25, 198, 6, 137, 36, 183, 28, 109, 17, 48, 189, 191, 13, 98, 9, 174, 196, 44, 32, 155, 179, 130, 188, 68, 141, 107, 59, 127, 192, 160, 124, 180, 1, 168, 67, 29, 153, 20, 139, 163, 22, 149, 90, 138, 85, 136, 42, 104, 4]
[187, 115, 43, 62, 50, 193, 121, 169, 47, 83, 10, 51, 86, 125, 95, 165, 164, 103, 96, 80, 99, 73, 56, 35, 3, 100, 2, 72, 58, 88, 40, 166, 157, 76, 79, 150, 186, 5, 108, 53, 61, 82, 71, 129, 49, 184, 167, 34, 172, 143, 101, 69, 75, 93, 94, 181, 194, 112, 175, 132, 151, 147, 199, 170, 140, 57, 102, 145, 128, 106, 156, 64, 12, 14, 144, 84, 190, 26, 146, 39, 120, 171, 45, 11, 162, 92, 105, 148, 18, 91, 118, 65, 152, 178, 15, 117, 81, 77, 8, 123]
37322

[49, 167, 184, 61, 82, 71, 129, 113, 97, 57, 140, 170, 199, 87, 147, 27, 70, 138, 85, 94, 90, 93, 112, 194, 181, 75, 69, 143, 101, 20, 153, 40, 166, 157, 76, 79, 160, 150, 64, 146, 191, 35, 56, 73, 125, 86, 51, 10, 83, 169, 121, 193, 50, 15, 62, 43, 187, 115, 47, 152, 65, 178, 17, 109, 28, 36, 117, 81, 6, 198, 31, 110, 116, 114, 52, 0, 84, 144, 190, 14, 78, 159, 161, 63, 19, 54, 66, 119, 126, 185, 41, 134, 16, 24, 142, 145, 21, 74, 108, 53]
[189, 48, 45, 171, 183, 123, 137, 8, 77, 25, 60, 135, 23, 158, 173, 120, 11, 39, 131, 26, 197, 122, 12, 176, 30, 46, 111, 154, 182, 7, 89, 33, 102, 38, 37, 55, 151, 177, 104, 42, 132, 175, 136, 4, 195, 128, 133, 106, 156, 5, 186, 124, 180, 1, 34, 67, 29, 168, 172, 149, 22, 163, 139, 88, 58, 72, 2, 127, 192, 59, 100, 3, 162, 92, 105, 148, 18, 98, 13, 107, 141, 68, 188, 130, 179, 155, 99, 32, 44, 196, 80, 96, 103, 164, 95, 165, 118, 91, 174, 9]
41627

[4, 136, 194, 181, 93, 75, 69, 143, 149, 90, 94, 85, 138, 49, 71, 129, 70, 177, 55, 37, 27, 97, 113, 102, 33, 89, 142, 24, 16, 7, 21, 133, 82, 61, 184, 167, 1, 34, 168, 67, 29, 166, 68, 141, 73, 96, 164, 95, 125, 86, 51, 169, 121, 115, 193, 50, 15, 117, 123, 8, 77, 60, 135, 31, 116, 114, 0, 84, 144, 190, 122, 197, 26, 39, 11, 48, 189, 65, 152, 118, 191, 59, 127, 157, 76, 160, 124, 180, 53, 156, 119, 54, 161, 63, 19, 134, 41, 185, 126, 111]
[42, 104, 151, 147, 87, 199, 170, 140, 57, 145, 182, 154, 106, 46, 30, 66, 159, 78, 14, 12, 176, 64, 79, 192, 100, 3, 146, 131, 52, 110, 158, 23, 173, 120, 45, 171, 109, 17, 28, 183, 36, 137, 25, 198, 6, 81, 62, 187, 43, 178, 148, 92, 162, 105, 18, 91, 9, 174, 98, 13, 107, 56, 35, 196, 47, 83, 10, 165, 103, 80, 44, 32, 99, 155, 179, 130, 188, 72, 2, 58, 40, 88, 153, 20, 139, 163, 101, 22, 172, 150, 186, 5, 108, 74, 128, 38, 195, 112, 175, 132]
43225

[22, 143, 101, 69, 75, 149, 90, 93, 94, 85, 138, 129, 71, 61, 82, 128, 145, 24, 16, 7, 21, 133, 74, 53, 184, 49, 167, 180, 124, 160, 76, 157, 79, 150, 186, 5, 156, 30, 64, 176, 12, 14, 122, 197, 190, 144, 84, 131, 146, 39, 110, 52, 0, 114, 116, 158, 173, 120, 171, 109, 17, 28, 183, 25, 198, 6, 81, 77, 8, 117, 50, 193, 43, 152, 47, 86, 125, 95, 164, 196, 9, 174, 35, 56, 73, 107, 68, 141, 179, 130, 188, 72, 2, 58, 40, 88, 153, 20, 163, 139]
[37, 70, 38, 27, 97, 113, 102, 142, 89, 33, 57, 140, 170, 199, 87, 147, 55, 151, 177, 195, 4, 104, 42, 136, 132, 175, 112, 194, 181, 172, 1, 34, 168, 67, 29, 166, 127, 192, 59, 100, 3, 191, 13, 98, 91, 18, 189, 148, 105, 92, 162, 48, 178, 65, 118, 44, 32, 99, 155, 80, 96, 103, 165, 51, 10, 83, 169, 121, 115, 187, 62, 15, 36, 123, 137, 60, 135, 31, 23, 45, 11, 26, 78, 159, 161, 63, 19, 54, 66, 46, 119, 185, 41, 134, 126, 111, 154, 182, 108, 106]
37619

[194, 181, 168, 67, 29, 166, 40, 58, 72, 2, 68, 141, 107, 92, 105, 148, 18, 98, 174, 9, 91, 118, 196, 44, 80, 96, 125, 86, 169, 121, 193, 50, 117, 123, 77, 81, 6, 198, 31, 23, 158, 173, 120, 116, 114, 131, 11, 162, 3, 100, 59, 127, 192, 12, 78, 159, 161, 30, 46, 54, 63, 19, 134, 41, 185, 126, 111, 156, 106, 108, 74, 154, 182, 21, 133, 16, 24, 142, 89, 33, 102, 113, 97, 57, 140, 170, 199, 87, 147, 27, 129, 82, 61, 71, 195, 4, 136, 132, 175, 112]
[34, 22, 172, 149, 90, 94, 93, 75, 69, 143, 101, 163, 139, 20, 153, 88, 188, 130, 179, 73, 191, 13, 35, 56, 99, 155, 32, 103, 164, 95, 165, 51, 10, 83, 47, 65, 152, 43, 115, 187, 62, 15, 178, 189, 48, 17, 109, 28, 183, 36, 137, 8, 25, 135, 60, 171, 45, 110, 52, 0, 84, 144, 14, 122, 197, 26, 190, 39, 146, 157, 76, 79, 160, 150, 186, 53, 5, 64, 176, 66, 119, 7, 145, 128, 38, 37, 70, 55, 151, 177, 42, 104, 85, 138, 49, 184, 167, 1, 180, 124]
38269

[88, 40, 166, 127, 59, 100, 107, 56, 96, 125, 86, 18, 148, 105, 162, 92, 189, 48, 17, 109, 28, 36, 183, 171, 45, 116, 114, 131, 190, 197, 26, 79, 64, 30, 46, 156, 108, 5, 186, 53, 61, 82, 74, 182, 154, 7, 21, 133, 128, 145, 102, 142, 16, 24, 89, 33, 57, 140, 170, 199, 87, 147, 27, 37, 195, 4, 104, 42, 136, 85, 49, 184, 167, 34, 1, 180, 124, 160, 29, 67, 168, 163, 139, 20, 153, 101, 75, 69, 143, 22, 172, 149, 90, 94, 93, 181, 112, 132, 175, 194]
[78, 14, 122, 39, 146, 11, 178, 15, 62, 43, 152, 65, 118, 91, 98, 9, 174, 35, 13, 191, 3, 192, 157, 76, 58, 2, 72, 188, 68, 141, 130, 179, 73, 99, 155, 32, 80, 44, 196, 103, 164, 95, 165, 47, 83, 10, 51, 169, 121, 115, 187, 193, 50, 117, 123, 137, 8, 77, 81, 6, 198, 25, 60, 135, 31, 23, 158, 173, 120, 110, 52, 0, 84, 144, 159, 161, 63, 19, 54, 41, 134, 185, 126, 111, 119, 106, 113, 97, 38, 129, 70, 55, 151, 177, 138, 71, 150, 66, 176, 12]
40325

[189, 26, 76, 160, 124, 180, 1, 34, 168, 67, 29, 40, 68, 141, 107, 191, 13, 56, 73, 179, 130, 188, 58, 88, 153, 139, 20, 101, 69, 90, 93, 94, 149, 172, 53, 128, 102, 113, 38, 129, 70, 195, 4, 104, 136, 42, 177, 151, 55, 37, 27, 87, 97, 57, 33, 89, 142, 24, 16, 21, 133, 74, 106, 111, 119, 63, 19, 159, 144, 84, 0, 52, 114, 116, 110, 120, 173, 158, 23, 31, 135, 60, 28, 183, 36, 137, 8, 123, 169, 165, 103, 196, 44, 80, 32, 35, 174, 9, 91, 18]
[66, 30, 46, 156, 108, 5, 186, 150, 79, 64, 176, 161, 54, 41, 134, 185, 126, 154, 182, 7, 145, 140, 170, 199, 147, 138, 71, 82, 61, 184, 167, 49, 85, 132, 175, 112, 194, 181, 75, 143, 22, 163, 72, 2, 166, 157, 192, 127, 59, 100, 3, 162, 92, 105, 148, 98, 99, 155, 96, 164, 95, 125, 86, 51, 10, 83, 47, 118, 65, 152, 178, 43, 187, 115, 121, 193, 50, 62, 15, 117, 77, 81, 6, 198, 25, 109, 17, 48, 171, 45, 11, 146, 39, 131, 190, 197, 122, 14, 78, 12]
41325

[85, 138, 129, 70, 37, 27, 147, 87, 199, 170, 140, 57, 97, 113, 128, 145, 142, 24, 16, 7, 154, 182, 74, 108, 106, 156, 30, 46, 119, 111, 126, 185, 134, 41, 54, 19, 63, 161, 66, 176, 159, 78, 84, 110, 173, 158, 23, 135, 137, 123, 36, 178, 152, 65, 118, 18, 91, 9, 174, 196, 35, 98, 105, 92, 148, 189, 17, 109, 28, 171, 45, 11, 146, 192, 127, 166, 40, 157, 76, 186, 5, 53, 180, 1, 34, 168, 67, 29, 139, 163, 22, 172, 143, 101, 69, 75, 93, 136, 42, 104]
[141, 68, 107, 73, 56, 13, 191, 59, 100, 3, 162, 48, 183, 60, 25, 8, 77, 81, 6, 198, 31, 120, 39, 26, 197, 190, 131, 52, 116, 114, 0, 144, 122, 14, 12, 64, 79, 150, 160, 124, 167, 149, 90, 94, 49, 184, 61, 82, 71, 133, 21, 89, 33, 102, 38, 195, 55, 151, 177, 4, 132, 175, 112, 194, 181, 20, 153, 88, 58, 2, 72, 188, 130, 179, 155, 99, 32, 44, 80, 96, 103, 164, 165, 83, 47, 115, 187, 43, 62, 15, 117, 50, 193, 121, 169, 51, 10, 95, 86, 125]
40123

[59, 68, 141, 130, 179, 155, 99, 32, 80, 96, 103, 164, 165, 83, 47, 196, 174, 9, 118, 189, 65, 152, 43, 187, 62, 178, 15, 117, 8, 77, 81, 6, 198, 25, 60, 36, 183, 28, 109, 17, 48, 11, 39, 110, 52, 0, 131, 84, 144, 122, 14, 63, 19, 134, 154, 182, 74, 53, 108, 5, 186, 150, 64, 79, 160, 124, 180, 167, 184, 49, 71, 129, 128, 113, 97, 38, 37, 55, 151, 177, 104, 42, 136, 132, 175, 112, 194, 181, 93, 94, 90, 143, 163, 20, 139, 29, 76, 157, 192, 127]
[188, 72, 2, 58, 166, 40, 88, 153, 101, 69, 75, 149, 172, 22, 168, 67, 34, 1, 61, 82, 138, 85, 4, 195, 70, 27, 147, 87, 199, 170, 140, 57, 33, 89, 24, 16, 142, 102, 145, 7, 21, 133, 106, 156, 30, 46, 119, 111, 126, 185, 41, 54, 161, 66, 176, 159, 78, 12, 197, 190, 26, 146, 45, 171, 120, 173, 114, 116, 158, 23, 31, 135, 137, 123, 50, 193, 115, 121, 169, 51, 10, 95, 86, 125, 44, 73, 56, 35, 13, 91, 18, 98, 148, 105, 92, 162, 3, 100, 191, 107]
38069

[45, 171, 109, 48, 11, 146, 39, 110, 52, 0, 131, 26, 78, 159, 176, 161, 63, 19, 54, 41, 134, 185, 126, 111, 106, 108, 156, 46, 30, 64, 186, 5, 53, 74, 128, 102, 113, 38, 70, 195, 4, 104, 136, 85, 172, 168, 29, 67, 34, 1, 180, 124, 160, 150, 79, 76, 157, 192, 127, 58, 2, 72, 188, 68, 107, 191, 105, 148, 18, 98, 35, 56, 73, 99, 155, 32, 44, 196, 80, 96, 164, 103, 174, 9, 91, 118, 43, 187, 15, 117, 123, 8, 77, 81, 6, 198, 25, 31, 120, 173]
[71, 129, 82, 61, 49, 184, 167, 22, 163, 139, 20, 153, 88, 40, 166, 59, 100, 3, 162, 92, 13, 141, 130, 179, 125, 86, 95, 165, 47, 83, 10, 51, 169, 121, 115, 193, 50, 62, 178, 152, 65, 189, 17, 28, 183, 36, 137, 60, 135, 23, 158, 116, 114, 84, 144, 190, 197, 122, 14, 12, 66, 119, 154, 182, 21, 133, 7, 145, 142, 16, 24, 89, 33, 57, 140, 170, 199, 97, 87, 147, 27, 37, 55, 151, 177, 42, 132, 175, 112, 194, 181, 75, 69, 101, 143, 149, 90, 93, 94, 138]
37693

[132, 175, 112, 194, 181, 20, 153, 139, 168, 34, 1, 180, 167, 184, 49, 138, 71, 82, 61, 53, 5, 186, 156, 119, 66, 176, 12, 26, 11, 17, 109, 28, 183, 36, 178, 43, 152, 65, 118, 91, 196, 44, 96, 125, 86, 51, 10, 83, 169, 121, 115, 193, 50, 117, 123, 137, 8, 77, 25, 135, 60, 120, 173, 158, 116, 114, 110, 84, 190, 197, 161, 54, 41, 185, 111, 106, 108, 74, 133, 21, 7, 128, 113, 97, 170, 199, 87, 147, 27, 38, 37, 70, 55, 151, 177, 195, 4, 104, 42, 136]
[179, 130, 188, 68, 141, 107, 73, 56, 35, 174, 9, 18, 98, 13, 191, 3, 100, 59, 192, 127, 166, 157, 76, 160, 79, 64, 30, 46, 150, 124, 67, 29, 40, 58, 2, 72, 88, 163, 22, 172, 101, 75, 69, 143, 149, 90, 93, 94, 85, 129, 57, 140, 33, 89, 142, 102, 145, 24, 16, 182, 154, 126, 134, 19, 63, 159, 78, 14, 122, 144, 0, 52, 131, 39, 146, 162, 92, 105, 148, 189, 48, 45, 171, 23, 31, 198, 6, 81, 15, 62, 187, 47, 165, 95, 164, 103, 80, 155, 99, 32]
38965

[27, 38, 87, 102, 33, 89, 142, 24, 16, 111, 119, 46, 30, 66, 176, 64, 79, 160, 124, 180, 1, 76, 157, 59, 100, 3, 148, 18, 98, 174, 9, 91, 118, 152, 65, 189, 17, 109, 48, 11, 146, 39, 120, 45, 171, 28, 183, 36, 60, 135, 25, 123, 117, 178, 15, 50, 193, 62, 43, 187, 115, 121, 169, 51, 10, 83, 47, 165, 95, 86, 125, 164, 103, 96, 80, 196, 44, 32, 73, 107, 40, 88, 153, 20, 139, 163, 143, 90, 93, 94, 85, 195, 138, 49, 61, 82, 71, 129, 70, 37]
[197, 122, 14, 12, 161, 63, 19, 159, 78, 144, 190, 26, 192, 127, 166, 29, 67, 168, 34, 22, 172, 149, 167, 184, 53, 150, 186, 5, 108, 106, 156, 185, 54, 41, 134, 126, 154, 182, 74, 133, 21, 7, 145, 128, 113, 97, 57, 140, 170, 199, 147, 55, 151, 177, 4, 104, 42, 136, 132, 175, 112, 194, 181, 75, 69, 101, 58, 2, 72, 188, 68, 141, 130, 179, 155, 99, 56, 35, 13, 191, 162, 92, 105, 137, 8, 77, 81, 6, 198, 31, 23, 158, 173, 110, 116, 114, 52, 0, 131, 84]
37534

[195, 4, 104, 136, 85, 94, 93, 90, 143, 149, 167, 172, 22, 168, 67, 34, 1, 180, 124, 76, 157, 29, 163, 139, 20, 153, 88, 58, 2, 72, 188, 130, 179, 107, 35, 56, 73, 99, 32, 44, 196, 174, 13, 191, 59, 127, 192, 100, 3, 162, 92, 48, 137, 8, 77, 81, 6, 198, 25, 31, 120, 173, 110, 144, 14, 78, 159, 161, 63, 19, 134, 41, 126, 111, 7, 16, 24, 142, 89, 33, 57, 140, 170, 199, 97, 128, 82, 61, 184, 49, 138, 71, 129, 70, 38, 27, 37, 55, 151, 177]
[125, 95, 164, 103, 47, 152, 65, 178, 36, 183, 28, 171, 45, 39, 146, 11, 109, 17, 189, 148, 105, 98, 9, 91, 18, 118, 96, 80, 155, 141, 68, 166, 40, 101, 69, 75, 181, 194, 112, 175, 132, 42, 147, 87, 113, 102, 145, 133, 21, 182, 154, 74, 53, 150, 160, 79, 64, 186, 5, 108, 106, 156, 46, 119, 185, 54, 66, 30, 176, 12, 122, 197, 26, 190, 84, 131, 0, 52, 114, 116, 158, 23, 135, 60, 123, 117, 15, 50, 193, 62, 43, 187, 115, 121, 169, 83, 10, 51, 165, 86]
37813

[176, 64, 79, 160, 184, 49, 94, 194, 112, 175, 132, 42, 4, 195, 177, 151, 55, 37, 70, 71, 129, 38, 27, 147, 87, 199, 97, 113, 102, 145, 128, 7, 182, 154, 108, 5, 53, 186, 156, 106, 111, 126, 185, 41, 54, 159, 144, 0, 52, 114, 116, 110, 158, 173, 120, 45, 171, 109, 189, 18, 148, 105, 92, 162, 3, 100, 59, 68, 130, 179, 73, 56, 35, 32, 96, 125, 86, 51, 10, 169, 121, 193, 50, 15, 117, 81, 77, 8, 137, 123, 36, 183, 28, 60, 135, 25, 198, 6, 31, 23]
[99, 155, 141, 107, 191, 13, 9, 174, 196, 44, 80, 103, 164, 95, 165, 83, 47, 115, 187, 43, 62, 178, 152, 65, 118, 91, 98, 48, 17, 11, 39, 131, 84, 190, 197, 122, 14, 78, 12, 26, 146, 192, 127, 166, 157, 76, 29, 67, 168, 34, 1, 180, 124, 150, 30, 46, 119, 66, 161, 63, 19, 134, 16, 24, 33, 140, 170, 57, 89, 142, 21, 133, 74, 61, 82, 138, 85, 104, 136, 181, 75, 69, 93, 90, 149, 167, 172, 22, 143, 101, 163, 139, 20, 153, 88, 40, 58, 2, 72, 188]
40744

[124, 180, 160, 79, 76, 157, 162, 92, 105, 148, 48, 45, 171, 109, 17, 189, 178, 152, 65, 118, 18, 91, 9, 174, 98, 191, 13, 56, 35, 103, 10, 51, 83, 193, 50, 117, 123, 8, 81, 77, 137, 23, 158, 110, 131, 84, 190, 26, 197, 122, 12, 176, 111, 133, 128, 145, 102, 113, 97, 87, 27, 37, 195, 55, 151, 177, 4, 104, 42, 136, 132, 175, 112, 194, 181, 75, 69, 143, 101, 163, 139, 20, 153, 72, 2, 58, 88, 67, 34, 1, 172, 149, 90, 93, 94, 85, 138, 70, 71, 61]
[150, 167, 184, 49, 22, 168, 29, 40, 166, 127, 192, 59, 100, 146, 39, 11, 3, 107, 141, 68, 188, 130, 179, 73, 99, 155, 32, 44, 196, 80, 96, 164, 125, 86, 95, 165, 47, 169, 121, 115, 187, 43, 62, 15, 36, 183, 28, 60, 135, 25, 198, 6, 31, 120, 173, 116, 114, 52, 0, 144, 14, 78, 159, 161, 63, 19, 54, 41, 134, 185, 126, 119, 66, 64, 30, 46, 156, 108, 106, 154, 182, 21, 7, 16, 24, 142, 89, 33, 57, 140, 170, 199, 147, 38, 129, 82, 74, 53, 5, 186]
39592

[144, 197, 26, 190, 39, 146, 11, 45, 171, 120, 23, 31, 28, 109, 48, 17, 183, 60, 135, 25, 198, 6, 81, 77, 8, 137, 123, 178, 65, 152, 43, 187, 115, 121, 169, 51, 10, 83, 47, 165, 86, 125, 95, 164, 103, 96, 130, 179, 80, 44, 174, 9, 91, 98, 18, 189, 3, 100, 2, 72, 58, 40, 88, 139, 163, 168, 67, 180, 124, 53, 128, 113, 27, 38, 129, 4, 112, 175, 132, 42, 55, 147, 199, 140, 33, 89, 24, 16, 142, 102, 145, 7, 119, 19, 63, 161, 159, 78, 122, 14]
[166, 29, 76, 157, 192, 127, 59, 162, 92, 105, 148, 191, 13, 35, 56, 73, 107, 68, 188, 141, 155, 99, 32, 196, 118, 62, 193, 50, 15, 117, 36, 173, 158, 110, 116, 114, 52, 0, 131, 84, 12, 176, 64, 79, 160, 1, 34, 22, 20, 153, 101, 143, 69, 75, 181, 194, 136, 104, 151, 177, 195, 70, 37, 87, 170, 57, 97, 71, 138, 85, 94, 93, 90, 149, 172, 167, 184, 49, 61, 82, 74, 133, 21, 182, 154, 111, 126, 185, 134, 41, 54, 66, 30, 46, 156, 106, 108, 5, 186, 150]
41063

[176, 12, 14, 144, 84, 131, 39, 11, 178, 15, 117, 77, 81, 50, 193, 187, 43, 152, 65, 118, 91, 9, 174, 196, 44, 32, 155, 179, 130, 188, 141, 73, 56, 35, 107, 59, 192, 127, 166, 2, 72, 58, 40, 29, 67, 168, 22, 143, 69, 75, 184, 49, 138, 85, 175, 132, 136, 42, 104, 4, 195, 177, 151, 55, 147, 87, 97, 113, 27, 38, 37, 70, 129, 71, 61, 82, 128, 102, 57, 170, 199, 140, 33, 89, 7, 154, 111, 119, 134, 41, 66, 46, 30, 64, 79, 157, 76, 160, 150, 186]
[125, 86, 95, 165, 47, 83, 10, 51, 169, 121, 115, 62, 123, 8, 137, 36, 183, 60, 135, 25, 198, 6, 31, 23, 158, 173, 120, 45, 171, 28, 109, 17, 48, 189, 18, 98, 13, 191, 100, 3, 105, 148, 92, 162, 146, 110, 116, 114, 52, 0, 190, 26, 197, 122, 78, 159, 161, 63, 19, 54, 185, 126, 16, 24, 142, 145, 133, 21, 182, 74, 106, 156, 108, 5, 53, 124, 180, 1, 34, 167, 172, 149, 90, 93, 94, 112, 194, 181, 101, 163, 139, 20, 153, 88, 68, 99, 80, 96, 103, 164]
39350

[167, 172, 22, 29, 88, 40, 166, 59, 191, 13, 148, 18, 98, 9, 174, 35, 56, 107, 68, 141, 73, 99, 155, 32, 44, 80, 96, 125, 86, 193, 50, 15, 178, 117, 123, 137, 8, 77, 81, 6, 198, 25, 31, 23, 135, 60, 36, 183, 28, 109, 17, 48, 171, 45, 120, 173, 158, 110, 116, 114, 52, 0, 131, 11, 146, 39, 26, 176, 161, 54, 66, 64, 79, 150, 186, 61, 82, 71, 129, 38, 37, 55, 151, 177, 195, 4, 104, 42, 136, 112, 194, 181, 93, 90, 149, 94, 85, 138, 49, 184]
[192, 190, 84, 144, 197, 122, 14, 12, 78, 159, 63, 19, 134, 41, 185, 126, 154, 182, 111, 119, 46, 30, 156, 106, 108, 5, 160, 76, 157, 67, 168, 34, 1, 180, 124, 53, 74, 133, 21, 7, 128, 145, 102, 142, 16, 24, 89, 33, 57, 140, 170, 199, 97, 113, 87, 147, 27, 70, 132, 175, 75, 69, 143, 101, 163, 139, 20, 153, 58, 2, 72, 188, 130, 179, 196, 91, 118, 103, 164, 95, 165, 51, 10, 83, 169, 121, 115, 187, 62, 43, 47, 152, 65, 189, 105, 92, 162, 3, 100, 127]
38144

[99, 155, 32, 44, 196, 80, 96, 95, 125, 86, 51, 10, 47, 43, 187, 193, 50, 62, 15, 178, 152, 65, 18, 98, 3, 100, 146, 11, 171, 60, 77, 81, 6, 198, 25, 135, 31, 23, 158, 52, 131, 39, 190, 26, 197, 78, 159, 63, 19, 134, 41, 119, 46, 30, 156, 5, 29, 67, 168, 34, 53, 108, 106, 74, 7, 16, 24, 142, 102, 113, 97, 87, 147, 27, 37, 38, 129, 82, 61, 85, 104, 42, 136, 132, 175, 112, 194, 181, 163, 139, 20, 153, 88, 40, 58, 68, 107, 191, 13, 56]
[138, 71, 184, 49, 94, 93, 90, 75, 69, 101, 143, 149, 22, 172, 167, 1, 180, 124, 160, 150, 186, 79, 76, 157, 166, 127, 192, 59, 2, 72, 188, 141, 130, 179, 73, 35, 174, 9, 91, 118, 103, 164, 165, 83, 169, 121, 115, 117, 8, 137, 123, 36, 183, 28, 109, 17, 48, 189, 148, 105, 92, 162, 45, 120, 173, 110, 116, 114, 0, 84, 144, 122, 14, 12, 176, 64, 66, 161, 54, 185, 126, 111, 154, 182, 21, 133, 128, 145, 89, 33, 57, 140, 170, 199, 55, 151, 177, 4, 195, 70]
39027

[52, 110, 114, 116, 158, 173, 36, 178, 15, 62, 43, 187, 115, 121, 169, 83, 10, 51, 165, 103, 96, 80, 44, 196, 118, 152, 65, 18, 148, 105, 92, 191, 13, 73, 141, 72, 2, 68, 107, 59, 100, 3, 162, 39, 131, 0, 84, 144, 12, 176, 64, 79, 150, 160, 124, 180, 1, 34, 168, 163, 22, 167, 184, 61, 49, 138, 85, 94, 90, 93, 181, 194, 112, 175, 132, 136, 42, 104, 4, 195, 177, 151, 55, 37, 147, 87, 97, 199, 170, 140, 57, 33, 16, 182, 154, 106, 156, 46, 30, 66]
[75, 69, 143, 149, 172, 67, 29, 166, 127, 192, 157, 76, 186, 53, 82, 71, 129, 70, 38, 27, 113, 128, 102, 89, 24, 142, 145, 7, 21, 133, 74, 5, 108, 119, 111, 126, 185, 134, 41, 54, 19, 63, 161, 159, 78, 14, 122, 197, 190, 26, 146, 11, 48, 189, 17, 109, 28, 183, 171, 45, 120, 23, 31, 135, 60, 25, 198, 6, 81, 77, 8, 137, 123, 117, 50, 193, 47, 86, 125, 95, 164, 91, 98, 9, 174, 35, 56, 32, 99, 155, 179, 130, 188, 58, 40, 88, 153, 139, 20, 101]
38777

[55, 151, 70, 37, 38, 129, 71, 184, 167, 149, 90, 93, 112, 132, 175, 194, 181, 75, 101, 20, 153, 88, 58, 40, 29, 67, 79, 64, 30, 66, 176, 59, 100, 191, 98, 13, 107, 68, 141, 99, 155, 96, 125, 86, 95, 51, 169, 43, 178, 123, 137, 8, 77, 198, 25, 135, 60, 36, 183, 28, 109, 17, 189, 148, 48, 171, 45, 120, 173, 110, 52, 0, 84, 144, 122, 14, 78, 159, 63, 19, 134, 41, 185, 126, 111, 154, 16, 24, 142, 89, 33, 57, 140, 170, 199, 97, 113, 87, 27, 147]
[150, 186, 53, 5, 108, 106, 156, 46, 119, 54, 161, 12, 197, 26, 190, 39, 131, 114, 116, 158, 23, 31, 6, 81, 117, 15, 62, 50, 193, 121, 115, 187, 152, 65, 47, 83, 10, 165, 164, 103, 196, 44, 80, 32, 73, 56, 35, 174, 9, 91, 118, 18, 105, 92, 162, 3, 11, 146, 192, 127, 166, 157, 76, 160, 124, 180, 1, 34, 61, 74, 182, 21, 133, 7, 145, 102, 128, 82, 49, 138, 85, 195, 177, 4, 104, 42, 136, 94, 69, 143, 172, 22, 168, 163, 139, 72, 2, 130, 179, 188]
41562

[17, 109, 48, 162, 191, 13, 56, 73, 141, 68, 188, 130, 179, 155, 99, 32, 196, 118, 152, 47, 83, 165, 103, 164, 95, 125, 86, 51, 10, 169, 121, 115, 62, 178, 15, 117, 8, 77, 81, 6, 198, 25, 60, 36, 183, 28, 171, 45, 120, 173, 116, 114, 0, 84, 144, 190, 26, 146, 192, 127, 157, 76, 160, 1, 34, 67, 29, 168, 163, 20, 101, 181, 194, 112, 175, 132, 71, 82, 61, 184, 53, 74, 182, 21, 133, 145, 128, 87, 147, 97, 113, 102, 142, 24, 16, 126, 54, 161, 79, 64]
[80, 96, 35, 107, 2, 72, 58, 153, 139, 88, 40, 166, 59, 100, 3, 11, 39, 197, 12, 176, 66, 30, 46, 119, 156, 106, 108, 5, 186, 150, 124, 180, 167, 49, 94, 90, 149, 172, 22, 143, 69, 75, 93, 136, 42, 104, 4, 151, 55, 177, 195, 85, 138, 129, 70, 37, 38, 27, 199, 170, 140, 57, 33, 89, 7, 154, 111, 185, 41, 134, 19, 63, 159, 78, 14, 122, 131, 52, 110, 158, 23, 31, 135, 137, 123, 50, 193, 187, 43, 65, 189, 92, 105, 148, 98, 18, 91, 9, 174, 44]
41260

[18, 98, 9, 191, 3, 100, 59, 157, 76, 166, 188, 130, 179, 155, 32, 44, 164, 95, 125, 86, 115, 121, 193, 50, 8, 77, 81, 6, 198, 25, 31, 23, 135, 137, 123, 117, 15, 178, 65, 189, 148, 105, 17, 109, 171, 45, 120, 84, 144, 19, 63, 134, 41, 185, 119, 46, 30, 156, 186, 5, 108, 106, 7, 16, 24, 142, 89, 33, 97, 87, 147, 27, 38, 37, 85, 138, 49, 94, 93, 90, 149, 143, 69, 75, 101, 22, 172, 168, 34, 1, 160, 79, 64, 66, 176, 12, 197, 26, 190, 39]
[182, 154, 111, 126, 54, 161, 159, 78, 14, 122, 192, 127, 131, 0, 52, 110, 114, 116, 158, 173, 11, 146, 162, 92, 48, 28, 183, 60, 36, 62, 187, 43, 152, 91, 174, 196, 118, 47, 169, 83, 10, 51, 165, 103, 96, 80, 99, 73, 56, 35, 13, 107, 141, 68, 2, 72, 58, 40, 88, 153, 20, 139, 163, 29, 67, 180, 124, 150, 53, 184, 167, 181, 194, 112, 175, 132, 136, 42, 104, 4, 151, 55, 177, 195, 70, 129, 71, 82, 61, 74, 133, 128, 113, 199, 170, 140, 57, 102, 145, 21]
42174

[138, 49, 71, 82, 61, 74, 53, 5, 156, 64, 79, 160, 76, 157, 166, 29, 67, 168, 22, 172, 149, 90, 93, 75, 69, 143, 101, 163, 139, 20, 153, 88, 40, 58, 59, 127, 192, 146, 11, 120, 45, 171, 183, 36, 47, 165, 95, 125, 86, 169, 62, 15, 117, 123, 137, 8, 77, 81, 6, 198, 25, 31, 158, 116, 114, 39, 131, 84, 190, 26, 197, 122, 14, 12, 176, 78, 159, 161, 54, 185, 126, 111, 154, 182, 7, 16, 142, 145, 102, 27, 37, 38, 129, 70, 55, 151, 177, 195, 4, 85]
[173, 23, 135, 60, 28, 109, 17, 48, 189, 178, 50, 193, 121, 115, 187, 43, 65, 152, 83, 10, 51, 164, 103, 96, 80, 44, 196, 174, 9, 91, 118, 18, 98, 148, 105, 92, 162, 3, 100, 191, 13, 35, 56, 73, 99, 32, 155, 179, 130, 141, 107, 68, 188, 2, 72, 181, 194, 112, 175, 132, 42, 104, 136, 94, 184, 167, 34, 1, 180, 124, 150, 186, 108, 106, 21, 133, 128, 113, 97, 87, 147, 199, 170, 140, 57, 33, 89, 24, 134, 41, 119, 46, 30, 66, 63, 19, 144, 0, 52, 110]
39580

[134, 41, 185, 126, 111, 74, 71, 138, 129, 38, 128, 145, 142, 24, 89, 33, 102, 113, 97, 57, 140, 170, 199, 87, 147, 27, 37, 70, 55, 151, 177, 195, 4, 104, 42, 136, 85, 94, 149, 172, 1, 180, 124, 34, 163, 139, 153, 72, 188, 130, 179, 73, 99, 155, 32, 44, 196, 10, 51, 169, 121, 193, 50, 115, 187, 43, 62, 15, 36, 60, 173, 120, 45, 171, 28, 183, 48, 105, 148, 18, 9, 174, 35, 56, 107, 76, 79, 150, 46, 30, 64, 12, 52, 110, 116, 114, 0, 161, 63, 19]
[17, 109, 11, 146, 39, 158, 23, 31, 135, 25, 198, 6, 81, 77, 8, 137, 123, 117, 178, 65, 152, 47, 83, 165, 95, 86, 125, 164, 103, 96, 80, 141, 68, 2, 58, 40, 88, 20, 101, 75, 181, 194, 112, 175, 132, 93, 90, 69, 143, 22, 168, 67, 29, 160, 186, 5, 108, 53, 167, 184, 49, 61, 82, 133, 21, 16, 7, 182, 154, 106, 156, 119, 54, 66, 176, 159, 78, 14, 122, 197, 144, 84, 131, 190, 26, 192, 127, 157, 166, 59, 100, 3, 162, 92, 191, 13, 98, 91, 118, 189]
41494

[0, 144, 19, 63, 41, 134, 89, 33, 97, 57, 140, 170, 199, 87, 147, 55, 151, 177, 4, 104, 42, 136, 132, 175, 112, 194, 181, 85, 195, 37, 70, 129, 71, 82, 128, 145, 133, 21, 182, 154, 126, 185, 54, 161, 176, 64, 79, 29, 67, 139, 153, 88, 58, 2, 72, 188, 130, 179, 155, 32, 99, 141, 68, 40, 166, 192, 26, 197, 190, 146, 92, 18, 98, 9, 91, 118, 65, 43, 115, 169, 121, 193, 187, 62, 50, 15, 117, 123, 137, 8, 77, 81, 6, 198, 25, 158, 116, 114, 110, 52]
[101, 20, 163, 168, 34, 167, 184, 61, 1, 180, 124, 160, 76, 157, 127, 59, 100, 3, 162, 11, 45, 171, 183, 28, 109, 17, 48, 189, 148, 105, 13, 191, 107, 73, 56, 35, 174, 196, 44, 80, 96, 103, 164, 165, 95, 125, 86, 51, 10, 83, 47, 152, 178, 36, 60, 135, 31, 23, 173, 120, 39, 131, 84, 122, 14, 12, 78, 159, 66, 30, 46, 150, 186, 156, 119, 111, 106, 108, 5, 53, 74, 7, 16, 24, 142, 102, 113, 27, 38, 138, 49, 94, 93, 90, 149, 75, 69, 143, 22, 172]
40015

[7, 182, 154, 106, 119, 111, 126, 185, 134, 41, 54, 19, 63, 161, 159, 78, 14, 122, 144, 131, 39, 146, 11, 120, 60, 137, 8, 123, 178, 43, 187, 115, 169, 83, 10, 51, 165, 47, 118, 91, 103, 164, 95, 86, 125, 96, 80, 32, 35, 56, 141, 188, 72, 2, 58, 166, 127, 192, 157, 76, 79, 64, 12, 176, 30, 186, 5, 53, 74, 21, 16, 24, 33, 89, 142, 145, 102, 97, 57, 140, 170, 199, 147, 55, 151, 177, 104, 42, 112, 194, 181, 93, 90, 94, 49, 71, 129, 70, 38, 128]
[20, 139, 163, 168, 67, 34, 1, 180, 124, 150, 160, 29, 40, 88, 153, 101, 75, 69, 143, 149, 22, 172, 167, 184, 61, 82, 138, 85, 175, 132, 136, 4, 195, 37, 27, 87, 113, 133, 108, 156, 46, 66, 197, 26, 190, 84, 0, 52, 114, 116, 110, 173, 158, 23, 31, 135, 25, 198, 6, 81, 77, 50, 193, 121, 62, 15, 117, 36, 183, 28, 171, 45, 109, 17, 48, 189, 152, 65, 18, 9, 174, 196, 44, 155, 99, 73, 179, 130, 68, 107, 59, 100, 3, 191, 13, 98, 162, 92, 105, 148]
40720

[89, 24, 16, 142, 102, 145, 111, 126, 185, 134, 41, 54, 66, 30, 79, 192, 146, 11, 45, 171, 120, 173, 23, 135, 60, 137, 8, 123, 117, 36, 183, 28, 109, 17, 178, 15, 50, 193, 115, 121, 169, 83, 10, 51, 165, 164, 103, 96, 80, 32, 44, 196, 91, 18, 148, 105, 92, 162, 3, 100, 59, 88, 153, 20, 139, 163, 168, 67, 34, 1, 149, 90, 167, 184, 71, 129, 70, 195, 4, 136, 112, 175, 132, 42, 104, 177, 151, 55, 37, 38, 27, 147, 87, 199, 170, 140, 57, 97, 113, 33]
[73, 155, 99, 35, 56, 107, 141, 179, 130, 188, 68, 2, 72, 58, 40, 166, 127, 157, 76, 29, 22, 172, 143, 101, 69, 75, 181, 194, 93, 94, 85, 138, 49, 61, 82, 128, 133, 21, 7, 154, 182, 74, 108, 106, 119, 19, 63, 161, 46, 156, 186, 5, 53, 180, 124, 160, 150, 64, 176, 159, 78, 12, 14, 122, 197, 26, 39, 190, 144, 84, 131, 0, 52, 110, 114, 116, 158, 31, 25, 198, 6, 81, 77, 62, 187, 43, 152, 65, 47, 86, 125, 95, 118, 189, 48, 191, 13, 98, 9, 174]
38929

[161, 63, 19, 64, 150, 180, 1, 34, 67, 29, 168, 22, 172, 143, 69, 149, 90, 93, 94, 138, 129, 21, 182, 154, 7, 16, 24, 142, 89, 33, 102, 113, 97, 57, 140, 170, 199, 87, 147, 55, 151, 177, 195, 4, 194, 181, 75, 101, 20, 153, 58, 2, 72, 188, 130, 179, 99, 32, 80, 165, 51, 10, 83, 47, 65, 118, 196, 44, 73, 56, 35, 174, 9, 91, 18, 148, 105, 92, 191, 13, 107, 59, 146, 39, 11, 17, 109, 171, 45, 120, 173, 158, 110, 131, 84, 144, 122, 14, 78, 159]
[176, 12, 197, 26, 190, 0, 52, 114, 116, 28, 183, 36, 123, 137, 60, 135, 23, 31, 25, 198, 6, 81, 77, 8, 117, 15, 178, 62, 50, 193, 121, 169, 115, 187, 43, 152, 189, 48, 162, 3, 100, 98, 103, 164, 95, 86, 125, 96, 155, 141, 68, 40, 88, 139, 163, 167, 124, 160, 76, 166, 127, 192, 157, 79, 186, 5, 53, 61, 82, 71, 184, 49, 85, 112, 175, 132, 136, 42, 104, 70, 37, 27, 38, 128, 145, 133, 74, 108, 106, 156, 30, 46, 119, 111, 126, 185, 134, 41, 54, 66]
40876

[59, 100, 191, 13, 107, 166, 150, 186, 5, 108, 106, 156, 46, 30, 66, 176, 12, 197, 122, 14, 78, 159, 63, 19, 134, 126, 111, 154, 182, 74, 71, 138, 70, 129, 38, 145, 102, 113, 97, 87, 147, 55, 151, 177, 4, 132, 175, 112, 194, 181, 75, 69, 93, 94, 90, 149, 143, 22, 172, 34, 168, 163, 139, 20, 101, 153, 88, 68, 141, 73, 56, 99, 155, 32, 44, 196, 174, 9, 98, 18, 178, 15, 36, 183, 28, 60, 198, 6, 158, 173, 120, 116, 114, 110, 131, 39, 146, 11, 162, 3]
[144, 0, 52, 84, 161, 54, 41, 185, 119, 53, 61, 82, 128, 133, 21, 7, 16, 24, 142, 89, 33, 57, 140, 170, 199, 27, 37, 195, 104, 42, 136, 85, 49, 184, 167, 1, 180, 124, 160, 79, 64, 157, 76, 67, 29, 40, 58, 2, 72, 188, 130, 179, 35, 91, 118, 65, 152, 80, 96, 103, 164, 95, 125, 86, 165, 47, 83, 10, 51, 169, 121, 193, 115, 187, 43, 62, 50, 117, 123, 137, 8, 81, 77, 25, 135, 31, 23, 171, 45, 109, 17, 48, 189, 148, 105, 92, 127, 192, 26, 190]
40799

[62, 193, 50, 15, 117, 8, 77, 81, 6, 198, 25, 135, 60, 183, 28, 17, 109, 171, 45, 11, 146, 39, 131, 84, 144, 14, 12, 176, 161, 63, 19, 54, 41, 134, 185, 126, 119, 111, 154, 182, 21, 133, 7, 16, 24, 142, 145, 128, 38, 195, 4, 136, 132, 175, 112, 194, 181, 75, 149, 184, 82, 61, 167, 163, 139, 20, 153, 88, 40, 166, 76, 157, 192, 127, 59, 105, 18, 98, 174, 35, 56, 73, 141, 68, 188, 130, 179, 155, 99, 32, 47, 83, 10, 169, 121, 115, 187, 43, 65, 152]
[2, 107, 191, 13, 44, 80, 96, 125, 86, 51, 165, 95, 164, 103, 196, 9, 91, 118, 178, 36, 123, 137, 31, 23, 158, 116, 114, 0, 52, 110, 173, 120, 48, 189, 148, 92, 162, 3, 100, 26, 190, 197, 122, 78, 159, 66, 30, 46, 156, 106, 108, 5, 186, 53, 74, 71, 129, 70, 37, 27, 97, 113, 102, 89, 33, 57, 140, 170, 199, 87, 147, 55, 151, 177, 42, 104, 85, 138, 49, 94, 93, 90, 143, 69, 101, 22, 172, 168, 29, 67, 34, 1, 180, 124, 160, 150, 64, 79, 58, 72]
38718

[108, 5, 53, 186, 150, 64, 176, 12, 14, 122, 197, 100, 3, 146, 39, 84, 144, 0, 52, 114, 116, 45, 171, 109, 17, 189, 178, 65, 152, 43, 187, 169, 51, 10, 83, 118, 91, 9, 174, 35, 56, 73, 13, 191, 107, 179, 130, 141, 68, 59, 127, 192, 157, 76, 166, 40, 88, 20, 101, 69, 75, 181, 194, 112, 175, 132, 136, 42, 104, 4, 85, 93, 90, 149, 172, 167, 184, 49, 129, 38, 128, 145, 142, 89, 24, 16, 7, 133, 21, 182, 154, 106, 156, 46, 66, 161, 63, 19, 159, 78]
[125, 86, 95, 165, 47, 115, 121, 193, 50, 62, 15, 117, 123, 137, 36, 183, 28, 60, 8, 77, 81, 6, 198, 25, 135, 31, 23, 158, 173, 120, 110, 131, 190, 26, 11, 48, 162, 92, 105, 148, 18, 98, 196, 44, 32, 99, 58, 29, 67, 168, 22, 34, 1, 180, 124, 160, 79, 30, 119, 54, 41, 134, 185, 126, 111, 74, 61, 82, 71, 70, 37, 27, 97, 113, 102, 33, 57, 140, 170, 199, 87, 147, 55, 151, 177, 195, 138, 94, 143, 163, 139, 153, 72, 2, 188, 155, 80, 96, 103, 164]
39994

[2, 188, 130, 179, 155, 99, 80, 96, 103, 164, 95, 125, 86, 165, 47, 115, 187, 178, 28, 183, 60, 135, 25, 198, 6, 31, 23, 171, 45, 109, 17, 48, 148, 18, 9, 174, 35, 56, 107, 68, 58, 20, 139, 163, 88, 40, 166, 157, 76, 29, 67, 168, 167, 184, 53, 5, 186, 150, 79, 64, 12, 197, 26, 190, 84, 144, 122, 14, 78, 176, 66, 119, 185, 41, 134, 126, 111, 7, 145, 16, 24, 142, 89, 33, 102, 87, 27, 38, 129, 70, 55, 151, 177, 136, 181, 75, 69, 143, 172, 22]
[50, 193, 121, 169, 51, 10, 83, 65, 152, 43, 62, 15, 117, 123, 81, 77, 8, 137, 36, 189, 118, 91, 98, 191, 13, 196, 44, 32, 73, 141, 72, 153, 101, 194, 112, 175, 132, 42, 104, 4, 195, 37, 147, 199, 170, 140, 57, 97, 113, 128, 133, 21, 182, 154, 74, 106, 46, 156, 108, 61, 82, 71, 49, 138, 85, 94, 93, 90, 149, 34, 1, 180, 124, 160, 127, 192, 30, 54, 19, 63, 161, 159, 131, 0, 52, 110, 114, 116, 158, 173, 120, 11, 39, 146, 59, 100, 3, 162, 92, 105]
43080

[165, 47, 83, 169, 115, 187, 15, 117, 123, 36, 171, 45, 11, 110, 52, 131, 39, 146, 162, 92, 105, 148, 13, 191, 107, 166, 127, 192, 122, 14, 78, 159, 161, 63, 19, 54, 41, 134, 185, 126, 119, 46, 30, 186, 150, 76, 157, 29, 67, 168, 53, 5, 108, 156, 106, 74, 61, 82, 129, 38, 87, 97, 57, 140, 170, 199, 147, 27, 37, 55, 151, 177, 4, 104, 42, 136, 132, 175, 112, 194, 181, 93, 90, 149, 172, 22, 143, 69, 75, 101, 163, 88, 40, 68, 44, 103, 164, 125, 86, 95]
[10, 51, 121, 193, 50, 62, 43, 178, 152, 65, 118, 18, 189, 48, 17, 109, 28, 183, 60, 135, 137, 8, 77, 81, 6, 198, 25, 31, 23, 158, 173, 120, 116, 114, 0, 84, 144, 12, 176, 66, 111, 154, 182, 7, 21, 133, 128, 145, 102, 142, 16, 24, 89, 33, 113, 70, 195, 85, 94, 138, 71, 49, 184, 167, 34, 1, 180, 124, 160, 79, 64, 197, 190, 26, 59, 100, 3, 98, 91, 9, 174, 196, 35, 56, 73, 141, 58, 139, 20, 153, 72, 2, 188, 130, 179, 155, 99, 32, 80, 96]
40357

[50, 62, 178, 189, 48, 183, 36, 8, 77, 81, 6, 198, 25, 31, 116, 114, 110, 52, 0, 131, 146, 3, 162, 92, 105, 148, 18, 118, 91, 98, 9, 174, 99, 155, 73, 59, 127, 192, 157, 76, 64, 176, 66, 46, 156, 154, 182, 7, 16, 24, 33, 89, 142, 145, 133, 21, 74, 53, 124, 180, 1, 167, 71, 129, 104, 42, 136, 132, 175, 112, 194, 181, 93, 75, 69, 143, 101, 163, 139, 20, 153, 88, 58, 2, 72, 188, 130, 179, 96, 125, 86, 51, 10, 47, 65, 152, 43, 115, 121, 193]
[12, 78, 159, 161, 63, 19, 134, 41, 185, 126, 111, 119, 54, 30, 79, 160, 150, 186, 5, 108, 106, 128, 102, 57, 140, 170, 199, 97, 113, 87, 147, 27, 38, 37, 70, 195, 55, 151, 177, 4, 85, 138, 82, 61, 184, 49, 94, 90, 149, 172, 22, 34, 168, 67, 29, 40, 166, 100, 191, 13, 107, 68, 141, 56, 35, 32, 80, 44, 196, 103, 164, 95, 165, 83, 169, 187, 15, 117, 123, 137, 135, 60, 28, 17, 109, 171, 23, 158, 173, 120, 45, 11, 39, 26, 197, 190, 84, 144, 122, 14]
37954

[178, 15, 62, 43, 187, 115, 51, 10, 83, 47, 152, 65, 118, 196, 44, 32, 99, 73, 141, 188, 72, 2, 58, 153, 20, 101, 75, 69, 143, 22, 172, 167, 34, 67, 29, 160, 150, 108, 106, 74, 61, 82, 71, 129, 70, 4, 136, 42, 104, 151, 27, 147, 199, 170, 140, 57, 128, 145, 7, 126, 134, 41, 54, 19, 63, 161, 159, 78, 14, 144, 84, 131, 0, 52, 114, 116, 110, 158, 23, 31, 6, 198, 135, 60, 173, 120, 192, 127, 59, 56, 35, 174, 9, 91, 18, 98, 105, 162, 92, 148]
[146, 100, 3, 191, 13, 107, 68, 130, 179, 155, 80, 96, 103, 164, 125, 86, 95, 165, 169, 121, 193, 50, 117, 8, 81, 77, 25, 137, 123, 36, 183, 28, 17, 189, 48, 109, 171, 45, 11, 39, 190, 26, 12, 30, 46, 156, 5, 53, 186, 64, 79, 76, 157, 166, 40, 88, 139, 163, 168, 1, 180, 124, 184, 49, 149, 90, 94, 93, 181, 194, 112, 175, 132, 85, 138, 195, 177, 55, 37, 38, 87, 97, 113, 102, 33, 89, 142, 24, 16, 133, 21, 182, 154, 111, 185, 119, 66, 176, 122, 197]
40171

[44, 196, 9, 174, 68, 2, 72, 58, 88, 153, 20, 139, 163, 101, 69, 75, 181, 194, 175, 112, 93, 143, 22, 172, 167, 184, 61, 82, 71, 129, 38, 87, 199, 170, 97, 113, 102, 128, 53, 106, 119, 19, 63, 66, 64, 176, 12, 14, 122, 197, 190, 144, 84, 131, 0, 52, 110, 114, 116, 158, 23, 31, 25, 135, 60, 137, 123, 36, 183, 28, 171, 45, 120, 173, 39, 146, 11, 48, 189, 18, 65, 152, 178, 50, 193, 169, 83, 10, 51, 86, 125, 95, 165, 164, 103, 96, 155, 99, 32, 80]
[59, 127, 192, 79, 150, 30, 46, 156, 108, 5, 186, 124, 180, 1, 160, 76, 157, 166, 40, 29, 67, 168, 34, 149, 90, 94, 49, 138, 85, 132, 136, 42, 104, 4, 195, 177, 151, 55, 70, 37, 27, 147, 140, 57, 33, 89, 142, 24, 16, 145, 7, 21, 133, 74, 182, 154, 111, 126, 185, 134, 41, 54, 161, 159, 78, 26, 162, 92, 105, 148, 17, 109, 198, 6, 81, 77, 8, 117, 15, 62, 43, 187, 115, 121, 47, 118, 91, 98, 35, 56, 73, 179, 130, 188, 141, 107, 13, 191, 100, 3]
38269

[162, 3, 100, 146, 131, 110, 158, 23, 31, 135, 60, 25, 198, 6, 81, 77, 8, 137, 123, 117, 15, 62, 50, 193, 121, 169, 115, 187, 43, 152, 65, 118, 18, 91, 9, 174, 196, 44, 32, 155, 99, 73, 56, 13, 191, 107, 68, 141, 179, 130, 188, 72, 2, 58, 88, 29, 22, 143, 69, 90, 93, 94, 149, 172, 167, 184, 49, 85, 136, 42, 104, 4, 195, 177, 151, 55, 38, 113, 102, 145, 128, 133, 21, 182, 111, 54, 66, 119, 46, 150, 124, 160, 79, 76, 157, 192, 127, 59, 166, 40]
[114, 116, 52, 0, 84, 144, 190, 122, 14, 78, 159, 161, 63, 19, 134, 41, 185, 126, 154, 7, 16, 24, 142, 89, 33, 57, 140, 170, 199, 97, 87, 147, 27, 37, 70, 129, 138, 132, 175, 112, 194, 181, 75, 101, 153, 20, 139, 163, 168, 67, 34, 1, 180, 61, 82, 71, 74, 106, 108, 5, 53, 186, 156, 30, 64, 176, 12, 197, 26, 39, 11, 92, 105, 48, 189, 148, 98, 35, 80, 96, 103, 164, 165, 95, 125, 86, 51, 10, 83, 47, 178, 36, 183, 28, 17, 109, 171, 45, 173, 120]
37406

[78, 14, 84, 110, 173, 109, 48, 17, 137, 25, 198, 6, 81, 77, 8, 123, 117, 15, 178, 62, 50, 193, 115, 121, 169, 83, 10, 51, 165, 86, 125, 95, 164, 103, 118, 91, 9, 174, 196, 44, 32, 155, 99, 35, 162, 146, 39, 131, 190, 26, 197, 12, 176, 66, 30, 46, 150, 124, 180, 1, 34, 67, 168, 163, 139, 153, 20, 22, 143, 101, 69, 75, 149, 90, 93, 181, 194, 112, 136, 104, 4, 177, 151, 55, 85, 138, 49, 61, 82, 71, 129, 38, 27, 128, 145, 133, 21, 111, 185, 159]
[100, 3, 59, 127, 192, 157, 76, 160, 172, 167, 184, 94, 175, 132, 42, 195, 70, 37, 147, 87, 199, 170, 140, 57, 97, 113, 102, 33, 89, 142, 24, 16, 7, 182, 154, 126, 41, 134, 19, 63, 161, 54, 119, 156, 106, 108, 74, 53, 5, 186, 79, 64, 122, 144, 0, 52, 114, 116, 158, 23, 31, 135, 60, 36, 183, 28, 171, 45, 120, 11, 92, 105, 148, 189, 98, 18, 65, 152, 43, 187, 47, 96, 80, 73, 56, 13, 191, 107, 68, 141, 179, 130, 188, 72, 2, 58, 88, 40, 166, 29]
40042

[76, 157, 192, 127, 166, 40, 88, 58, 2, 72, 188, 130, 179, 155, 99, 56, 35, 196, 174, 9, 91, 118, 18, 98, 13, 191, 3, 162, 92, 105, 148, 189, 178, 62, 187, 121, 193, 50, 15, 117, 123, 60, 116, 114, 0, 144, 78, 161, 66, 64, 79, 29, 67, 168, 34, 180, 124, 160, 150, 186, 5, 156, 119, 54, 41, 134, 185, 126, 111, 154, 182, 74, 21, 133, 145, 128, 38, 37, 70, 195, 55, 151, 177, 4, 104, 42, 136, 132, 175, 85, 138, 49, 94, 93, 90, 149, 167, 61, 82, 184]
[69, 143, 22, 172, 71, 129, 27, 147, 87, 113, 97, 199, 170, 140, 57, 102, 33, 89, 142, 24, 16, 7, 63, 19, 159, 84, 52, 110, 45, 171, 48, 17, 109, 28, 183, 120, 173, 158, 23, 31, 135, 25, 198, 6, 81, 77, 8, 137, 36, 65, 152, 43, 115, 169, 51, 10, 83, 47, 165, 95, 86, 125, 164, 103, 96, 80, 44, 32, 73, 141, 68, 107, 59, 100, 146, 11, 39, 131, 190, 26, 197, 122, 14, 12, 176, 30, 46, 106, 108, 53, 1, 163, 139, 20, 153, 101, 75, 181, 194, 112]
39390

[114, 52, 0, 144, 159, 19, 63, 161, 176, 30, 46, 66, 54, 41, 134, 16, 24, 142, 89, 33, 57, 140, 170, 199, 104, 42, 136, 94, 93, 75, 69, 143, 22, 163, 139, 168, 34, 1, 180, 124, 79, 64, 76, 157, 166, 127, 192, 59, 107, 68, 188, 141, 73, 56, 35, 99, 32, 80, 96, 103, 164, 95, 165, 51, 10, 83, 169, 121, 115, 62, 15, 178, 152, 65, 118, 91, 18, 98, 148, 105, 48, 17, 109, 183, 36, 123, 137, 8, 77, 81, 6, 198, 25, 135, 60, 28, 11, 131, 110, 116]
[122, 14, 78, 12, 26, 39, 146, 3, 100, 29, 67, 160, 150, 186, 53, 74, 106, 108, 5, 156, 119, 185, 126, 111, 154, 182, 7, 21, 133, 128, 145, 102, 113, 97, 87, 147, 27, 38, 129, 70, 37, 55, 151, 177, 195, 4, 85, 138, 71, 82, 61, 49, 184, 167, 172, 149, 90, 181, 112, 132, 175, 194, 101, 20, 153, 88, 40, 58, 2, 72, 130, 179, 155, 44, 196, 174, 9, 13, 191, 162, 92, 45, 120, 171, 189, 125, 86, 47, 43, 187, 193, 50, 117, 31, 23, 158, 173, 84, 190, 197]
40321

[171, 45, 92, 162, 3, 191, 189, 36, 60, 25, 198, 6, 81, 77, 8, 137, 123, 65, 152, 47, 165, 86, 125, 95, 164, 103, 96, 80, 155, 188, 72, 2, 166, 127, 192, 157, 76, 160, 124, 180, 1, 34, 163, 139, 20, 153, 101, 143, 69, 75, 93, 49, 94, 181, 194, 112, 175, 132, 136, 42, 104, 4, 177, 151, 55, 195, 37, 27, 147, 87, 199, 170, 140, 57, 97, 113, 102, 33, 89, 142, 24, 16, 7, 133, 21, 182, 74, 108, 106, 156, 46, 119, 185, 54, 161, 78, 197, 131, 120, 173]
[12, 176, 66, 30, 64, 79, 150, 186, 5, 53, 167, 184, 61, 82, 71, 138, 85, 70, 129, 38, 128, 145, 154, 111, 126, 41, 134, 19, 63, 159, 14, 122, 144, 84, 190, 26, 59, 100, 146, 11, 39, 110, 52, 0, 114, 116, 158, 23, 31, 135, 117, 15, 62, 50, 193, 121, 169, 51, 10, 83, 115, 187, 43, 178, 183, 28, 109, 17, 48, 105, 148, 18, 98, 9, 174, 13, 107, 40, 29, 67, 168, 172, 149, 90, 22, 88, 58, 68, 141, 130, 179, 73, 56, 35, 99, 32, 44, 196, 118, 91]
40682

[121, 169, 83, 10, 51, 164, 103, 118, 91, 98, 9, 174, 196, 44, 32, 155, 99, 73, 179, 130, 141, 68, 188, 40, 88, 153, 20, 139, 163, 101, 69, 75, 90, 93, 181, 194, 112, 175, 132, 136, 42, 104, 4, 195, 177, 151, 55, 147, 87, 113, 102, 24, 16, 126, 185, 54, 78, 14, 122, 12, 64, 79, 150, 184, 167, 124, 160, 76, 157, 59, 100, 162, 92, 105, 148, 18, 189, 17, 109, 28, 183, 171, 45, 120, 173, 110, 131, 0, 52, 114, 116, 158, 23, 31, 135, 137, 123, 117, 15, 62]
[97, 27, 37, 38, 129, 70, 138, 71, 82, 61, 49, 85, 94, 149, 143, 172, 22, 168, 29, 67, 34, 1, 180, 53, 5, 186, 30, 46, 119, 66, 176, 197, 26, 192, 127, 166, 58, 72, 2, 107, 3, 191, 13, 35, 56, 80, 96, 125, 86, 95, 165, 47, 65, 152, 115, 193, 50, 187, 43, 178, 8, 77, 81, 6, 198, 25, 60, 36, 48, 11, 146, 39, 190, 84, 144, 159, 161, 63, 19, 134, 41, 111, 156, 106, 108, 74, 182, 154, 7, 21, 133, 128, 145, 142, 89, 33, 140, 199, 170, 57]
39123

[56, 73, 141, 179, 130, 188, 68, 166, 127, 192, 157, 76, 79, 160, 29, 139, 153, 20, 22, 172, 149, 90, 93, 94, 85, 136, 42, 104, 4, 195, 177, 151, 55, 37, 38, 128, 142, 89, 33, 24, 16, 106, 111, 126, 185, 41, 134, 19, 63, 54, 119, 66, 176, 12, 78, 14, 122, 190, 144, 84, 131, 0, 52, 114, 116, 110, 39, 146, 11, 3, 100, 59, 191, 13, 105, 148, 189, 48, 17, 109, 28, 183, 171, 23, 31, 25, 198, 6, 81, 77, 8, 137, 123, 117, 15, 62, 178, 196, 44, 35]
[69, 75, 181, 194, 112, 175, 132, 138, 49, 184, 61, 82, 71, 129, 70, 27, 147, 87, 113, 97, 199, 170, 140, 57, 102, 145, 7, 133, 21, 182, 154, 74, 53, 167, 168, 67, 34, 1, 180, 124, 150, 64, 30, 186, 5, 108, 156, 46, 161, 159, 197, 26, 162, 92, 45, 120, 173, 158, 135, 60, 36, 50, 193, 121, 115, 187, 43, 152, 65, 47, 169, 83, 10, 51, 165, 86, 125, 95, 164, 103, 96, 80, 32, 155, 99, 174, 9, 91, 118, 18, 98, 107, 2, 72, 58, 40, 88, 163, 143, 101]
38101

[158, 116, 114, 52, 110, 173, 120, 48, 17, 109, 23, 31, 25, 198, 6, 81, 77, 8, 117, 15, 62, 187, 115, 121, 169, 47, 152, 65, 189, 92, 162, 3, 100, 105, 148, 98, 91, 9, 174, 196, 44, 80, 32, 35, 13, 191, 107, 59, 166, 76, 168, 22, 101, 69, 75, 181, 194, 112, 175, 132, 93, 90, 94, 85, 195, 177, 151, 55, 147, 199, 170, 140, 57, 33, 89, 142, 24, 16, 7, 111, 106, 108, 5, 156, 46, 66, 161, 54, 119, 126, 185, 41, 134, 19, 63, 159, 78, 26, 190, 0]
[27, 87, 97, 113, 102, 145, 182, 154, 74, 21, 133, 128, 129, 71, 82, 61, 184, 53, 186, 150, 124, 180, 1, 34, 160, 79, 157, 127, 192, 64, 30, 176, 12, 14, 122, 197, 144, 84, 131, 39, 146, 11, 45, 171, 28, 183, 60, 135, 137, 123, 36, 178, 18, 118, 43, 50, 193, 83, 10, 51, 165, 95, 86, 125, 164, 103, 96, 155, 99, 56, 73, 179, 130, 188, 141, 68, 2, 72, 58, 40, 88, 29, 67, 139, 153, 20, 163, 143, 149, 172, 167, 49, 138, 136, 42, 104, 4, 70, 37, 38]
39341

[187, 115, 43, 118, 9, 174, 44, 80, 32, 155, 99, 56, 73, 179, 130, 141, 68, 40, 88, 139, 20, 153, 101, 75, 69, 143, 172, 149, 90, 85, 138, 195, 177, 151, 55, 37, 87, 170, 140, 33, 89, 24, 16, 142, 102, 145, 128, 133, 21, 7, 154, 182, 74, 53, 160, 124, 180, 1, 34, 67, 29, 127, 192, 59, 105, 148, 92, 162, 146, 26, 190, 144, 84, 0, 52, 110, 173, 120, 45, 171, 48, 189, 17, 109, 28, 183, 36, 117, 15, 62, 50, 193, 121, 169, 83, 95, 125, 86, 51, 10]
[158, 23, 31, 135, 60, 137, 25, 198, 6, 81, 77, 8, 123, 178, 65, 152, 47, 165, 164, 103, 96, 196, 91, 18, 98, 35, 13, 191, 107, 188, 72, 2, 58, 166, 157, 76, 79, 168, 163, 22, 167, 184, 49, 94, 93, 181, 194, 112, 175, 132, 136, 42, 104, 4, 70, 38, 27, 147, 199, 57, 97, 113, 129, 71, 82, 61, 106, 108, 5, 186, 150, 64, 30, 156, 111, 126, 134, 41, 185, 119, 46, 66, 176, 161, 54, 63, 19, 159, 78, 12, 14, 122, 197, 100, 3, 11, 39, 131, 116, 114]
38771

[17, 36, 137, 8, 81, 77, 25, 135, 60, 109, 48, 189, 18, 9, 174, 91, 118, 178, 62, 187, 115, 10, 51, 95, 86, 125, 103, 96, 80, 35, 191, 3, 100, 59, 166, 58, 2, 72, 88, 153, 139, 163, 143, 90, 93, 181, 194, 112, 175, 132, 42, 177, 151, 55, 147, 87, 199, 170, 140, 57, 33, 89, 21, 133, 74, 108, 5, 53, 82, 61, 167, 34, 168, 67, 29, 180, 124, 160, 79, 76, 157, 127, 192, 146, 11, 39, 131, 84, 144, 197, 122, 14, 12, 176, 64, 30, 66, 119, 46, 150]
[19, 54, 41, 134, 185, 126, 111, 154, 16, 24, 142, 102, 113, 97, 27, 38, 37, 70, 195, 4, 104, 136, 85, 138, 94, 49, 184, 71, 129, 128, 145, 7, 182, 106, 156, 186, 1, 22, 172, 149, 75, 69, 101, 20, 40, 68, 188, 130, 179, 155, 99, 32, 44, 196, 56, 73, 141, 107, 13, 98, 105, 162, 92, 148, 65, 152, 43, 47, 164, 165, 83, 169, 121, 193, 50, 15, 117, 123, 198, 6, 31, 23, 183, 28, 171, 45, 120, 173, 158, 110, 116, 114, 52, 0, 190, 26, 78, 159, 161, 63]
41817

[6, 198, 28, 109, 17, 11, 131, 84, 190, 26, 78, 159, 19, 63, 161, 66, 54, 41, 134, 185, 126, 7, 21, 128, 145, 102, 142, 16, 24, 89, 33, 57, 140, 170, 199, 97, 113, 37, 70, 195, 104, 42, 136, 132, 175, 85, 138, 74, 106, 46, 156, 108, 53, 167, 172, 143, 69, 75, 101, 20, 153, 72, 2, 188, 141, 107, 68, 58, 40, 88, 139, 163, 168, 67, 29, 160, 76, 157, 166, 127, 192, 59, 100, 191, 13, 35, 56, 32, 44, 196, 91, 118, 103, 164, 165, 10, 83, 47, 193, 81]
[65, 152, 178, 36, 183, 48, 148, 105, 92, 162, 3, 79, 150, 186, 5, 124, 180, 1, 34, 22, 149, 90, 94, 93, 181, 194, 112, 4, 177, 151, 55, 147, 87, 27, 38, 129, 71, 49, 184, 61, 82, 133, 182, 154, 111, 119, 30, 64, 176, 12, 14, 122, 197, 144, 0, 52, 114, 116, 110, 39, 146, 45, 171, 120, 173, 158, 23, 31, 135, 60, 25, 77, 8, 137, 123, 117, 15, 50, 62, 43, 187, 115, 121, 169, 51, 95, 86, 125, 96, 80, 99, 155, 179, 130, 73, 174, 9, 98, 18, 189]
40638

[26, 192, 127, 3, 105, 148, 117, 15, 62, 50, 193, 115, 121, 169, 86, 125, 164, 103, 96, 80, 196, 44, 32, 99, 155, 179, 73, 56, 35, 13, 191, 107, 40, 88, 139, 163, 75, 181, 194, 112, 175, 132, 136, 42, 104, 4, 70, 27, 147, 87, 199, 170, 140, 57, 97, 113, 102, 128, 145, 142, 89, 33, 24, 16, 7, 126, 41, 134, 19, 63, 54, 185, 106, 108, 21, 133, 49, 167, 172, 22, 34, 168, 67, 29, 150, 64, 122, 84, 0, 52, 110, 173, 135, 60, 28, 171, 45, 120, 131, 190]
[152, 178, 43, 187, 47, 83, 10, 51, 95, 165, 9, 174, 68, 141, 130, 188, 72, 2, 58, 153, 20, 101, 69, 143, 149, 90, 93, 94, 85, 138, 195, 177, 151, 55, 37, 38, 129, 71, 82, 61, 184, 1, 180, 124, 160, 79, 76, 157, 166, 59, 100, 162, 92, 11, 146, 39, 197, 12, 176, 30, 156, 186, 5, 53, 74, 182, 154, 111, 119, 46, 66, 161, 159, 78, 14, 144, 114, 116, 158, 23, 31, 25, 198, 6, 81, 77, 8, 137, 123, 36, 183, 109, 17, 48, 189, 18, 98, 91, 118, 65]
40587

[38, 195, 177, 4, 75, 163, 168, 67, 29, 166, 58, 2, 72, 188, 130, 179, 73, 56, 35, 44, 196, 174, 9, 91, 98, 13, 107, 191, 148, 105, 92, 162, 45, 171, 109, 17, 48, 18, 118, 47, 83, 165, 95, 10, 51, 169, 121, 193, 50, 115, 187, 43, 62, 60, 135, 23, 158, 173, 120, 110, 116, 114, 52, 0, 190, 26, 59, 127, 192, 157, 76, 79, 160, 124, 150, 186, 53, 5, 108, 106, 119, 54, 161, 159, 63, 19, 134, 41, 185, 126, 111, 145, 102, 57, 170, 97, 113, 128, 21, 133]
[31, 131, 84, 144, 197, 122, 14, 78, 12, 176, 64, 66, 30, 46, 156, 61, 82, 71, 129, 74, 182, 154, 7, 16, 24, 142, 89, 33, 140, 199, 87, 147, 27, 37, 70, 55, 151, 104, 42, 136, 132, 175, 112, 194, 181, 93, 90, 149, 94, 85, 138, 49, 184, 167, 180, 1, 34, 172, 22, 143, 69, 101, 20, 139, 153, 88, 40, 68, 141, 155, 99, 32, 80, 96, 125, 86, 164, 103, 3, 100, 146, 39, 11, 28, 183, 189, 65, 152, 178, 15, 117, 36, 123, 137, 8, 77, 81, 6, 198, 25]
41451

[76, 79, 150, 74, 21, 133, 71, 138, 49, 149, 143, 69, 90, 93, 94, 85, 4, 195, 87, 97, 33, 89, 142, 24, 16, 7, 182, 154, 106, 156, 46, 119, 63, 19, 14, 122, 197, 26, 190, 39, 173, 23, 31, 135, 25, 198, 6, 81, 77, 36, 183, 28, 11, 146, 192, 127, 166, 68, 107, 13, 174, 9, 91, 118, 65, 152, 43, 115, 121, 169, 51, 10, 83, 47, 165, 95, 86, 125, 164, 103, 96, 80, 44, 32, 155, 99, 73, 179, 130, 188, 72, 2, 58, 88, 139, 20, 163, 29, 124, 160]
[136, 42, 104, 177, 151, 55, 37, 70, 129, 38, 27, 147, 199, 170, 140, 57, 113, 102, 145, 128, 82, 61, 184, 167, 172, 22, 168, 67, 34, 1, 180, 186, 53, 5, 108, 111, 126, 185, 134, 41, 54, 161, 159, 78, 144, 84, 12, 176, 66, 30, 64, 157, 59, 100, 3, 191, 162, 92, 105, 148, 48, 17, 109, 171, 45, 120, 110, 131, 0, 52, 114, 116, 158, 60, 137, 8, 123, 117, 50, 193, 187, 62, 15, 178, 189, 18, 98, 196, 35, 56, 141, 40, 153, 101, 75, 181, 194, 175, 132, 112]
40037

[136, 90, 149, 22, 143, 69, 75, 101, 163, 139, 20, 153, 88, 58, 2, 72, 155, 99, 32, 44, 80, 96, 103, 164, 95, 125, 86, 165, 83, 47, 115, 43, 152, 178, 8, 81, 77, 137, 60, 135, 171, 45, 120, 173, 116, 114, 110, 39, 146, 11, 48, 17, 189, 98, 13, 191, 3, 100, 192, 127, 157, 76, 29, 160, 79, 64, 176, 161, 63, 19, 54, 66, 30, 46, 156, 119, 111, 7, 102, 142, 16, 24, 89, 33, 57, 140, 170, 199, 97, 113, 87, 147, 27, 38, 37, 70, 55, 151, 177, 104]
[175, 112, 132, 42, 4, 195, 129, 128, 145, 133, 21, 182, 154, 74, 53, 5, 108, 106, 126, 185, 41, 134, 159, 78, 12, 14, 122, 197, 144, 0, 52, 131, 84, 190, 26, 59, 107, 35, 174, 9, 91, 18, 148, 105, 92, 162, 158, 23, 31, 6, 198, 25, 28, 109, 183, 36, 123, 117, 15, 62, 187, 50, 193, 121, 169, 51, 10, 65, 118, 196, 56, 73, 179, 130, 188, 141, 68, 166, 40, 67, 168, 34, 1, 180, 124, 150, 186, 172, 167, 184, 49, 61, 82, 71, 138, 85, 94, 93, 181, 194]
39989

[138, 85, 195, 4, 104, 136, 112, 194, 181, 93, 75, 69, 101, 153, 20, 139, 163, 168, 34, 67, 192, 127, 166, 2, 72, 73, 56, 35, 174, 9, 196, 103, 125, 86, 51, 10, 169, 121, 193, 115, 187, 43, 152, 65, 118, 91, 18, 98, 148, 105, 92, 189, 48, 17, 109, 28, 183, 60, 25, 135, 171, 45, 120, 116, 114, 11, 162, 3, 100, 59, 146, 39, 131, 84, 144, 190, 26, 197, 122, 12, 176, 66, 161, 63, 19, 54, 41, 134, 185, 126, 156, 106, 182, 128, 113, 97, 87, 147, 27, 38]
[89, 142, 16, 24, 33, 140, 199, 170, 57, 102, 145, 133, 21, 74, 108, 5, 53, 82, 61, 184, 167, 172, 149, 49, 71, 129, 70, 37, 55, 151, 177, 42, 132, 175, 94, 90, 143, 22, 1, 180, 124, 160, 150, 186, 79, 76, 157, 29, 88, 40, 58, 68, 141, 188, 130, 179, 107, 191, 13, 99, 155, 32, 44, 80, 96, 164, 95, 165, 83, 47, 178, 15, 62, 50, 117, 36, 123, 137, 8, 77, 81, 6, 198, 31, 23, 158, 173, 110, 52, 0, 14, 78, 159, 64, 30, 46, 119, 111, 154, 7]
39951

[178, 36, 183, 137, 8, 77, 81, 6, 198, 158, 116, 114, 110, 52, 0, 131, 84, 144, 190, 26, 39, 146, 192, 127, 157, 76, 160, 79, 64, 176, 161, 54, 41, 134, 185, 126, 111, 154, 182, 7, 16, 24, 142, 89, 33, 102, 38, 129, 71, 70, 195, 4, 104, 136, 85, 138, 49, 82, 61, 184, 167, 149, 90, 93, 75, 69, 101, 143, 22, 20, 153, 166, 191, 13, 107, 73, 155, 99, 56, 35, 174, 9, 196, 44, 32, 80, 96, 95, 125, 86, 51, 10, 83, 47, 169, 121, 115, 187, 62, 15]
[59, 68, 141, 179, 130, 188, 72, 2, 58, 40, 88, 139, 163, 29, 67, 168, 34, 1, 172, 94, 181, 194, 112, 175, 132, 42, 177, 151, 55, 37, 27, 147, 87, 199, 170, 140, 57, 97, 113, 128, 145, 133, 21, 74, 106, 108, 5, 53, 180, 124, 150, 186, 156, 119, 46, 30, 66, 63, 19, 159, 78, 12, 14, 122, 197, 11, 48, 189, 17, 109, 28, 171, 45, 120, 173, 23, 31, 25, 135, 60, 123, 117, 50, 193, 43, 152, 65, 165, 164, 103, 118, 91, 18, 98, 148, 105, 92, 162, 3, 100]
37226

[48, 189, 92, 162, 11, 39, 131, 84, 144, 190, 26, 197, 122, 14, 78, 161, 134, 41, 185, 126, 111, 106, 108, 5, 53, 150, 160, 124, 180, 1, 34, 167, 184, 61, 82, 49, 85, 136, 132, 175, 112, 194, 181, 75, 69, 101, 72, 2, 58, 40, 88, 29, 76, 157, 192, 127, 59, 100, 107, 35, 196, 44, 80, 96, 164, 95, 125, 86, 51, 169, 193, 50, 187, 62, 178, 15, 117, 36, 183, 123, 137, 8, 77, 81, 6, 198, 25, 60, 135, 31, 23, 158, 110, 173, 120, 45, 171, 28, 109, 17]
[46, 30, 66, 176, 12, 64, 166, 68, 141, 188, 130, 179, 73, 56, 99, 155, 32, 103, 165, 10, 83, 47, 121, 115, 43, 152, 65, 118, 18, 91, 9, 174, 98, 148, 105, 13, 191, 3, 146, 116, 114, 52, 0, 159, 19, 63, 54, 119, 154, 182, 74, 133, 21, 7, 128, 145, 142, 16, 24, 89, 33, 102, 113, 97, 57, 140, 170, 199, 87, 147, 27, 37, 70, 38, 129, 71, 138, 195, 55, 151, 177, 4, 104, 42, 94, 93, 90, 149, 143, 172, 22, 163, 20, 153, 139, 168, 67, 79, 186, 156]
37797

[70, 37, 27, 147, 199, 170, 87, 38, 129, 71, 82, 61, 49, 138, 85, 195, 4, 132, 175, 112, 194, 181, 93, 75, 69, 22, 172, 167, 184, 34, 1, 180, 76, 157, 40, 88, 163, 139, 20, 153, 58, 2, 72, 188, 130, 179, 99, 35, 13, 191, 3, 162, 105, 98, 9, 174, 118, 103, 47, 115, 121, 193, 50, 77, 81, 6, 198, 25, 31, 23, 171, 45, 120, 173, 158, 116, 114, 190, 26, 197, 159, 161, 63, 19, 54, 41, 134, 185, 126, 154, 182, 7, 21, 133, 74, 111, 119, 46, 150, 124]
[17, 109, 28, 183, 178, 152, 65, 189, 48, 11, 39, 131, 110, 52, 0, 84, 144, 122, 14, 78, 12, 176, 66, 30, 156, 186, 53, 5, 108, 106, 128, 145, 102, 142, 16, 24, 89, 33, 140, 57, 97, 113, 55, 151, 177, 104, 42, 136, 94, 90, 149, 143, 101, 68, 141, 73, 56, 107, 166, 29, 168, 67, 160, 79, 64, 192, 127, 59, 100, 146, 92, 148, 18, 91, 196, 44, 32, 155, 80, 96, 164, 125, 86, 95, 165, 51, 10, 83, 169, 187, 43, 62, 15, 117, 36, 60, 135, 137, 123, 8]
42229

[69, 101, 143, 22, 29, 58, 72, 2, 59, 100, 3, 162, 105, 148, 191, 13, 98, 18, 91, 9, 174, 35, 56, 73, 99, 32, 80, 96, 103, 47, 187, 62, 178, 117, 123, 8, 77, 137, 36, 60, 110, 116, 114, 52, 0, 131, 39, 84, 144, 190, 197, 26, 157, 76, 186, 5, 156, 46, 30, 64, 66, 161, 63, 54, 126, 111, 74, 182, 154, 7, 21, 133, 82, 71, 138, 49, 93, 75, 181, 194, 112, 175, 132, 136, 42, 104, 4, 37, 70, 129, 38, 199, 170, 140, 57, 33, 89, 24, 16, 142]
[128, 145, 102, 113, 97, 87, 147, 27, 55, 151, 177, 195, 85, 94, 90, 149, 172, 163, 139, 20, 153, 88, 40, 166, 107, 141, 68, 188, 130, 179, 155, 44, 196, 118, 65, 152, 43, 115, 83, 165, 164, 95, 125, 86, 51, 10, 169, 121, 193, 50, 15, 81, 6, 198, 25, 135, 31, 23, 158, 173, 120, 45, 171, 183, 28, 109, 17, 48, 189, 92, 11, 146, 127, 192, 122, 14, 78, 12, 176, 159, 19, 134, 41, 185, 119, 106, 108, 53, 150, 79, 160, 124, 180, 1, 34, 67, 168, 167, 184, 61]
40423

[187, 43, 62, 15, 117, 36, 183, 28, 17, 109, 171, 110, 116, 114, 52, 0, 131, 84, 144, 14, 12, 176, 66, 30, 46, 156, 119, 111, 154, 182, 74, 133, 21, 7, 16, 24, 33, 57, 140, 170, 199, 87, 147, 27, 37, 70, 55, 151, 177, 195, 138, 85, 94, 90, 93, 194, 181, 75, 69, 101, 20, 153, 72, 2, 58, 40, 29, 67, 168, 34, 1, 180, 160, 157, 192, 127, 59, 100, 3, 107, 141, 68, 188, 130, 179, 73, 99, 155, 32, 44, 196, 103, 164, 165, 83, 169, 121, 115, 193, 50]
[78, 159, 161, 63, 19, 54, 41, 134, 185, 126, 106, 108, 5, 53, 186, 150, 124, 61, 82, 71, 129, 128, 145, 142, 89, 102, 113, 97, 38, 4, 104, 42, 136, 132, 175, 112, 49, 184, 167, 149, 143, 172, 22, 163, 139, 88, 166, 76, 79, 64, 122, 197, 26, 190, 39, 146, 11, 162, 92, 45, 120, 173, 158, 23, 48, 189, 148, 105, 191, 13, 35, 56, 80, 96, 95, 125, 86, 51, 10, 47, 118, 91, 9, 174, 98, 18, 65, 152, 178, 123, 137, 8, 81, 77, 25, 60, 135, 31, 198, 6]
39396

[110, 158, 173, 120, 45, 171, 48, 17, 109, 36, 60, 135, 25, 137, 117, 15, 164, 103, 96, 80, 44, 196, 35, 56, 73, 179, 130, 188, 141, 68, 166, 76, 157, 192, 127, 59, 100, 146, 39, 190, 26, 197, 12, 176, 64, 79, 160, 180, 1, 34, 168, 149, 90, 93, 94, 177, 151, 55, 37, 27, 147, 87, 199, 170, 97, 113, 38, 70, 129, 71, 184, 124, 150, 186, 5, 156, 108, 53, 74, 133, 21, 182, 154, 106, 111, 119, 46, 30, 66, 54, 161, 78, 14, 122, 144, 0, 114, 116, 52, 131]
[143, 69, 75, 181, 112, 132, 175, 194, 101, 153, 20, 139, 163, 67, 29, 88, 40, 58, 2, 72, 155, 99, 32, 174, 9, 98, 13, 107, 191, 3, 162, 92, 105, 148, 189, 18, 91, 118, 47, 83, 165, 95, 125, 86, 51, 10, 169, 121, 115, 193, 50, 62, 187, 43, 152, 65, 178, 123, 8, 77, 81, 6, 198, 31, 23, 183, 28, 11, 84, 159, 63, 19, 134, 41, 185, 126, 7, 145, 16, 24, 142, 89, 33, 140, 57, 102, 128, 82, 61, 138, 195, 4, 104, 42, 136, 85, 49, 167, 22, 172]
40061

[100, 59, 127, 192, 64, 66, 30, 46, 119, 185, 126, 111, 156, 106, 133, 21, 16, 24, 142, 89, 33, 102, 113, 97, 57, 140, 170, 199, 147, 55, 151, 177, 195, 138, 85, 94, 149, 172, 34, 1, 160, 79, 76, 67, 168, 22, 143, 101, 153, 20, 139, 88, 40, 58, 68, 107, 35, 103, 164, 125, 86, 95, 165, 47, 83, 10, 51, 169, 121, 115, 43, 187, 193, 50, 62, 15, 117, 123, 36, 183, 23, 158, 173, 120, 171, 48, 189, 148, 105, 92, 162, 3, 146, 39, 190, 26, 197, 84, 131, 11]
[196, 44, 96, 80, 32, 155, 99, 56, 73, 141, 179, 130, 188, 72, 2, 166, 157, 29, 163, 69, 75, 90, 93, 181, 194, 112, 175, 132, 136, 42, 104, 4, 70, 37, 27, 87, 38, 129, 71, 82, 61, 49, 184, 167, 180, 124, 150, 186, 5, 108, 53, 74, 128, 145, 7, 182, 154, 134, 41, 54, 19, 63, 161, 159, 78, 176, 12, 14, 122, 144, 0, 52, 114, 116, 110, 45, 17, 109, 28, 60, 135, 31, 25, 198, 6, 81, 77, 8, 137, 178, 152, 65, 118, 91, 18, 98, 191, 13, 174, 9]
37980

[162, 146, 11, 171, 109, 28, 183, 60, 137, 8, 77, 81, 6, 198, 25, 135, 31, 110, 84, 144, 122, 14, 12, 176, 161, 63, 19, 134, 41, 119, 106, 108, 53, 5, 156, 46, 30, 66, 64, 186, 150, 79, 76, 160, 124, 180, 1, 34, 167, 184, 61, 82, 74, 154, 182, 21, 133, 37, 70, 195, 55, 151, 177, 4, 104, 42, 136, 85, 149, 172, 22, 163, 166, 127, 192, 59, 100, 3, 191, 107, 13, 174, 9, 98, 18, 91, 118, 47, 165, 83, 121, 193, 50, 123, 117, 15, 62, 152, 65, 189]
[126, 111, 7, 145, 128, 113, 97, 102, 142, 16, 24, 89, 33, 57, 140, 170, 199, 87, 147, 27, 38, 129, 71, 138, 49, 94, 90, 93, 132, 175, 112, 194, 181, 75, 69, 143, 101, 153, 20, 139, 88, 58, 2, 72, 188, 130, 179, 155, 99, 32, 44, 196, 80, 96, 103, 164, 95, 125, 86, 51, 10, 169, 115, 187, 43, 178, 36, 17, 48, 92, 105, 148, 35, 56, 73, 141, 68, 40, 29, 168, 67, 157, 39, 45, 120, 173, 23, 158, 116, 114, 52, 0, 131, 190, 26, 197, 78, 159, 54, 185]
39629

[72, 188, 68, 107, 141, 130, 179, 155, 32, 99, 73, 56, 35, 174, 9, 196, 44, 80, 96, 103, 164, 83, 115, 187, 62, 123, 25, 198, 6, 31, 135, 60, 189, 13, 191, 127, 192, 146, 39, 110, 116, 114, 52, 0, 84, 144, 190, 197, 122, 14, 78, 161, 54, 134, 41, 119, 46, 156, 5, 74, 133, 21, 16, 24, 142, 89, 33, 102, 113, 97, 87, 27, 37, 55, 151, 177, 138, 82, 61, 167, 124, 180, 1, 34, 143, 149, 90, 93, 94, 85, 112, 132, 175, 194, 181, 75, 69, 101, 20, 153]
[131, 173, 158, 23, 120, 171, 45, 11, 48, 17, 109, 28, 183, 36, 137, 8, 77, 81, 117, 15, 50, 193, 121, 169, 10, 51, 86, 125, 95, 165, 47, 65, 152, 43, 178, 118, 91, 18, 98, 148, 105, 92, 162, 3, 100, 59, 166, 40, 58, 2, 88, 139, 163, 22, 172, 168, 67, 29, 157, 76, 79, 160, 150, 186, 53, 184, 49, 136, 42, 104, 4, 195, 70, 38, 147, 199, 170, 140, 57, 129, 71, 128, 145, 7, 182, 154, 108, 106, 111, 126, 185, 66, 30, 64, 176, 63, 19, 159, 12, 26]
40257

[117, 15, 43, 47, 165, 164, 103, 196, 44, 155, 179, 130, 188, 72, 2, 58, 166, 157, 76, 79, 64, 150, 160, 124, 180, 1, 34, 22, 143, 101, 69, 75, 175, 132, 42, 104, 177, 151, 55, 147, 199, 140, 57, 170, 87, 27, 38, 129, 53, 5, 186, 156, 111, 185, 119, 46, 30, 66, 176, 12, 14, 122, 190, 144, 84, 0, 52, 114, 116, 173, 120, 146, 192, 127, 59, 162, 92, 48, 109, 17, 189, 18, 98, 13, 174, 9, 91, 118, 65, 152, 178, 8, 77, 137, 60, 135, 25, 198, 6, 81]
[115, 187, 62, 36, 183, 28, 171, 45, 11, 148, 105, 3, 100, 191, 35, 56, 32, 80, 96, 99, 73, 107, 141, 68, 40, 88, 153, 20, 139, 163, 29, 67, 168, 172, 167, 149, 90, 94, 93, 181, 194, 112, 136, 4, 195, 70, 37, 97, 113, 102, 33, 89, 24, 16, 142, 145, 128, 82, 61, 71, 138, 85, 49, 184, 108, 106, 74, 133, 21, 7, 182, 154, 126, 134, 41, 54, 19, 63, 161, 159, 78, 197, 26, 39, 131, 110, 158, 23, 31, 123, 50, 193, 121, 83, 95, 125, 86, 51, 10, 169]
40676

[84, 190, 131, 39, 120, 23, 31, 25, 198, 6, 81, 77, 8, 137, 60, 135, 171, 45, 11, 146, 100, 3, 162, 92, 105, 148, 18, 91, 9, 174, 164, 95, 86, 125, 96, 80, 196, 44, 32, 73, 107, 188, 72, 2, 58, 88, 139, 20, 163, 143, 90, 94, 149, 172, 22, 34, 1, 167, 184, 49, 138, 85, 4, 195, 177, 151, 55, 147, 87, 102, 142, 24, 16, 7, 21, 133, 74, 182, 154, 111, 126, 185, 119, 156, 5, 186, 150, 124, 160, 76, 157, 79, 64, 176, 159, 78, 12, 14, 122, 197]
[47, 43, 187, 62, 178, 123, 117, 15, 50, 193, 115, 121, 169, 83, 10, 51, 165, 103, 118, 98, 191, 13, 35, 56, 99, 155, 179, 130, 141, 68, 166, 40, 153, 101, 69, 75, 93, 181, 194, 112, 175, 132, 136, 42, 104, 37, 27, 38, 70, 129, 71, 61, 82, 128, 145, 113, 97, 199, 170, 140, 57, 33, 89, 134, 41, 54, 66, 30, 46, 106, 108, 53, 180, 168, 67, 29, 127, 192, 59, 26, 161, 63, 19, 144, 0, 52, 110, 114, 116, 158, 173, 36, 183, 28, 109, 17, 48, 189, 65, 152]
39924

[67, 29, 168, 22, 172, 143, 69, 75, 149, 90, 94, 93, 181, 194, 112, 175, 132, 85, 138, 136, 42, 104, 4, 195, 37, 38, 97, 113, 128, 102, 33, 89, 142, 24, 16, 182, 154, 156, 46, 30, 66, 176, 12, 64, 79, 157, 192, 127, 59, 191, 148, 189, 48, 17, 109, 28, 11, 146, 39, 131, 0, 52, 110, 114, 116, 158, 135, 60, 137, 123, 178, 43, 187, 86, 125, 95, 103, 96, 80, 32, 56, 13, 107, 73, 179, 130, 188, 141, 68, 2, 72, 58, 166, 40, 88, 153, 20, 139, 163, 101]
[111, 106, 108, 5, 186, 150, 53, 61, 82, 74, 133, 21, 7, 145, 57, 140, 170, 199, 87, 147, 27, 55, 151, 177, 70, 129, 71, 49, 184, 167, 34, 1, 180, 124, 160, 76, 100, 3, 162, 92, 105, 98, 35, 99, 155, 44, 196, 174, 9, 91, 18, 118, 65, 152, 47, 164, 165, 51, 10, 83, 169, 121, 115, 193, 50, 62, 15, 117, 36, 183, 8, 77, 81, 6, 198, 25, 31, 23, 171, 45, 120, 173, 84, 144, 190, 26, 197, 122, 14, 78, 159, 161, 63, 19, 54, 41, 134, 185, 119, 126]
38045

[72, 2, 58, 29, 160, 124, 180, 1, 34, 167, 184, 61, 82, 49, 90, 143, 101, 69, 75, 181, 93, 94, 85, 138, 37, 27, 147, 87, 97, 199, 170, 140, 57, 33, 89, 145, 128, 133, 21, 74, 119, 54, 63, 19, 159, 161, 66, 176, 78, 14, 122, 144, 84, 0, 52, 39, 146, 100, 3, 11, 45, 120, 173, 158, 23, 31, 135, 60, 25, 198, 6, 81, 77, 8, 178, 62, 43, 187, 115, 169, 83, 10, 51, 86, 125, 96, 80, 32, 9, 91, 18, 148, 105, 92, 162, 98, 130, 188, 68, 141]
[28, 183, 36, 137, 123, 117, 15, 50, 193, 121, 47, 165, 95, 164, 103, 44, 196, 152, 65, 118, 174, 35, 99, 155, 179, 73, 56, 13, 191, 107, 59, 192, 127, 166, 40, 88, 153, 20, 139, 163, 149, 172, 22, 168, 67, 76, 157, 79, 150, 186, 5, 108, 53, 71, 129, 70, 195, 4, 136, 112, 194, 175, 132, 42, 104, 177, 151, 55, 38, 113, 102, 142, 24, 16, 7, 182, 154, 106, 156, 111, 126, 134, 41, 185, 46, 30, 64, 12, 197, 26, 190, 131, 110, 114, 116, 171, 48, 189, 17, 109]
39646

[197, 12, 176, 54, 185, 126, 111, 154, 182, 21, 133, 128, 145, 142, 102, 113, 97, 87, 147, 27, 37, 55, 151, 177, 104, 42, 136, 4, 195, 82, 61, 184, 167, 1, 34, 172, 149, 143, 101, 163, 139, 20, 153, 88, 58, 2, 72, 188, 141, 68, 40, 166, 127, 192, 100, 3, 162, 92, 105, 148, 18, 91, 9, 174, 35, 56, 73, 99, 155, 32, 44, 196, 80, 96, 125, 86, 95, 118, 189, 48, 17, 109, 36, 117, 15, 62, 50, 123, 8, 137, 183, 28, 171, 116, 114, 52, 0, 131, 190, 26]
[53, 5, 108, 156, 106, 74, 7, 16, 24, 89, 33, 57, 140, 170, 199, 38, 129, 71, 70, 85, 138, 49, 94, 132, 175, 112, 194, 181, 93, 90, 75, 69, 22, 168, 67, 29, 180, 160, 76, 157, 59, 107, 130, 179, 103, 164, 165, 47, 83, 10, 51, 169, 121, 193, 115, 187, 43, 178, 152, 65, 98, 13, 191, 146, 39, 11, 45, 60, 135, 25, 77, 81, 6, 198, 31, 23, 158, 173, 120, 110, 84, 144, 122, 14, 78, 159, 161, 63, 19, 134, 41, 119, 46, 30, 66, 64, 79, 150, 186, 124]
39008

[160, 150, 124, 180, 1, 34, 167, 184, 61, 82, 71, 70, 195, 4, 136, 85, 138, 49, 149, 172, 22, 168, 67, 29, 88, 40, 58, 2, 72, 188, 68, 141, 155, 99, 32, 44, 196, 80, 96, 103, 164, 95, 125, 86, 51, 10, 83, 169, 121, 115, 193, 50, 187, 47, 165, 118, 91, 9, 174, 98, 18, 48, 17, 178, 15, 117, 123, 8, 81, 77, 60, 135, 31, 23, 11, 39, 131, 110, 52, 0, 84, 144, 190, 26, 197, 12, 176, 66, 54, 119, 156, 46, 30, 64, 79, 76, 157, 166, 192, 127]
[35, 56, 73, 179, 130, 153, 20, 139, 163, 101, 75, 69, 143, 90, 94, 93, 181, 194, 112, 175, 132, 42, 104, 177, 151, 55, 37, 38, 129, 128, 145, 102, 113, 97, 87, 27, 147, 199, 170, 140, 57, 33, 89, 142, 24, 16, 7, 133, 21, 182, 154, 74, 53, 186, 5, 108, 106, 111, 126, 185, 41, 134, 19, 63, 161, 159, 78, 14, 122, 114, 116, 158, 173, 120, 45, 171, 109, 28, 183, 36, 137, 25, 198, 6, 62, 43, 152, 65, 189, 148, 105, 92, 162, 146, 3, 100, 59, 107, 191, 13]
37173

[172, 149, 90, 94, 93, 75, 69, 101, 20, 163, 139, 153, 58, 2, 72, 188, 68, 141, 130, 179, 96, 80, 44, 13, 191, 148, 189, 152, 43, 187, 115, 169, 121, 193, 50, 62, 178, 15, 117, 36, 123, 137, 25, 8, 77, 81, 6, 198, 31, 23, 120, 146, 26, 190, 197, 122, 14, 12, 176, 78, 159, 161, 63, 19, 54, 119, 66, 30, 46, 156, 150, 186, 5, 53, 21, 133, 128, 145, 102, 57, 140, 170, 199, 87, 147, 27, 38, 37, 55, 151, 177, 104, 42, 136, 4, 195, 70, 129, 71, 167]
[157, 79, 64, 185, 41, 134, 126, 111, 106, 108, 74, 182, 154, 7, 16, 24, 142, 89, 33, 97, 113, 82, 61, 184, 49, 138, 85, 112, 132, 175, 194, 181, 143, 22, 88, 40, 29, 67, 168, 34, 1, 180, 124, 160, 76, 166, 59, 107, 35, 56, 73, 99, 155, 32, 196, 103, 164, 95, 125, 86, 165, 51, 10, 83, 47, 65, 118, 91, 9, 174, 98, 18, 105, 92, 48, 17, 109, 28, 183, 60, 135, 171, 45, 173, 158, 116, 114, 110, 52, 0, 144, 84, 131, 39, 11, 162, 3, 100, 127, 192]
37010

[131, 39, 146, 11, 162, 92, 105, 148, 98, 9, 91, 18, 189, 17, 171, 45, 120, 173, 23, 135, 60, 183, 36, 178, 62, 187, 115, 121, 169, 51, 10, 103, 96, 80, 32, 155, 179, 130, 72, 2, 58, 88, 153, 139, 20, 101, 69, 143, 90, 93, 75, 181, 194, 112, 175, 132, 136, 42, 104, 4, 195, 70, 37, 87, 97, 113, 82, 61, 49, 184, 133, 21, 182, 106, 108, 5, 186, 150, 124, 180, 1, 34, 168, 67, 29, 79, 64, 176, 66, 30, 46, 119, 185, 54, 19, 63, 161, 159, 78, 12]
[166, 68, 188, 141, 73, 99, 44, 196, 164, 125, 86, 95, 165, 83, 47, 43, 152, 65, 118, 174, 35, 56, 13, 191, 107, 59, 100, 3, 48, 109, 28, 117, 15, 193, 50, 123, 137, 8, 77, 81, 6, 198, 25, 31, 158, 110, 116, 114, 52, 0, 84, 144, 14, 122, 197, 190, 26, 192, 127, 157, 76, 160, 167, 71, 129, 38, 74, 53, 156, 41, 134, 126, 111, 154, 7, 16, 24, 142, 145, 128, 102, 89, 33, 57, 140, 170, 199, 147, 27, 55, 151, 177, 138, 85, 94, 149, 172, 22, 163, 40]
39703

[39, 146, 11, 162, 3, 192, 127, 157, 76, 29, 153, 20, 101, 143, 149, 172, 1, 180, 124, 160, 150, 74, 154, 182, 21, 133, 61, 93, 181, 194, 112, 175, 132, 42, 170, 140, 57, 102, 128, 145, 142, 89, 33, 24, 16, 126, 185, 134, 41, 54, 159, 78, 12, 14, 122, 197, 26, 190, 144, 84, 131, 0, 52, 110, 173, 31, 25, 198, 6, 81, 77, 28, 109, 17, 178, 43, 187, 62, 50, 193, 121, 115, 47, 165, 96, 179, 130, 188, 68, 141, 155, 99, 174, 9, 91, 18, 118, 152, 65, 189]
[167, 184, 82, 71, 129, 38, 27, 147, 87, 199, 97, 113, 7, 111, 119, 106, 108, 5, 53, 186, 156, 46, 30, 66, 63, 19, 161, 176, 64, 79, 166, 59, 100, 191, 107, 13, 98, 148, 105, 92, 48, 171, 45, 120, 114, 116, 158, 23, 135, 60, 183, 36, 137, 8, 123, 117, 15, 169, 83, 10, 51, 86, 125, 95, 164, 103, 196, 44, 80, 32, 35, 56, 73, 2, 72, 58, 40, 88, 139, 163, 168, 67, 34, 22, 69, 75, 90, 94, 85, 136, 104, 4, 177, 151, 55, 195, 37, 70, 138, 49]
41412

[41, 134, 16, 24, 142, 89, 33, 102, 128, 113, 97, 87, 27, 38, 129, 71, 82, 49, 138, 4, 104, 42, 136, 132, 175, 112, 194, 181, 90, 149, 67, 29, 59, 191, 13, 98, 18, 118, 91, 9, 174, 35, 32, 80, 96, 103, 164, 95, 125, 86, 165, 51, 10, 83, 169, 121, 193, 50, 187, 62, 178, 15, 117, 36, 123, 137, 8, 77, 81, 6, 198, 25, 60, 28, 109, 148, 105, 92, 162, 11, 146, 39, 131, 84, 144, 190, 26, 197, 122, 14, 78, 12, 176, 156, 5, 53, 74, 133, 21, 111]
[192, 127, 166, 40, 88, 153, 20, 139, 163, 168, 34, 1, 180, 124, 61, 184, 167, 172, 22, 143, 101, 69, 75, 93, 94, 85, 195, 177, 151, 55, 70, 37, 147, 199, 170, 140, 57, 145, 7, 182, 154, 106, 108, 186, 150, 160, 76, 157, 79, 64, 66, 30, 46, 119, 126, 185, 54, 19, 63, 161, 159, 0, 52, 114, 116, 110, 45, 171, 120, 173, 158, 23, 31, 135, 183, 17, 48, 189, 65, 152, 43, 115, 47, 196, 44, 155, 99, 56, 73, 179, 130, 188, 72, 2, 58, 68, 141, 107, 3, 100]
37484

[166, 127, 192, 59, 107, 141, 68, 188, 130, 179, 155, 99, 73, 56, 35, 13, 191, 174, 9, 91, 118, 103, 164, 125, 86, 95, 165, 51, 10, 83, 178, 123, 137, 8, 77, 81, 6, 198, 28, 11, 39, 190, 122, 14, 78, 161, 119, 156, 106, 108, 53, 167, 184, 49, 61, 82, 71, 129, 38, 128, 145, 142, 89, 87, 147, 27, 37, 55, 151, 177, 195, 70, 138, 94, 93, 85, 4, 104, 42, 136, 132, 175, 112, 194, 181, 75, 69, 90, 143, 101, 20, 139, 163, 168, 67, 34, 1, 76, 157, 79]
[124, 180, 172, 149, 22, 153, 88, 72, 2, 58, 40, 29, 160, 150, 186, 5, 74, 21, 133, 102, 113, 97, 199, 170, 140, 57, 33, 24, 16, 7, 182, 154, 111, 126, 185, 134, 41, 54, 63, 19, 159, 144, 84, 131, 0, 52, 114, 116, 110, 45, 171, 120, 173, 158, 23, 31, 135, 60, 25, 117, 15, 36, 183, 109, 17, 48, 189, 65, 152, 43, 115, 187, 62, 50, 193, 121, 169, 47, 96, 80, 32, 44, 196, 98, 18, 148, 105, 92, 162, 3, 100, 146, 26, 197, 12, 176, 66, 46, 30, 64]
39008

[186, 5, 108, 106, 156, 46, 30, 54, 41, 134, 185, 126, 154, 7, 16, 24, 142, 102, 128, 129, 71, 82, 61, 74, 53, 150, 124, 22, 172, 167, 184, 49, 138, 195, 85, 112, 194, 181, 93, 90, 75, 69, 88, 40, 58, 2, 72, 188, 130, 179, 155, 99, 32, 80, 96, 103, 164, 95, 125, 86, 165, 47, 83, 10, 51, 169, 193, 50, 62, 15, 117, 8, 77, 81, 6, 198, 31, 183, 28, 109, 17, 48, 45, 171, 23, 158, 173, 120, 116, 114, 0, 144, 14, 64, 79, 76, 157, 146, 39, 26]
[18, 98, 91, 9, 174, 196, 44, 35, 56, 73, 141, 68, 166, 160, 180, 1, 34, 168, 67, 29, 163, 139, 20, 153, 101, 143, 149, 94, 175, 132, 136, 42, 104, 4, 177, 151, 55, 70, 37, 38, 27, 147, 87, 113, 97, 199, 170, 140, 57, 33, 89, 145, 133, 21, 182, 111, 119, 66, 161, 63, 19, 159, 78, 176, 12, 122, 197, 190, 84, 131, 52, 110, 11, 192, 127, 59, 107, 13, 191, 100, 3, 162, 92, 105, 148, 189, 36, 60, 135, 25, 137, 123, 178, 43, 187, 121, 115, 152, 65, 118]
39446

[54, 30, 64, 79, 76, 157, 29, 67, 160, 150, 186, 5, 53, 167, 184, 49, 61, 133, 21, 7, 128, 145, 102, 142, 16, 24, 89, 33, 57, 140, 170, 199, 97, 113, 87, 147, 27, 38, 37, 195, 112, 132, 175, 194, 181, 93, 94, 90, 75, 69, 101, 153, 20, 139, 88, 58, 2, 72, 188, 68, 107, 141, 130, 179, 155, 99, 73, 56, 35, 32, 80, 96, 125, 86, 95, 51, 10, 83, 178, 189, 92, 48, 17, 109, 28, 183, 171, 45, 120, 110, 144, 122, 14, 78, 159, 161, 63, 19, 41, 134]
[31, 198, 25, 135, 60, 36, 23, 158, 173, 116, 114, 52, 0, 131, 84, 190, 39, 11, 146, 26, 197, 12, 176, 66, 185, 126, 111, 119, 46, 156, 108, 106, 154, 182, 74, 82, 71, 129, 70, 55, 151, 177, 4, 104, 42, 136, 85, 138, 149, 143, 172, 22, 163, 168, 34, 1, 180, 124, 40, 166, 127, 192, 59, 100, 3, 191, 13, 162, 105, 148, 98, 18, 118, 91, 9, 174, 196, 44, 103, 164, 165, 47, 65, 152, 43, 187, 115, 169, 121, 193, 50, 62, 15, 117, 123, 137, 8, 77, 81, 6]
37495

[4, 195, 37, 70, 71, 129, 38, 27, 87, 97, 113, 102, 142, 24, 16, 182, 154, 111, 106, 108, 5, 53, 82, 61, 76, 59, 100, 3, 146, 110, 52, 0, 114, 116, 158, 23, 173, 120, 45, 171, 183, 28, 109, 189, 148, 92, 162, 105, 18, 118, 178, 123, 8, 77, 81, 193, 115, 121, 169, 83, 10, 51, 86, 125, 95, 165, 164, 103, 196, 44, 32, 99, 73, 56, 35, 174, 9, 91, 98, 13, 191, 107, 40, 88, 29, 139, 153, 20, 163, 167, 184, 49, 138, 194, 112, 175, 132, 42, 104, 136]
[14, 12, 176, 78, 159, 161, 63, 19, 54, 41, 134, 185, 126, 119, 46, 156, 74, 133, 21, 7, 128, 145, 89, 33, 57, 140, 170, 199, 147, 55, 151, 177, 85, 94, 93, 181, 75, 69, 101, 143, 90, 149, 172, 22, 168, 67, 34, 1, 180, 124, 160, 150, 186, 30, 66, 64, 79, 157, 192, 127, 166, 58, 72, 2, 68, 141, 188, 130, 179, 155, 80, 96, 47, 65, 152, 43, 187, 62, 50, 15, 117, 137, 25, 198, 6, 31, 135, 60, 36, 17, 48, 11, 39, 131, 84, 144, 190, 26, 197, 122]
38430

[119, 156, 64, 176, 159, 78, 12, 14, 122, 197, 190, 84, 0, 52, 114, 116, 110, 26, 192, 59, 191, 13, 174, 9, 98, 18, 105, 148, 178, 123, 137, 8, 117, 15, 62, 50, 193, 187, 43, 65, 152, 115, 121, 169, 83, 165, 164, 103, 196, 44, 35, 56, 73, 2, 72, 101, 69, 90, 93, 94, 149, 167, 184, 61, 82, 71, 49, 138, 85, 136, 104, 4, 177, 151, 55, 37, 27, 147, 87, 199, 170, 140, 57, 97, 113, 102, 142, 145, 128, 133, 182, 154, 111, 126, 134, 19, 63, 66, 30, 46]
[143, 75, 181, 194, 112, 175, 132, 42, 195, 70, 129, 38, 33, 89, 24, 16, 7, 21, 74, 53, 1, 180, 124, 160, 79, 150, 186, 5, 108, 106, 185, 41, 54, 161, 144, 131, 39, 146, 11, 162, 92, 45, 171, 120, 173, 158, 23, 31, 198, 6, 81, 77, 25, 135, 60, 36, 183, 28, 109, 17, 48, 189, 91, 118, 47, 10, 51, 86, 125, 95, 96, 80, 32, 99, 155, 179, 130, 188, 68, 141, 107, 3, 100, 127, 157, 76, 166, 40, 58, 88, 153, 20, 139, 163, 29, 67, 168, 34, 172, 22]
38931

[132, 112, 136, 42, 104, 4, 177, 151, 55, 70, 129, 71, 82, 61, 145, 16, 7, 182, 154, 106, 108, 186, 150, 124, 180, 1, 34, 67, 29, 40, 166, 107, 191, 3, 100, 192, 64, 30, 46, 156, 119, 111, 126, 185, 134, 41, 54, 19, 63, 176, 12, 197, 190, 26, 146, 92, 189, 48, 60, 120, 173, 158, 23, 31, 135, 25, 198, 6, 81, 77, 8, 137, 123, 50, 193, 187, 43, 115, 121, 169, 83, 10, 51, 165, 103, 96, 188, 72, 2, 58, 88, 22, 149, 90, 94, 93, 75, 181, 194, 175]
[36, 117, 15, 62, 178, 65, 152, 47, 86, 125, 95, 164, 118, 18, 91, 9, 174, 196, 44, 80, 32, 155, 99, 35, 56, 73, 179, 130, 141, 68, 13, 98, 148, 105, 162, 59, 127, 157, 76, 79, 160, 168, 163, 139, 20, 153, 101, 69, 143, 172, 167, 184, 49, 138, 85, 195, 37, 27, 147, 87, 199, 170, 140, 57, 33, 89, 24, 142, 102, 113, 97, 38, 128, 133, 21, 74, 53, 5, 66, 161, 159, 78, 14, 122, 144, 84, 131, 39, 11, 110, 52, 0, 114, 116, 45, 171, 109, 17, 28, 183]
38564

[102, 142, 24, 89, 33, 113, 97, 57, 140, 170, 199, 87, 147, 27, 38, 37, 55, 151, 177, 195, 85, 94, 75, 69, 143, 101, 163, 22, 172, 1, 53, 5, 108, 106, 119, 46, 30, 156, 186, 150, 40, 58, 2, 72, 188, 130, 179, 155, 99, 118, 65, 152, 43, 193, 50, 62, 15, 123, 8, 77, 137, 36, 48, 92, 162, 3, 191, 13, 107, 59, 127, 192, 26, 190, 39, 131, 84, 144, 197, 122, 14, 12, 78, 159, 176, 66, 161, 63, 19, 54, 41, 134, 185, 126, 111, 154, 182, 21, 7, 16]
[4, 104, 42, 136, 132, 175, 112, 194, 181, 93, 90, 149, 139, 20, 153, 88, 68, 141, 73, 56, 35, 174, 9, 98, 148, 105, 109, 28, 183, 17, 189, 18, 91, 196, 44, 32, 80, 96, 103, 164, 165, 95, 125, 86, 51, 10, 83, 47, 169, 121, 115, 187, 178, 117, 81, 6, 198, 25, 60, 135, 31, 23, 171, 45, 120, 173, 158, 116, 114, 0, 52, 110, 11, 146, 100, 166, 29, 67, 168, 34, 180, 124, 160, 76, 157, 79, 64, 74, 133, 145, 128, 82, 61, 184, 167, 49, 138, 71, 129, 70]
38309

[68, 141, 40, 166, 127, 192, 146, 39, 11, 28, 183, 17, 189, 18, 91, 9, 174, 98, 148, 105, 92, 162, 191, 13, 107, 56, 35, 32, 44, 196, 118, 47, 10, 51, 83, 152, 65, 43, 187, 115, 193, 50, 15, 117, 8, 81, 77, 135, 158, 116, 114, 0, 144, 122, 14, 12, 54, 185, 126, 111, 119, 46, 66, 30, 79, 160, 150, 186, 156, 106, 108, 5, 53, 74, 113, 97, 87, 27, 38, 70, 112, 132, 175, 194, 181, 93, 49, 184, 167, 124, 180, 1, 34, 163, 139, 20, 101, 153, 88, 58]
[134, 41, 19, 63, 161, 159, 78, 176, 64, 76, 157, 59, 100, 3, 48, 109, 171, 45, 131, 190, 26, 197, 84, 52, 110, 120, 173, 23, 31, 6, 198, 25, 60, 137, 123, 36, 178, 62, 121, 169, 165, 86, 125, 95, 164, 103, 96, 80, 155, 99, 73, 179, 130, 188, 72, 2, 29, 67, 168, 22, 172, 149, 143, 69, 75, 90, 94, 85, 138, 61, 82, 71, 129, 195, 4, 136, 42, 104, 177, 151, 55, 37, 147, 199, 170, 140, 57, 102, 145, 128, 133, 21, 182, 154, 7, 142, 89, 33, 24, 16]
40784

[125, 86, 95, 165, 83, 47, 103, 196, 44, 32, 56, 35, 13, 174, 9, 98, 18, 91, 118, 65, 152, 43, 187, 115, 121, 193, 50, 15, 117, 123, 36, 183, 28, 60, 135, 25, 137, 8, 77, 81, 6, 198, 31, 23, 158, 116, 114, 84, 144, 190, 26, 176, 66, 63, 19, 134, 7, 145, 102, 113, 27, 37, 38, 129, 71, 138, 85, 70, 55, 151, 177, 195, 4, 104, 42, 136, 132, 175, 149, 172, 1, 180, 124, 34, 22, 143, 163, 139, 88, 40, 166, 127, 59, 100, 191, 107, 68, 141, 73, 99]
[181, 75, 69, 101, 153, 20, 168, 67, 29, 58, 2, 72, 188, 130, 179, 155, 80, 96, 164, 10, 51, 169, 62, 178, 17, 109, 171, 45, 120, 173, 110, 52, 0, 131, 39, 146, 11, 48, 189, 148, 105, 92, 162, 3, 192, 157, 76, 79, 64, 12, 197, 122, 14, 78, 159, 161, 54, 41, 185, 126, 111, 119, 46, 30, 156, 5, 108, 106, 154, 182, 16, 24, 142, 89, 33, 57, 140, 170, 199, 147, 87, 97, 128, 133, 21, 74, 53, 186, 150, 160, 167, 184, 61, 82, 49, 94, 90, 93, 112, 194]
39457

[93, 94, 85, 138, 70, 37, 57, 140, 170, 199, 147, 55, 151, 177, 195, 4, 104, 42, 136, 132, 175, 112, 194, 181, 75, 90, 149, 172, 22, 168, 88, 58, 2, 72, 188, 141, 130, 179, 155, 32, 99, 73, 56, 35, 13, 174, 9, 91, 196, 44, 80, 96, 103, 164, 165, 83, 169, 115, 187, 62, 178, 8, 77, 81, 6, 198, 25, 60, 36, 183, 28, 109, 192, 157, 76, 180, 124, 160, 79, 64, 197, 26, 190, 144, 122, 14, 12, 176, 66, 30, 106, 74, 154, 182, 21, 7, 16, 145, 128, 133]
[29, 163, 139, 20, 153, 101, 69, 143, 167, 1, 34, 67, 150, 186, 156, 46, 119, 111, 108, 5, 53, 82, 61, 184, 49, 71, 129, 38, 27, 87, 97, 113, 102, 33, 89, 142, 24, 126, 185, 134, 41, 54, 19, 63, 161, 159, 78, 127, 166, 40, 59, 100, 68, 107, 191, 105, 148, 189, 18, 98, 118, 65, 152, 43, 47, 95, 125, 86, 51, 10, 121, 193, 50, 15, 117, 123, 137, 135, 31, 23, 158, 173, 110, 116, 114, 52, 0, 84, 131, 39, 146, 11, 120, 45, 171, 17, 48, 92, 162, 3]
41364

[46, 156, 5, 108, 106, 111, 154, 182, 74, 133, 21, 7, 16, 24, 142, 89, 33, 102, 145, 128, 113, 97, 57, 140, 170, 199, 87, 147, 27, 195, 4, 104, 42, 136, 132, 175, 112, 194, 181, 1, 180, 124, 160, 79, 64, 197, 26, 146, 3, 100, 59, 166, 58, 2, 72, 188, 130, 179, 155, 99, 32, 44, 196, 174, 98, 105, 148, 65, 152, 178, 15, 117, 123, 8, 77, 81, 6, 198, 25, 135, 31, 23, 171, 45, 183, 28, 109, 17, 48, 92, 11, 116, 114, 0, 144, 14, 12, 176, 30, 66]
[18, 189, 120, 173, 110, 131, 39, 162, 191, 13, 9, 91, 118, 96, 80, 35, 56, 73, 107, 141, 68, 40, 88, 29, 67, 168, 34, 172, 22, 163, 139, 20, 153, 101, 75, 69, 143, 149, 90, 93, 94, 167, 184, 49, 138, 85, 177, 151, 55, 70, 37, 38, 129, 71, 82, 61, 53, 186, 150, 76, 157, 127, 192, 78, 161, 119, 126, 185, 134, 41, 54, 63, 19, 159, 122, 190, 84, 52, 158, 60, 137, 36, 62, 50, 193, 187, 43, 115, 121, 169, 47, 83, 10, 51, 86, 125, 95, 165, 103, 164]
39740

[9, 91, 18, 98, 148, 189, 183, 36, 123, 8, 77, 198, 6, 81, 117, 115, 121, 169, 51, 10, 83, 47, 165, 95, 86, 125, 164, 103, 96, 179, 130, 188, 153, 20, 139, 163, 101, 75, 69, 143, 90, 93, 94, 85, 136, 4, 138, 71, 61, 82, 128, 113, 87, 97, 102, 142, 24, 16, 126, 185, 134, 41, 54, 66, 30, 46, 156, 108, 5, 53, 186, 64, 76, 157, 127, 192, 26, 190, 144, 84, 131, 0, 52, 114, 116, 110, 158, 173, 120, 191, 107, 68, 141, 73, 99, 155, 80, 44, 196, 174]
[193, 187, 43, 152, 65, 118, 32, 56, 35, 13, 105, 92, 162, 3, 100, 59, 166, 40, 58, 2, 72, 88, 29, 67, 160, 79, 150, 124, 180, 1, 34, 168, 22, 172, 149, 167, 184, 49, 181, 194, 112, 175, 132, 42, 104, 177, 151, 55, 195, 70, 129, 38, 37, 27, 147, 199, 170, 140, 57, 33, 89, 145, 7, 133, 21, 182, 154, 74, 106, 111, 119, 19, 63, 161, 159, 78, 176, 12, 14, 122, 197, 39, 146, 11, 45, 171, 23, 31, 135, 25, 137, 60, 28, 109, 17, 48, 178, 15, 62, 50]
38395

[40, 68, 107, 191, 13, 56, 35, 196, 95, 125, 86, 51, 10, 83, 47, 169, 193, 50, 117, 123, 137, 8, 77, 81, 6, 198, 25, 60, 135, 31, 158, 173, 39, 146, 11, 48, 17, 109, 28, 183, 189, 105, 92, 162, 3, 100, 59, 190, 84, 144, 12, 176, 64, 30, 66, 161, 54, 41, 134, 185, 126, 154, 182, 21, 133, 128, 145, 57, 140, 170, 199, 147, 55, 151, 177, 104, 42, 136, 4, 195, 70, 37, 27, 38, 129, 74, 53, 79, 157, 76, 124, 180, 1, 34, 22, 163, 20, 139, 168, 67]
[49, 138, 85, 94, 93, 132, 175, 112, 194, 181, 75, 90, 149, 143, 69, 101, 153, 88, 58, 2, 72, 188, 141, 130, 179, 73, 99, 155, 32, 98, 148, 18, 91, 9, 174, 44, 80, 96, 103, 164, 165, 118, 65, 152, 43, 187, 115, 121, 62, 15, 178, 36, 23, 171, 45, 120, 110, 116, 114, 52, 0, 131, 122, 14, 19, 63, 159, 78, 197, 26, 192, 127, 166, 29, 160, 150, 186, 5, 108, 106, 156, 46, 119, 111, 7, 16, 24, 142, 89, 33, 102, 113, 97, 87, 71, 82, 61, 184, 167, 172]
40018

[1, 180, 124, 160, 67, 29, 166, 127, 59, 100, 3, 105, 148, 35, 56, 73, 179, 155, 99, 32, 44, 196, 80, 96, 164, 95, 125, 86, 51, 10, 83, 169, 121, 115, 187, 193, 50, 15, 36, 137, 25, 135, 60, 183, 28, 17, 109, 171, 45, 120, 110, 116, 114, 52, 0, 84, 144, 197, 122, 14, 12, 78, 159, 176, 30, 156, 150, 186, 5, 108, 106, 111, 154, 182, 21, 128, 145, 89, 33, 57, 140, 170, 199, 87, 147, 27, 38, 37, 70, 55, 151, 177, 195, 4, 104, 42, 136, 85, 138, 34]
[16, 7, 74, 53, 133, 24, 142, 102, 113, 97, 129, 71, 82, 61, 184, 167, 49, 94, 90, 149, 143, 69, 93, 112, 132, 175, 194, 181, 75, 101, 153, 20, 139, 163, 22, 172, 168, 88, 40, 58, 2, 72, 188, 130, 141, 68, 107, 191, 13, 174, 9, 91, 98, 18, 189, 118, 103, 165, 47, 152, 65, 178, 43, 62, 117, 123, 8, 77, 81, 6, 198, 31, 23, 158, 173, 48, 92, 162, 11, 146, 39, 131, 190, 26, 192, 157, 76, 79, 64, 161, 19, 63, 66, 46, 119, 126, 185, 54, 41, 134]
38205

[182, 154, 21, 133, 128, 145, 57, 140, 170, 199, 87, 147, 27, 37, 4, 104, 42, 136, 132, 175, 112, 194, 181, 94, 85, 138, 49, 167, 172, 149, 90, 93, 75, 69, 101, 20, 143, 22, 168, 67, 29, 166, 162, 92, 105, 148, 18, 98, 9, 196, 44, 103, 164, 95, 165, 51, 10, 83, 169, 121, 115, 187, 193, 50, 137, 8, 77, 81, 6, 198, 25, 60, 135, 31, 23, 158, 173, 146, 39, 131, 84, 190, 26, 161, 63, 19, 134, 41, 54, 66, 64, 79, 157, 76, 160, 150, 186, 5, 108, 74]
[174, 91, 118, 189, 48, 17, 109, 28, 183, 36, 123, 117, 15, 178, 62, 43, 152, 65, 47, 86, 125, 96, 80, 32, 56, 35, 13, 191, 59, 127, 192, 100, 3, 11, 45, 171, 120, 110, 116, 114, 52, 0, 144, 197, 122, 14, 12, 78, 159, 176, 30, 46, 119, 185, 126, 111, 7, 16, 24, 142, 89, 33, 102, 113, 97, 38, 55, 151, 177, 195, 70, 129, 71, 82, 61, 184, 53, 106, 156, 124, 180, 1, 34, 163, 139, 153, 88, 40, 58, 2, 72, 188, 130, 179, 141, 68, 107, 73, 155, 99]
37257

[102, 113, 97, 87, 82, 61, 184, 167, 172, 22, 149, 90, 93, 94, 55, 151, 177, 42, 136, 132, 175, 112, 194, 181, 75, 69, 143, 101, 20, 163, 168, 1, 160, 79, 64, 192, 127, 191, 13, 98, 18, 118, 91, 9, 174, 35, 56, 73, 99, 32, 44, 196, 164, 95, 125, 86, 51, 10, 169, 121, 178, 15, 117, 123, 8, 77, 137, 135, 60, 36, 183, 28, 189, 148, 11, 146, 39, 131, 26, 197, 12, 176, 54, 41, 134, 185, 126, 111, 119, 106, 108, 154, 182, 21, 7, 16, 24, 142, 33, 89]
[81, 6, 198, 25, 31, 23, 158, 173, 120, 45, 171, 109, 17, 48, 110, 116, 114, 52, 0, 84, 144, 190, 122, 14, 78, 159, 19, 63, 161, 66, 30, 46, 156, 150, 124, 180, 186, 5, 53, 74, 133, 128, 145, 57, 140, 170, 199, 147, 27, 37, 38, 129, 70, 195, 4, 104, 85, 138, 71, 49, 34, 67, 29, 76, 157, 166, 59, 100, 3, 162, 92, 105, 107, 68, 40, 88, 139, 153, 58, 2, 72, 188, 141, 130, 179, 155, 80, 96, 103, 165, 83, 47, 65, 152, 43, 115, 187, 62, 50, 193]
39172

[81, 8, 77, 6, 198, 25, 31, 23, 158, 173, 120, 110, 116, 114, 52, 0, 131, 84, 144, 190, 197, 64, 30, 46, 156, 119, 111, 154, 7, 145, 128, 57, 140, 170, 199, 87, 147, 27, 37, 70, 55, 151, 177, 104, 42, 136, 112, 181, 101, 20, 139, 153, 88, 72, 2, 58, 40, 67, 168, 22, 143, 90, 149, 184, 167, 180, 124, 160, 150, 186, 79, 76, 157, 192, 127, 59, 68, 188, 141, 73, 56, 35, 32, 44, 196, 148, 105, 48, 183, 36, 62, 43, 187, 115, 47, 169, 121, 193, 50, 15]
[13, 107, 130, 179, 155, 99, 80, 96, 164, 95, 125, 86, 51, 10, 83, 165, 103, 118, 91, 9, 174, 98, 18, 189, 65, 152, 178, 117, 123, 137, 60, 135, 28, 17, 109, 171, 45, 11, 146, 39, 26, 122, 14, 12, 176, 66, 78, 159, 161, 63, 19, 54, 41, 134, 185, 126, 106, 108, 5, 1, 34, 172, 93, 94, 85, 138, 49, 71, 82, 61, 53, 74, 182, 21, 133, 16, 24, 142, 89, 33, 102, 113, 97, 38, 129, 195, 4, 132, 175, 194, 75, 69, 163, 29, 166, 100, 3, 162, 92, 191]
40367

[190, 0, 52, 114, 116, 110, 158, 173, 120, 45, 171, 109, 28, 183, 36, 137, 123, 117, 178, 15, 50, 193, 62, 43, 187, 115, 121, 169, 51, 10, 83, 47, 152, 65, 118, 18, 98, 13, 191, 3, 100, 59, 166, 40, 58, 2, 72, 88, 29, 67, 168, 22, 172, 69, 75, 181, 194, 175, 132, 112, 49, 184, 138, 70, 195, 177, 147, 199, 170, 140, 57, 33, 89, 142, 102, 145, 128, 133, 21, 182, 154, 74, 53, 5, 186, 119, 111, 126, 185, 54, 19, 63, 161, 66, 176, 157, 127, 192, 26, 197]
[113, 97, 87, 38, 129, 71, 82, 61, 167, 150, 79, 64, 30, 46, 156, 108, 106, 7, 16, 24, 134, 41, 159, 78, 12, 14, 122, 144, 84, 131, 39, 146, 11, 162, 92, 105, 148, 189, 48, 17, 60, 135, 23, 31, 25, 198, 6, 81, 77, 8, 165, 86, 125, 95, 164, 103, 96, 80, 44, 196, 91, 9, 174, 35, 56, 73, 99, 32, 155, 179, 130, 188, 68, 141, 107, 76, 160, 124, 180, 1, 34, 163, 139, 20, 153, 101, 143, 149, 90, 93, 94, 85, 136, 42, 104, 4, 151, 55, 37, 27]
38212

[17, 109, 48, 189, 92, 162, 105, 148, 98, 18, 91, 118, 65, 152, 43, 187, 115, 121, 47, 96, 80, 44, 32, 155, 99, 35, 56, 73, 179, 130, 141, 191, 3, 100, 59, 127, 166, 40, 160, 150, 124, 180, 1, 168, 163, 101, 69, 75, 94, 138, 85, 136, 4, 195, 37, 38, 27, 147, 87, 113, 97, 199, 170, 140, 57, 102, 33, 89, 142, 24, 126, 185, 111, 106, 108, 156, 46, 30, 64, 12, 176, 161, 159, 78, 190, 131, 39, 11, 173, 120, 45, 171, 28, 183, 36, 60, 137, 8, 123, 117]
[184, 61, 82, 128, 145, 16, 7, 133, 21, 182, 154, 74, 53, 5, 119, 41, 134, 54, 19, 63, 66, 186, 79, 76, 157, 192, 146, 26, 197, 122, 14, 144, 84, 0, 52, 114, 116, 110, 158, 23, 31, 135, 25, 198, 6, 81, 77, 15, 178, 62, 50, 193, 169, 83, 10, 51, 165, 95, 86, 125, 164, 103, 196, 174, 9, 13, 107, 68, 188, 72, 2, 58, 88, 29, 67, 34, 167, 172, 22, 139, 153, 20, 143, 149, 90, 93, 181, 194, 112, 175, 132, 42, 104, 177, 151, 55, 70, 129, 71, 49]
38391

[124, 180, 167, 184, 49, 71, 138, 85, 94, 90, 143, 101, 69, 75, 194, 112, 175, 132, 136, 42, 104, 4, 151, 199, 170, 140, 57, 102, 33, 89, 24, 16, 142, 145, 128, 7, 21, 133, 74, 182, 154, 126, 185, 134, 41, 54, 176, 12, 14, 122, 190, 131, 39, 11, 173, 158, 23, 31, 135, 60, 137, 8, 123, 36, 17, 48, 178, 62, 50, 193, 187, 43, 115, 121, 169, 47, 103, 155, 179, 130, 73, 107, 191, 13, 56, 35, 196, 118, 91, 18, 189, 148, 105, 92, 146, 26, 197, 64, 79, 160]
[29, 163, 139, 20, 153, 88, 58, 2, 72, 188, 141, 68, 40, 166, 76, 157, 192, 127, 59, 100, 3, 162, 98, 9, 174, 99, 32, 44, 80, 96, 164, 95, 125, 86, 165, 51, 10, 83, 152, 65, 15, 117, 77, 81, 6, 198, 25, 183, 28, 109, 171, 45, 120, 110, 116, 114, 52, 0, 84, 144, 78, 159, 19, 63, 161, 66, 30, 46, 119, 111, 156, 106, 108, 5, 186, 150, 53, 61, 82, 129, 113, 97, 87, 147, 27, 38, 37, 70, 55, 177, 195, 181, 93, 149, 172, 22, 1, 34, 168, 67]
38877

[4, 85, 90, 75, 143, 22, 163, 188, 130, 179, 141, 107, 59, 100, 3, 162, 92, 105, 148, 98, 191, 13, 56, 73, 99, 155, 32, 80, 96, 44, 35, 174, 18, 189, 178, 15, 117, 81, 77, 8, 137, 123, 36, 183, 28, 109, 17, 48, 171, 45, 190, 12, 176, 161, 54, 119, 111, 154, 182, 7, 145, 102, 57, 140, 170, 199, 87, 147, 27, 37, 38, 128, 133, 21, 74, 53, 186, 5, 108, 106, 156, 46, 30, 66, 64, 79, 157, 76, 160, 124, 180, 29, 67, 168, 172, 149, 55, 151, 177, 195]
[152, 65, 118, 91, 9, 196, 103, 164, 95, 125, 86, 165, 47, 83, 10, 51, 169, 121, 115, 187, 43, 62, 193, 50, 6, 198, 25, 60, 135, 31, 23, 158, 173, 120, 110, 116, 114, 52, 0, 131, 84, 144, 197, 122, 14, 78, 159, 63, 19, 134, 41, 185, 126, 16, 24, 142, 89, 33, 97, 113, 82, 61, 71, 138, 129, 70, 104, 42, 136, 132, 175, 112, 194, 181, 93, 94, 49, 184, 167, 34, 1, 150, 26, 39, 11, 146, 192, 127, 166, 68, 2, 72, 58, 40, 88, 153, 139, 20, 101, 69]
42289

[102, 145, 133, 21, 74, 53, 186, 150, 79, 157, 76, 172, 167, 38, 27, 147, 37, 70, 138, 85, 94, 75, 69, 101, 20, 153, 40, 166, 148, 98, 18, 91, 9, 174, 56, 73, 141, 188, 130, 179, 155, 99, 32, 80, 96, 125, 86, 169, 121, 115, 193, 50, 15, 62, 187, 43, 189, 48, 17, 109, 60, 135, 25, 137, 123, 8, 77, 81, 6, 198, 31, 23, 110, 116, 114, 52, 0, 144, 84, 131, 39, 146, 26, 190, 197, 122, 14, 12, 66, 185, 126, 111, 154, 182, 7, 89, 33, 140, 170, 57]
[112, 175, 132, 136, 42, 104, 4, 195, 177, 151, 55, 129, 71, 49, 184, 61, 82, 128, 87, 199, 97, 113, 142, 24, 16, 134, 41, 54, 19, 63, 161, 159, 78, 176, 64, 30, 46, 119, 156, 106, 108, 5, 160, 124, 180, 1, 34, 168, 67, 29, 127, 192, 59, 100, 3, 105, 92, 162, 11, 173, 158, 120, 45, 171, 28, 183, 36, 117, 178, 65, 152, 47, 83, 10, 51, 165, 95, 164, 103, 118, 196, 44, 35, 13, 191, 107, 68, 2, 72, 58, 88, 139, 163, 22, 143, 149, 90, 93, 181, 194]
39224

[141, 130, 179, 73, 56, 35, 99, 155, 32, 44, 80, 96, 164, 51, 10, 47, 152, 178, 117, 123, 81, 6, 198, 36, 183, 28, 109, 17, 189, 18, 91, 9, 174, 98, 3, 100, 146, 11, 45, 120, 173, 39, 131, 84, 144, 14, 12, 160, 124, 180, 1, 34, 167, 184, 49, 85, 138, 61, 82, 128, 145, 16, 24, 142, 102, 113, 97, 170, 199, 147, 27, 37, 70, 195, 55, 151, 177, 4, 104, 42, 136, 132, 175, 112, 194, 181, 93, 90, 149, 172, 22, 139, 20, 153, 88, 40, 166, 127, 192, 59]
[143, 69, 75, 101, 163, 168, 67, 29, 76, 157, 58, 2, 72, 188, 68, 107, 191, 13, 196, 103, 125, 86, 95, 165, 83, 169, 121, 115, 187, 43, 62, 193, 50, 15, 65, 118, 148, 105, 92, 162, 48, 171, 135, 60, 137, 8, 77, 25, 31, 23, 158, 116, 114, 110, 52, 0, 190, 26, 197, 122, 78, 159, 161, 63, 19, 54, 41, 134, 185, 126, 111, 119, 46, 30, 66, 176, 64, 79, 150, 186, 53, 5, 108, 156, 106, 74, 154, 182, 21, 133, 7, 89, 33, 57, 140, 87, 38, 129, 71, 94]
38253

[85, 138, 82, 71, 129, 70, 195, 4, 177, 151, 55, 37, 38, 87, 97, 113, 33, 89, 142, 24, 16, 7, 133, 21, 182, 126, 185, 134, 41, 54, 19, 63, 161, 159, 78, 12, 176, 66, 46, 156, 106, 108, 5, 186, 79, 76, 157, 166, 107, 13, 191, 92, 162, 11, 39, 190, 131, 110, 158, 23, 31, 6, 198, 25, 135, 60, 123, 117, 15, 178, 62, 43, 187, 115, 10, 51, 86, 125, 103, 96, 80, 155, 99, 68, 88, 153, 20, 139, 163, 101, 69, 75, 181, 194, 112, 94, 93, 90, 149, 49]
[42, 136, 132, 175, 143, 172, 22, 168, 67, 29, 40, 58, 2, 72, 188, 141, 130, 179, 73, 56, 35, 32, 44, 196, 174, 9, 91, 118, 18, 98, 148, 105, 48, 109, 17, 189, 65, 152, 47, 165, 164, 95, 83, 169, 121, 193, 50, 81, 77, 8, 137, 36, 183, 28, 171, 45, 120, 173, 116, 114, 52, 0, 84, 144, 14, 122, 197, 26, 146, 3, 100, 59, 127, 192, 64, 30, 119, 111, 154, 74, 53, 150, 160, 124, 180, 1, 34, 167, 184, 61, 128, 145, 102, 57, 140, 170, 199, 147, 27, 104]
38775

[29, 168, 67, 166, 127, 192, 146, 39, 11, 162, 92, 191, 13, 107, 68, 141, 73, 44, 103, 164, 125, 86, 95, 165, 47, 115, 121, 193, 50, 8, 137, 123, 117, 178, 152, 65, 118, 18, 189, 17, 183, 28, 171, 45, 131, 84, 144, 14, 78, 159, 66, 64, 150, 186, 30, 46, 119, 185, 126, 111, 156, 106, 108, 5, 53, 74, 184, 61, 82, 128, 102, 57, 140, 170, 199, 87, 147, 27, 37, 55, 151, 177, 4, 104, 42, 136, 132, 175, 112, 194, 181, 94, 93, 75, 69, 143, 172, 22, 163, 139]
[24, 16, 142, 145, 7, 133, 21, 182, 154, 134, 41, 54, 19, 63, 161, 176, 12, 122, 197, 190, 26, 79, 76, 157, 59, 100, 3, 105, 148, 98, 9, 174, 196, 91, 48, 109, 120, 173, 110, 52, 0, 114, 116, 158, 23, 31, 198, 6, 81, 77, 25, 135, 60, 36, 15, 62, 43, 187, 169, 83, 10, 51, 96, 80, 32, 35, 56, 99, 155, 179, 130, 188, 72, 2, 58, 40, 88, 153, 20, 101, 90, 149, 34, 1, 160, 124, 180, 167, 49, 71, 138, 85, 195, 70, 129, 38, 113, 97, 33, 89]
39660

[71, 82, 61, 184, 149, 90, 93, 94, 129, 70, 27, 87, 147, 151, 4, 104, 42, 136, 132, 175, 112, 194, 181, 75, 69, 101, 143, 22, 168, 29, 40, 130, 179, 103, 164, 95, 125, 86, 165, 121, 193, 50, 8, 77, 81, 6, 198, 25, 60, 135, 31, 23, 158, 173, 183, 36, 178, 15, 62, 43, 152, 118, 91, 9, 174, 98, 18, 148, 105, 92, 162, 3, 100, 59, 26, 197, 190, 84, 144, 122, 14, 12, 78, 159, 176, 54, 185, 126, 119, 111, 154, 182, 21, 74, 53, 5, 108, 106, 156, 186]
[55, 177, 195, 85, 138, 49, 167, 172, 163, 139, 20, 153, 88, 58, 2, 72, 188, 68, 141, 107, 73, 99, 155, 80, 96, 196, 44, 32, 56, 35, 13, 191, 189, 48, 109, 17, 65, 47, 83, 10, 51, 169, 115, 187, 117, 123, 137, 28, 171, 45, 120, 110, 116, 114, 52, 0, 131, 39, 11, 146, 192, 127, 166, 157, 76, 160, 67, 34, 1, 180, 124, 150, 79, 64, 30, 46, 66, 161, 63, 19, 41, 134, 16, 24, 142, 89, 33, 57, 140, 170, 199, 97, 113, 102, 145, 7, 133, 128, 38, 37]
39021

[127, 192, 26, 190, 197, 122, 12, 78, 14, 144, 84, 0, 52, 114, 116, 110, 131, 39, 11, 137, 8, 123, 189, 98, 35, 56, 196, 118, 65, 152, 178, 62, 50, 193, 121, 115, 187, 43, 47, 165, 96, 80, 155, 179, 130, 188, 141, 68, 2, 72, 58, 40, 29, 67, 76, 157, 79, 160, 34, 168, 22, 172, 167, 49, 138, 129, 71, 82, 61, 133, 21, 182, 154, 74, 108, 106, 156, 119, 41, 134, 126, 16, 24, 142, 102, 87, 147, 151, 177, 104, 42, 136, 132, 175, 112, 194, 181, 90, 149, 143]
[146, 48, 17, 109, 171, 45, 120, 173, 158, 23, 31, 198, 6, 81, 77, 25, 135, 60, 28, 183, 36, 117, 15, 169, 83, 10, 51, 86, 125, 95, 164, 103, 44, 32, 99, 73, 174, 9, 91, 18, 148, 105, 92, 162, 3, 100, 191, 13, 107, 59, 166, 88, 153, 20, 139, 163, 101, 69, 75, 93, 94, 85, 4, 195, 55, 27, 38, 37, 70, 184, 1, 180, 124, 150, 186, 5, 53, 128, 145, 113, 97, 199, 170, 140, 57, 33, 89, 7, 111, 185, 54, 19, 63, 161, 159, 176, 64, 66, 46, 30]
41522

[93, 90, 149, 94, 85, 138, 38, 113, 97, 87, 27, 37, 195, 4, 104, 42, 136, 132, 175, 112, 194, 181, 75, 69, 101, 143, 29, 40, 166, 68, 56, 35, 32, 80, 44, 196, 174, 9, 98, 18, 91, 118, 65, 152, 47, 83, 10, 51, 169, 121, 115, 193, 50, 187, 43, 62, 178, 148, 105, 92, 162, 109, 28, 31, 23, 158, 173, 110, 116, 114, 52, 0, 84, 144, 190, 26, 12, 64, 160, 124, 180, 34, 1, 53, 5, 30, 54, 41, 134, 185, 126, 111, 154, 182, 74, 21, 133, 82, 61, 49]
[78, 14, 122, 197, 131, 39, 146, 192, 127, 59, 107, 13, 191, 100, 3, 11, 45, 171, 120, 60, 135, 25, 198, 6, 81, 77, 8, 137, 123, 117, 15, 36, 183, 17, 48, 189, 103, 164, 165, 95, 86, 125, 96, 155, 99, 73, 179, 130, 141, 188, 72, 2, 58, 88, 153, 20, 139, 163, 67, 168, 22, 172, 167, 184, 71, 129, 70, 177, 151, 55, 147, 199, 170, 140, 57, 33, 89, 142, 102, 128, 145, 24, 16, 7, 119, 46, 156, 106, 108, 186, 150, 79, 76, 157, 176, 159, 19, 63, 161, 66]
39071

[140, 170, 57, 102, 21, 133, 128, 113, 97, 87, 27, 37, 4, 104, 42, 136, 132, 175, 112, 194, 181, 93, 94, 90, 149, 163, 20, 139, 180, 124, 160, 79, 58, 72, 2, 68, 141, 188, 130, 179, 155, 99, 32, 80, 44, 196, 174, 91, 18, 118, 65, 83, 10, 51, 169, 187, 62, 193, 50, 117, 123, 137, 8, 77, 81, 6, 198, 25, 60, 135, 31, 23, 158, 116, 114, 52, 0, 131, 110, 173, 120, 171, 109, 17, 189, 48, 11, 146, 26, 190, 84, 144, 54, 41, 185, 119, 106, 53, 5, 108]
[34, 22, 168, 67, 29, 76, 157, 192, 14, 122, 197, 39, 45, 28, 183, 36, 15, 178, 152, 43, 115, 121, 47, 165, 95, 86, 125, 164, 103, 96, 35, 56, 73, 107, 191, 13, 9, 98, 148, 105, 92, 162, 3, 100, 59, 127, 166, 40, 88, 153, 101, 75, 69, 143, 172, 167, 184, 61, 82, 71, 129, 38, 70, 138, 49, 85, 195, 177, 151, 55, 147, 199, 33, 89, 24, 16, 142, 145, 7, 154, 182, 74, 111, 126, 134, 19, 63, 161, 159, 78, 12, 176, 64, 66, 30, 46, 156, 186, 150, 1]
39839

[78, 159, 176, 66, 161, 63, 19, 54, 119, 46, 156, 106, 108, 74, 133, 21, 33, 57, 140, 170, 199, 97, 113, 87, 147, 27, 37, 70, 55, 151, 177, 195, 4, 104, 42, 136, 94, 75, 101, 153, 20, 139, 163, 168, 34, 67, 29, 76, 157, 166, 127, 192, 59, 100, 191, 13, 107, 35, 56, 73, 141, 68, 188, 130, 179, 155, 99, 32, 80, 96, 44, 196, 174, 9, 118, 83, 10, 51, 169, 121, 115, 187, 193, 50, 60, 135, 23, 173, 110, 52, 0, 131, 84, 144, 190, 26, 197, 122, 14, 12]
[143, 69, 149, 90, 93, 181, 194, 112, 175, 132, 85, 138, 49, 184, 61, 82, 71, 129, 38, 128, 145, 102, 142, 89, 24, 16, 7, 182, 154, 111, 126, 134, 41, 185, 30, 64, 146, 39, 11, 48, 17, 109, 28, 183, 171, 45, 120, 114, 116, 158, 31, 25, 198, 6, 81, 77, 8, 137, 123, 36, 117, 15, 178, 62, 43, 152, 65, 47, 165, 95, 86, 125, 164, 103, 91, 98, 18, 189, 148, 105, 92, 162, 3, 2, 72, 58, 40, 88, 22, 172, 167, 1, 180, 124, 160, 79, 150, 186, 5, 53]
37254

[50, 193, 121, 169, 83, 10, 51, 86, 125, 96, 80, 44, 32, 99, 155, 141, 188, 72, 2, 68, 107, 191, 157, 76, 160, 124, 180, 1, 139, 20, 153, 101, 143, 69, 75, 93, 94, 138, 71, 129, 85, 136, 104, 4, 177, 151, 55, 195, 70, 37, 38, 87, 97, 113, 102, 24, 16, 7, 154, 182, 74, 106, 156, 46, 119, 185, 41, 134, 19, 63, 161, 159, 78, 14, 122, 197, 26, 190, 144, 84, 0, 52, 110, 114, 116, 158, 173, 131, 39, 146, 11, 36, 137, 8, 123, 178, 118, 65, 152, 43]
[27, 147, 199, 170, 140, 57, 33, 89, 142, 145, 128, 133, 21, 53, 108, 5, 186, 150, 79, 64, 30, 111, 126, 54, 66, 176, 12, 192, 127, 166, 59, 100, 3, 13, 98, 174, 9, 91, 18, 189, 148, 105, 92, 162, 48, 17, 109, 28, 183, 171, 45, 120, 23, 31, 135, 60, 25, 198, 6, 81, 77, 117, 15, 62, 187, 115, 47, 165, 95, 164, 103, 196, 35, 56, 73, 179, 130, 58, 40, 88, 163, 168, 29, 67, 34, 22, 172, 167, 184, 61, 82, 49, 149, 90, 181, 194, 112, 175, 132, 42]
38668

[164, 165, 47, 103, 196, 99, 155, 179, 130, 188, 58, 88, 139, 163, 168, 67, 29, 40, 166, 157, 76, 124, 180, 1, 34, 22, 172, 149, 143, 69, 75, 181, 194, 112, 175, 132, 136, 42, 104, 4, 151, 55, 177, 195, 49, 167, 184, 61, 53, 74, 182, 21, 133, 128, 82, 71, 129, 38, 27, 147, 87, 97, 199, 170, 140, 57, 33, 89, 142, 24, 134, 41, 54, 63, 19, 159, 78, 161, 66, 64, 79, 127, 192, 26, 190, 131, 39, 146, 59, 100, 3, 162, 105, 148, 98, 18, 118, 43, 187, 115]
[111, 154, 7, 16, 145, 102, 113, 37, 70, 138, 85, 94, 93, 90, 101, 20, 153, 72, 2, 68, 141, 73, 107, 191, 13, 91, 9, 174, 35, 56, 32, 44, 80, 96, 95, 125, 86, 51, 10, 83, 169, 121, 193, 50, 62, 15, 117, 178, 152, 65, 189, 92, 48, 17, 109, 28, 183, 36, 123, 8, 77, 81, 6, 198, 25, 137, 60, 135, 31, 23, 158, 173, 120, 171, 45, 11, 110, 116, 114, 52, 0, 84, 144, 197, 122, 14, 12, 176, 30, 46, 156, 186, 150, 160, 5, 108, 106, 119, 126, 185]
38608

[147, 87, 97, 113, 102, 111, 126, 185, 119, 30, 76, 157, 176, 66, 54, 41, 134, 19, 63, 161, 159, 78, 12, 14, 122, 197, 144, 84, 131, 0, 52, 114, 116, 110, 158, 23, 31, 25, 198, 6, 81, 77, 8, 137, 36, 48, 189, 18, 98, 91, 118, 103, 164, 165, 47, 115, 50, 193, 121, 169, 83, 10, 51, 95, 86, 125, 96, 179, 130, 191, 148, 105, 92, 59, 127, 166, 40, 58, 2, 72, 88, 153, 20, 139, 163, 29, 67, 168, 22, 149, 90, 94, 49, 184, 71, 129, 70, 37, 38, 27]
[151, 177, 195, 4, 104, 42, 136, 132, 175, 112, 194, 181, 75, 69, 101, 143, 93, 85, 138, 82, 61, 74, 53, 167, 172, 34, 1, 180, 124, 160, 192, 100, 3, 162, 9, 174, 13, 107, 68, 188, 141, 73, 56, 35, 99, 155, 32, 80, 44, 196, 65, 152, 43, 187, 62, 178, 15, 117, 123, 60, 135, 183, 28, 17, 109, 171, 45, 120, 173, 11, 146, 39, 190, 26, 64, 79, 150, 186, 5, 108, 156, 46, 106, 154, 182, 7, 21, 133, 128, 145, 142, 16, 24, 89, 33, 57, 140, 170, 199, 55]
39088

[148, 105, 92, 162, 3, 191, 13, 174, 9, 98, 18, 189, 48, 60, 135, 31, 25, 198, 6, 81, 77, 8, 137, 178, 43, 115, 83, 165, 164, 103, 96, 80, 155, 99, 73, 141, 179, 130, 188, 58, 40, 67, 168, 139, 163, 22, 172, 167, 184, 61, 82, 85, 175, 132, 42, 104, 4, 177, 151, 55, 37, 38, 27, 147, 87, 199, 170, 140, 57, 97, 113, 33, 89, 142, 24, 16, 134, 41, 54, 119, 46, 161, 63, 19, 159, 14, 122, 144, 190, 39, 146, 26, 197, 64, 79, 157, 76, 160, 124, 29]
[121, 169, 10, 51, 86, 125, 95, 47, 152, 65, 118, 91, 196, 44, 32, 35, 56, 107, 68, 2, 72, 88, 153, 20, 101, 75, 69, 143, 149, 90, 49, 138, 94, 93, 181, 194, 112, 136, 195, 70, 129, 71, 128, 102, 145, 7, 21, 133, 74, 182, 154, 111, 126, 185, 156, 106, 108, 5, 53, 1, 34, 180, 150, 186, 30, 66, 176, 78, 12, 192, 127, 166, 59, 100, 11, 45, 120, 173, 110, 131, 84, 0, 52, 114, 116, 158, 23, 171, 109, 17, 28, 183, 36, 123, 117, 15, 62, 187, 50, 193]
41227

[118, 65, 152, 47, 83, 10, 51, 169, 121, 115, 43, 187, 193, 50, 62, 178, 15, 117, 60, 23, 158, 116, 114, 110, 52, 0, 131, 197, 12, 176, 66, 63, 19, 54, 119, 46, 30, 124, 180, 1, 34, 167, 74, 182, 154, 7, 21, 133, 38, 55, 151, 177, 195, 4, 104, 42, 136, 132, 175, 112, 194, 181, 93, 85, 138, 71, 49, 94, 90, 149, 172, 22, 168, 67, 29, 163, 139, 88, 40, 166, 127, 59, 100, 3, 11, 162, 92, 105, 148, 98, 18, 91, 9, 174, 35, 56, 99, 32, 44, 196]
[53, 5, 186, 150, 160, 79, 76, 157, 192, 64, 156, 108, 106, 111, 126, 185, 41, 134, 161, 159, 78, 14, 122, 144, 84, 190, 26, 146, 39, 45, 171, 120, 173, 31, 135, 25, 198, 6, 81, 77, 8, 137, 123, 36, 183, 28, 109, 17, 48, 189, 165, 86, 125, 95, 164, 103, 96, 80, 155, 73, 13, 191, 107, 68, 141, 179, 130, 188, 72, 2, 58, 153, 20, 101, 75, 69, 143, 184, 61, 82, 129, 70, 37, 27, 147, 87, 199, 170, 140, 57, 97, 113, 128, 145, 102, 33, 89, 142, 16, 24]
37326

[124, 160, 79, 150, 186, 5, 108, 53, 74, 16, 24, 89, 33, 57, 140, 170, 199, 87, 147, 27, 38, 37, 195, 4, 104, 42, 136, 85, 112, 132, 175, 194, 181, 93, 94, 90, 75, 69, 101, 153, 58, 72, 2, 68, 141, 188, 130, 179, 73, 99, 155, 96, 80, 174, 9, 98, 18, 91, 103, 164, 95, 125, 86, 165, 51, 10, 83, 169, 178, 36, 109, 28, 183, 60, 135, 198, 6, 31, 23, 158, 173, 120, 11, 146, 39, 110, 131, 84, 144, 190, 26, 197, 78, 159, 63, 19, 134, 41, 126, 111]
[21, 133, 128, 113, 97, 102, 142, 145, 7, 182, 154, 106, 156, 119, 185, 54, 161, 66, 46, 30, 64, 176, 12, 14, 122, 0, 52, 114, 116, 45, 171, 17, 48, 189, 65, 152, 43, 187, 62, 15, 117, 123, 137, 25, 77, 81, 8, 50, 193, 121, 115, 47, 118, 196, 44, 32, 35, 56, 107, 191, 13, 148, 105, 92, 162, 3, 100, 59, 127, 192, 157, 76, 180, 1, 34, 168, 67, 29, 166, 40, 88, 139, 20, 163, 143, 22, 172, 149, 167, 184, 49, 138, 177, 151, 55, 70, 129, 71, 61, 82]
37758

[39, 26, 146, 11, 162, 92, 189, 65, 152, 178, 36, 60, 137, 123, 117, 15, 62, 43, 187, 193, 121, 115, 47, 165, 103, 96, 179, 130, 188, 68, 141, 73, 56, 35, 3, 100, 59, 166, 157, 76, 79, 150, 186, 5, 53, 167, 172, 168, 67, 88, 153, 20, 139, 163, 22, 101, 69, 75, 93, 181, 194, 112, 175, 132, 42, 37, 27, 147, 87, 33, 89, 142, 24, 16, 7, 21, 74, 108, 106, 156, 46, 66, 54, 119, 126, 185, 41, 134, 19, 63, 159, 78, 176, 64, 12, 197, 190, 84, 110, 131]
[86, 51, 10, 83, 169, 50, 8, 77, 81, 6, 198, 25, 135, 31, 23, 183, 28, 109, 17, 48, 171, 45, 120, 173, 158, 116, 114, 52, 0, 144, 122, 14, 161, 111, 145, 102, 113, 97, 57, 140, 170, 199, 55, 151, 177, 195, 4, 104, 136, 85, 138, 94, 90, 143, 149, 49, 184, 61, 82, 71, 129, 70, 38, 128, 133, 182, 154, 30, 192, 127, 160, 124, 180, 1, 34, 29, 40, 58, 72, 2, 107, 191, 13, 105, 148, 98, 18, 118, 91, 9, 174, 196, 44, 32, 99, 155, 80, 164, 95, 125]
40289

[190, 26, 197, 122, 14, 12, 78, 159, 176, 64, 79, 150, 124, 180, 61, 128, 145, 133, 21, 119, 66, 54, 41, 134, 126, 16, 24, 142, 102, 113, 27, 37, 70, 55, 151, 177, 195, 85, 49, 184, 94, 93, 75, 90, 149, 172, 143, 20, 153, 88, 166, 127, 59, 58, 2, 72, 188, 68, 141, 107, 13, 98, 18, 9, 174, 91, 118, 65, 152, 47, 83, 169, 121, 193, 115, 187, 43, 62, 50, 117, 8, 77, 25, 135, 60, 109, 17, 48, 148, 105, 92, 162, 191, 100, 3, 11, 39, 131, 84, 144]
[95, 96, 80, 44, 32, 155, 99, 35, 56, 73, 179, 130, 40, 29, 67, 168, 22, 163, 139, 101, 69, 181, 194, 112, 175, 132, 136, 42, 104, 4, 147, 199, 170, 140, 57, 33, 89, 7, 182, 154, 111, 185, 19, 63, 161, 30, 46, 156, 186, 53, 5, 108, 106, 74, 97, 87, 38, 129, 138, 71, 82, 167, 34, 1, 160, 76, 157, 192, 146, 110, 52, 0, 114, 116, 120, 173, 158, 23, 31, 171, 45, 28, 183, 36, 123, 137, 198, 6, 81, 15, 178, 189, 196, 103, 164, 165, 10, 51, 86, 125]
41561

[101, 153, 72, 2, 188, 56, 35, 18, 148, 105, 92, 189, 178, 187, 115, 121, 193, 50, 36, 183, 28, 109, 17, 48, 11, 45, 171, 120, 173, 158, 110, 116, 114, 52, 0, 84, 144, 19, 134, 41, 119, 46, 30, 66, 12, 14, 122, 197, 26, 146, 162, 3, 191, 13, 107, 127, 79, 150, 160, 124, 180, 1, 168, 163, 22, 172, 149, 61, 82, 71, 129, 70, 38, 128, 145, 142, 89, 33, 102, 113, 97, 170, 199, 147, 55, 151, 177, 195, 4, 104, 42, 136, 132, 175, 112, 194, 181, 93, 69, 75]
[74, 106, 156, 108, 5, 186, 64, 176, 78, 159, 161, 63, 54, 185, 126, 111, 154, 182, 21, 133, 7, 16, 24, 57, 140, 87, 27, 37, 85, 138, 49, 94, 90, 143, 20, 139, 88, 40, 58, 130, 179, 155, 80, 96, 103, 164, 125, 86, 95, 165, 51, 10, 83, 169, 47, 65, 152, 43, 62, 15, 117, 123, 8, 77, 81, 6, 198, 25, 137, 60, 135, 31, 23, 39, 131, 190, 192, 59, 100, 98, 174, 9, 91, 118, 196, 44, 32, 99, 73, 141, 68, 166, 157, 76, 29, 67, 34, 167, 184, 53]
40827

[197, 190, 39, 45, 28, 183, 36, 137, 77, 8, 123, 117, 15, 62, 178, 189, 18, 98, 91, 118, 65, 152, 43, 187, 115, 51, 10, 165, 95, 86, 125, 164, 103, 35, 56, 73, 179, 130, 141, 68, 188, 72, 2, 58, 40, 29, 67, 168, 34, 1, 180, 160, 150, 124, 167, 90, 181, 194, 112, 175, 132, 4, 177, 151, 55, 37, 70, 71, 61, 82, 129, 38, 27, 147, 87, 199, 97, 113, 128, 145, 7, 182, 154, 108, 5, 53, 186, 30, 46, 119, 111, 126, 185, 134, 41, 54, 159, 78, 14, 122]
[17, 48, 92, 105, 148, 9, 174, 13, 191, 3, 162, 11, 131, 84, 144, 19, 63, 161, 66, 176, 12, 26, 146, 100, 59, 127, 192, 157, 76, 79, 64, 156, 106, 74, 133, 21, 16, 24, 142, 89, 33, 102, 57, 140, 170, 195, 104, 42, 136, 85, 138, 49, 184, 94, 93, 75, 69, 101, 143, 149, 172, 22, 163, 139, 20, 153, 88, 166, 107, 99, 155, 32, 44, 196, 80, 96, 47, 83, 169, 121, 193, 50, 81, 6, 198, 25, 60, 135, 31, 23, 158, 116, 114, 0, 52, 110, 173, 120, 171, 109]
38791

[98, 18, 91, 118, 47, 83, 169, 187, 62, 178, 36, 183, 120, 173, 158, 116, 114, 52, 110, 45, 171, 48, 189, 148, 105, 92, 162, 146, 39, 190, 14, 122, 197, 26, 192, 166, 40, 29, 67, 168, 22, 143, 69, 149, 172, 34, 1, 180, 167, 184, 53, 186, 5, 108, 106, 156, 46, 30, 66, 119, 111, 154, 7, 16, 33, 57, 140, 170, 199, 147, 37, 55, 151, 177, 195, 4, 132, 175, 112, 194, 181, 93, 75, 101, 163, 139, 20, 153, 88, 58, 2, 72, 188, 130, 179, 141, 68, 107, 191, 13]
[96, 80, 44, 196, 103, 164, 125, 86, 95, 165, 51, 10, 65, 152, 43, 115, 121, 193, 50, 15, 117, 123, 137, 8, 77, 81, 6, 198, 25, 31, 23, 135, 60, 28, 109, 17, 11, 131, 0, 84, 144, 12, 78, 159, 161, 63, 19, 134, 41, 126, 185, 54, 176, 64, 79, 150, 74, 182, 21, 133, 128, 145, 142, 24, 89, 102, 113, 97, 87, 27, 38, 129, 70, 104, 42, 136, 85, 138, 94, 90, 49, 71, 82, 61, 124, 160, 76, 157, 127, 59, 100, 3, 9, 174, 35, 56, 73, 99, 155, 32]
38138

[26, 166, 67, 34, 1, 160, 79, 150, 186, 5, 156, 46, 30, 66, 119, 185, 41, 126, 111, 154, 182, 21, 133, 7, 16, 24, 33, 89, 142, 145, 128, 71, 129, 38, 27, 102, 113, 97, 87, 147, 55, 151, 177, 195, 85, 94, 75, 69, 101, 88, 72, 2, 188, 130, 179, 155, 44, 103, 164, 165, 10, 51, 169, 83, 196, 56, 35, 174, 9, 91, 18, 148, 105, 162, 92, 65, 178, 15, 62, 43, 187, 115, 121, 193, 50, 117, 123, 8, 77, 25, 135, 60, 183, 28, 171, 45, 190, 197, 122, 14]
[168, 163, 139, 153, 20, 143, 22, 172, 149, 90, 93, 181, 194, 112, 175, 132, 136, 42, 104, 4, 199, 170, 140, 57, 37, 70, 138, 49, 184, 61, 82, 74, 106, 108, 53, 167, 180, 124, 76, 157, 64, 176, 12, 78, 161, 54, 134, 19, 63, 159, 144, 84, 0, 114, 116, 158, 23, 31, 198, 6, 81, 137, 36, 189, 48, 17, 109, 120, 173, 110, 52, 131, 39, 11, 146, 192, 127, 59, 100, 3, 191, 13, 98, 118, 152, 47, 95, 86, 125, 96, 80, 32, 99, 73, 107, 141, 68, 58, 40, 29]
41677

[167, 184, 149, 172, 22, 163, 88, 153, 139, 20, 101, 181, 194, 112, 175, 132, 136, 42, 104, 4, 151, 55, 147, 87, 27, 129, 71, 128, 133, 21, 74, 111, 126, 185, 54, 63, 19, 144, 84, 0, 52, 114, 116, 110, 23, 31, 135, 60, 25, 198, 6, 81, 77, 8, 137, 123, 50, 193, 169, 83, 10, 51, 86, 125, 95, 164, 103, 165, 47, 152, 65, 18, 98, 91, 9, 174, 196, 44, 73, 141, 188, 72, 2, 68, 107, 3, 26, 190, 197, 122, 14, 12, 64, 79, 150, 160, 124, 34, 1, 180]
[158, 173, 120, 171, 45, 131, 39, 146, 11, 162, 92, 105, 148, 189, 13, 191, 100, 59, 192, 127, 166, 157, 76, 176, 78, 159, 161, 66, 30, 46, 156, 186, 53, 5, 108, 106, 119, 41, 134, 154, 182, 7, 16, 24, 142, 89, 33, 57, 140, 170, 199, 97, 113, 102, 145, 38, 37, 70, 177, 195, 138, 82, 61, 49, 85, 94, 93, 90, 75, 69, 143, 168, 67, 29, 40, 58, 130, 179, 155, 99, 56, 35, 32, 80, 96, 118, 178, 43, 115, 121, 187, 62, 15, 117, 36, 183, 28, 109, 17, 48]
39252

[0, 52, 131, 84, 144, 190, 122, 197, 26, 39, 146, 11, 105, 148, 48, 17, 109, 28, 183, 60, 135, 25, 117, 15, 62, 187, 43, 152, 47, 86, 125, 95, 164, 103, 196, 44, 155, 179, 130, 141, 68, 188, 72, 2, 58, 40, 29, 34, 172, 143, 90, 149, 184, 61, 82, 195, 177, 151, 55, 147, 87, 199, 170, 140, 57, 97, 113, 33, 89, 142, 24, 16, 134, 41, 185, 54, 19, 63, 161, 159, 78, 14, 12, 176, 66, 46, 119, 126, 111, 156, 106, 108, 5, 53, 74, 182, 154, 7, 21, 133]
[6, 81, 77, 8, 137, 123, 36, 178, 189, 18, 118, 65, 50, 193, 115, 121, 169, 83, 10, 51, 165, 96, 80, 32, 99, 73, 56, 35, 174, 9, 91, 98, 13, 107, 191, 92, 162, 3, 100, 59, 166, 76, 67, 168, 22, 163, 88, 153, 139, 20, 101, 69, 75, 93, 181, 194, 112, 175, 132, 136, 42, 104, 4, 37, 27, 38, 102, 145, 128, 129, 70, 85, 94, 49, 138, 71, 167, 1, 180, 124, 160, 79, 150, 186, 30, 64, 157, 127, 192, 110, 114, 116, 158, 173, 120, 45, 171, 23, 31, 198]
40129

[21, 111, 134, 41, 159, 78, 14, 0, 52, 114, 116, 158, 31, 25, 198, 6, 81, 77, 8, 117, 50, 193, 115, 121, 169, 83, 10, 51, 165, 86, 125, 95, 164, 96, 80, 32, 99, 73, 56, 35, 13, 191, 98, 18, 118, 103, 47, 43, 187, 62, 15, 36, 183, 28, 109, 17, 48, 189, 148, 105, 92, 146, 39, 190, 197, 12, 64, 166, 163, 139, 20, 153, 101, 143, 69, 75, 93, 181, 194, 112, 175, 132, 136, 42, 104, 4, 70, 129, 38, 128, 71, 138, 49, 167, 184, 61, 82, 53, 74, 133]
[58, 2, 72, 188, 40, 88, 29, 67, 168, 34, 1, 22, 172, 149, 90, 94, 85, 195, 177, 151, 55, 37, 27, 147, 87, 113, 97, 199, 170, 140, 57, 33, 89, 24, 142, 102, 145, 16, 7, 182, 154, 106, 156, 108, 5, 186, 124, 180, 160, 76, 157, 79, 150, 30, 46, 119, 126, 185, 54, 19, 63, 161, 66, 176, 122, 144, 84, 110, 131, 26, 192, 127, 59, 100, 3, 162, 11, 45, 171, 120, 173, 23, 135, 60, 137, 123, 178, 152, 65, 91, 9, 174, 196, 44, 155, 179, 130, 141, 68, 107]
38991

[41, 134, 54, 185, 126, 16, 24, 142, 7, 182, 106, 108, 156, 46, 66, 161, 63, 19, 159, 144, 84, 0, 52, 110, 45, 171, 120, 173, 158, 23, 31, 135, 60, 28, 109, 17, 183, 36, 15, 62, 121, 169, 83, 10, 51, 165, 164, 103, 44, 32, 155, 99, 73, 56, 35, 174, 91, 118, 65, 152, 178, 189, 148, 105, 92, 162, 59, 127, 192, 157, 76, 67, 168, 22, 172, 149, 94, 93, 90, 69, 75, 181, 194, 112, 175, 132, 136, 42, 104, 70, 37, 27, 147, 87, 113, 38, 129, 138, 71, 74]
[122, 14, 78, 12, 176, 64, 30, 186, 53, 5, 119, 111, 154, 21, 133, 61, 82, 128, 145, 89, 33, 102, 97, 57, 140, 170, 199, 55, 151, 177, 195, 4, 85, 49, 184, 167, 143, 101, 163, 139, 20, 153, 88, 29, 34, 1, 180, 124, 160, 150, 79, 166, 40, 58, 72, 2, 68, 188, 130, 179, 141, 107, 13, 191, 3, 100, 146, 39, 11, 48, 18, 98, 9, 196, 80, 96, 125, 86, 95, 47, 43, 187, 115, 193, 50, 117, 123, 137, 8, 77, 81, 6, 198, 25, 116, 114, 131, 190, 26, 197]
39315

[152, 65, 43, 178, 189, 18, 91, 9, 174, 196, 44, 80, 32, 99, 13, 191, 3, 146, 26, 64, 150, 186, 53, 180, 124, 160, 166, 40, 58, 72, 88, 29, 67, 168, 34, 22, 163, 139, 20, 153, 101, 172, 167, 184, 71, 129, 38, 37, 27, 147, 87, 113, 102, 145, 133, 21, 74, 106, 108, 5, 156, 46, 30, 66, 176, 12, 14, 122, 144, 84, 0, 52, 110, 114, 116, 158, 173, 120, 45, 171, 28, 183, 36, 60, 25, 198, 6, 81, 77, 8, 123, 117, 15, 62, 187, 169, 51, 10, 83, 118]
[195, 177, 151, 55, 70, 82, 61, 128, 97, 199, 170, 140, 57, 33, 89, 142, 24, 16, 7, 182, 154, 111, 119, 126, 185, 134, 41, 54, 19, 63, 161, 159, 78, 197, 190, 131, 39, 11, 48, 17, 109, 23, 31, 135, 137, 50, 193, 121, 115, 47, 165, 86, 125, 95, 164, 103, 96, 155, 179, 130, 188, 2, 68, 141, 107, 73, 56, 35, 98, 148, 105, 92, 162, 100, 59, 127, 192, 157, 76, 79, 1, 149, 90, 143, 69, 75, 181, 194, 93, 94, 49, 138, 85, 4, 104, 136, 112, 175, 132, 42]
38629

[191, 3, 131, 84, 144, 161, 185, 126, 119, 46, 30, 156, 106, 182, 7, 16, 24, 142, 89, 33, 147, 27, 38, 128, 21, 133, 82, 61, 184, 167, 49, 138, 70, 4, 104, 42, 136, 132, 175, 112, 194, 172, 168, 29, 67, 34, 1, 180, 124, 160, 150, 79, 192, 127, 59, 100, 107, 141, 68, 2, 72, 188, 155, 32, 44, 196, 80, 96, 103, 164, 165, 95, 125, 86, 51, 10, 83, 47, 174, 9, 91, 118, 169, 193, 50, 15, 117, 123, 137, 8, 77, 81, 6, 198, 25, 183, 28, 109, 17, 189]
[115, 121, 187, 43, 152, 65, 18, 98, 13, 35, 56, 73, 99, 179, 130, 58, 153, 20, 101, 75, 181, 93, 94, 85, 195, 177, 151, 55, 37, 129, 71, 149, 90, 69, 143, 22, 163, 139, 88, 40, 166, 157, 76, 12, 176, 66, 64, 186, 53, 5, 108, 74, 113, 97, 87, 199, 170, 140, 57, 102, 145, 154, 111, 134, 41, 54, 63, 19, 159, 78, 14, 122, 197, 26, 190, 39, 146, 11, 162, 92, 105, 148, 48, 171, 45, 120, 173, 110, 52, 0, 114, 116, 158, 23, 31, 135, 60, 36, 178, 62]
41394

[112, 132, 175, 194, 93, 90, 94, 136, 42, 104, 4, 177, 151, 55, 129, 71, 82, 61, 145, 142, 102, 97, 199, 170, 140, 57, 33, 89, 24, 16, 7, 154, 182, 74, 53, 108, 106, 156, 46, 30, 66, 176, 159, 78, 12, 14, 122, 197, 144, 114, 116, 131, 39, 146, 11, 45, 171, 120, 31, 6, 198, 25, 60, 183, 28, 109, 17, 48, 189, 178, 43, 152, 65, 47, 165, 103, 118, 18, 148, 105, 92, 162, 13, 35, 56, 73, 141, 68, 29, 67, 168, 34, 22, 172, 149, 143, 101, 69, 75, 181]
[98, 91, 9, 174, 196, 44, 32, 80, 96, 164, 95, 125, 86, 51, 10, 83, 169, 121, 115, 187, 62, 193, 50, 15, 117, 36, 123, 137, 8, 81, 77, 135, 23, 158, 173, 110, 52, 0, 84, 190, 26, 192, 127, 59, 100, 3, 191, 107, 166, 157, 76, 160, 79, 64, 150, 186, 5, 119, 54, 161, 63, 19, 134, 41, 185, 126, 111, 21, 133, 128, 113, 87, 147, 27, 38, 37, 70, 195, 85, 138, 49, 184, 167, 124, 180, 1, 163, 139, 20, 153, 88, 40, 58, 2, 72, 188, 130, 179, 155, 99]
37561

[34, 1, 180, 124, 160, 79, 150, 186, 53, 167, 184, 61, 82, 138, 85, 175, 132, 136, 42, 104, 4, 177, 151, 55, 195, 70, 37, 27, 147, 87, 199, 170, 140, 57, 97, 113, 102, 145, 128, 111, 41, 134, 19, 63, 14, 122, 12, 176, 64, 76, 157, 192, 127, 59, 100, 3, 191, 13, 56, 35, 174, 9, 91, 98, 148, 105, 92, 162, 11, 45, 171, 25, 198, 6, 81, 77, 36, 178, 62, 50, 193, 187, 43, 152, 65, 47, 165, 86, 125, 95, 164, 99, 73, 179, 130, 40, 88, 139, 163, 168]
[133, 21, 182, 154, 7, 16, 24, 142, 89, 33, 38, 129, 71, 49, 94, 90, 93, 112, 194, 181, 75, 69, 101, 153, 20, 143, 149, 172, 22, 67, 29, 166, 58, 2, 72, 188, 68, 141, 107, 48, 17, 109, 28, 183, 189, 18, 118, 196, 44, 32, 155, 80, 96, 103, 51, 10, 83, 169, 121, 115, 15, 117, 123, 8, 137, 60, 135, 31, 23, 158, 173, 120, 110, 116, 114, 52, 0, 84, 131, 39, 146, 26, 197, 190, 144, 78, 159, 161, 54, 185, 126, 119, 66, 30, 46, 156, 5, 108, 106, 74]
38487

[3, 191, 13, 174, 9, 91, 48, 17, 109, 171, 120, 173, 110, 114, 116, 158, 23, 31, 135, 25, 198, 6, 81, 77, 117, 15, 62, 50, 193, 121, 169, 83, 10, 51, 86, 125, 118, 196, 44, 179, 130, 141, 188, 72, 2, 58, 88, 29, 67, 22, 172, 167, 149, 143, 69, 75, 181, 194, 112, 175, 132, 42, 104, 177, 151, 55, 37, 27, 97, 113, 33, 89, 24, 16, 142, 145, 7, 126, 134, 19, 63, 41, 185, 111, 154, 182, 61, 82, 71, 184, 53, 108, 5, 186, 150, 79, 76, 157, 59, 100]
[92, 189, 18, 98, 148, 105, 162, 11, 146, 39, 45, 28, 183, 36, 60, 137, 8, 123, 178, 65, 152, 43, 187, 115, 47, 165, 95, 164, 103, 96, 80, 32, 155, 99, 73, 56, 35, 107, 68, 40, 166, 127, 192, 26, 190, 197, 122, 12, 176, 66, 30, 64, 160, 124, 180, 1, 34, 168, 163, 139, 20, 153, 101, 90, 93, 94, 49, 138, 85, 136, 4, 195, 70, 129, 38, 147, 87, 199, 170, 140, 57, 102, 128, 133, 21, 74, 106, 156, 46, 119, 54, 161, 159, 78, 14, 144, 84, 131, 0, 52]
39206

[79, 64, 30, 186, 150, 124, 22, 172, 149, 90, 93, 94, 49, 71, 61, 82, 128, 170, 140, 57, 145, 74, 53, 5, 108, 156, 185, 134, 41, 54, 19, 63, 161, 176, 12, 14, 122, 197, 26, 190, 84, 39, 131, 0, 52, 114, 116, 173, 120, 171, 45, 11, 146, 92, 48, 109, 183, 36, 123, 77, 198, 6, 81, 117, 15, 178, 62, 43, 187, 115, 50, 193, 121, 169, 83, 152, 65, 47, 165, 95, 86, 125, 103, 196, 174, 9, 98, 18, 148, 105, 35, 56, 107, 141, 179, 130, 188, 68, 40, 166]
[129, 70, 138, 184, 167, 85, 195, 55, 151, 177, 4, 104, 42, 136, 132, 175, 112, 194, 181, 75, 69, 143, 101, 163, 139, 20, 153, 88, 72, 2, 58, 29, 67, 168, 34, 1, 180, 160, 76, 157, 192, 127, 59, 100, 3, 162, 191, 13, 73, 99, 155, 32, 44, 80, 96, 164, 51, 10, 118, 91, 189, 17, 28, 60, 137, 8, 25, 135, 31, 23, 158, 110, 144, 78, 159, 66, 46, 119, 126, 111, 106, 154, 182, 21, 133, 7, 16, 24, 142, 89, 33, 102, 113, 97, 199, 87, 147, 27, 37, 38]
39564

[86, 125, 95, 164, 165, 65, 152, 43, 178, 60, 135, 25, 198, 6, 31, 23, 171, 45, 120, 173, 158, 116, 114, 110, 52, 0, 131, 39, 146, 11, 189, 18, 98, 35, 56, 73, 13, 191, 107, 68, 127, 192, 157, 76, 79, 150, 186, 30, 176, 12, 78, 159, 54, 41, 134, 185, 126, 111, 154, 182, 7, 16, 24, 89, 33, 57, 140, 170, 199, 147, 177, 195, 70, 129, 71, 138, 132, 175, 112, 194, 75, 69, 101, 143, 172, 22, 163, 139, 20, 153, 72, 2, 188, 141, 130, 179, 155, 80, 96, 103]
[108, 5, 53, 106, 156, 46, 119, 66, 161, 63, 19, 14, 122, 144, 84, 190, 26, 197, 64, 160, 124, 180, 1, 34, 168, 67, 29, 166, 59, 100, 3, 162, 92, 105, 148, 48, 17, 109, 28, 183, 36, 123, 137, 77, 81, 8, 117, 15, 50, 193, 62, 187, 115, 121, 169, 51, 10, 83, 47, 118, 91, 9, 174, 196, 44, 32, 99, 58, 40, 88, 149, 90, 167, 184, 49, 94, 93, 181, 85, 136, 42, 104, 4, 151, 55, 37, 61, 82, 38, 27, 87, 97, 113, 102, 142, 145, 128, 133, 21, 74]
38750

[192, 127, 59, 100, 162, 92, 48, 17, 109, 23, 31, 60, 137, 15, 62, 43, 187, 169, 83, 10, 51, 165, 95, 86, 125, 164, 103, 196, 44, 80, 96, 179, 130, 141, 188, 72, 2, 58, 88, 153, 20, 139, 163, 101, 69, 143, 90, 75, 181, 194, 112, 175, 132, 136, 42, 104, 4, 177, 195, 70, 129, 38, 27, 147, 87, 97, 128, 133, 21, 74, 53, 82, 61, 184, 167, 1, 34, 168, 67, 160, 76, 157, 79, 150, 64, 30, 46, 119, 126, 185, 66, 161, 122, 197, 190, 131, 52, 110, 39, 26]
[154, 182, 145, 102, 113, 37, 55, 151, 199, 170, 140, 57, 33, 89, 142, 24, 16, 7, 111, 156, 106, 108, 5, 186, 124, 180, 71, 138, 85, 49, 94, 93, 149, 172, 22, 29, 40, 166, 68, 73, 99, 155, 32, 35, 56, 107, 3, 146, 11, 28, 183, 36, 178, 152, 65, 189, 148, 105, 191, 13, 174, 9, 98, 18, 91, 118, 47, 115, 121, 193, 50, 117, 123, 8, 77, 81, 6, 198, 25, 135, 171, 45, 120, 173, 158, 116, 114, 0, 84, 144, 14, 12, 176, 78, 159, 19, 63, 54, 41, 134]
39775

[59, 100, 192, 127, 157, 76, 166, 40, 29, 67, 168, 22, 172, 143, 149, 90, 181, 194, 112, 175, 132, 136, 42, 104, 4, 85, 138, 71, 129, 38, 147, 199, 170, 140, 57, 33, 89, 102, 128, 145, 142, 24, 16, 7, 74, 53, 5, 108, 106, 156, 30, 46, 119, 126, 185, 134, 41, 54, 19, 63, 161, 159, 78, 144, 84, 0, 52, 114, 116, 110, 45, 120, 173, 158, 23, 31, 25, 198, 6, 81, 77, 189, 148, 105, 3, 191, 13, 107, 141, 130, 179, 155, 99, 73, 56, 35, 196, 44, 80, 32]
[151, 55, 37, 27, 87, 97, 113, 133, 21, 182, 154, 111, 66, 176, 12, 14, 122, 197, 26, 190, 131, 39, 146, 11, 171, 135, 60, 137, 8, 123, 117, 15, 62, 50, 193, 115, 121, 169, 83, 10, 51, 86, 125, 95, 164, 96, 103, 165, 47, 65, 152, 43, 187, 178, 36, 183, 28, 109, 17, 48, 162, 92, 18, 118, 91, 98, 9, 174, 68, 188, 72, 2, 58, 88, 160, 79, 64, 186, 150, 124, 180, 1, 34, 163, 139, 20, 153, 101, 69, 75, 93, 94, 49, 167, 184, 61, 82, 70, 195, 177]
37160

[39, 162, 92, 105, 148, 98, 174, 9, 91, 18, 189, 45, 171, 60, 77, 81, 8, 117, 15, 178, 152, 47, 169, 83, 10, 51, 96, 80, 155, 99, 73, 179, 130, 68, 107, 13, 191, 3, 100, 59, 127, 166, 160, 150, 186, 5, 53, 82, 61, 184, 167, 34, 168, 67, 29, 163, 69, 181, 194, 112, 175, 132, 136, 42, 104, 4, 195, 37, 70, 129, 133, 21, 7, 154, 182, 74, 108, 106, 156, 119, 46, 30, 66, 161, 63, 19, 159, 14, 122, 144, 0, 52, 114, 116, 110, 131, 84, 190, 197, 26]
[16, 24, 33, 89, 142, 111, 126, 185, 134, 41, 54, 78, 12, 176, 64, 79, 76, 157, 192, 146, 11, 48, 17, 109, 28, 183, 120, 173, 158, 23, 31, 135, 25, 198, 6, 137, 123, 36, 62, 50, 193, 121, 115, 187, 43, 65, 118, 165, 86, 125, 95, 164, 103, 196, 44, 32, 35, 56, 141, 188, 72, 2, 58, 40, 88, 139, 20, 153, 101, 143, 149, 90, 75, 93, 94, 85, 138, 177, 151, 55, 147, 27, 38, 71, 49, 172, 22, 1, 180, 124, 128, 145, 102, 113, 97, 87, 199, 170, 140, 57]
39378

[76, 157, 166, 68, 107, 191, 13, 35, 56, 73, 99, 155, 32, 80, 96, 103, 164, 125, 86, 95, 165, 47, 83, 10, 51, 169, 121, 193, 50, 81, 6, 198, 25, 31, 23, 135, 60, 17, 48, 189, 148, 105, 92, 162, 11, 110, 116, 114, 52, 0, 84, 144, 190, 197, 122, 14, 12, 176, 78, 159, 161, 63, 19, 54, 41, 134, 185, 126, 182, 21, 133, 7, 145, 102, 142, 16, 24, 89, 33, 113, 128, 82, 71, 129, 70, 195, 177, 4, 136, 112, 181, 93, 94, 90, 1, 180, 124, 160, 150, 79]
[119, 111, 154, 74, 106, 156, 108, 5, 53, 186, 29, 67, 168, 34, 172, 22, 143, 149, 167, 184, 61, 49, 138, 85, 37, 38, 27, 87, 97, 57, 140, 170, 199, 147, 55, 151, 104, 42, 132, 175, 194, 75, 69, 101, 163, 139, 20, 153, 88, 40, 58, 2, 72, 188, 141, 130, 179, 44, 196, 174, 9, 98, 18, 91, 118, 65, 152, 43, 115, 187, 62, 178, 15, 117, 123, 8, 77, 137, 36, 183, 28, 109, 171, 45, 120, 173, 158, 131, 26, 39, 146, 3, 100, 59, 127, 192, 64, 66, 30, 46]
36818

[132, 136, 42, 104, 4, 70, 37, 27, 87, 97, 113, 38, 129, 71, 82, 61, 49, 184, 53, 186, 150, 79, 64, 30, 66, 54, 185, 41, 134, 19, 63, 161, 159, 78, 176, 12, 14, 144, 84, 0, 52, 110, 131, 39, 146, 11, 162, 92, 48, 17, 109, 120, 173, 114, 116, 158, 23, 31, 25, 198, 6, 81, 77, 193, 121, 115, 43, 152, 65, 118, 47, 83, 10, 51, 165, 86, 125, 95, 164, 196, 44, 32, 99, 73, 56, 107, 100, 59, 166, 29, 67, 163, 139, 20, 153, 101, 181, 194, 175, 112]
[191, 13, 35, 174, 9, 91, 18, 98, 105, 148, 189, 178, 36, 183, 28, 45, 171, 135, 60, 137, 8, 123, 117, 15, 50, 62, 187, 169, 103, 96, 80, 155, 179, 130, 141, 68, 188, 72, 2, 58, 40, 88, 168, 34, 1, 180, 124, 160, 5, 108, 74, 167, 172, 22, 149, 90, 143, 69, 75, 93, 94, 85, 138, 195, 177, 151, 55, 147, 199, 170, 140, 57, 102, 33, 89, 142, 24, 16, 145, 128, 133, 21, 7, 182, 154, 111, 126, 119, 106, 156, 46, 122, 197, 190, 26, 76, 157, 127, 192, 3]
38649

[14, 66, 119, 53, 74, 21, 133, 145, 142, 89, 102, 147, 27, 38, 129, 138, 70, 37, 55, 151, 177, 195, 112, 132, 175, 194, 181, 75, 69, 101, 143, 172, 22, 163, 20, 153, 139, 168, 1, 180, 124, 160, 29, 40, 58, 68, 141, 73, 107, 13, 98, 18, 189, 48, 109, 17, 118, 91, 9, 174, 196, 103, 164, 95, 165, 83, 169, 121, 193, 115, 187, 43, 178, 123, 137, 8, 77, 81, 6, 198, 25, 31, 135, 60, 183, 28, 171, 45, 120, 173, 110, 116, 114, 144, 190, 39, 146, 26, 122, 197]
[104, 42, 136, 4, 85, 93, 94, 49, 184, 61, 82, 71, 128, 113, 97, 87, 199, 170, 140, 57, 33, 24, 16, 7, 182, 154, 111, 126, 185, 134, 41, 54, 19, 63, 161, 159, 78, 12, 176, 64, 30, 46, 156, 106, 108, 5, 186, 150, 79, 76, 157, 166, 127, 192, 59, 100, 3, 191, 148, 105, 92, 162, 11, 131, 84, 0, 52, 158, 23, 36, 117, 15, 50, 62, 65, 152, 47, 10, 51, 86, 125, 96, 80, 44, 32, 155, 99, 35, 56, 179, 130, 188, 2, 72, 88, 67, 34, 167, 149, 90]
39212

[142, 102, 16, 24, 89, 33, 57, 140, 170, 199, 97, 113, 128, 87, 147, 27, 38, 37, 70, 55, 151, 177, 195, 4, 104, 42, 136, 132, 175, 112, 194, 181, 85, 138, 129, 71, 82, 61, 49, 75, 69, 101, 163, 139, 20, 153, 58, 2, 72, 188, 130, 179, 155, 99, 73, 56, 35, 107, 192, 59, 191, 13, 9, 91, 118, 47, 83, 10, 51, 169, 152, 65, 18, 148, 92, 162, 171, 45, 39, 131, 190, 26, 12, 159, 63, 19, 134, 41, 54, 66, 30, 156, 106, 108, 5, 186, 124, 160, 64, 176]
[11, 146, 100, 3, 105, 98, 174, 196, 103, 164, 165, 95, 86, 125, 96, 80, 44, 32, 141, 68, 40, 88, 22, 143, 90, 93, 94, 149, 172, 167, 184, 133, 21, 145, 7, 154, 182, 74, 53, 180, 1, 34, 168, 67, 29, 166, 127, 157, 76, 79, 150, 46, 119, 111, 126, 185, 161, 78, 14, 122, 197, 144, 84, 0, 52, 110, 114, 116, 158, 173, 120, 48, 189, 17, 109, 28, 183, 36, 178, 62, 43, 187, 115, 121, 193, 50, 15, 117, 123, 8, 77, 137, 60, 135, 23, 31, 25, 198, 6, 81]
41104

[47, 193, 50, 62, 43, 152, 65, 18, 189, 48, 171, 137, 123, 8, 77, 81, 6, 198, 25, 31, 120, 45, 39, 144, 14, 78, 159, 161, 63, 19, 134, 41, 185, 126, 111, 106, 154, 182, 21, 133, 7, 145, 102, 142, 16, 24, 89, 33, 57, 140, 170, 199, 147, 129, 70, 195, 138, 71, 49, 94, 181, 75, 93, 90, 149, 172, 61, 82, 53, 150, 160, 29, 67, 168, 22, 143, 69, 101, 163, 139, 20, 153, 88, 72, 2, 3, 162, 105, 98, 9, 174, 35, 56, 73, 99, 32, 125, 86, 95, 165]
[23, 158, 173, 110, 116, 114, 52, 0, 131, 84, 190, 26, 197, 122, 12, 176, 66, 54, 119, 46, 30, 156, 186, 5, 108, 74, 128, 113, 97, 87, 27, 38, 37, 55, 151, 177, 4, 104, 42, 136, 132, 175, 112, 194, 85, 184, 167, 34, 1, 180, 124, 79, 64, 76, 157, 166, 40, 58, 188, 68, 107, 141, 130, 179, 155, 44, 196, 80, 96, 103, 164, 51, 10, 83, 169, 121, 115, 187, 118, 91, 13, 191, 100, 59, 127, 192, 146, 11, 92, 148, 178, 15, 117, 36, 17, 109, 28, 183, 60, 135]
40499

[42, 104, 70, 37, 27, 147, 87, 38, 129, 71, 128, 133, 21, 182, 154, 126, 41, 134, 19, 63, 161, 159, 78, 14, 122, 144, 0, 52, 158, 23, 31, 198, 6, 81, 50, 193, 187, 43, 47, 95, 86, 125, 96, 80, 32, 155, 99, 56, 35, 13, 98, 91, 118, 152, 65, 148, 105, 92, 162, 3, 100, 11, 131, 84, 190, 26, 192, 127, 157, 76, 79, 150, 160, 124, 180, 1, 34, 61, 82, 149, 90, 143, 139, 88, 40, 58, 2, 72, 153, 20, 101, 69, 75, 181, 194, 175, 132, 112, 93, 94]
[57, 140, 170, 199, 55, 151, 177, 195, 4, 136, 85, 138, 49, 184, 167, 172, 22, 163, 168, 67, 29, 166, 59, 68, 141, 188, 130, 179, 73, 107, 191, 48, 17, 189, 18, 9, 174, 196, 44, 103, 164, 165, 51, 10, 83, 169, 121, 115, 62, 178, 15, 117, 8, 77, 25, 135, 60, 137, 123, 36, 183, 28, 109, 171, 45, 120, 173, 116, 114, 110, 39, 146, 197, 12, 176, 64, 66, 30, 46, 119, 54, 185, 111, 106, 108, 156, 186, 5, 53, 74, 7, 16, 24, 33, 89, 142, 145, 102, 113, 97]
39728

[92, 162, 3, 100, 191, 13, 56, 35, 174, 9, 196, 44, 80, 32, 155, 99, 73, 179, 130, 141, 166, 157, 76, 64, 79, 160, 124, 180, 1, 34, 67, 168, 22, 172, 167, 181, 194, 112, 175, 132, 136, 42, 104, 4, 195, 70, 37, 27, 147, 87, 199, 170, 140, 57, 97, 38, 138, 49, 184, 74, 182, 154, 111, 126, 159, 78, 14, 190, 144, 84, 131, 0, 52, 110, 114, 116, 158, 23, 31, 135, 60, 183, 36, 137, 123, 117, 15, 43, 187, 115, 121, 169, 83, 10, 51, 164, 103, 118, 148, 105]
[6, 198, 25, 173, 120, 39, 26, 197, 122, 12, 176, 66, 161, 63, 19, 54, 41, 134, 185, 119, 46, 30, 150, 186, 156, 106, 108, 5, 53, 133, 21, 7, 16, 24, 142, 89, 33, 113, 102, 145, 128, 82, 61, 71, 129, 55, 151, 177, 85, 94, 93, 90, 149, 143, 69, 75, 101, 163, 139, 20, 153, 88, 40, 29, 127, 192, 59, 146, 11, 45, 171, 28, 109, 17, 48, 189, 18, 91, 98, 107, 68, 58, 2, 72, 188, 96, 125, 86, 95, 165, 47, 152, 65, 178, 62, 193, 50, 81, 77, 8]
38635

[153, 88, 40, 166, 192, 127, 58, 2, 72, 188, 68, 141, 130, 179, 155, 99, 32, 44, 196, 103, 164, 95, 165, 51, 10, 83, 47, 118, 91, 9, 174, 98, 18, 105, 92, 162, 3, 100, 11, 28, 183, 36, 178, 65, 152, 43, 187, 115, 121, 193, 62, 15, 117, 123, 8, 137, 171, 45, 39, 146, 26, 122, 14, 12, 78, 159, 161, 54, 185, 111, 38, 27, 37, 55, 151, 177, 104, 4, 195, 70, 129, 82, 61, 184, 186, 150, 79, 157, 76, 160, 168, 22, 172, 143, 69, 75, 101, 163, 139, 20]
[53, 5, 156, 46, 119, 106, 108, 74, 182, 154, 126, 41, 134, 19, 63, 66, 30, 64, 176, 197, 190, 144, 84, 131, 0, 52, 114, 116, 110, 120, 173, 158, 23, 31, 135, 60, 25, 198, 6, 81, 77, 50, 169, 86, 125, 96, 80, 73, 56, 35, 189, 17, 109, 48, 148, 13, 191, 107, 59, 29, 67, 149, 90, 93, 181, 194, 112, 175, 132, 136, 42, 147, 87, 113, 97, 199, 170, 140, 57, 102, 145, 142, 89, 33, 24, 16, 7, 21, 133, 128, 71, 138, 85, 94, 49, 167, 34, 1, 124, 180]
40198

[17, 183, 36, 117, 123, 137, 135, 31, 23, 116, 114, 52, 0, 39, 146, 192, 127, 160, 79, 64, 30, 46, 63, 19, 134, 16, 24, 142, 89, 33, 113, 97, 87, 27, 38, 37, 195, 4, 85, 94, 49, 167, 184, 61, 82, 74, 182, 111, 119, 156, 106, 108, 5, 53, 186, 150, 124, 180, 1, 34, 22, 143, 101, 163, 139, 20, 153, 88, 40, 58, 72, 2, 13, 191, 162, 11, 92, 105, 148, 98, 9, 174, 35, 56, 73, 99, 80, 96, 103, 165, 83, 47, 65, 152, 43, 187, 193, 50, 15, 178]
[75, 69, 93, 90, 149, 172, 168, 67, 29, 76, 157, 166, 59, 100, 3, 107, 141, 68, 188, 130, 179, 155, 32, 44, 196, 91, 18, 48, 189, 118, 164, 95, 125, 86, 51, 10, 169, 121, 115, 62, 8, 77, 81, 6, 198, 25, 60, 28, 109, 171, 45, 120, 173, 158, 110, 131, 84, 144, 190, 26, 197, 122, 14, 12, 78, 159, 176, 66, 161, 54, 41, 185, 126, 154, 7, 21, 133, 128, 145, 102, 57, 140, 170, 199, 147, 55, 151, 177, 70, 129, 71, 138, 104, 42, 136, 132, 175, 112, 194, 181]
38485

[115, 193, 121, 169, 83, 165, 164, 103, 118, 91, 9, 174, 196, 44, 80, 35, 13, 107, 141, 179, 130, 188, 2, 72, 153, 139, 20, 101, 69, 75, 93, 181, 194, 112, 175, 132, 136, 42, 104, 4, 195, 85, 138, 49, 184, 94, 90, 149, 143, 22, 172, 1, 34, 168, 67, 79, 64, 156, 5, 53, 74, 133, 21, 182, 154, 41, 134, 19, 63, 159, 14, 122, 144, 84, 190, 26, 192, 127, 146, 39, 11, 45, 171, 135, 25, 198, 6, 81, 77, 8, 36, 183, 28, 109, 17, 48, 178, 62, 187, 43]
[197, 12, 176, 66, 30, 46, 119, 54, 161, 78, 131, 0, 52, 114, 116, 110, 120, 173, 158, 23, 31, 60, 137, 123, 117, 15, 50, 152, 65, 47, 10, 51, 95, 86, 125, 96, 155, 99, 32, 56, 73, 68, 58, 40, 88, 29, 163, 167, 61, 82, 71, 129, 70, 177, 151, 55, 37, 38, 27, 147, 87, 199, 170, 140, 57, 97, 113, 128, 102, 33, 89, 142, 24, 16, 145, 7, 111, 126, 185, 106, 108, 186, 150, 124, 180, 160, 76, 157, 166, 59, 100, 3, 191, 98, 18, 189, 148, 105, 162, 92]
39161

[162, 48, 189, 65, 152, 118, 9, 174, 13, 3, 100, 59, 127, 166, 68, 141, 73, 32, 44, 80, 96, 103, 164, 165, 95, 125, 86, 51, 10, 193, 50, 117, 123, 8, 81, 77, 137, 60, 135, 158, 110, 131, 84, 144, 190, 197, 122, 14, 12, 64, 176, 161, 63, 19, 54, 156, 106, 108, 74, 7, 16, 24, 142, 89, 33, 57, 140, 170, 199, 97, 102, 145, 128, 71, 82, 61, 184, 167, 49, 138, 85, 104, 42, 112, 194, 181, 93, 94, 90, 149, 143, 172, 22, 139, 153, 88, 29, 124, 160, 192]
[111, 154, 182, 21, 133, 113, 87, 147, 27, 38, 129, 70, 37, 55, 151, 177, 195, 4, 136, 132, 175, 75, 69, 101, 20, 163, 168, 67, 34, 1, 180, 53, 5, 186, 150, 79, 76, 157, 40, 58, 2, 72, 188, 130, 179, 155, 99, 35, 56, 107, 191, 92, 105, 148, 98, 18, 91, 196, 47, 83, 169, 121, 115, 187, 43, 62, 15, 178, 17, 109, 28, 183, 36, 25, 198, 6, 31, 23, 171, 45, 120, 173, 116, 114, 52, 0, 39, 11, 146, 26, 78, 159, 66, 30, 46, 119, 126, 134, 41, 185]
39594

[126, 185, 41, 134, 19, 63, 161, 159, 78, 14, 122, 197, 190, 84, 131, 39, 146, 26, 12, 64, 79, 76, 157, 166, 3, 162, 92, 105, 148, 17, 109, 28, 183, 36, 178, 43, 187, 169, 51, 10, 83, 152, 65, 118, 91, 174, 9, 18, 98, 13, 107, 141, 68, 40, 88, 101, 143, 149, 69, 75, 181, 194, 112, 175, 132, 42, 104, 151, 55, 37, 87, 97, 113, 33, 89, 142, 129, 138, 71, 82, 61, 184, 167, 172, 22, 168, 67, 34, 1, 180, 124, 186, 5, 108, 74, 133, 21, 182, 154, 111]
[139, 163, 20, 153, 58, 2, 72, 188, 130, 179, 155, 80, 96, 196, 44, 32, 99, 73, 56, 35, 191, 100, 59, 127, 192, 11, 48, 189, 103, 164, 125, 86, 95, 165, 47, 115, 121, 193, 50, 62, 15, 117, 123, 137, 8, 77, 81, 6, 198, 25, 60, 135, 31, 23, 158, 173, 120, 171, 45, 110, 116, 114, 52, 0, 144, 176, 66, 54, 119, 46, 30, 156, 106, 7, 16, 24, 145, 128, 102, 57, 140, 170, 199, 147, 27, 38, 70, 195, 177, 4, 136, 85, 93, 90, 94, 49, 53, 150, 160, 29]
38854

[106, 108, 53, 184, 167, 1, 34, 67, 29, 166, 59, 191, 3, 100, 127, 192, 26, 197, 122, 14, 144, 84, 0, 114, 116, 173, 120, 171, 45, 162, 92, 189, 48, 135, 60, 117, 15, 62, 65, 152, 47, 165, 95, 86, 125, 164, 118, 91, 174, 35, 44, 80, 32, 188, 72, 2, 58, 88, 153, 20, 139, 163, 101, 90, 93, 94, 112, 175, 132, 4, 195, 70, 85, 138, 61, 82, 71, 129, 38, 37, 27, 147, 87, 199, 170, 140, 57, 97, 113, 102, 145, 7, 133, 21, 182, 154, 126, 185, 111, 74]
[104, 177, 151, 55, 33, 89, 142, 24, 16, 128, 49, 149, 172, 180, 124, 160, 76, 157, 79, 150, 186, 5, 156, 30, 46, 119, 54, 41, 134, 19, 63, 161, 159, 78, 176, 66, 64, 12, 190, 39, 146, 11, 131, 52, 110, 158, 23, 31, 198, 6, 81, 77, 8, 25, 137, 123, 36, 183, 28, 109, 17, 178, 43, 187, 50, 193, 115, 121, 169, 83, 10, 51, 103, 96, 196, 9, 98, 18, 148, 105, 13, 107, 56, 73, 99, 155, 179, 130, 141, 68, 40, 168, 22, 143, 69, 75, 181, 194, 136, 42]
41302

[146, 100, 3, 162, 105, 92, 11, 0, 52, 114, 116, 110, 173, 158, 23, 31, 135, 60, 123, 117, 15, 50, 193, 62, 187, 115, 121, 169, 83, 10, 51, 164, 103, 118, 18, 98, 91, 196, 44, 32, 155, 99, 56, 13, 191, 107, 59, 192, 127, 40, 88, 29, 67, 168, 163, 139, 20, 153, 101, 75, 69, 143, 22, 172, 149, 90, 94, 85, 138, 71, 129, 38, 70, 195, 177, 55, 37, 27, 199, 170, 140, 57, 113, 102, 142, 24, 16, 7, 133, 21, 182, 154, 74, 5, 186, 150, 79, 64, 26, 39]
[48, 17, 109, 28, 183, 36, 137, 8, 77, 81, 6, 198, 25, 171, 45, 120, 131, 84, 144, 190, 197, 122, 14, 12, 176, 78, 159, 19, 63, 161, 66, 30, 46, 54, 41, 134, 185, 126, 111, 119, 156, 106, 108, 53, 61, 82, 128, 145, 89, 33, 97, 87, 147, 151, 4, 104, 42, 136, 132, 175, 112, 194, 181, 93, 49, 184, 167, 34, 1, 180, 124, 160, 76, 157, 166, 58, 2, 72, 188, 68, 141, 130, 179, 73, 35, 174, 9, 80, 96, 125, 86, 95, 165, 47, 65, 152, 43, 178, 148, 189]
36554

[140, 170, 57, 33, 89, 24, 16, 142, 145, 7, 154, 106, 108, 5, 186, 156, 111, 126, 54, 66, 176, 12, 78, 14, 122, 197, 190, 144, 84, 131, 39, 11, 48, 17, 109, 171, 120, 173, 158, 23, 31, 6, 198, 25, 135, 60, 36, 178, 62, 115, 10, 51, 86, 125, 95, 103, 96, 80, 196, 9, 174, 44, 32, 155, 99, 73, 179, 130, 188, 72, 2, 40, 29, 76, 79, 150, 160, 124, 172, 181, 194, 112, 175, 132, 136, 4, 195, 70, 138, 49, 167, 184, 61, 82, 128, 102, 113, 97, 87, 199]
[22, 143, 101, 69, 75, 149, 90, 93, 94, 85, 104, 42, 177, 151, 55, 37, 147, 27, 38, 129, 71, 133, 21, 182, 74, 53, 64, 30, 46, 119, 185, 41, 134, 19, 63, 161, 159, 0, 52, 114, 116, 110, 45, 28, 183, 137, 77, 81, 8, 123, 117, 15, 50, 193, 121, 169, 83, 165, 164, 47, 187, 43, 152, 65, 118, 91, 18, 189, 148, 105, 98, 35, 56, 107, 13, 191, 59, 100, 3, 162, 92, 146, 26, 192, 127, 157, 166, 68, 141, 58, 88, 153, 20, 139, 163, 168, 67, 34, 180, 1]
39841

[88, 166, 59, 3, 162, 92, 105, 148, 98, 18, 91, 9, 174, 13, 107, 68, 141, 130, 179, 155, 44, 196, 103, 125, 86, 51, 10, 47, 178, 36, 183, 109, 48, 11, 45, 171, 120, 173, 23, 158, 110, 39, 146, 192, 127, 157, 76, 79, 150, 64, 176, 54, 41, 134, 185, 126, 119, 111, 154, 7, 16, 24, 113, 97, 199, 87, 147, 27, 38, 82, 61, 184, 167, 1, 34, 163, 139, 20, 153, 101, 75, 69, 143, 172, 149, 90, 93, 181, 194, 136, 104, 4, 195, 55, 151, 177, 42, 132, 112, 175]
[84, 131, 52, 0, 144, 190, 26, 197, 122, 14, 12, 78, 159, 19, 63, 161, 66, 30, 46, 156, 106, 108, 5, 186, 53, 74, 182, 21, 133, 142, 89, 33, 140, 170, 57, 102, 145, 128, 37, 70, 129, 71, 49, 138, 85, 94, 22, 168, 67, 180, 124, 160, 29, 40, 58, 2, 72, 188, 100, 191, 35, 56, 73, 99, 32, 80, 96, 164, 95, 165, 83, 169, 121, 115, 193, 50, 117, 15, 62, 187, 43, 152, 65, 118, 189, 17, 28, 60, 137, 123, 8, 77, 81, 6, 198, 25, 135, 31, 114, 116]
40124

[73, 56, 35, 44, 196, 174, 9, 91, 98, 18, 189, 48, 11, 146, 39, 0, 52, 114, 116, 158, 45, 109, 17, 36, 15, 62, 43, 187, 115, 50, 193, 121, 169, 83, 10, 51, 165, 103, 96, 80, 32, 99, 155, 179, 130, 188, 72, 2, 58, 88, 153, 20, 101, 69, 143, 90, 94, 93, 75, 181, 194, 112, 175, 132, 136, 85, 133, 21, 7, 154, 182, 74, 111, 126, 185, 41, 54, 119, 46, 176, 12, 192, 127, 157, 76, 160, 150, 186, 156, 106, 108, 5, 53, 124, 180, 1, 168, 67, 29, 166]
[95, 86, 125, 164, 118, 148, 105, 92, 162, 3, 100, 59, 191, 13, 107, 141, 68, 40, 139, 163, 22, 149, 172, 34, 167, 184, 49, 138, 61, 82, 71, 129, 38, 70, 195, 4, 104, 42, 177, 151, 55, 37, 27, 147, 87, 199, 170, 140, 57, 97, 113, 128, 145, 102, 33, 89, 142, 24, 16, 134, 19, 63, 161, 66, 30, 79, 64, 159, 78, 14, 122, 197, 26, 190, 144, 84, 131, 110, 173, 120, 171, 28, 183, 60, 135, 23, 31, 25, 198, 6, 81, 77, 8, 137, 123, 117, 178, 65, 152, 47]
38227

[8, 117, 15, 62, 43, 187, 115, 121, 47, 152, 65, 178, 189, 11, 39, 146, 100, 3, 191, 13, 98, 18, 118, 91, 9, 174, 196, 44, 32, 155, 99, 107, 59, 127, 166, 40, 29, 124, 180, 1, 34, 163, 139, 20, 153, 101, 69, 143, 90, 93, 94, 138, 85, 104, 4, 177, 151, 55, 195, 70, 37, 102, 142, 145, 82, 61, 49, 184, 167, 53, 5, 108, 156, 30, 161, 63, 19, 159, 78, 14, 144, 84, 131, 0, 52, 114, 116, 110, 173, 120, 45, 171, 28, 183, 36, 123, 137, 25, 135, 60]
[119, 46, 186, 150, 160, 79, 76, 157, 192, 64, 66, 176, 12, 122, 197, 190, 26, 162, 92, 105, 148, 48, 17, 109, 158, 23, 31, 198, 6, 81, 77, 50, 193, 169, 83, 10, 51, 165, 95, 86, 125, 164, 103, 96, 80, 35, 56, 73, 179, 130, 141, 68, 188, 72, 2, 58, 88, 67, 168, 22, 172, 149, 75, 181, 194, 112, 175, 132, 136, 42, 147, 199, 170, 140, 57, 97, 113, 87, 27, 38, 129, 71, 128, 33, 89, 24, 16, 7, 133, 21, 182, 154, 74, 106, 111, 126, 185, 134, 41, 54]
38383

[17, 189, 178, 62, 115, 121, 169, 83, 10, 51, 164, 103, 118, 91, 18, 148, 105, 92, 162, 98, 9, 174, 196, 44, 80, 32, 155, 99, 35, 56, 73, 179, 130, 166, 40, 88, 139, 163, 69, 90, 94, 93, 181, 136, 42, 104, 4, 195, 177, 151, 55, 37, 27, 87, 97, 113, 102, 7, 108, 5, 53, 184, 49, 167, 149, 143, 168, 67, 29, 160, 150, 186, 119, 126, 185, 54, 161, 66, 64, 127, 192, 190, 0, 52, 114, 116, 110, 120, 173, 158, 23, 31, 137, 123, 36, 183, 28, 171, 45, 109]
[100, 59, 157, 76, 79, 124, 180, 1, 34, 22, 172, 61, 82, 71, 129, 128, 145, 16, 24, 142, 89, 33, 57, 140, 170, 199, 147, 38, 70, 138, 85, 112, 132, 175, 194, 75, 101, 20, 153, 58, 2, 72, 188, 68, 141, 107, 191, 13, 96, 125, 86, 95, 165, 47, 65, 152, 43, 187, 193, 50, 15, 117, 8, 77, 81, 6, 198, 25, 135, 60, 48, 11, 39, 131, 84, 144, 122, 14, 78, 159, 63, 19, 134, 41, 111, 154, 182, 21, 133, 74, 106, 156, 46, 30, 176, 12, 197, 26, 146, 3]
40119

[23, 31, 25, 77, 8, 137, 123, 50, 193, 121, 169, 10, 51, 86, 125, 95, 164, 165, 47, 152, 178, 36, 171, 45, 11, 100, 3, 162, 92, 105, 148, 18, 98, 13, 35, 196, 44, 96, 80, 32, 155, 99, 56, 73, 179, 130, 188, 141, 68, 2, 72, 58, 40, 166, 29, 67, 168, 22, 143, 149, 90, 93, 94, 85, 4, 70, 37, 38, 128, 133, 21, 182, 154, 74, 61, 53, 5, 156, 30, 66, 46, 119, 54, 63, 19, 14, 122, 197, 190, 144, 84, 131, 0, 52, 114, 116, 110, 120, 173, 158]
[177, 195, 138, 49, 184, 82, 71, 129, 27, 147, 87, 199, 170, 140, 57, 97, 113, 102, 145, 142, 89, 33, 24, 16, 7, 126, 134, 41, 185, 111, 106, 108, 186, 150, 64, 12, 176, 161, 159, 78, 26, 39, 146, 48, 17, 109, 28, 183, 60, 135, 198, 6, 81, 117, 15, 62, 43, 187, 115, 83, 103, 174, 9, 91, 118, 65, 189, 191, 107, 59, 127, 192, 157, 76, 79, 160, 124, 180, 1, 34, 167, 172, 163, 88, 139, 20, 153, 101, 69, 75, 181, 194, 112, 175, 132, 136, 42, 104, 151, 55]
37722

[141, 73, 99, 32, 80, 96, 125, 86, 95, 164, 165, 51, 10, 83, 169, 115, 152, 65, 91, 9, 174, 98, 148, 48, 17, 109, 28, 183, 135, 60, 36, 62, 50, 15, 117, 123, 137, 8, 77, 198, 25, 23, 173, 120, 171, 45, 11, 146, 39, 131, 190, 26, 197, 12, 176, 64, 79, 150, 186, 53, 74, 7, 16, 24, 142, 102, 87, 147, 27, 38, 37, 70, 55, 151, 177, 195, 4, 104, 42, 136, 85, 138, 94, 93, 90, 149, 49, 184, 167, 67, 29, 192, 127, 166, 88, 139, 153, 72, 2, 188]
[58, 68, 107, 59, 100, 3, 191, 13, 35, 56, 130, 179, 155, 44, 196, 103, 47, 118, 18, 105, 162, 92, 189, 178, 43, 187, 121, 193, 81, 6, 31, 158, 116, 114, 110, 52, 0, 84, 144, 122, 14, 78, 159, 161, 63, 19, 54, 41, 134, 185, 126, 111, 119, 66, 30, 46, 156, 5, 108, 106, 154, 182, 21, 133, 145, 89, 33, 57, 140, 170, 199, 97, 113, 128, 82, 61, 71, 129, 132, 175, 112, 194, 181, 75, 69, 143, 101, 20, 163, 22, 172, 168, 34, 1, 180, 124, 160, 76, 157, 40]
39010

[138, 71, 129, 70, 195, 4, 104, 42, 177, 151, 55, 37, 27, 147, 87, 199, 170, 140, 57, 102, 145, 128, 106, 108, 186, 150, 124, 160, 79, 64, 176, 78, 12, 39, 11, 45, 171, 31, 135, 60, 25, 198, 6, 81, 77, 8, 137, 123, 117, 15, 50, 193, 121, 169, 51, 95, 86, 125, 96, 80, 196, 103, 164, 165, 115, 187, 43, 62, 178, 36, 183, 28, 109, 17, 48, 162, 192, 127, 166, 157, 76, 29, 67, 168, 172, 22, 163, 88, 139, 20, 153, 101, 69, 143, 149, 90, 93, 94, 184, 49]
[82, 74, 53, 5, 156, 46, 119, 185, 54, 41, 134, 126, 111, 154, 182, 21, 133, 7, 16, 24, 142, 89, 33, 97, 113, 38, 85, 136, 132, 175, 112, 194, 181, 75, 40, 58, 72, 2, 68, 188, 130, 179, 155, 99, 32, 44, 56, 73, 141, 107, 191, 13, 35, 174, 9, 91, 118, 47, 10, 83, 152, 65, 189, 18, 98, 148, 105, 92, 3, 100, 59, 146, 131, 110, 120, 173, 23, 158, 116, 114, 52, 0, 84, 144, 190, 26, 197, 122, 14, 159, 19, 63, 161, 66, 30, 180, 1, 34, 167, 61]
39152

[62, 15, 117, 123, 8, 77, 81, 6, 198, 25, 137, 60, 135, 31, 23, 158, 173, 120, 116, 114, 52, 0, 144, 84, 39, 146, 26, 197, 122, 14, 78, 159, 64, 30, 46, 156, 119, 54, 185, 126, 111, 154, 182, 74, 106, 108, 53, 82, 61, 184, 49, 129, 113, 97, 87, 27, 37, 70, 195, 4, 90, 149, 143, 69, 101, 22, 168, 163, 139, 20, 153, 88, 40, 127, 192, 59, 100, 3, 162, 92, 191, 13, 107, 68, 141, 73, 56, 99, 155, 32, 80, 96, 44, 196, 118, 43, 115, 121, 193, 50]
[34, 67, 29, 76, 157, 166, 58, 2, 72, 188, 130, 179, 35, 174, 9, 91, 18, 98, 105, 148, 189, 48, 17, 178, 65, 152, 47, 103, 164, 125, 86, 95, 165, 51, 10, 83, 169, 187, 36, 183, 28, 109, 171, 45, 11, 110, 131, 190, 12, 176, 66, 161, 63, 19, 41, 134, 16, 24, 89, 33, 57, 140, 170, 199, 147, 151, 42, 132, 175, 194, 112, 136, 104, 177, 55, 38, 128, 145, 102, 142, 7, 21, 133, 71, 138, 85, 94, 93, 181, 75, 172, 167, 1, 180, 124, 160, 79, 150, 186, 5]
39760

[126, 111, 16, 24, 142, 89, 33, 57, 97, 113, 102, 145, 7, 182, 154, 106, 156, 108, 5, 53, 186, 150, 124, 1, 34, 172, 167, 49, 138, 70, 195, 85, 94, 101, 153, 20, 139, 163, 166, 59, 100, 3, 162, 48, 17, 189, 18, 98, 35, 56, 73, 99, 80, 96, 103, 164, 125, 86, 95, 165, 83, 169, 121, 115, 152, 65, 178, 43, 187, 193, 50, 62, 15, 117, 123, 137, 8, 77, 81, 6, 198, 25, 31, 135, 60, 36, 183, 28, 109, 171, 45, 120, 23, 158, 173, 116, 114, 0, 159, 54]
[11, 110, 52, 144, 122, 14, 78, 12, 176, 30, 66, 161, 63, 19, 134, 41, 185, 119, 46, 74, 21, 133, 128, 170, 140, 199, 87, 147, 55, 151, 177, 104, 42, 136, 4, 37, 27, 38, 129, 71, 82, 61, 184, 149, 90, 93, 112, 132, 175, 194, 181, 75, 69, 143, 22, 168, 180, 160, 79, 64, 197, 26, 190, 84, 131, 39, 146, 192, 127, 157, 76, 67, 29, 88, 40, 58, 2, 72, 188, 68, 141, 130, 179, 155, 32, 44, 196, 51, 10, 47, 118, 91, 9, 174, 107, 191, 13, 148, 105, 92]
39237

[138, 85, 93, 181, 75, 101, 153, 20, 22, 172, 143, 69, 149, 90, 94, 49, 184, 167, 180, 124, 64, 176, 12, 197, 26, 146, 92, 105, 148, 191, 13, 9, 174, 35, 56, 44, 196, 164, 95, 125, 86, 51, 10, 118, 91, 98, 18, 189, 178, 117, 123, 137, 8, 77, 81, 6, 198, 25, 60, 183, 11, 39, 131, 110, 116, 114, 52, 0, 84, 144, 190, 122, 14, 78, 159, 161, 63, 19, 134, 41, 185, 119, 156, 108, 5, 53, 61, 82, 71, 129, 128, 145, 142, 102, 113, 97, 27, 38, 37, 70]
[166, 76, 157, 192, 127, 59, 68, 141, 73, 107, 100, 3, 162, 48, 17, 109, 28, 171, 45, 120, 173, 158, 23, 31, 135, 36, 15, 50, 193, 121, 169, 115, 187, 62, 43, 152, 65, 47, 83, 165, 103, 96, 80, 32, 99, 155, 179, 130, 188, 72, 2, 58, 40, 88, 139, 163, 168, 29, 67, 34, 1, 194, 112, 175, 132, 136, 42, 104, 4, 195, 177, 151, 55, 147, 87, 199, 170, 140, 57, 33, 89, 24, 16, 7, 133, 21, 182, 154, 74, 106, 111, 126, 54, 66, 30, 46, 186, 150, 79, 160]
38425

[141, 99, 32, 44, 196, 125, 86, 95, 165, 83, 187, 43, 62, 178, 189, 18, 98, 118, 91, 9, 174, 13, 107, 68, 188, 72, 2, 58, 88, 40, 166, 127, 192, 59, 146, 11, 28, 183, 135, 31, 23, 158, 173, 120, 110, 116, 114, 52, 0, 131, 84, 144, 122, 14, 78, 159, 161, 54, 185, 126, 106, 108, 5, 53, 184, 61, 82, 71, 129, 38, 113, 97, 57, 140, 170, 199, 147, 27, 37, 70, 195, 177, 4, 104, 85, 138, 49, 94, 75, 69, 101, 143, 167, 180, 124, 186, 150, 79, 76, 157]
[100, 3, 162, 92, 191, 73, 56, 35, 105, 148, 48, 17, 109, 36, 65, 152, 47, 103, 80, 155, 179, 130, 96, 164, 10, 51, 169, 121, 115, 193, 50, 15, 117, 123, 8, 77, 81, 6, 198, 25, 137, 60, 171, 45, 39, 190, 26, 197, 12, 176, 64, 160, 29, 67, 1, 34, 168, 139, 153, 20, 163, 22, 172, 149, 90, 93, 181, 194, 112, 175, 132, 136, 42, 151, 55, 87, 102, 33, 89, 142, 24, 16, 145, 128, 7, 21, 133, 74, 182, 154, 111, 119, 156, 46, 30, 66, 63, 19, 41, 134]
41100

[27, 147, 87, 199, 170, 140, 57, 97, 113, 102, 145, 128, 7, 21, 133, 74, 182, 154, 111, 156, 106, 108, 5, 197, 190, 26, 146, 11, 39, 110, 52, 0, 114, 116, 158, 23, 173, 120, 45, 171, 109, 28, 183, 36, 15, 178, 152, 65, 18, 148, 105, 92, 162, 98, 9, 174, 196, 44, 35, 56, 73, 179, 130, 141, 107, 191, 3, 100, 59, 127, 192, 157, 76, 160, 1, 34, 22, 172, 167, 184, 61, 82, 49, 138, 85, 181, 194, 136, 42, 104, 4, 195, 177, 151, 55, 37, 70, 71, 129, 38]
[180, 124, 53, 186, 150, 79, 166, 40, 29, 67, 168, 163, 139, 20, 153, 88, 58, 2, 72, 188, 68, 13, 91, 118, 32, 99, 155, 80, 96, 103, 164, 95, 125, 86, 165, 47, 83, 10, 51, 169, 121, 115, 187, 43, 62, 193, 50, 117, 123, 137, 8, 77, 81, 6, 198, 25, 31, 135, 60, 17, 189, 48, 131, 84, 144, 122, 14, 78, 159, 161, 176, 12, 64, 66, 30, 46, 119, 126, 185, 54, 63, 19, 41, 134, 16, 24, 142, 89, 33, 132, 175, 112, 94, 93, 90, 149, 143, 101, 75, 69]
38921

[63, 54, 41, 134, 185, 126, 106, 108, 156, 46, 30, 66, 176, 64, 79, 150, 186, 5, 53, 74, 21, 133, 61, 82, 71, 129, 70, 38, 27, 37, 55, 151, 177, 42, 136, 132, 175, 112, 194, 181, 138, 49, 184, 167, 1, 34, 168, 67, 29, 40, 166, 127, 59, 68, 130, 141, 107, 191, 13, 98, 174, 9, 91, 118, 18, 148, 92, 146, 11, 189, 178, 43, 152, 65, 47, 165, 95, 125, 86, 51, 169, 121, 193, 50, 77, 81, 6, 198, 25, 60, 135, 31, 23, 158, 110, 52, 0, 14, 159, 19]
[170, 140, 57, 97, 113, 128, 102, 33, 89, 24, 16, 142, 145, 7, 182, 154, 111, 119, 161, 78, 12, 122, 197, 26, 190, 144, 84, 131, 39, 114, 116, 173, 120, 45, 171, 48, 17, 109, 28, 183, 36, 123, 137, 8, 117, 15, 62, 187, 115, 83, 10, 164, 103, 96, 80, 196, 44, 32, 99, 155, 179, 73, 56, 35, 105, 162, 3, 100, 192, 157, 76, 160, 124, 180, 172, 22, 163, 88, 58, 188, 2, 72, 153, 139, 20, 101, 75, 69, 143, 149, 90, 93, 94, 85, 104, 4, 195, 147, 87, 199]
38563

[12, 197, 26, 39, 110, 131, 84, 144, 159, 161, 63, 19, 54, 41, 134, 185, 126, 111, 119, 5, 53, 186, 150, 160, 124, 180, 29, 67, 168, 22, 93, 94, 49, 167, 184, 61, 82, 128, 145, 142, 102, 113, 97, 27, 42, 136, 132, 175, 112, 194, 181, 75, 69, 153, 88, 40, 188, 130, 179, 73, 99, 155, 32, 44, 103, 164, 165, 83, 47, 118, 65, 152, 43, 178, 123, 137, 135, 60, 36, 183, 28, 109, 45, 11, 146, 162, 92, 105, 148, 98, 13, 191, 59, 127, 192, 79, 64, 30, 66, 176]
[8, 77, 117, 15, 62, 50, 193, 187, 115, 121, 169, 51, 10, 95, 86, 125, 96, 80, 196, 174, 9, 91, 18, 189, 17, 48, 3, 100, 107, 35, 56, 141, 68, 2, 72, 58, 166, 157, 76, 163, 139, 20, 101, 143, 90, 149, 172, 34, 1, 74, 21, 133, 38, 37, 70, 129, 71, 138, 85, 104, 4, 195, 177, 151, 55, 147, 87, 199, 170, 140, 57, 33, 89, 24, 16, 7, 182, 154, 106, 108, 156, 46, 78, 14, 122, 190, 0, 52, 114, 116, 158, 173, 120, 171, 23, 31, 25, 198, 6, 81]
40167

[12, 176, 66, 78, 159, 161, 63, 19, 54, 119, 111, 156, 106, 108, 74, 182, 154, 7, 145, 102, 113, 97, 27, 37, 38, 129, 70, 195, 177, 151, 4, 85, 138, 149, 143, 22, 163, 139, 20, 153, 88, 58, 2, 72, 188, 35, 174, 9, 103, 164, 165, 47, 83, 10, 51, 169, 121, 115, 193, 50, 62, 187, 43, 178, 36, 123, 137, 135, 60, 183, 28, 171, 45, 120, 173, 110, 52, 0, 84, 144, 190, 14, 122, 197, 26, 192, 127, 157, 166, 40, 29, 67, 34, 1, 180, 124, 160, 150, 79, 64]
[168, 172, 167, 184, 49, 94, 93, 90, 69, 101, 75, 181, 194, 112, 175, 132, 136, 42, 104, 55, 147, 87, 199, 170, 140, 57, 33, 89, 24, 16, 142, 128, 71, 82, 61, 133, 21, 126, 185, 134, 41, 46, 30, 5, 53, 186, 76, 59, 100, 3, 162, 92, 105, 148, 48, 109, 17, 189, 18, 98, 13, 191, 107, 68, 141, 130, 179, 73, 56, 99, 155, 32, 80, 96, 125, 86, 95, 44, 196, 91, 118, 65, 152, 15, 117, 8, 77, 81, 6, 198, 25, 31, 23, 158, 116, 114, 131, 11, 146, 39]
39260

[62, 43, 187, 115, 50, 193, 121, 169, 83, 47, 165, 103, 155, 179, 130, 188, 68, 141, 107, 191, 100, 59, 166, 157, 76, 79, 160, 124, 180, 1, 34, 168, 163, 101, 69, 75, 181, 194, 112, 175, 132, 136, 42, 104, 4, 195, 177, 151, 55, 129, 71, 82, 128, 102, 142, 24, 16, 7, 74, 108, 106, 119, 185, 41, 134, 19, 63, 66, 46, 30, 176, 12, 122, 197, 190, 26, 146, 11, 39, 131, 0, 52, 114, 116, 23, 31, 135, 60, 137, 25, 198, 6, 81, 77, 8, 123, 117, 15, 48, 17]
[127, 192, 64, 150, 186, 156, 5, 53, 61, 184, 167, 172, 22, 67, 29, 40, 58, 2, 72, 88, 153, 20, 139, 143, 149, 90, 93, 94, 49, 138, 85, 70, 37, 38, 27, 147, 87, 113, 97, 199, 170, 140, 57, 33, 89, 145, 133, 21, 182, 154, 111, 126, 54, 161, 159, 78, 14, 144, 84, 110, 158, 173, 120, 45, 171, 109, 28, 183, 36, 178, 152, 65, 118, 91, 9, 174, 35, 44, 196, 164, 95, 10, 51, 86, 125, 96, 80, 32, 99, 73, 56, 13, 98, 18, 189, 148, 105, 92, 162, 3]
37316

[135, 60, 31, 25, 198, 6, 81, 77, 8, 137, 123, 183, 28, 109, 17, 36, 117, 15, 178, 62, 50, 193, 169, 83, 10, 51, 86, 125, 95, 165, 164, 103, 96, 80, 196, 91, 9, 174, 44, 32, 155, 99, 35, 56, 73, 179, 130, 188, 68, 141, 107, 29, 67, 168, 163, 22, 172, 93, 94, 49, 138, 85, 195, 177, 151, 55, 70, 37, 38, 27, 87, 97, 113, 129, 71, 61, 82, 128, 145, 7, 21, 133, 53, 186, 5, 108, 106, 156, 30, 66, 46, 119, 185, 41, 134, 63, 19, 84, 11, 171]
[150, 79, 76, 157, 127, 192, 146, 39, 131, 0, 52, 110, 114, 116, 158, 23, 173, 120, 45, 48, 189, 65, 152, 43, 187, 115, 121, 47, 118, 18, 98, 13, 191, 148, 105, 92, 162, 3, 100, 59, 166, 40, 58, 2, 72, 88, 153, 139, 20, 101, 75, 181, 194, 112, 175, 132, 136, 42, 104, 4, 147, 199, 170, 140, 57, 33, 89, 102, 142, 24, 16, 126, 54, 161, 176, 159, 78, 14, 122, 144, 190, 26, 197, 12, 64, 111, 154, 182, 74, 184, 167, 149, 90, 69, 143, 34, 1, 180, 124, 160]
38696

[23, 31, 25, 198, 6, 81, 121, 169, 83, 115, 62, 15, 117, 60, 135, 109, 17, 189, 98, 35, 56, 99, 73, 141, 68, 107, 59, 166, 157, 76, 160, 79, 64, 156, 106, 108, 186, 150, 1, 34, 168, 67, 29, 40, 58, 88, 153, 20, 139, 163, 101, 69, 143, 149, 22, 172, 167, 184, 71, 129, 38, 27, 147, 87, 113, 97, 199, 170, 140, 57, 33, 89, 24, 16, 142, 102, 145, 128, 7, 21, 133, 74, 182, 154, 111, 19, 63, 161, 159, 78, 197, 190, 26, 146, 48, 11, 39, 131, 110, 158]
[82, 61, 70, 37, 55, 151, 177, 195, 4, 104, 42, 136, 132, 175, 112, 194, 181, 75, 90, 93, 94, 85, 138, 49, 180, 124, 127, 192, 100, 3, 162, 92, 105, 148, 18, 91, 9, 174, 13, 191, 2, 72, 188, 130, 179, 155, 32, 44, 196, 80, 96, 103, 164, 165, 95, 125, 86, 51, 10, 47, 118, 65, 152, 178, 43, 187, 193, 50, 77, 8, 137, 123, 36, 183, 28, 171, 45, 120, 173, 116, 114, 52, 0, 84, 144, 122, 14, 12, 176, 30, 66, 54, 41, 134, 185, 126, 119, 46, 5, 53]
38544

[78, 12, 176, 66, 30, 46, 119, 185, 41, 134, 126, 111, 154, 182, 145, 142, 89, 33, 102, 128, 71, 129, 38, 70, 195, 42, 132, 175, 112, 194, 181, 93, 94, 90, 143, 149, 49, 61, 82, 74, 106, 156, 108, 5, 53, 186, 150, 79, 76, 157, 29, 163, 139, 20, 153, 88, 40, 58, 72, 2, 107, 11, 48, 189, 148, 13, 35, 32, 44, 196, 47, 65, 152, 43, 187, 115, 121, 193, 50, 178, 36, 17, 109, 28, 183, 60, 135, 158, 116, 114, 52, 0, 39, 146, 26, 190, 84, 144, 14, 122]
[159, 197, 131, 110, 173, 120, 45, 171, 23, 31, 25, 198, 6, 81, 77, 8, 137, 123, 117, 15, 62, 169, 83, 10, 51, 86, 125, 95, 165, 164, 103, 118, 18, 91, 9, 174, 98, 105, 92, 162, 3, 100, 191, 56, 73, 99, 80, 96, 155, 179, 130, 188, 141, 68, 59, 192, 127, 166, 67, 168, 172, 22, 101, 69, 75, 138, 85, 136, 104, 4, 177, 151, 55, 37, 27, 147, 87, 113, 97, 199, 170, 140, 57, 24, 16, 7, 21, 133, 184, 167, 34, 1, 180, 124, 160, 64, 54, 19, 63, 161]
39235

[32, 155, 99, 73, 56, 196, 44, 80, 96, 165, 47, 83, 10, 169, 115, 15, 117, 123, 8, 198, 25, 135, 60, 36, 178, 189, 17, 109, 28, 171, 45, 120, 23, 158, 173, 11, 39, 131, 84, 190, 26, 64, 66, 30, 46, 5, 186, 150, 79, 160, 67, 168, 34, 1, 180, 124, 53, 74, 113, 97, 87, 38, 37, 104, 42, 136, 112, 194, 181, 75, 69, 90, 93, 94, 49, 184, 167, 172, 22, 143, 101, 153, 20, 139, 163, 29, 88, 72, 2, 58, 40, 166, 59, 100, 107, 141, 68, 188, 130, 179]
[121, 51, 86, 125, 95, 164, 103, 91, 98, 9, 174, 35, 13, 191, 3, 162, 146, 192, 127, 157, 76, 149, 175, 132, 85, 138, 61, 82, 71, 129, 70, 195, 4, 177, 151, 55, 27, 147, 199, 170, 140, 57, 33, 102, 128, 145, 142, 89, 24, 16, 7, 133, 21, 182, 154, 106, 108, 156, 119, 111, 126, 185, 134, 41, 54, 19, 63, 161, 159, 78, 176, 12, 14, 122, 197, 144, 0, 52, 114, 116, 110, 31, 6, 81, 77, 137, 183, 48, 92, 105, 148, 18, 118, 65, 152, 43, 187, 62, 50, 193]
40050

[198, 6, 81, 77, 8, 137, 17, 48, 148, 105, 92, 162, 45, 171, 120, 173, 135, 31, 23, 158, 116, 114, 52, 0, 84, 144, 14, 12, 176, 66, 111, 154, 182, 133, 71, 129, 70, 37, 38, 128, 145, 89, 33, 57, 140, 170, 199, 87, 147, 55, 177, 195, 4, 136, 94, 93, 90, 149, 172, 168, 67, 29, 124, 180, 184, 61, 82, 53, 156, 30, 64, 192, 127, 59, 107, 141, 73, 99, 155, 32, 80, 44, 196, 174, 9, 91, 118, 65, 152, 178, 15, 62, 83, 165, 95, 125, 86, 51, 10, 169]
[113, 102, 142, 24, 16, 7, 21, 74, 106, 108, 5, 186, 150, 160, 76, 157, 79, 46, 119, 126, 185, 134, 41, 54, 19, 63, 161, 159, 78, 122, 197, 26, 190, 131, 110, 39, 11, 146, 100, 3, 191, 13, 98, 18, 189, 109, 28, 183, 36, 60, 25, 123, 117, 50, 193, 121, 115, 187, 43, 47, 164, 103, 96, 35, 56, 179, 130, 188, 68, 2, 72, 58, 166, 40, 88, 153, 20, 139, 163, 101, 75, 69, 143, 22, 34, 1, 167, 49, 138, 85, 181, 194, 112, 175, 132, 42, 104, 151, 27, 97]
39865

[110, 116, 114, 52, 0, 131, 39, 84, 144, 161, 54, 185, 16, 24, 7, 111, 119, 46, 30, 64, 160, 180, 124, 150, 186, 53, 61, 71, 49, 138, 85, 4, 104, 42, 136, 132, 175, 112, 194, 181, 93, 90, 149, 69, 143, 22, 172, 167, 184, 1, 34, 88, 40, 188, 130, 179, 155, 99, 56, 35, 13, 148, 105, 92, 48, 189, 18, 9, 174, 32, 80, 96, 44, 196, 118, 103, 164, 165, 95, 125, 86, 51, 10, 83, 169, 121, 193, 50, 62, 15, 117, 123, 8, 137, 135, 31, 23, 158, 173, 120]
[101, 75, 94, 195, 177, 151, 55, 37, 70, 129, 38, 27, 147, 87, 199, 170, 140, 57, 97, 113, 33, 89, 142, 102, 145, 128, 82, 133, 21, 74, 182, 154, 126, 41, 134, 19, 63, 159, 78, 14, 122, 197, 190, 26, 12, 176, 66, 156, 106, 108, 5, 79, 76, 157, 192, 127, 59, 100, 146, 11, 45, 171, 109, 17, 28, 183, 60, 25, 198, 6, 81, 77, 36, 178, 65, 152, 43, 187, 115, 47, 91, 98, 162, 3, 191, 107, 73, 141, 68, 2, 72, 58, 166, 29, 67, 168, 163, 139, 20, 153]
39172

[124, 150, 64, 192, 127, 59, 100, 146, 11, 39, 26, 197, 122, 14, 78, 159, 144, 0, 52, 114, 116, 173, 120, 45, 171, 23, 31, 135, 60, 25, 198, 6, 81, 77, 8, 15, 62, 43, 187, 115, 169, 83, 47, 152, 65, 178, 109, 17, 48, 189, 191, 13, 35, 56, 73, 99, 179, 130, 188, 2, 72, 153, 20, 139, 163, 101, 69, 75, 90, 93, 94, 49, 71, 147, 87, 97, 113, 7, 133, 21, 182, 154, 111, 156, 106, 108, 5, 186, 53, 74, 82, 61, 184, 167, 149, 172, 22, 34, 1, 180]
[126, 119, 46, 30, 185, 134, 41, 54, 19, 63, 161, 66, 176, 12, 190, 84, 131, 110, 158, 28, 183, 36, 137, 123, 117, 50, 193, 121, 10, 51, 86, 125, 95, 165, 164, 103, 96, 80, 155, 32, 44, 196, 118, 91, 9, 174, 98, 18, 148, 105, 92, 162, 3, 107, 141, 68, 58, 40, 88, 29, 166, 157, 76, 79, 160, 67, 168, 143, 181, 194, 112, 175, 132, 136, 42, 104, 4, 85, 138, 129, 70, 195, 177, 151, 55, 37, 27, 38, 128, 145, 102, 142, 16, 24, 89, 33, 57, 140, 170, 199]
38635

[67, 76, 157, 79, 64, 161, 63, 19, 159, 78, 14, 122, 190, 131, 110, 158, 173, 120, 11, 39, 146, 192, 127, 166, 59, 100, 3, 92, 189, 48, 17, 60, 137, 8, 77, 81, 123, 117, 15, 62, 50, 193, 121, 169, 83, 47, 43, 152, 65, 118, 18, 98, 91, 9, 174, 35, 56, 32, 99, 73, 68, 40, 88, 139, 20, 153, 101, 69, 75, 93, 90, 149, 172, 22, 34, 1, 167, 184, 49, 61, 82, 129, 70, 38, 27, 147, 87, 97, 113, 24, 16, 7, 74, 53, 5, 186, 150, 160, 180, 124]
[109, 28, 183, 36, 178, 187, 115, 51, 10, 165, 86, 125, 95, 164, 103, 96, 80, 196, 44, 155, 179, 130, 141, 188, 72, 2, 58, 163, 143, 181, 194, 112, 175, 132, 136, 42, 104, 4, 195, 177, 151, 55, 37, 199, 170, 140, 57, 102, 33, 89, 142, 145, 128, 71, 138, 85, 94, 168, 29, 107, 191, 13, 148, 105, 162, 26, 197, 12, 30, 46, 156, 108, 106, 133, 21, 182, 154, 111, 126, 185, 134, 41, 54, 119, 66, 176, 144, 84, 0, 52, 114, 116, 23, 31, 6, 198, 25, 135, 171, 45]
40618

[12, 176, 66, 46, 30, 64, 79, 76, 157, 29, 67, 168, 34, 124, 160, 150, 186, 5, 7, 16, 24, 89, 33, 113, 97, 57, 140, 170, 199, 87, 147, 55, 151, 177, 195, 4, 104, 42, 136, 85, 90, 149, 143, 172, 22, 163, 88, 68, 107, 44, 196, 103, 47, 193, 50, 137, 8, 77, 81, 6, 198, 25, 60, 135, 31, 23, 158, 173, 120, 45, 171, 183, 28, 109, 17, 48, 148, 98, 18, 118, 91, 9, 174, 13, 3, 100, 59, 26, 190, 131, 110, 116, 114, 52, 0, 84, 144, 197, 122, 14]
[80, 32, 99, 155, 179, 130, 188, 141, 73, 56, 35, 191, 192, 127, 166, 40, 58, 2, 72, 153, 139, 20, 101, 69, 75, 181, 194, 175, 132, 112, 93, 94, 138, 70, 37, 27, 102, 142, 145, 128, 38, 129, 71, 82, 61, 49, 184, 167, 1, 180, 53, 74, 133, 21, 182, 154, 106, 108, 156, 119, 111, 126, 185, 134, 41, 54, 19, 63, 161, 159, 78, 39, 146, 11, 162, 92, 105, 189, 178, 36, 123, 117, 15, 62, 65, 152, 43, 187, 115, 121, 169, 83, 10, 51, 165, 95, 86, 125, 164, 96]
38148

[196, 44, 32, 155, 99, 73, 107, 68, 2, 72, 58, 166, 157, 79, 64, 66, 54, 185, 119, 46, 186, 124, 180, 1, 34, 22, 172, 149, 167, 184, 138, 85, 4, 151, 55, 177, 195, 70, 71, 129, 38, 27, 102, 142, 89, 24, 16, 7, 21, 182, 154, 111, 126, 41, 134, 19, 63, 161, 159, 78, 14, 144, 84, 114, 116, 39, 100, 3, 162, 105, 148, 98, 18, 189, 48, 17, 109, 171, 120, 173, 158, 23, 31, 198, 6, 81, 77, 8, 50, 193, 187, 115, 121, 169, 83, 10, 51, 103, 96, 80]
[65, 152, 178, 43, 62, 15, 117, 123, 137, 25, 135, 60, 36, 183, 28, 45, 110, 52, 0, 131, 190, 26, 197, 122, 12, 176, 30, 156, 106, 108, 74, 133, 145, 128, 113, 97, 33, 57, 140, 170, 199, 87, 147, 37, 104, 42, 136, 132, 175, 112, 194, 181, 75, 69, 143, 90, 93, 94, 49, 82, 61, 53, 5, 150, 160, 76, 29, 67, 168, 163, 101, 153, 20, 139, 88, 40, 188, 130, 179, 141, 56, 35, 13, 191, 59, 127, 192, 146, 11, 92, 174, 9, 91, 118, 47, 165, 95, 86, 125, 164]
38891

[105, 148, 13, 191, 107, 35, 91, 47, 83, 10, 51, 169, 121, 115, 187, 193, 50, 62, 15, 117, 8, 77, 81, 6, 198, 25, 135, 171, 28, 109, 17, 48, 39, 131, 52, 116, 114, 0, 84, 144, 14, 78, 159, 19, 63, 54, 41, 134, 185, 126, 106, 108, 156, 46, 30, 66, 176, 64, 79, 76, 160, 180, 1, 167, 184, 61, 82, 145, 89, 33, 57, 140, 170, 199, 147, 27, 38, 37, 55, 151, 177, 70, 71, 138, 49, 94, 93, 90, 163, 139, 20, 153, 88, 166, 157, 59, 100, 3, 162, 92]
[97, 113, 102, 142, 24, 16, 7, 182, 154, 111, 119, 161, 12, 122, 197, 190, 26, 192, 127, 146, 11, 45, 120, 173, 110, 158, 23, 31, 60, 137, 123, 36, 183, 189, 178, 43, 152, 65, 118, 18, 98, 9, 174, 165, 95, 86, 125, 164, 103, 96, 80, 44, 196, 56, 73, 99, 32, 155, 179, 130, 141, 68, 188, 72, 2, 58, 40, 29, 67, 168, 22, 143, 101, 69, 75, 181, 194, 112, 175, 132, 136, 42, 104, 4, 195, 85, 149, 172, 34, 124, 150, 186, 5, 53, 74, 21, 133, 128, 129, 87]
38767

[176, 54, 41, 134, 185, 126, 119, 111, 154, 182, 21, 133, 7, 16, 24, 89, 33, 57, 140, 170, 199, 87, 147, 27, 38, 129, 138, 195, 177, 4, 104, 136, 112, 194, 181, 75, 69, 101, 143, 149, 172, 167, 184, 1, 34, 168, 22, 163, 139, 20, 153, 88, 40, 166, 58, 2, 72, 188, 130, 179, 141, 68, 107, 73, 56, 35, 196, 103, 125, 86, 95, 118, 178, 36, 189, 48, 17, 109, 28, 183, 198, 6, 31, 171, 45, 120, 173, 116, 114, 52, 0, 39, 11, 146, 127, 192, 26, 197, 122, 12]
[128, 145, 142, 102, 113, 97, 37, 70, 55, 151, 42, 132, 175, 93, 90, 94, 85, 49, 71, 82, 61, 74, 106, 156, 46, 30, 64, 66, 161, 63, 19, 159, 78, 14, 190, 144, 84, 131, 110, 158, 23, 135, 60, 25, 77, 81, 8, 137, 123, 117, 15, 62, 65, 152, 43, 187, 115, 50, 193, 121, 169, 51, 10, 83, 47, 165, 164, 96, 80, 155, 99, 32, 44, 174, 9, 91, 18, 98, 13, 191, 148, 105, 92, 162, 3, 100, 59, 157, 76, 29, 67, 180, 124, 160, 79, 150, 186, 53, 5, 108]
38477

[108, 186, 150, 124, 180, 167, 184, 133, 21, 145, 128, 113, 97, 87, 27, 37, 38, 129, 70, 151, 177, 4, 104, 42, 136, 85, 94, 90, 93, 112, 132, 175, 194, 181, 75, 101, 153, 188, 130, 179, 155, 99, 35, 56, 107, 13, 191, 3, 162, 92, 45, 171, 28, 109, 17, 48, 189, 148, 105, 98, 18, 118, 165, 95, 51, 10, 83, 47, 169, 187, 62, 15, 117, 77, 81, 6, 198, 25, 31, 23, 158, 173, 110, 116, 114, 52, 0, 84, 144, 190, 122, 14, 159, 161, 63, 19, 134, 41, 111, 106]
[127, 192, 100, 59, 166, 157, 76, 79, 160, 1, 34, 67, 29, 168, 22, 143, 69, 149, 172, 49, 61, 82, 71, 138, 195, 55, 147, 199, 170, 140, 57, 102, 33, 89, 142, 24, 16, 7, 154, 182, 74, 53, 5, 156, 126, 185, 54, 119, 46, 30, 66, 64, 176, 78, 12, 197, 26, 131, 39, 146, 11, 120, 135, 60, 137, 8, 123, 36, 183, 178, 50, 193, 121, 115, 43, 152, 65, 91, 9, 174, 196, 103, 164, 86, 125, 96, 80, 44, 32, 73, 141, 68, 2, 72, 58, 40, 88, 139, 20, 163]
39724

[123, 137, 60, 135, 25, 198, 6, 81, 77, 8, 117, 15, 36, 183, 28, 109, 171, 31, 23, 158, 110, 131, 39, 92, 105, 148, 98, 18, 65, 152, 43, 62, 50, 193, 121, 169, 83, 10, 51, 165, 95, 86, 125, 164, 103, 96, 80, 196, 44, 32, 99, 155, 179, 130, 188, 68, 141, 73, 56, 35, 13, 191, 192, 157, 29, 67, 163, 139, 20, 153, 101, 143, 184, 71, 129, 38, 128, 145, 102, 113, 97, 199, 170, 140, 57, 33, 89, 142, 24, 16, 7, 154, 111, 119, 66, 161, 63, 19, 78, 159]
[100, 3, 162, 189, 48, 17, 178, 187, 115, 47, 118, 91, 9, 174, 107, 59, 127, 166, 40, 58, 2, 72, 88, 168, 34, 22, 172, 149, 90, 69, 75, 181, 194, 112, 175, 132, 93, 94, 85, 136, 42, 104, 4, 195, 177, 151, 55, 147, 87, 27, 37, 70, 138, 49, 82, 61, 167, 1, 180, 124, 160, 76, 79, 150, 64, 30, 46, 156, 186, 53, 5, 108, 106, 74, 133, 21, 182, 126, 185, 134, 41, 54, 176, 12, 14, 122, 197, 26, 190, 144, 84, 0, 52, 114, 116, 173, 120, 45, 11, 146]
39362

[117, 8, 77, 81, 6, 198, 25, 120, 45, 171, 28, 109, 17, 48, 92, 162, 11, 146, 39, 26, 197, 12, 176, 186, 5, 74, 182, 154, 7, 21, 133, 128, 145, 102, 142, 16, 24, 89, 33, 113, 97, 87, 147, 27, 37, 4, 104, 42, 136, 132, 175, 112, 194, 181, 75, 69, 101, 20, 153, 88, 40, 29, 166, 157, 192, 127, 59, 100, 3, 191, 13, 9, 174, 107, 68, 141, 73, 56, 35, 99, 155, 32, 44, 196, 103, 164, 165, 51, 10, 83, 169, 121, 193, 50, 62, 15, 178, 65, 152, 43]
[188, 72, 2, 58, 139, 163, 22, 172, 143, 149, 90, 93, 94, 49, 138, 85, 195, 177, 151, 55, 199, 170, 140, 57, 38, 70, 129, 71, 82, 61, 53, 184, 167, 168, 67, 34, 1, 180, 124, 150, 160, 76, 79, 64, 30, 46, 119, 156, 108, 106, 111, 126, 185, 134, 41, 54, 66, 161, 63, 19, 159, 78, 14, 122, 190, 144, 84, 131, 0, 52, 114, 116, 110, 173, 158, 23, 31, 135, 60, 137, 123, 36, 183, 189, 148, 105, 98, 18, 91, 118, 187, 115, 47, 95, 86, 125, 96, 80, 179, 130]
36819

[46, 119, 111, 126, 185, 134, 41, 176, 12, 144, 0, 52, 114, 116, 110, 45, 171, 120, 173, 158, 23, 31, 137, 8, 123, 117, 15, 50, 62, 187, 115, 193, 121, 169, 51, 86, 125, 96, 80, 44, 32, 99, 155, 141, 68, 73, 56, 35, 174, 9, 91, 148, 105, 92, 162, 11, 146, 39, 131, 84, 192, 166, 58, 2, 72, 153, 20, 101, 69, 75, 90, 94, 93, 181, 194, 112, 175, 132, 136, 42, 104, 4, 195, 70, 38, 113, 102, 145, 128, 7, 182, 21, 133, 82, 61, 49, 184, 167, 53, 156]
[108, 5, 186, 30, 66, 54, 19, 63, 161, 159, 78, 14, 122, 197, 190, 26, 64, 79, 150, 160, 124, 180, 1, 34, 168, 67, 29, 76, 157, 127, 59, 100, 3, 191, 107, 13, 98, 18, 189, 48, 17, 109, 28, 183, 36, 60, 135, 25, 198, 6, 81, 77, 178, 43, 83, 10, 95, 164, 103, 165, 47, 152, 65, 118, 196, 179, 130, 188, 40, 88, 139, 163, 22, 172, 143, 149, 138, 85, 177, 151, 55, 37, 27, 147, 199, 170, 140, 57, 33, 89, 24, 16, 142, 97, 87, 129, 71, 74, 154, 106]
39190

[189, 48, 17, 109, 28, 183, 171, 45, 120, 173, 11, 146, 39, 190, 26, 197, 122, 12, 157, 76, 79, 160, 150, 186, 53, 5, 108, 106, 156, 46, 30, 66, 161, 54, 41, 134, 185, 126, 111, 154, 74, 61, 82, 71, 128, 145, 142, 102, 113, 97, 170, 199, 147, 27, 37, 55, 151, 177, 195, 85, 94, 93, 112, 132, 175, 194, 181, 101, 163, 139, 20, 153, 88, 40, 166, 58, 2, 72, 96, 103, 164, 125, 86, 95, 165, 51, 10, 83, 169, 121, 193, 50, 187, 115, 47, 118, 18, 148, 105, 92]
[191, 162, 3, 100, 59, 192, 127, 29, 67, 168, 34, 124, 180, 1, 172, 22, 143, 69, 75, 90, 149, 167, 184, 49, 138, 136, 42, 104, 4, 70, 129, 38, 87, 140, 57, 33, 89, 24, 16, 7, 133, 21, 182, 119, 64, 176, 63, 19, 159, 78, 14, 144, 84, 131, 0, 52, 114, 116, 110, 158, 23, 31, 135, 25, 198, 6, 81, 77, 8, 123, 137, 60, 36, 117, 15, 62, 43, 178, 152, 65, 91, 98, 9, 174, 196, 44, 80, 32, 155, 99, 35, 56, 73, 179, 130, 188, 68, 141, 107, 13]
36776

[167, 184, 49, 138, 70, 129, 71, 128, 133, 21, 7, 16, 24, 142, 89, 33, 102, 57, 140, 170, 199, 151, 42, 104, 85, 94, 149, 143, 172, 22, 163, 88, 58, 2, 72, 188, 130, 179, 107, 191, 13, 35, 56, 73, 99, 32, 164, 125, 86, 95, 165, 83, 47, 43, 187, 62, 193, 50, 15, 117, 178, 18, 98, 148, 105, 183, 36, 60, 137, 123, 8, 77, 81, 6, 198, 25, 135, 31, 116, 114, 110, 52, 0, 144, 19, 63, 134, 41, 119, 46, 30, 197, 190, 26, 59, 127, 192, 160, 124, 180]
[29, 67, 168, 139, 20, 153, 101, 69, 75, 90, 93, 181, 194, 112, 175, 132, 136, 4, 195, 177, 55, 37, 38, 27, 147, 87, 97, 113, 145, 182, 154, 74, 106, 108, 5, 156, 111, 126, 185, 54, 66, 176, 161, 159, 78, 12, 14, 122, 84, 131, 39, 146, 100, 3, 162, 92, 11, 173, 158, 23, 120, 45, 171, 28, 109, 17, 48, 189, 174, 9, 91, 118, 65, 152, 115, 121, 169, 51, 10, 103, 96, 80, 196, 44, 155, 141, 68, 40, 166, 157, 76, 79, 64, 150, 186, 53, 82, 61, 1, 34]
40317

[168, 163, 22, 167, 184, 49, 71, 82, 61, 53, 74, 16, 24, 142, 89, 33, 102, 57, 140, 170, 199, 147, 55, 151, 4, 104, 42, 136, 132, 175, 112, 194, 181, 69, 143, 101, 153, 20, 139, 88, 68, 141, 73, 56, 35, 32, 80, 96, 165, 83, 169, 121, 193, 50, 62, 15, 117, 123, 137, 8, 77, 81, 6, 198, 25, 60, 183, 28, 171, 45, 109, 17, 48, 162, 3, 146, 26, 197, 122, 14, 78, 159, 161, 63, 19, 54, 66, 30, 176, 12, 192, 127, 59, 100, 191, 13, 107, 166, 29, 67]
[64, 150, 186, 5, 108, 106, 156, 46, 119, 185, 41, 134, 126, 111, 154, 182, 21, 133, 7, 145, 128, 113, 97, 87, 27, 37, 38, 129, 70, 177, 195, 138, 85, 94, 93, 75, 90, 149, 172, 34, 1, 180, 124, 160, 79, 76, 157, 40, 58, 2, 72, 188, 130, 179, 155, 99, 44, 196, 174, 9, 91, 98, 18, 189, 118, 103, 164, 95, 125, 86, 51, 10, 47, 65, 152, 115, 187, 43, 178, 36, 135, 31, 23, 158, 173, 120, 110, 148, 105, 92, 11, 39, 190, 144, 84, 131, 52, 116, 114, 0]
38628

[162, 3, 100, 59, 107, 141, 179, 130, 188, 68, 2, 72, 58, 88, 153, 20, 139, 163, 167, 49, 138, 85, 136, 104, 4, 195, 70, 37, 27, 87, 97, 113, 102, 33, 89, 24, 16, 142, 145, 7, 21, 133, 128, 129, 71, 184, 53, 186, 30, 156, 5, 108, 106, 111, 126, 185, 63, 19, 159, 78, 12, 14, 122, 197, 190, 144, 0, 114, 116, 110, 52, 131, 39, 11, 45, 171, 120, 135, 25, 198, 137, 123, 117, 178, 189, 18, 118, 65, 152, 47, 10, 51, 86, 125, 95, 164, 196, 44, 13, 191]
[69, 75, 90, 94, 93, 181, 194, 112, 175, 132, 42, 177, 151, 55, 147, 199, 170, 140, 57, 38, 82, 61, 74, 182, 154, 46, 119, 41, 134, 54, 161, 66, 176, 64, 150, 79, 76, 157, 26, 84, 173, 158, 23, 31, 6, 81, 77, 8, 60, 183, 28, 109, 48, 17, 36, 15, 50, 193, 62, 43, 187, 115, 121, 169, 83, 165, 103, 96, 80, 32, 155, 99, 73, 56, 35, 174, 9, 91, 98, 148, 105, 92, 146, 192, 127, 166, 40, 29, 67, 168, 34, 160, 124, 180, 1, 22, 172, 149, 143, 101]
39187

[76, 157, 160, 150, 186, 5, 108, 106, 74, 154, 182, 21, 133, 145, 102, 113, 87, 147, 27, 38, 37, 55, 42, 136, 132, 175, 112, 194, 181, 93, 94, 90, 75, 69, 143, 22, 172, 1, 180, 34, 67, 29, 40, 130, 179, 99, 73, 56, 35, 107, 59, 100, 3, 162, 92, 146, 39, 11, 48, 189, 118, 103, 164, 51, 10, 83, 169, 121, 115, 193, 50, 187, 43, 62, 178, 15, 117, 123, 137, 60, 135, 25, 8, 77, 81, 6, 198, 31, 23, 158, 173, 110, 116, 114, 52, 0, 84, 190, 64, 79]
[82, 61, 71, 129, 70, 195, 177, 151, 4, 104, 85, 138, 49, 149, 101, 153, 20, 139, 163, 168, 88, 58, 2, 72, 188, 141, 68, 166, 127, 192, 197, 26, 105, 148, 191, 13, 98, 18, 91, 9, 174, 196, 44, 32, 155, 80, 96, 125, 86, 95, 165, 47, 152, 65, 36, 183, 28, 17, 109, 171, 45, 120, 131, 144, 122, 14, 12, 78, 159, 19, 63, 161, 176, 30, 66, 54, 41, 134, 185, 126, 16, 24, 142, 89, 33, 57, 140, 170, 199, 97, 128, 7, 111, 119, 46, 156, 53, 124, 167, 184]
39191

[195, 4, 104, 42, 136, 132, 175, 112, 194, 181, 75, 69, 101, 153, 20, 139, 163, 29, 67, 168, 34, 1, 180, 186, 150, 79, 157, 192, 127, 166, 58, 2, 72, 188, 130, 179, 155, 99, 32, 35, 56, 107, 191, 13, 178, 62, 193, 50, 123, 8, 137, 171, 45, 110, 116, 114, 52, 0, 190, 122, 14, 12, 176, 78, 159, 161, 66, 54, 41, 185, 126, 111, 119, 46, 30, 156, 106, 108, 74, 154, 182, 21, 133, 128, 145, 102, 113, 27, 38, 37, 70, 129, 71, 49, 167, 172, 22, 143, 93, 85]
[18, 98, 174, 9, 91, 118, 47, 165, 51, 10, 83, 169, 121, 115, 187, 43, 152, 65, 15, 117, 77, 81, 6, 198, 25, 60, 135, 31, 23, 158, 173, 120, 39, 131, 84, 144, 19, 63, 134, 7, 16, 24, 142, 89, 33, 57, 140, 170, 199, 97, 87, 147, 55, 151, 177, 138, 94, 90, 149, 184, 61, 82, 53, 5, 64, 197, 26, 146, 11, 28, 183, 36, 109, 17, 48, 189, 148, 105, 92, 162, 3, 100, 59, 76, 160, 124, 88, 40, 68, 141, 73, 196, 44, 80, 96, 103, 164, 95, 86, 125]
39474

[35, 56, 73, 99, 155, 32, 44, 196, 91, 9, 174, 13, 191, 107, 141, 130, 188, 68, 59, 127, 192, 76, 124, 180, 29, 67, 34, 167, 184, 49, 90, 69, 75, 181, 194, 112, 175, 132, 136, 42, 104, 4, 195, 70, 37, 27, 38, 129, 71, 61, 82, 128, 145, 97, 199, 170, 140, 57, 33, 89, 24, 16, 74, 106, 156, 46, 30, 63, 19, 159, 78, 14, 144, 84, 131, 0, 52, 110, 114, 116, 158, 173, 120, 11, 28, 183, 36, 15, 50, 193, 10, 51, 86, 125, 95, 165, 47, 152, 65, 118]
[134, 41, 126, 185, 54, 161, 66, 119, 111, 154, 182, 21, 133, 7, 142, 102, 113, 87, 147, 55, 151, 177, 138, 85, 94, 93, 149, 172, 22, 143, 101, 20, 139, 153, 88, 163, 168, 1, 53, 108, 5, 186, 150, 160, 79, 64, 176, 157, 166, 40, 58, 2, 72, 179, 80, 96, 103, 164, 83, 169, 121, 115, 187, 62, 43, 18, 98, 148, 189, 178, 117, 123, 8, 137, 60, 135, 25, 77, 81, 6, 198, 31, 23, 171, 45, 109, 17, 48, 105, 92, 162, 3, 100, 146, 39, 190, 26, 197, 122, 12]
39549

[145, 128, 102, 57, 140, 170, 199, 87, 147, 38, 129, 70, 55, 151, 177, 42, 104, 85, 93, 75, 69, 101, 153, 20, 143, 90, 94, 138, 71, 82, 133, 21, 7, 74, 108, 106, 156, 150, 79, 157, 127, 59, 100, 3, 162, 48, 109, 17, 189, 65, 152, 118, 35, 56, 73, 141, 130, 179, 155, 99, 32, 44, 80, 96, 103, 164, 165, 47, 115, 187, 43, 62, 15, 117, 123, 137, 8, 77, 81, 6, 198, 25, 31, 110, 52, 0, 131, 39, 11, 146, 192, 64, 176, 66, 30, 46, 119, 111, 154, 182]
[139, 163, 88, 40, 166, 76, 29, 67, 168, 34, 1, 180, 124, 160, 186, 5, 53, 61, 49, 184, 167, 172, 22, 149, 181, 194, 112, 175, 132, 136, 4, 195, 37, 27, 97, 113, 33, 89, 142, 24, 16, 126, 185, 134, 41, 54, 19, 63, 161, 159, 78, 12, 14, 122, 197, 26, 190, 144, 84, 114, 116, 120, 173, 158, 23, 135, 60, 183, 36, 178, 50, 193, 121, 169, 83, 10, 51, 86, 125, 95, 196, 174, 9, 91, 18, 98, 148, 105, 28, 171, 45, 92, 191, 13, 107, 68, 188, 72, 2, 58]
39336

[111, 119, 46, 30, 66, 176, 12, 100, 3, 162, 92, 105, 148, 98, 91, 9, 174, 196, 44, 32, 107, 141, 68, 58, 40, 88, 163, 139, 20, 153, 72, 2, 188, 130, 179, 96, 125, 86, 51, 10, 47, 152, 43, 62, 178, 65, 118, 18, 189, 45, 120, 173, 171, 36, 117, 123, 8, 81, 77, 137, 135, 31, 23, 158, 116, 114, 110, 131, 26, 197, 159, 19, 63, 185, 126, 7, 16, 142, 89, 102, 113, 97, 199, 87, 147, 27, 37, 70, 55, 151, 177, 104, 42, 136, 132, 175, 85, 61, 53, 156]
[94, 93, 181, 194, 112, 4, 195, 138, 49, 184, 167, 34, 1, 180, 124, 160, 76, 157, 79, 64, 150, 186, 5, 108, 106, 74, 154, 182, 21, 133, 145, 128, 82, 71, 129, 38, 57, 170, 140, 33, 24, 134, 41, 54, 161, 78, 14, 122, 190, 144, 84, 0, 52, 39, 146, 11, 48, 17, 109, 28, 183, 60, 25, 198, 6, 15, 50, 193, 187, 115, 121, 169, 83, 165, 95, 164, 103, 80, 155, 99, 73, 56, 35, 13, 191, 59, 192, 127, 166, 29, 67, 168, 22, 172, 149, 90, 143, 101, 69, 75]
41065

[33, 89, 24, 16, 142, 102, 113, 97, 57, 140, 170, 199, 87, 147, 27, 55, 151, 177, 195, 94, 93, 90, 149, 75, 69, 101, 143, 172, 22, 20, 153, 139, 163, 168, 34, 1, 167, 184, 61, 82, 74, 182, 154, 106, 156, 46, 66, 63, 19, 122, 197, 190, 114, 116, 131, 26, 166, 40, 59, 92, 105, 148, 18, 91, 9, 174, 196, 80, 96, 103, 164, 95, 125, 86, 165, 83, 169, 115, 187, 43, 152, 65, 189, 48, 17, 109, 178, 15, 62, 193, 50, 123, 137, 8, 77, 81, 6, 198, 31, 23]
[120, 173, 45, 171, 28, 183, 36, 60, 135, 25, 117, 121, 51, 10, 47, 118, 98, 13, 191, 3, 100, 107, 68, 141, 73, 56, 35, 44, 32, 99, 155, 179, 130, 188, 72, 2, 58, 88, 29, 67, 181, 194, 112, 175, 132, 136, 42, 104, 4, 85, 138, 49, 71, 129, 70, 37, 38, 128, 145, 133, 21, 7, 111, 119, 126, 185, 134, 41, 54, 161, 159, 78, 14, 12, 176, 64, 30, 108, 5, 53, 186, 150, 124, 180, 160, 79, 76, 157, 127, 192, 146, 162, 11, 39, 84, 144, 0, 52, 110, 158]
42091

[168, 67, 34, 1, 180, 124, 160, 150, 64, 144, 84, 0, 52, 114, 116, 110, 173, 158, 23, 31, 135, 25, 137, 60, 120, 45, 171, 183, 36, 117, 15, 62, 115, 121, 169, 83, 10, 51, 86, 125, 95, 47, 152, 65, 118, 91, 196, 44, 32, 99, 35, 56, 73, 188, 72, 2, 58, 40, 88, 153, 20, 139, 163, 101, 143, 69, 75, 181, 93, 90, 149, 167, 184, 53, 186, 5, 108, 106, 156, 46, 119, 185, 41, 134, 126, 154, 7, 16, 24, 142, 89, 33, 97, 113, 102, 145, 128, 71, 61, 82]
[159, 66, 30, 176, 12, 78, 14, 122, 197, 26, 190, 131, 39, 146, 11, 162, 92, 48, 17, 109, 28, 198, 6, 81, 77, 8, 123, 50, 193, 187, 43, 178, 189, 18, 98, 9, 174, 165, 164, 103, 96, 80, 155, 179, 130, 141, 68, 107, 191, 13, 148, 105, 3, 100, 59, 192, 127, 166, 157, 76, 79, 29, 22, 172, 94, 85, 194, 112, 175, 132, 136, 42, 104, 4, 151, 55, 177, 195, 70, 37, 147, 199, 170, 140, 57, 87, 27, 38, 129, 138, 49, 74, 133, 21, 182, 111, 54, 19, 63, 161]
38457

[191, 13, 174, 196, 103, 164, 165, 10, 51, 95, 86, 125, 96, 80, 44, 32, 155, 99, 73, 56, 35, 107, 141, 68, 2, 72, 58, 40, 157, 76, 67, 168, 22, 101, 69, 75, 181, 194, 136, 42, 104, 4, 195, 177, 151, 55, 87, 97, 113, 102, 89, 142, 145, 128, 133, 21, 182, 74, 82, 61, 53, 150, 160, 79, 186, 5, 108, 106, 156, 119, 46, 30, 66, 161, 14, 122, 197, 190, 144, 84, 131, 0, 52, 114, 116, 110, 173, 158, 23, 31, 137, 77, 8, 123, 183, 11, 92, 162, 3, 100]
[28, 171, 45, 120, 39, 26, 12, 176, 78, 159, 19, 63, 54, 41, 134, 185, 126, 111, 154, 7, 16, 24, 33, 57, 140, 170, 199, 147, 27, 38, 37, 70, 129, 71, 138, 85, 132, 175, 112, 93, 90, 94, 49, 184, 167, 172, 149, 143, 163, 139, 20, 153, 88, 29, 34, 1, 180, 124, 64, 146, 59, 192, 127, 166, 188, 130, 179, 47, 83, 169, 121, 193, 50, 62, 15, 178, 43, 187, 115, 152, 65, 118, 91, 9, 98, 18, 105, 148, 189, 48, 17, 109, 36, 117, 81, 6, 198, 25, 135, 60]
39841

[40, 88, 29, 67, 168, 143, 101, 69, 75, 181, 194, 112, 175, 132, 42, 136, 85, 94, 49, 138, 195, 70, 37, 27, 87, 97, 33, 89, 24, 142, 145, 128, 129, 71, 82, 61, 184, 34, 1, 180, 124, 160, 150, 79, 76, 157, 68, 141, 73, 99, 32, 80, 44, 196, 9, 91, 118, 103, 164, 165, 169, 121, 115, 43, 187, 193, 50, 117, 173, 158, 116, 114, 0, 52, 110, 39, 11, 146, 64, 30, 46, 156, 186, 108, 106, 154, 182, 7, 111, 119, 126, 185, 134, 41, 54, 161, 78, 159, 19, 63]
[189, 148, 92, 162, 105, 18, 98, 174, 35, 56, 13, 191, 3, 100, 59, 192, 127, 166, 58, 2, 72, 153, 20, 139, 163, 22, 172, 149, 90, 93, 167, 53, 5, 74, 21, 133, 38, 177, 4, 104, 151, 55, 147, 199, 170, 140, 57, 113, 102, 16, 66, 176, 12, 14, 122, 197, 26, 190, 144, 84, 131, 48, 17, 109, 28, 183, 36, 123, 137, 60, 171, 45, 120, 23, 31, 135, 25, 198, 6, 81, 77, 8, 15, 62, 178, 65, 152, 47, 83, 10, 51, 95, 86, 125, 96, 155, 179, 130, 188, 107]
42294

[116, 114, 173, 120, 45, 171, 60, 117, 50, 62, 15, 178, 118, 91, 9, 174, 35, 56, 99, 73, 141, 2, 72, 58, 68, 107, 191, 13, 98, 18, 189, 48, 11, 146, 26, 64, 150, 160, 34, 1, 180, 124, 186, 5, 156, 106, 108, 53, 61, 82, 49, 184, 167, 172, 22, 20, 153, 101, 69, 75, 181, 194, 112, 175, 132, 136, 42, 104, 4, 85, 70, 38, 27, 113, 97, 199, 170, 140, 57, 33, 102, 142, 89, 24, 16, 126, 185, 41, 134, 19, 63, 159, 14, 122, 197, 190, 144, 84, 52, 0]
[182, 154, 74, 111, 119, 54, 161, 78, 12, 176, 66, 46, 30, 79, 76, 157, 192, 127, 59, 100, 3, 105, 148, 92, 162, 39, 131, 110, 158, 23, 31, 135, 25, 198, 6, 81, 77, 8, 137, 123, 36, 183, 28, 109, 17, 65, 152, 43, 187, 115, 193, 121, 169, 51, 10, 83, 47, 165, 95, 86, 125, 164, 103, 96, 80, 196, 44, 32, 155, 179, 130, 188, 166, 40, 88, 29, 67, 168, 163, 139, 143, 149, 90, 93, 94, 138, 71, 129, 195, 177, 151, 55, 37, 147, 87, 128, 145, 7, 133, 21]
37537

[27, 147, 87, 97, 113, 33, 89, 142, 24, 16, 21, 133, 74, 182, 154, 111, 119, 46, 156, 106, 108, 5, 53, 1, 34, 180, 124, 150, 186, 30, 66, 159, 78, 14, 122, 26, 192, 127, 59, 107, 191, 13, 174, 9, 91, 65, 152, 17, 109, 171, 45, 120, 173, 23, 60, 137, 8, 77, 81, 50, 193, 121, 115, 47, 86, 125, 95, 164, 96, 80, 196, 44, 32, 35, 56, 73, 99, 155, 179, 130, 141, 68, 188, 72, 2, 58, 40, 88, 101, 69, 143, 149, 49, 129, 70, 195, 177, 37, 38, 128]
[82, 71, 138, 85, 94, 93, 90, 75, 181, 194, 112, 175, 132, 136, 42, 104, 4, 151, 55, 199, 170, 140, 57, 102, 145, 7, 126, 185, 134, 41, 54, 19, 63, 161, 176, 64, 12, 197, 190, 144, 84, 0, 52, 114, 116, 110, 158, 31, 135, 25, 198, 6, 123, 36, 183, 28, 131, 39, 146, 11, 48, 189, 178, 117, 15, 62, 43, 187, 169, 83, 10, 51, 165, 103, 118, 18, 98, 148, 105, 92, 162, 3, 100, 166, 157, 76, 79, 160, 29, 67, 168, 163, 139, 153, 20, 22, 172, 167, 184, 61]
38561

[52, 158, 23, 31, 135, 60, 137, 25, 198, 6, 81, 77, 8, 50, 193, 187, 43, 115, 121, 169, 51, 10, 165, 164, 103, 118, 91, 98, 18, 189, 48, 11, 146, 3, 162, 92, 105, 148, 191, 2, 72, 58, 40, 29, 67, 88, 153, 20, 139, 163, 101, 75, 181, 194, 112, 175, 132, 136, 42, 104, 4, 195, 177, 151, 55, 147, 87, 199, 170, 140, 57, 97, 113, 38, 129, 71, 82, 49, 90, 149, 168, 34, 1, 180, 124, 160, 64, 30, 46, 5, 156, 119, 41, 134, 14, 122, 144, 84, 39, 131]
[35, 56, 73, 107, 141, 68, 188, 130, 179, 155, 99, 32, 80, 96, 95, 125, 86, 83, 47, 152, 65, 178, 62, 15, 117, 123, 36, 183, 28, 17, 109, 171, 45, 120, 173, 110, 116, 114, 0, 190, 26, 197, 12, 78, 159, 19, 63, 161, 176, 66, 54, 185, 126, 111, 106, 108, 74, 154, 182, 21, 133, 7, 145, 16, 24, 142, 89, 33, 102, 128, 27, 37, 70, 138, 85, 94, 93, 69, 143, 22, 172, 167, 184, 61, 53, 186, 150, 79, 76, 157, 166, 127, 192, 59, 100, 13, 9, 174, 196, 44]
37439

[40, 68, 141, 188, 130, 179, 73, 107, 127, 192, 59, 191, 13, 174, 196, 44, 35, 56, 99, 155, 32, 80, 96, 103, 164, 125, 86, 95, 165, 47, 152, 65, 178, 62, 193, 50, 137, 8, 77, 81, 6, 198, 25, 60, 135, 31, 23, 158, 173, 28, 109, 17, 11, 146, 39, 116, 114, 52, 0, 78, 159, 66, 64, 186, 53, 74, 111, 154, 182, 7, 21, 133, 128, 61, 82, 38, 27, 37, 55, 151, 177, 42, 136, 104, 4, 195, 70, 129, 71, 49, 184, 167, 149, 172, 22, 34, 1, 180, 160, 124]
[132, 112, 85, 147, 87, 199, 170, 140, 57, 33, 89, 142, 24, 16, 145, 102, 113, 97, 138, 94, 93, 90, 143, 168, 67, 29, 157, 76, 79, 150, 5, 108, 106, 156, 30, 46, 119, 126, 185, 134, 41, 54, 19, 63, 161, 176, 12, 14, 122, 197, 26, 190, 144, 84, 131, 110, 120, 45, 171, 48, 189, 183, 36, 123, 117, 15, 43, 187, 115, 121, 169, 51, 10, 83, 118, 18, 91, 9, 98, 148, 105, 92, 162, 3, 100, 166, 2, 72, 58, 88, 153, 20, 139, 163, 101, 69, 75, 181, 194, 175]
38645

[30, 66, 161, 159, 176, 12, 14, 122, 144, 114, 116, 173, 158, 23, 31, 28, 183, 25, 198, 6, 81, 77, 8, 137, 123, 50, 193, 62, 187, 115, 47, 118, 91, 130, 188, 72, 2, 68, 141, 107, 191, 105, 48, 17, 109, 171, 45, 11, 146, 192, 127, 157, 76, 79, 150, 186, 172, 22, 139, 20, 153, 101, 75, 69, 143, 149, 90, 94, 93, 181, 194, 112, 175, 132, 42, 136, 85, 138, 49, 61, 82, 129, 113, 97, 199, 170, 140, 57, 33, 89, 7, 74, 53, 5, 108, 106, 156, 111, 119, 46]
[135, 60, 36, 117, 15, 178, 43, 121, 169, 83, 10, 51, 165, 95, 86, 125, 164, 103, 96, 80, 44, 196, 35, 56, 73, 99, 32, 155, 179, 58, 88, 163, 168, 67, 29, 40, 166, 59, 100, 3, 13, 174, 9, 98, 18, 65, 152, 189, 148, 92, 162, 39, 131, 190, 26, 64, 160, 124, 180, 1, 34, 167, 184, 71, 70, 195, 4, 104, 177, 151, 55, 37, 38, 27, 147, 87, 102, 142, 24, 16, 145, 128, 133, 21, 182, 154, 126, 185, 134, 41, 54, 63, 19, 78, 197, 84, 0, 52, 110, 120]
40083

[35, 174, 9, 13, 191, 107, 141, 68, 2, 72, 58, 29, 76, 157, 127, 192, 12, 176, 64, 30, 46, 186, 150, 79, 160, 124, 53, 61, 184, 167, 90, 93, 94, 49, 85, 194, 112, 175, 132, 42, 177, 151, 55, 70, 37, 27, 147, 87, 199, 170, 140, 57, 97, 102, 142, 145, 128, 154, 126, 185, 41, 134, 19, 63, 161, 159, 26, 39, 146, 162, 92, 189, 28, 183, 178, 15, 62, 65, 152, 43, 187, 115, 169, 51, 10, 165, 164, 103, 96, 80, 196, 44, 32, 99, 155, 179, 130, 188, 73, 56]
[1, 180, 34, 67, 168, 22, 172, 149, 143, 101, 69, 75, 181, 136, 104, 4, 195, 138, 82, 71, 129, 38, 113, 33, 89, 24, 16, 7, 133, 21, 182, 74, 106, 108, 5, 156, 111, 119, 54, 66, 78, 14, 122, 197, 190, 144, 84, 131, 0, 52, 114, 116, 110, 11, 48, 17, 109, 171, 45, 120, 173, 158, 23, 31, 135, 60, 25, 198, 6, 81, 77, 8, 137, 123, 36, 117, 50, 193, 121, 83, 86, 125, 95, 47, 118, 91, 18, 98, 148, 105, 3, 100, 59, 166, 40, 88, 153, 20, 163, 139]
38706

[155, 99, 35, 13, 107, 56, 73, 179, 130, 58, 88, 139, 163, 22, 143, 69, 75, 90, 149, 172, 167, 184, 49, 138, 85, 136, 42, 104, 4, 195, 177, 151, 55, 147, 199, 170, 140, 57, 38, 129, 71, 82, 61, 53, 74, 154, 111, 119, 54, 161, 159, 78, 197, 190, 26, 64, 66, 30, 46, 156, 106, 108, 5, 186, 150, 1, 34, 168, 67, 29, 40, 166, 59, 100, 3, 162, 92, 105, 148, 48, 109, 17, 189, 178, 43, 115, 187, 62, 50, 193, 121, 169, 83, 10, 51, 86, 125, 96, 80, 32]
[191, 174, 9, 91, 98, 18, 118, 196, 44, 103, 164, 95, 165, 47, 152, 65, 15, 117, 123, 137, 8, 77, 81, 6, 198, 25, 36, 183, 28, 60, 135, 31, 23, 158, 116, 114, 0, 52, 110, 173, 120, 171, 45, 11, 146, 39, 131, 84, 144, 122, 14, 12, 176, 63, 19, 134, 41, 185, 126, 182, 21, 133, 7, 16, 24, 142, 89, 33, 102, 145, 128, 113, 97, 87, 27, 37, 70, 94, 93, 112, 132, 175, 194, 181, 101, 20, 153, 72, 2, 188, 141, 68, 127, 192, 157, 76, 180, 124, 160, 79]
38544

[102, 57, 170, 140, 33, 89, 142, 24, 16, 154, 182, 74, 106, 111, 126, 185, 134, 41, 54, 159, 78, 26, 190, 131, 39, 146, 162, 92, 48, 28, 183, 36, 8, 77, 198, 6, 81, 62, 187, 115, 43, 152, 65, 118, 91, 9, 174, 35, 13, 191, 3, 100, 59, 192, 127, 166, 157, 76, 79, 29, 40, 68, 141, 73, 56, 99, 155, 32, 80, 96, 179, 130, 188, 88, 139, 163, 168, 22, 143, 149, 172, 167, 184, 94, 90, 93, 181, 194, 112, 175, 132, 136, 42, 104, 4, 138, 49, 61, 82, 128]
[53, 133, 21, 7, 145, 113, 97, 199, 87, 147, 27, 37, 38, 129, 71, 70, 55, 151, 177, 195, 85, 75, 69, 101, 20, 153, 58, 72, 2, 107, 44, 196, 103, 164, 165, 95, 125, 86, 51, 10, 83, 47, 169, 121, 193, 50, 15, 178, 117, 123, 137, 25, 60, 135, 31, 23, 158, 173, 120, 45, 171, 109, 17, 189, 18, 98, 148, 105, 11, 110, 116, 114, 52, 0, 84, 144, 197, 122, 14, 12, 176, 161, 19, 63, 66, 30, 46, 119, 156, 108, 5, 186, 124, 180, 1, 34, 67, 160, 150, 64]
38878

[197, 26, 190, 122, 14, 12, 176, 66, 30, 46, 119, 126, 111, 154, 182, 16, 24, 142, 102, 128, 113, 97, 87, 55, 151, 177, 4, 104, 136, 85, 138, 82, 61, 53, 5, 186, 64, 79, 192, 127, 157, 76, 67, 168, 22, 172, 149, 143, 101, 163, 139, 20, 153, 88, 40, 58, 72, 2, 68, 107, 13, 35, 56, 32, 80, 96, 103, 165, 47, 115, 15, 117, 123, 137, 36, 183, 28, 109, 17, 189, 178, 152, 65, 118, 18, 98, 148, 105, 92, 48, 45, 120, 110, 116, 114, 0, 144, 84, 131, 52]
[130, 179, 141, 73, 99, 155, 44, 196, 164, 95, 125, 86, 51, 10, 83, 169, 121, 193, 50, 62, 187, 43, 91, 9, 174, 191, 59, 100, 3, 162, 11, 171, 135, 60, 8, 77, 81, 6, 198, 25, 31, 23, 158, 173, 39, 146, 78, 159, 161, 63, 19, 54, 41, 134, 185, 156, 106, 108, 74, 133, 21, 7, 145, 89, 33, 57, 140, 170, 199, 147, 27, 38, 129, 71, 70, 37, 195, 42, 132, 175, 112, 194, 181, 75, 69, 90, 93, 94, 49, 184, 167, 180, 124, 150, 160, 1, 34, 29, 166, 188]
38936

[83, 10, 51, 165, 95, 86, 125, 164, 103, 96, 80, 44, 196, 107, 191, 100, 59, 192, 127, 166, 88, 139, 143, 75, 181, 194, 112, 175, 132, 136, 42, 177, 151, 55, 70, 37, 27, 38, 129, 138, 49, 71, 82, 61, 53, 74, 128, 133, 21, 182, 154, 111, 185, 54, 119, 46, 30, 156, 106, 108, 5, 186, 150, 79, 76, 157, 64, 66, 176, 12, 197, 26, 146, 3, 162, 92, 105, 148, 189, 48, 17, 109, 28, 137, 77, 81, 8, 123, 117, 62, 187, 43, 178, 152, 65, 118, 47, 169, 121, 115]
[72, 2, 58, 40, 29, 67, 168, 34, 1, 180, 160, 124, 167, 184, 90, 149, 172, 22, 163, 20, 153, 101, 69, 93, 94, 85, 104, 4, 195, 147, 87, 113, 97, 199, 170, 140, 57, 102, 145, 142, 89, 33, 24, 16, 7, 126, 41, 134, 19, 63, 161, 159, 78, 14, 122, 190, 144, 84, 0, 52, 114, 116, 158, 23, 31, 135, 60, 25, 198, 6, 193, 50, 15, 36, 183, 171, 45, 120, 173, 110, 131, 39, 11, 98, 18, 91, 9, 174, 13, 35, 56, 73, 99, 32, 155, 179, 130, 188, 68, 141]
37784

[194, 136, 42, 104, 147, 199, 170, 140, 57, 97, 113, 102, 7, 111, 126, 185, 41, 134, 19, 63, 54, 119, 150, 186, 5, 53, 74, 82, 61, 184, 167, 1, 180, 124, 160, 76, 157, 192, 127, 59, 100, 3, 162, 92, 105, 148, 18, 189, 36, 183, 28, 109, 171, 45, 11, 39, 131, 120, 23, 135, 60, 137, 77, 81, 8, 123, 117, 15, 178, 62, 187, 43, 152, 65, 47, 165, 103, 118, 91, 98, 9, 174, 35, 56, 73, 179, 130, 141, 107, 68, 188, 72, 2, 58, 139, 163, 22, 172, 75, 181]
[66, 30, 46, 156, 108, 106, 154, 182, 21, 133, 128, 145, 16, 24, 142, 89, 33, 87, 27, 55, 151, 177, 4, 195, 70, 37, 38, 129, 71, 49, 138, 85, 132, 175, 112, 94, 93, 90, 149, 143, 69, 101, 20, 153, 88, 40, 166, 29, 67, 168, 34, 79, 64, 12, 176, 161, 159, 78, 14, 122, 197, 26, 190, 144, 84, 0, 52, 114, 116, 110, 173, 158, 31, 25, 198, 6, 50, 193, 115, 121, 169, 83, 10, 51, 86, 125, 95, 164, 96, 80, 196, 44, 32, 155, 99, 13, 191, 48, 17, 146]
39285

[180, 124, 150, 186, 5, 108, 106, 154, 182, 21, 133, 128, 57, 140, 170, 199, 147, 27, 37, 55, 151, 177, 132, 175, 194, 75, 69, 143, 101, 163, 139, 20, 153, 58, 2, 72, 188, 68, 141, 130, 179, 155, 44, 196, 35, 56, 107, 191, 100, 59, 127, 192, 146, 48, 109, 17, 189, 18, 98, 174, 9, 91, 118, 65, 152, 115, 121, 187, 43, 178, 36, 183, 28, 171, 120, 173, 158, 110, 84, 144, 19, 63, 54, 41, 134, 185, 126, 111, 119, 66, 176, 64, 79, 157, 76, 160, 67, 168, 172, 22]
[30, 161, 159, 78, 12, 14, 122, 197, 26, 190, 131, 0, 52, 114, 116, 39, 11, 45, 23, 31, 25, 198, 6, 81, 77, 8, 135, 60, 137, 123, 117, 15, 62, 50, 193, 169, 51, 10, 83, 47, 165, 95, 86, 125, 164, 103, 96, 80, 32, 99, 73, 13, 148, 105, 92, 162, 3, 166, 40, 88, 29, 34, 1, 167, 184, 49, 61, 82, 71, 129, 138, 85, 94, 149, 90, 93, 181, 112, 136, 42, 104, 4, 195, 70, 38, 87, 97, 113, 102, 33, 89, 24, 16, 142, 145, 7, 74, 53, 46, 156]
38090

[21, 182, 66, 161, 159, 176, 12, 78, 14, 122, 197, 26, 146, 192, 127, 3, 162, 92, 105, 148, 18, 189, 48, 17, 109, 45, 171, 135, 60, 137, 123, 15, 187, 169, 83, 10, 51, 165, 164, 103, 80, 44, 196, 91, 9, 174, 35, 32, 155, 99, 73, 56, 107, 68, 2, 72, 40, 76, 79, 160, 124, 180, 1, 34, 67, 29, 168, 139, 163, 22, 172, 167, 184, 49, 71, 138, 94, 90, 149, 143, 93, 85, 136, 104, 4, 177, 151, 55, 70, 37, 113, 97, 33, 89, 142, 24, 16, 145, 128, 133]
[19, 63, 54, 185, 119, 46, 30, 156, 5, 108, 106, 74, 53, 186, 150, 64, 157, 166, 59, 100, 191, 13, 98, 118, 65, 152, 43, 62, 178, 36, 183, 28, 11, 39, 131, 190, 144, 84, 0, 52, 114, 116, 110, 120, 173, 158, 23, 31, 25, 198, 6, 81, 77, 8, 117, 50, 193, 121, 115, 47, 95, 86, 125, 96, 179, 130, 141, 188, 58, 88, 153, 20, 101, 69, 75, 181, 194, 112, 175, 132, 42, 195, 61, 82, 129, 38, 27, 147, 87, 199, 170, 140, 57, 102, 7, 154, 111, 126, 41, 134]
39160

[25, 198, 6, 81, 77, 8, 137, 36, 189, 92, 105, 148, 98, 18, 178, 62, 121, 169, 83, 10, 51, 164, 103, 44, 32, 99, 155, 179, 130, 68, 59, 127, 157, 76, 160, 29, 67, 168, 22, 34, 1, 180, 124, 186, 5, 108, 53, 82, 61, 184, 167, 49, 94, 90, 149, 172, 143, 93, 181, 112, 136, 42, 104, 4, 177, 151, 55, 195, 70, 37, 38, 27, 147, 87, 97, 199, 170, 140, 57, 33, 89, 142, 24, 16, 145, 128, 133, 21, 74, 106, 54, 63, 19, 26, 146, 11, 171, 23, 31, 135]
[30, 156, 150, 79, 64, 192, 100, 3, 162, 48, 17, 109, 28, 183, 60, 123, 117, 15, 50, 193, 115, 187, 43, 152, 65, 47, 165, 95, 86, 125, 96, 80, 196, 118, 91, 9, 174, 13, 191, 107, 35, 56, 73, 141, 188, 72, 2, 58, 166, 40, 88, 153, 20, 139, 163, 101, 69, 75, 194, 175, 132, 85, 138, 71, 129, 113, 102, 7, 182, 154, 111, 126, 134, 41, 185, 119, 46, 66, 161, 159, 78, 14, 144, 84, 0, 52, 114, 116, 158, 173, 120, 45, 110, 131, 39, 190, 197, 122, 176, 12]
39395

[64, 30, 46, 66, 54, 119, 156, 186, 5, 53, 82, 71, 129, 147, 87, 199, 97, 113, 142, 7, 182, 154, 111, 126, 185, 41, 134, 19, 63, 161, 159, 78, 14, 144, 84, 131, 0, 52, 110, 173, 158, 23, 31, 135, 25, 198, 6, 81, 77, 8, 117, 50, 193, 121, 169, 10, 51, 86, 125, 96, 80, 32, 44, 196, 9, 174, 35, 56, 73, 99, 155, 179, 141, 68, 107, 191, 162, 92, 105, 148, 18, 91, 118, 65, 152, 178, 189, 48, 11, 3, 100, 192, 127, 166, 40, 58, 2, 72, 188, 130]
[76, 79, 150, 160, 29, 67, 168, 34, 124, 180, 1, 22, 172, 149, 94, 93, 90, 143, 163, 88, 139, 20, 153, 101, 69, 75, 181, 194, 112, 175, 132, 136, 42, 104, 4, 195, 177, 151, 55, 27, 38, 37, 70, 85, 138, 49, 167, 184, 61, 128, 145, 102, 57, 170, 140, 33, 89, 24, 16, 21, 133, 74, 108, 106, 176, 12, 122, 197, 190, 26, 146, 39, 114, 116, 120, 45, 171, 109, 17, 28, 183, 60, 137, 123, 36, 15, 62, 43, 187, 115, 47, 83, 165, 95, 164, 103, 98, 13, 59, 157]
39225

[44, 155, 99, 32, 196, 174, 9, 13, 191, 73, 179, 130, 188, 88, 153, 20, 139, 34, 1, 180, 124, 160, 150, 186, 30, 46, 156, 106, 108, 5, 53, 74, 82, 61, 184, 167, 90, 93, 94, 49, 71, 129, 147, 87, 113, 97, 199, 170, 140, 57, 33, 89, 142, 24, 16, 133, 21, 182, 111, 119, 66, 161, 63, 19, 122, 144, 84, 110, 158, 173, 120, 45, 171, 109, 28, 183, 36, 123, 137, 77, 81, 8, 117, 15, 50, 193, 62, 43, 187, 115, 121, 169, 47, 83, 10, 51, 86, 125, 96, 80]
[165, 152, 65, 178, 189, 48, 17, 60, 135, 25, 198, 6, 31, 23, 116, 114, 52, 0, 131, 190, 197, 26, 39, 11, 146, 192, 127, 166, 157, 76, 79, 64, 176, 12, 14, 78, 159, 54, 41, 134, 185, 126, 154, 7, 145, 102, 128, 38, 27, 37, 70, 55, 151, 177, 195, 138, 85, 4, 104, 42, 136, 132, 175, 112, 194, 181, 75, 69, 101, 163, 143, 149, 172, 22, 168, 67, 29, 40, 58, 72, 2, 68, 141, 56, 35, 107, 59, 100, 3, 162, 92, 105, 148, 98, 18, 91, 118, 103, 164, 95]
37219

[13, 191, 3, 100, 107, 68, 141, 179, 130, 188, 72, 2, 58, 88, 153, 101, 69, 75, 90, 149, 22, 168, 67, 29, 150, 186, 53, 82, 71, 129, 70, 177, 104, 42, 151, 55, 37, 38, 27, 147, 87, 113, 128, 74, 106, 119, 54, 19, 63, 161, 144, 114, 116, 110, 173, 120, 45, 171, 28, 183, 36, 60, 25, 198, 6, 81, 77, 8, 137, 123, 117, 178, 98, 174, 9, 91, 165, 47, 43, 187, 115, 169, 83, 10, 51, 86, 125, 95, 164, 103, 96, 80, 196, 44, 32, 155, 99, 73, 56, 35]
[131, 84, 0, 52, 158, 23, 31, 135, 15, 50, 193, 121, 62, 152, 65, 118, 18, 148, 105, 92, 162, 146, 59, 127, 192, 157, 76, 166, 40, 139, 20, 163, 143, 93, 181, 194, 112, 175, 132, 136, 4, 195, 138, 85, 94, 49, 184, 61, 133, 21, 145, 102, 97, 199, 170, 140, 57, 33, 89, 142, 24, 16, 7, 182, 154, 111, 126, 185, 134, 41, 66, 30, 46, 156, 108, 5, 167, 172, 34, 1, 180, 124, 160, 79, 64, 176, 159, 78, 12, 14, 122, 197, 26, 190, 39, 11, 48, 109, 17, 189]
39597

[93, 181, 194, 112, 175, 132, 136, 42, 104, 4, 85, 138, 195, 177, 151, 55, 27, 147, 140, 57, 145, 128, 182, 154, 156, 119, 46, 30, 66, 54, 19, 63, 161, 159, 78, 144, 84, 0, 52, 114, 116, 131, 39, 48, 17, 109, 28, 45, 171, 23, 135, 25, 60, 183, 36, 117, 15, 178, 62, 50, 193, 121, 169, 115, 187, 43, 152, 65, 103, 196, 44, 80, 32, 99, 35, 56, 73, 179, 130, 107, 13, 191, 162, 3, 100, 59, 192, 127, 166, 88, 153, 20, 139, 163, 22, 167, 184, 61, 49, 94]
[188, 72, 2, 58, 40, 29, 76, 157, 64, 79, 160, 67, 168, 101, 75, 69, 143, 90, 149, 172, 34, 1, 180, 124, 150, 186, 53, 5, 108, 106, 74, 21, 133, 82, 71, 129, 70, 37, 38, 87, 199, 170, 97, 113, 102, 33, 89, 142, 24, 16, 7, 111, 126, 185, 134, 41, 176, 12, 14, 122, 197, 190, 26, 146, 92, 105, 148, 11, 110, 120, 173, 158, 31, 198, 6, 81, 77, 8, 137, 123, 189, 18, 98, 174, 9, 91, 118, 47, 83, 10, 51, 165, 95, 86, 125, 164, 96, 155, 141, 68]
38444

[167, 184, 49, 138, 195, 177, 70, 37, 27, 38, 129, 71, 61, 82, 128, 113, 97, 102, 145, 182, 154, 126, 134, 41, 54, 19, 63, 161, 66, 46, 30, 79, 160, 124, 180, 1, 34, 67, 29, 40, 58, 72, 2, 141, 155, 99, 32, 44, 80, 96, 125, 86, 95, 165, 51, 10, 83, 47, 118, 18, 189, 178, 65, 152, 43, 187, 115, 169, 121, 193, 50, 62, 15, 117, 123, 137, 8, 77, 81, 6, 198, 25, 60, 36, 183, 135, 31, 23, 171, 120, 173, 158, 116, 114, 110, 3, 100, 107, 68, 166]
[112, 132, 175, 194, 85, 136, 42, 104, 4, 151, 55, 147, 87, 199, 170, 140, 57, 33, 89, 142, 24, 16, 7, 21, 133, 74, 111, 185, 119, 156, 106, 108, 5, 53, 186, 150, 64, 176, 159, 78, 12, 76, 157, 192, 127, 59, 162, 92, 146, 26, 190, 197, 122, 14, 144, 84, 0, 52, 131, 39, 11, 45, 28, 109, 17, 48, 105, 148, 98, 91, 164, 103, 196, 174, 9, 191, 13, 35, 56, 73, 179, 130, 188, 88, 168, 163, 139, 20, 153, 101, 143, 22, 172, 149, 90, 94, 93, 69, 75, 181]
39387

[113, 33, 89, 142, 7, 21, 133, 128, 129, 71, 138, 85, 94, 49, 124, 180, 1, 34, 29, 166, 59, 100, 192, 127, 157, 76, 79, 186, 156, 119, 126, 185, 134, 41, 54, 63, 19, 159, 78, 12, 14, 122, 0, 52, 114, 116, 110, 11, 45, 171, 109, 17, 28, 183, 60, 135, 25, 137, 36, 189, 18, 148, 105, 3, 191, 13, 196, 44, 80, 103, 164, 96, 179, 130, 188, 72, 2, 58, 153, 20, 101, 75, 69, 143, 90, 93, 181, 194, 112, 175, 132, 4, 177, 195, 37, 38, 27, 147, 87, 97]
[199, 170, 140, 57, 24, 16, 182, 154, 111, 46, 30, 64, 176, 66, 161, 197, 26, 190, 144, 84, 131, 39, 146, 162, 92, 48, 120, 173, 158, 23, 31, 198, 6, 81, 77, 8, 123, 117, 50, 193, 187, 115, 121, 169, 10, 51, 86, 125, 95, 165, 83, 47, 65, 152, 43, 62, 15, 178, 118, 91, 98, 9, 174, 32, 155, 99, 73, 56, 35, 107, 141, 68, 40, 88, 139, 163, 22, 149, 136, 42, 104, 151, 55, 70, 82, 61, 184, 167, 172, 168, 67, 160, 150, 53, 5, 108, 106, 74, 145, 102]
40437

[25, 198, 6, 81, 77, 8, 137, 60, 135, 31, 23, 158, 110, 131, 12, 176, 66, 30, 46, 63, 19, 134, 41, 126, 21, 133, 128, 113, 87, 27, 38, 37, 55, 151, 177, 85, 138, 49, 172, 22, 180, 124, 160, 64, 26, 39, 45, 171, 109, 17, 123, 117, 15, 50, 62, 65, 152, 43, 187, 115, 193, 121, 169, 83, 165, 95, 86, 125, 164, 103, 118, 18, 98, 105, 148, 189, 48, 92, 3, 100, 59, 166, 58, 2, 72, 188, 68, 141, 130, 179, 155, 99, 32, 44, 196, 56, 35, 174, 91, 9]
[40, 29, 67, 168, 34, 1, 167, 184, 71, 82, 61, 74, 106, 156, 108, 5, 53, 186, 150, 79, 76, 157, 127, 192, 146, 11, 162, 191, 13, 107, 73, 80, 96, 51, 10, 47, 178, 36, 183, 28, 120, 173, 116, 114, 52, 0, 84, 144, 190, 197, 122, 14, 78, 159, 161, 54, 185, 119, 111, 154, 182, 7, 16, 24, 33, 89, 142, 145, 102, 97, 57, 140, 170, 199, 147, 129, 70, 195, 4, 104, 42, 136, 132, 175, 112, 194, 181, 93, 94, 90, 149, 143, 69, 75, 101, 163, 139, 20, 153, 88]
39200

[30, 46, 156, 106, 119, 66, 161, 78, 12, 176, 64, 79, 1, 34, 167, 71, 129, 82, 61, 74, 182, 154, 7, 89, 33, 57, 140, 170, 199, 147, 38, 70, 195, 4, 104, 42, 136, 132, 175, 112, 194, 181, 75, 69, 143, 149, 172, 22, 168, 67, 76, 157, 127, 192, 146, 162, 92, 189, 148, 105, 191, 107, 68, 141, 174, 9, 91, 98, 18, 118, 47, 65, 152, 43, 187, 62, 178, 15, 117, 123, 137, 8, 25, 135, 60, 36, 183, 28, 171, 45, 120, 31, 23, 158, 173, 110, 131, 190, 197, 26]
[2, 72, 130, 179, 188, 58, 40, 166, 59, 100, 3, 13, 35, 56, 73, 99, 155, 32, 44, 196, 80, 96, 103, 164, 125, 86, 95, 165, 51, 10, 83, 169, 121, 115, 193, 50, 77, 81, 6, 198, 109, 17, 48, 11, 39, 116, 114, 52, 0, 84, 144, 122, 14, 159, 19, 63, 54, 41, 134, 185, 126, 111, 108, 5, 53, 186, 150, 160, 124, 180, 29, 88, 153, 20, 139, 163, 101, 90, 93, 94, 184, 49, 138, 85, 177, 151, 55, 37, 27, 87, 97, 113, 102, 142, 24, 16, 145, 128, 21, 133]
39912

[181, 194, 112, 175, 132, 4, 177, 195, 85, 138, 129, 70, 37, 38, 27, 147, 199, 170, 140, 57, 102, 33, 89, 142, 24, 16, 133, 21, 182, 74, 61, 82, 71, 184, 53, 186, 5, 108, 106, 156, 64, 144, 0, 52, 114, 116, 110, 11, 146, 39, 26, 79, 76, 157, 127, 192, 162, 92, 105, 148, 189, 178, 28, 120, 173, 158, 23, 31, 198, 6, 81, 117, 15, 62, 187, 169, 83, 10, 51, 86, 125, 95, 44, 196, 91, 9, 174, 13, 166, 40, 88, 153, 20, 139, 163, 22, 143, 101, 69, 75]
[68, 141, 107, 191, 59, 100, 3, 48, 17, 109, 183, 36, 123, 137, 8, 77, 25, 135, 60, 171, 45, 131, 84, 190, 197, 122, 14, 78, 12, 176, 159, 19, 63, 161, 66, 30, 46, 119, 185, 54, 41, 134, 126, 111, 154, 7, 145, 128, 113, 97, 87, 55, 151, 104, 42, 136, 94, 93, 90, 49, 167, 149, 172, 168, 34, 1, 180, 124, 150, 160, 67, 29, 58, 2, 72, 188, 130, 179, 155, 99, 32, 80, 96, 103, 164, 165, 47, 115, 121, 193, 50, 43, 152, 65, 118, 18, 98, 35, 73, 56]
39834

[162, 3, 100, 59, 26, 190, 197, 122, 14, 12, 78, 159, 161, 63, 19, 54, 66, 119, 185, 41, 134, 126, 111, 106, 108, 5, 154, 182, 7, 16, 24, 142, 89, 33, 102, 113, 97, 87, 27, 38, 129, 70, 37, 55, 177, 195, 138, 85, 93, 90, 94, 49, 184, 53, 186, 150, 160, 124, 180, 1, 167, 172, 149, 143, 20, 153, 88, 40, 68, 73, 155, 80, 96, 103, 165, 51, 10, 83, 169, 62, 178, 36, 137, 8, 77, 81, 6, 198, 31, 23, 158, 173, 120, 171, 45, 11, 109, 17, 48, 92]
[57, 140, 170, 199, 147, 151, 4, 104, 42, 136, 132, 175, 112, 194, 181, 75, 69, 101, 139, 163, 22, 34, 168, 67, 29, 166, 58, 2, 72, 188, 130, 179, 141, 107, 191, 13, 35, 56, 99, 32, 44, 196, 174, 9, 91, 118, 164, 95, 125, 86, 47, 65, 152, 43, 187, 115, 121, 193, 50, 15, 117, 123, 25, 135, 60, 183, 28, 189, 18, 98, 148, 105, 110, 116, 114, 52, 0, 144, 84, 131, 39, 146, 192, 127, 157, 76, 79, 64, 176, 30, 46, 156, 74, 21, 133, 61, 82, 71, 145, 128]
38081

[107, 191, 13, 56, 35, 98, 18, 118, 189, 17, 109, 48, 148, 105, 92, 162, 3, 100, 59, 68, 141, 130, 179, 155, 99, 32, 80, 96, 103, 164, 165, 47, 193, 50, 62, 8, 77, 81, 6, 31, 23, 158, 110, 131, 190, 197, 26, 192, 127, 166, 157, 76, 160, 124, 180, 1, 34, 67, 29, 40, 88, 139, 163, 143, 90, 93, 181, 194, 112, 175, 132, 136, 42, 104, 4, 151, 55, 177, 195, 49, 184, 71, 129, 38, 27, 147, 87, 199, 170, 140, 57, 33, 89, 7, 182, 154, 111, 46, 30, 64]
[134, 41, 185, 126, 16, 24, 142, 102, 113, 97, 37, 70, 138, 85, 94, 75, 69, 101, 153, 20, 168, 22, 172, 149, 167, 61, 82, 128, 145, 133, 21, 74, 53, 5, 186, 150, 79, 58, 2, 72, 188, 73, 174, 9, 91, 196, 44, 125, 86, 95, 51, 10, 83, 169, 121, 115, 187, 43, 152, 65, 178, 15, 117, 123, 137, 198, 25, 135, 60, 36, 183, 28, 171, 45, 120, 173, 116, 114, 52, 0, 39, 11, 146, 84, 144, 122, 14, 78, 12, 176, 66, 156, 108, 106, 119, 54, 19, 63, 161, 159]
39772

[149, 69, 143, 172, 22, 168, 67, 29, 40, 166, 107, 68, 141, 130, 179, 155, 80, 196, 44, 32, 99, 73, 56, 35, 13, 191, 148, 189, 28, 183, 36, 8, 77, 81, 6, 198, 25, 31, 158, 173, 120, 171, 45, 39, 131, 110, 116, 114, 52, 0, 84, 144, 190, 26, 197, 122, 14, 12, 176, 78, 159, 161, 63, 19, 54, 66, 30, 186, 150, 160, 124, 180, 167, 184, 61, 82, 128, 145, 102, 113, 97, 27, 38, 129, 70, 37, 55, 195, 4, 104, 42, 132, 175, 112, 85, 138, 71, 49, 94, 90]
[164, 103, 96, 188, 72, 2, 58, 88, 1, 34, 163, 139, 20, 153, 101, 75, 93, 181, 194, 136, 177, 151, 147, 87, 199, 170, 140, 57, 33, 89, 142, 24, 16, 7, 21, 133, 74, 182, 154, 111, 126, 134, 41, 185, 119, 106, 108, 53, 5, 156, 46, 64, 79, 76, 157, 192, 127, 59, 100, 3, 162, 146, 11, 23, 135, 60, 137, 123, 117, 15, 178, 109, 17, 48, 92, 105, 18, 98, 174, 9, 91, 118, 65, 152, 43, 187, 62, 50, 193, 115, 121, 169, 51, 10, 83, 47, 165, 86, 125, 95]
36690

[120, 190, 26, 197, 12, 78, 159, 19, 63, 161, 176, 66, 30, 64, 150, 186, 5, 108, 106, 53, 74, 61, 82, 128, 97, 57, 140, 170, 199, 147, 70, 195, 85, 94, 93, 75, 69, 101, 163, 172, 184, 167, 168, 67, 29, 40, 58, 2, 72, 188, 68, 141, 73, 99, 35, 56, 107, 59, 100, 3, 162, 92, 105, 18, 9, 174, 196, 44, 32, 80, 103, 165, 51, 10, 83, 169, 121, 115, 47, 118, 65, 152, 43, 187, 62, 193, 50, 15, 178, 117, 8, 77, 81, 6, 198, 25, 31, 23, 158, 173]
[20, 181, 194, 112, 175, 132, 136, 42, 104, 4, 177, 151, 55, 37, 38, 27, 87, 113, 102, 145, 142, 89, 33, 24, 16, 7, 182, 154, 111, 126, 185, 134, 41, 54, 119, 46, 156, 21, 133, 71, 129, 138, 49, 90, 149, 143, 22, 34, 1, 180, 124, 160, 79, 76, 157, 166, 127, 192, 122, 14, 144, 84, 0, 52, 114, 116, 110, 131, 39, 146, 11, 45, 171, 135, 60, 137, 123, 36, 183, 28, 109, 17, 48, 189, 148, 191, 13, 98, 91, 164, 95, 86, 125, 96, 155, 179, 130, 88, 153, 139]
38917

[135, 25, 60, 183, 36, 117, 15, 178, 62, 193, 121, 115, 187, 43, 152, 65, 118, 47, 83, 10, 51, 165, 164, 103, 96, 155, 99, 56, 13, 191, 107, 179, 130, 188, 72, 2, 58, 40, 88, 153, 20, 101, 143, 22, 172, 149, 69, 75, 194, 175, 132, 42, 177, 151, 55, 37, 38, 27, 147, 87, 199, 170, 140, 57, 97, 113, 128, 145, 102, 33, 89, 142, 24, 16, 7, 182, 154, 111, 119, 46, 186, 150, 160, 79, 64, 12, 14, 122, 144, 84, 0, 52, 110, 114, 116, 158, 31, 23, 173, 120]
[28, 109, 17, 48, 189, 148, 105, 92, 162, 3, 100, 146, 39, 26, 197, 190, 131, 11, 45, 171, 137, 123, 8, 77, 198, 6, 81, 50, 169, 95, 86, 125, 18, 98, 91, 9, 174, 35, 196, 44, 80, 32, 73, 141, 68, 59, 192, 127, 166, 157, 76, 30, 66, 176, 78, 159, 161, 63, 19, 54, 41, 134, 185, 126, 21, 133, 74, 106, 156, 108, 5, 53, 124, 180, 1, 34, 168, 67, 29, 139, 163, 167, 49, 94, 90, 93, 181, 112, 136, 104, 4, 195, 85, 138, 70, 129, 71, 82, 61, 184]
40457

[109, 28, 183, 36, 137, 123, 117, 15, 115, 121, 169, 83, 10, 51, 165, 164, 103, 118, 65, 189, 18, 91, 9, 174, 107, 141, 188, 68, 59, 166, 20, 101, 69, 143, 149, 90, 75, 93, 94, 136, 104, 4, 177, 195, 85, 138, 49, 82, 61, 1, 180, 124, 160, 76, 157, 79, 64, 150, 186, 30, 46, 21, 145, 102, 113, 97, 199, 170, 140, 57, 33, 89, 24, 134, 54, 19, 63, 161, 66, 176, 159, 144, 84, 131, 11, 45, 171, 120, 173, 158, 23, 31, 135, 60, 25, 198, 6, 81, 8, 77]
[22, 172, 181, 194, 112, 175, 132, 42, 151, 55, 147, 87, 142, 16, 7, 182, 154, 111, 126, 41, 185, 119, 156, 106, 108, 5, 53, 74, 133, 128, 38, 27, 37, 70, 129, 71, 184, 167, 34, 168, 67, 29, 127, 192, 12, 78, 14, 122, 197, 26, 190, 0, 52, 114, 116, 110, 39, 146, 92, 162, 3, 100, 191, 13, 73, 56, 35, 98, 148, 105, 48, 17, 178, 62, 50, 193, 187, 43, 152, 47, 95, 86, 125, 96, 80, 196, 44, 32, 99, 155, 179, 130, 72, 2, 58, 40, 88, 153, 139, 163]
40775

[20, 139, 163, 168, 67, 34, 1, 150, 186, 74, 7, 24, 16, 126, 185, 134, 41, 54, 161, 159, 144, 84, 0, 52, 114, 116, 110, 45, 171, 120, 173, 158, 23, 31, 135, 25, 198, 6, 81, 77, 60, 17, 48, 162, 92, 105, 148, 189, 178, 43, 187, 50, 193, 115, 121, 169, 83, 165, 96, 80, 196, 44, 32, 99, 155, 179, 73, 56, 35, 174, 9, 13, 191, 107, 59, 192, 127, 166, 88, 153, 101, 69, 75, 181, 93, 94, 90, 149, 143, 22, 172, 167, 184, 49, 71, 129, 38, 70, 138, 85]
[2, 72, 188, 130, 141, 68, 58, 40, 29, 180, 124, 160, 79, 76, 157, 100, 3, 98, 18, 91, 118, 103, 164, 95, 125, 86, 51, 10, 47, 152, 65, 62, 15, 117, 123, 8, 137, 36, 183, 28, 109, 11, 146, 39, 131, 190, 26, 197, 122, 14, 78, 19, 63, 111, 154, 182, 21, 133, 145, 102, 142, 89, 33, 57, 140, 170, 199, 97, 113, 87, 147, 55, 151, 177, 42, 132, 175, 194, 112, 136, 104, 4, 195, 37, 27, 128, 82, 61, 53, 5, 108, 106, 156, 119, 46, 30, 66, 64, 176, 12]
40532

[168, 34, 1, 22, 172, 167, 184, 61, 180, 124, 186, 5, 53, 74, 145, 128, 38, 70, 4, 104, 136, 42, 147, 87, 97, 199, 170, 140, 57, 33, 89, 24, 16, 7, 106, 108, 156, 30, 46, 119, 126, 185, 41, 134, 19, 63, 159, 122, 84, 131, 190, 26, 146, 11, 120, 173, 158, 23, 135, 60, 25, 137, 123, 62, 115, 121, 169, 83, 165, 44, 32, 155, 99, 73, 56, 35, 174, 9, 98, 13, 107, 191, 105, 148, 189, 92, 162, 3, 100, 59, 192, 127, 166, 88, 67, 29, 157, 76, 79, 160]
[2, 58, 40, 68, 141, 196, 91, 18, 118, 65, 178, 36, 183, 28, 109, 17, 48, 171, 45, 39, 197, 12, 176, 66, 64, 150, 163, 139, 20, 153, 101, 143, 149, 69, 75, 181, 194, 112, 175, 132, 93, 90, 94, 49, 138, 85, 195, 177, 151, 55, 37, 27, 113, 142, 102, 129, 71, 82, 133, 21, 182, 154, 111, 54, 161, 78, 14, 144, 0, 52, 114, 116, 110, 31, 198, 6, 81, 77, 8, 117, 15, 50, 193, 187, 43, 152, 47, 10, 51, 86, 125, 95, 164, 103, 96, 80, 179, 130, 188, 72]
41677

[85, 138, 71, 49, 167, 184, 61, 82, 53, 108, 5, 186, 150, 124, 180, 1, 22, 172, 149, 90, 93, 143, 153, 88, 166, 127, 59, 162, 92, 48, 105, 148, 98, 196, 44, 32, 99, 73, 107, 68, 188, 141, 155, 80, 96, 165, 83, 169, 121, 115, 187, 43, 152, 65, 178, 62, 193, 50, 15, 117, 123, 36, 183, 171, 45, 116, 114, 0, 84, 144, 190, 26, 197, 122, 14, 54, 41, 134, 185, 126, 119, 111, 154, 182, 7, 128, 113, 87, 147, 55, 151, 177, 195, 4, 104, 136, 112, 175, 132, 42]
[140, 199, 27, 38, 37, 70, 129, 94, 194, 181, 75, 69, 101, 20, 139, 163, 168, 67, 34, 160, 79, 76, 157, 29, 40, 58, 2, 72, 130, 179, 56, 35, 13, 191, 100, 3, 9, 174, 103, 164, 95, 125, 86, 51, 10, 47, 118, 91, 18, 189, 17, 109, 28, 60, 137, 8, 77, 81, 6, 198, 25, 135, 31, 23, 158, 173, 120, 110, 52, 131, 39, 11, 146, 192, 12, 176, 78, 159, 19, 63, 161, 66, 64, 30, 46, 156, 106, 74, 21, 133, 145, 142, 16, 24, 89, 33, 102, 97, 170, 57]
39642

[28, 109, 183, 36, 123, 117, 15, 62, 50, 193, 121, 169, 115, 187, 43, 152, 47, 103, 196, 44, 32, 73, 141, 188, 72, 2, 58, 40, 88, 153, 20, 101, 75, 69, 143, 22, 172, 180, 124, 167, 49, 138, 85, 195, 70, 87, 57, 102, 7, 133, 21, 182, 154, 74, 186, 150, 160, 79, 76, 157, 127, 59, 100, 3, 191, 13, 98, 18, 148, 105, 92, 162, 11, 39, 190, 26, 197, 12, 14, 122, 144, 84, 131, 0, 52, 110, 114, 116, 158, 23, 31, 135, 60, 25, 198, 6, 81, 77, 8, 137]
[161, 159, 78, 176, 66, 64, 192, 146, 173, 120, 45, 171, 17, 48, 189, 178, 65, 118, 91, 9, 174, 35, 56, 165, 83, 10, 51, 86, 125, 95, 164, 96, 80, 99, 155, 179, 130, 68, 107, 166, 29, 67, 1, 34, 168, 139, 163, 149, 90, 94, 93, 181, 194, 112, 175, 132, 136, 42, 104, 4, 177, 151, 55, 37, 27, 147, 199, 170, 140, 33, 89, 142, 24, 16, 145, 128, 113, 97, 38, 129, 71, 82, 61, 184, 53, 5, 108, 106, 156, 30, 46, 119, 111, 126, 185, 134, 41, 54, 19, 63]
37853

[108, 5, 186, 150, 79, 160, 124, 180, 1, 34, 67, 29, 168, 167, 184, 61, 82, 74, 182, 21, 133, 7, 16, 24, 142, 89, 33, 102, 38, 129, 70, 37, 195, 55, 151, 177, 4, 104, 42, 136, 132, 175, 112, 194, 181, 149, 172, 22, 163, 153, 188, 130, 179, 155, 99, 80, 96, 103, 165, 83, 169, 121, 115, 43, 187, 193, 50, 62, 15, 6, 198, 25, 31, 23, 158, 173, 120, 45, 171, 48, 189, 9, 174, 56, 73, 141, 68, 166, 76, 157, 127, 192, 39, 131, 116, 114, 144, 14, 12, 64]
[98, 91, 118, 18, 148, 105, 92, 162, 3, 100, 59, 40, 88, 58, 72, 2, 107, 191, 13, 35, 32, 44, 196, 164, 95, 125, 86, 51, 10, 47, 152, 65, 178, 117, 123, 137, 8, 81, 77, 135, 60, 36, 183, 28, 109, 17, 11, 110, 52, 0, 84, 190, 122, 78, 159, 19, 63, 161, 66, 46, 119, 54, 41, 134, 185, 126, 111, 154, 145, 128, 113, 97, 57, 140, 170, 199, 87, 147, 27, 85, 93, 75, 69, 101, 20, 139, 143, 90, 94, 49, 138, 71, 53, 106, 156, 30, 176, 197, 26, 146]
40907

[113, 102, 145, 128, 21, 133, 71, 138, 149, 90, 75, 69, 101, 143, 172, 167, 34, 67, 1, 180, 124, 160, 157, 192, 127, 59, 68, 141, 179, 155, 174, 9, 91, 118, 47, 83, 10, 51, 169, 121, 115, 193, 50, 15, 178, 117, 36, 123, 137, 8, 77, 81, 6, 198, 25, 135, 60, 183, 109, 17, 48, 18, 98, 13, 191, 3, 100, 146, 110, 116, 114, 52, 0, 84, 144, 197, 122, 161, 134, 41, 185, 126, 111, 119, 46, 30, 156, 154, 182, 7, 16, 24, 142, 89, 33, 57, 140, 170, 199, 97]
[125, 86, 95, 164, 165, 43, 187, 62, 152, 65, 189, 148, 105, 92, 28, 31, 23, 158, 173, 120, 171, 45, 131, 190, 26, 39, 11, 162, 107, 35, 56, 73, 99, 32, 80, 44, 196, 103, 96, 130, 188, 72, 2, 58, 88, 153, 20, 139, 163, 22, 168, 29, 40, 166, 76, 79, 150, 64, 66, 176, 12, 14, 78, 159, 19, 63, 54, 106, 108, 5, 186, 53, 74, 61, 82, 129, 70, 37, 38, 27, 87, 147, 55, 151, 177, 195, 4, 104, 42, 136, 85, 112, 132, 175, 194, 181, 93, 94, 49, 184]
41787

[72, 2, 58, 29, 168, 163, 22, 172, 143, 149, 90, 94, 184, 61, 82, 71, 129, 49, 138, 85, 181, 194, 112, 175, 132, 4, 195, 70, 37, 27, 147, 87, 142, 24, 16, 7, 21, 133, 74, 182, 154, 111, 54, 19, 63, 161, 66, 176, 12, 64, 76, 157, 192, 127, 59, 146, 120, 173, 23, 31, 25, 198, 6, 81, 77, 8, 15, 62, 50, 193, 121, 169, 83, 165, 95, 164, 47, 152, 65, 17, 109, 48, 189, 191, 13, 35, 56, 73, 99, 32, 44, 196, 96, 80, 155, 141, 68, 188, 130, 179]
[39, 131, 84, 144, 190, 26, 197, 122, 14, 78, 159, 134, 41, 185, 126, 119, 46, 30, 186, 150, 79, 160, 124, 180, 67, 34, 1, 167, 53, 5, 108, 156, 106, 145, 89, 33, 57, 140, 170, 199, 97, 113, 102, 128, 38, 55, 151, 177, 104, 42, 136, 93, 75, 69, 101, 20, 139, 153, 88, 40, 166, 107, 174, 9, 103, 125, 86, 51, 10, 115, 187, 43, 118, 91, 18, 98, 148, 105, 92, 162, 3, 100, 11, 45, 171, 28, 183, 36, 178, 117, 123, 137, 60, 135, 158, 116, 114, 110, 0, 52]
40198

[181, 194, 136, 104, 4, 195, 37, 147, 199, 57, 97, 113, 128, 133, 21, 182, 154, 74, 53, 108, 106, 30, 66, 54, 41, 134, 19, 63, 161, 176, 159, 78, 14, 122, 190, 144, 84, 131, 0, 52, 114, 116, 110, 45, 171, 120, 173, 158, 23, 31, 135, 60, 36, 178, 115, 121, 169, 10, 51, 86, 125, 95, 164, 18, 189, 92, 105, 148, 98, 9, 174, 13, 3, 100, 59, 166, 40, 68, 73, 56, 35, 44, 32, 99, 155, 188, 72, 2, 58, 88, 153, 139, 29, 67, 167, 61, 82, 184, 69, 75]
[16, 24, 142, 89, 33, 140, 170, 87, 27, 38, 129, 70, 55, 151, 177, 42, 132, 175, 112, 85, 138, 71, 49, 94, 93, 90, 149, 143, 101, 20, 163, 22, 172, 168, 34, 1, 180, 124, 160, 79, 76, 157, 127, 192, 146, 162, 191, 107, 141, 130, 179, 96, 80, 196, 103, 165, 83, 47, 118, 91, 65, 152, 43, 187, 193, 50, 62, 15, 117, 123, 137, 8, 77, 81, 6, 198, 25, 183, 28, 109, 17, 48, 11, 39, 26, 197, 12, 64, 150, 186, 5, 156, 46, 119, 185, 126, 111, 7, 145, 102]
39291

[37, 70, 55, 151, 177, 195, 4, 194, 181, 93, 90, 101, 163, 139, 20, 153, 88, 72, 2, 58, 40, 166, 100, 3, 191, 13, 148, 105, 92, 162, 146, 39, 11, 48, 17, 178, 62, 43, 187, 121, 193, 50, 15, 117, 123, 77, 81, 6, 198, 171, 45, 120, 173, 110, 131, 84, 190, 26, 12, 176, 64, 30, 119, 54, 41, 134, 185, 126, 111, 5, 186, 150, 79, 157, 76, 160, 124, 180, 29, 67, 168, 34, 1, 53, 74, 21, 133, 145, 142, 89, 102, 128, 71, 129, 38, 27, 147, 97, 113, 87]
[189, 18, 98, 174, 9, 91, 118, 65, 152, 115, 169, 83, 10, 51, 86, 125, 95, 164, 165, 47, 103, 96, 80, 44, 196, 35, 56, 73, 99, 32, 155, 179, 130, 188, 68, 141, 107, 59, 192, 127, 22, 172, 149, 143, 69, 75, 112, 175, 132, 136, 42, 104, 85, 138, 49, 94, 167, 184, 61, 82, 199, 170, 140, 57, 33, 24, 16, 7, 182, 154, 106, 108, 156, 46, 66, 161, 63, 19, 159, 78, 14, 122, 197, 144, 0, 52, 114, 116, 158, 23, 31, 135, 60, 25, 8, 137, 36, 183, 28, 109]
38309

[126, 111, 154, 182, 21, 7, 16, 24, 142, 89, 33, 57, 140, 170, 199, 147, 27, 37, 195, 136, 132, 175, 112, 194, 181, 85, 138, 129, 38, 87, 97, 113, 102, 145, 128, 82, 61, 184, 49, 94, 93, 90, 149, 75, 143, 172, 22, 168, 34, 1, 180, 124, 160, 150, 186, 79, 76, 157, 40, 141, 73, 56, 35, 99, 32, 44, 196, 174, 9, 91, 103, 164, 165, 51, 10, 83, 169, 121, 193, 117, 123, 36, 28, 120, 131, 190, 26, 59, 100, 3, 191, 107, 166, 127, 192, 64, 176, 161, 19, 63]
[146, 39, 11, 45, 171, 109, 17, 48, 189, 183, 60, 137, 8, 77, 81, 6, 198, 25, 135, 31, 23, 158, 173, 110, 116, 114, 52, 0, 84, 144, 197, 122, 14, 12, 78, 159, 54, 41, 134, 185, 119, 66, 30, 46, 156, 5, 53, 108, 106, 74, 133, 71, 70, 55, 151, 177, 42, 104, 4, 167, 67, 29, 163, 69, 101, 153, 20, 139, 88, 58, 72, 2, 68, 188, 130, 179, 155, 80, 96, 125, 86, 95, 47, 115, 187, 43, 62, 50, 15, 178, 152, 65, 118, 98, 13, 162, 92, 105, 148, 18]
40326

[45, 171, 120, 173, 158, 23, 31, 135, 60, 137, 183, 28, 109, 17, 48, 11, 146, 39, 116, 114, 52, 0, 144, 14, 78, 54, 41, 134, 154, 182, 74, 21, 133, 128, 145, 142, 89, 33, 97, 87, 129, 71, 138, 85, 136, 132, 175, 112, 194, 181, 101, 22, 172, 167, 184, 180, 124, 79, 76, 29, 168, 163, 139, 20, 153, 88, 68, 141, 56, 35, 118, 65, 152, 47, 165, 164, 103, 196, 44, 32, 99, 155, 80, 96, 125, 86, 95, 51, 10, 83, 169, 121, 115, 193, 50, 15, 178, 62, 187, 43]
[179, 130, 73, 174, 9, 91, 98, 18, 189, 36, 117, 123, 8, 77, 81, 6, 198, 25, 110, 131, 84, 190, 122, 159, 19, 63, 161, 176, 66, 30, 46, 119, 185, 126, 111, 156, 106, 7, 16, 24, 102, 113, 57, 140, 170, 199, 147, 27, 38, 37, 70, 55, 151, 177, 195, 4, 104, 42, 75, 69, 143, 149, 90, 93, 94, 49, 82, 61, 53, 108, 5, 186, 1, 34, 67, 160, 150, 64, 12, 197, 26, 162, 92, 105, 148, 13, 107, 191, 3, 100, 59, 127, 192, 157, 166, 40, 58, 2, 72, 188]
40777

[14, 144, 84, 110, 120, 45, 171, 48, 17, 109, 28, 183, 36, 178, 62, 50, 193, 43, 65, 152, 83, 10, 51, 86, 125, 95, 164, 165, 118, 91, 18, 98, 9, 174, 35, 56, 73, 13, 191, 3, 100, 107, 68, 40, 166, 127, 192, 59, 26, 64, 79, 157, 76, 160, 124, 180, 29, 88, 67, 168, 34, 1, 167, 149, 90, 93, 94, 136, 42, 104, 177, 151, 55, 27, 147, 199, 170, 140, 57, 33, 89, 24, 16, 142, 102, 145, 7, 133, 21, 182, 154, 74, 108, 106, 111, 126, 185, 119, 176, 12]
[132, 112, 4, 195, 37, 70, 129, 38, 87, 97, 113, 128, 53, 5, 186, 150, 156, 46, 30, 66, 161, 54, 41, 134, 19, 63, 159, 78, 122, 197, 190, 131, 0, 52, 114, 116, 158, 173, 11, 39, 146, 162, 92, 105, 148, 189, 23, 31, 135, 60, 137, 25, 198, 6, 81, 77, 8, 123, 117, 15, 187, 115, 121, 169, 47, 103, 96, 80, 196, 44, 32, 99, 155, 179, 130, 141, 188, 72, 2, 58, 153, 20, 139, 163, 22, 172, 101, 75, 69, 143, 49, 184, 61, 82, 71, 138, 85, 181, 194, 175]
38626

[39, 11, 92, 105, 148, 98, 18, 91, 118, 65, 152, 43, 187, 62, 178, 117, 15, 50, 193, 115, 121, 169, 47, 103, 44, 196, 174, 9, 13, 107, 141, 68, 59, 192, 79, 64, 176, 30, 156, 186, 124, 180, 1, 34, 172, 22, 143, 139, 20, 153, 101, 69, 75, 181, 93, 94, 90, 149, 167, 71, 129, 147, 199, 170, 140, 57, 102, 33, 89, 24, 16, 142, 145, 133, 21, 74, 185, 134, 41, 54, 161, 12, 26, 131, 0, 52, 110, 114, 116, 158, 23, 31, 25, 135, 60, 183, 28, 17, 48, 109]
[191, 162, 45, 171, 120, 173, 198, 6, 81, 77, 8, 137, 123, 36, 189, 35, 56, 73, 99, 32, 80, 165, 83, 10, 51, 86, 125, 95, 164, 96, 155, 179, 130, 188, 72, 2, 58, 88, 163, 168, 67, 29, 40, 166, 127, 157, 76, 160, 150, 5, 108, 106, 53, 82, 61, 184, 49, 138, 85, 194, 112, 175, 132, 136, 42, 104, 4, 195, 177, 151, 55, 70, 37, 38, 27, 87, 97, 113, 128, 7, 182, 154, 111, 126, 119, 46, 66, 63, 19, 159, 78, 14, 122, 197, 190, 144, 84, 146, 100, 3]
39950

[55, 151, 177, 195, 4, 104, 42, 136, 85, 94, 93, 90, 149, 172, 22, 163, 88, 58, 188, 130, 179, 141, 107, 100, 3, 162, 92, 105, 148, 48, 17, 189, 18, 118, 125, 86, 83, 62, 178, 123, 8, 77, 81, 6, 198, 25, 31, 23, 171, 120, 173, 110, 131, 84, 144, 190, 197, 26, 146, 192, 127, 150, 186, 124, 180, 1, 167, 184, 61, 82, 71, 129, 70, 37, 38, 128, 21, 182, 106, 108, 5, 156, 119, 46, 30, 66, 63, 19, 185, 111, 154, 7, 102, 57, 140, 170, 199, 87, 147, 27]
[126, 16, 24, 142, 89, 33, 97, 113, 145, 133, 74, 53, 49, 138, 112, 132, 175, 194, 181, 75, 69, 143, 101, 153, 20, 139, 168, 34, 67, 29, 40, 72, 2, 68, 155, 99, 32, 80, 96, 196, 44, 73, 56, 35, 13, 191, 59, 166, 157, 76, 160, 79, 64, 176, 12, 122, 39, 11, 45, 183, 36, 28, 109, 98, 174, 9, 91, 65, 152, 47, 103, 164, 95, 165, 10, 51, 169, 121, 115, 43, 187, 193, 50, 15, 117, 137, 60, 135, 158, 116, 114, 52, 0, 14, 78, 159, 161, 54, 41, 134]
41266

[150, 46, 30, 66, 63, 19, 190, 131, 52, 110, 39, 146, 11, 48, 17, 23, 31, 25, 198, 6, 81, 77, 8, 137, 36, 189, 18, 118, 103, 164, 95, 165, 83, 47, 152, 65, 178, 15, 62, 187, 115, 121, 169, 10, 51, 86, 125, 96, 80, 155, 32, 44, 196, 98, 148, 105, 92, 162, 3, 191, 35, 56, 99, 73, 141, 68, 40, 22, 172, 167, 149, 143, 101, 69, 75, 90, 94, 93, 181, 194, 112, 136, 42, 104, 4, 195, 85, 138, 49, 71, 129, 199, 170, 140, 57, 145, 128, 53, 5, 186]
[34, 1, 184, 61, 82, 175, 132, 177, 151, 55, 70, 37, 38, 27, 147, 87, 97, 113, 102, 33, 89, 142, 24, 16, 7, 133, 21, 182, 154, 74, 108, 106, 156, 119, 111, 126, 185, 134, 41, 54, 161, 159, 78, 144, 84, 0, 114, 116, 158, 173, 120, 45, 171, 109, 28, 183, 60, 135, 123, 117, 50, 193, 43, 91, 9, 174, 13, 107, 179, 130, 188, 72, 2, 58, 88, 153, 20, 139, 163, 168, 67, 29, 166, 76, 157, 192, 127, 59, 100, 26, 197, 122, 14, 12, 176, 64, 79, 160, 180, 124]
40174

[78, 159, 14, 122, 144, 0, 52, 114, 116, 110, 173, 158, 23, 31, 135, 60, 36, 15, 50, 193, 121, 169, 51, 86, 125, 10, 83, 115, 187, 62, 43, 152, 65, 118, 148, 105, 92, 162, 3, 191, 56, 73, 179, 130, 188, 72, 2, 58, 88, 69, 75, 90, 94, 93, 181, 194, 112, 175, 132, 136, 42, 104, 4, 195, 177, 151, 55, 147, 87, 27, 38, 37, 70, 85, 138, 124, 180, 1, 34, 67, 29, 40, 166, 160, 74, 21, 142, 89, 33, 24, 16, 7, 111, 126, 185, 134, 41, 54, 19, 63]
[57, 140, 170, 199, 129, 71, 49, 184, 167, 172, 22, 149, 143, 101, 153, 20, 139, 163, 168, 76, 157, 192, 127, 59, 100, 107, 68, 141, 155, 99, 32, 44, 196, 80, 96, 103, 164, 95, 165, 47, 178, 117, 123, 137, 8, 77, 81, 6, 198, 25, 120, 45, 171, 183, 28, 109, 17, 48, 189, 18, 98, 91, 9, 174, 35, 13, 11, 146, 39, 131, 84, 190, 26, 197, 12, 176, 161, 119, 46, 30, 66, 64, 79, 150, 186, 53, 5, 108, 156, 106, 154, 182, 133, 61, 82, 128, 145, 102, 113, 97]
38736

[15, 62, 50, 193, 121, 51, 10, 47, 103, 118, 91, 9, 174, 189, 183, 28, 171, 45, 92, 191, 107, 68, 58, 166, 127, 192, 157, 76, 79, 160, 34, 1, 150, 186, 53, 184, 167, 172, 143, 69, 90, 49, 85, 136, 42, 104, 4, 195, 177, 151, 55, 37, 27, 147, 87, 97, 33, 89, 24, 142, 145, 128, 38, 129, 71, 133, 21, 156, 46, 30, 64, 66, 54, 19, 63, 161, 159, 78, 176, 12, 122, 197, 26, 190, 84, 0, 52, 110, 114, 116, 158, 31, 198, 6, 81, 77, 8, 137, 123, 117]
[124, 180, 29, 67, 168, 22, 149, 93, 94, 132, 175, 112, 194, 181, 75, 101, 163, 139, 20, 153, 88, 40, 59, 100, 3, 162, 105, 148, 18, 98, 13, 35, 56, 73, 141, 2, 72, 188, 130, 179, 155, 99, 32, 44, 196, 80, 96, 164, 95, 125, 86, 165, 83, 169, 115, 187, 43, 152, 65, 178, 36, 60, 25, 135, 23, 173, 120, 109, 17, 48, 11, 146, 39, 131, 144, 14, 134, 41, 185, 126, 119, 111, 154, 182, 7, 16, 102, 113, 57, 140, 170, 199, 70, 138, 82, 61, 74, 106, 108, 5]
40395

[156, 106, 108, 74, 182, 21, 133, 145, 128, 38, 129, 70, 37, 55, 177, 195, 4, 104, 136, 112, 194, 181, 93, 75, 69, 101, 153, 20, 139, 88, 40, 68, 141, 107, 191, 13, 105, 148, 189, 18, 98, 118, 91, 9, 174, 32, 44, 196, 103, 125, 86, 95, 83, 169, 121, 193, 115, 187, 43, 62, 50, 15, 81, 6, 198, 25, 60, 135, 31, 23, 158, 173, 120, 110, 52, 0, 131, 190, 26, 146, 100, 59, 127, 192, 157, 76, 160, 61, 82, 150, 79, 64, 176, 66, 30, 46, 119, 54, 41, 185]
[10, 47, 152, 65, 178, 117, 123, 8, 77, 137, 36, 183, 28, 17, 109, 171, 45, 116, 114, 84, 144, 78, 159, 161, 63, 19, 134, 126, 111, 154, 7, 16, 24, 142, 102, 89, 33, 57, 140, 170, 199, 97, 113, 87, 147, 27, 151, 42, 132, 175, 85, 94, 49, 138, 71, 184, 167, 172, 149, 90, 143, 22, 163, 29, 67, 168, 34, 1, 180, 124, 186, 53, 5, 12, 14, 122, 197, 39, 11, 48, 92, 162, 3, 166, 58, 2, 72, 188, 130, 179, 73, 56, 35, 99, 155, 80, 96, 164, 165, 51]
39825

[31, 135, 25, 198, 6, 81, 117, 15, 43, 187, 86, 125, 164, 103, 189, 148, 105, 92, 162, 3, 100, 191, 13, 35, 56, 73, 188, 72, 2, 107, 59, 127, 192, 157, 76, 166, 40, 58, 88, 153, 20, 139, 163, 101, 69, 143, 149, 49, 184, 61, 82, 71, 129, 138, 85, 136, 42, 104, 4, 177, 151, 55, 37, 27, 147, 87, 97, 199, 170, 140, 57, 33, 89, 24, 142, 145, 128, 133, 21, 182, 154, 126, 185, 134, 41, 54, 19, 63, 161, 176, 12, 14, 122, 144, 45, 171, 23, 158, 173, 120]
[22, 172, 90, 94, 93, 75, 181, 194, 175, 132, 112, 195, 70, 38, 113, 102, 16, 7, 74, 53, 5, 108, 106, 156, 186, 150, 167, 34, 1, 180, 124, 160, 79, 64, 30, 46, 111, 119, 66, 159, 78, 197, 26, 190, 84, 0, 52, 114, 116, 110, 131, 39, 146, 11, 48, 17, 109, 28, 183, 60, 77, 8, 137, 123, 36, 178, 62, 50, 193, 115, 121, 169, 83, 10, 51, 95, 165, 47, 152, 65, 118, 91, 18, 98, 9, 174, 196, 44, 96, 80, 32, 99, 155, 179, 130, 141, 68, 168, 67, 29]
38594

[22, 143, 69, 90, 149, 167, 184, 61, 82, 49, 94, 181, 194, 112, 175, 132, 42, 195, 177, 151, 55, 37, 70, 129, 38, 27, 147, 87, 199, 170, 140, 145, 133, 21, 182, 74, 53, 5, 108, 106, 156, 66, 161, 159, 78, 12, 14, 122, 197, 26, 190, 144, 84, 0, 114, 116, 173, 120, 45, 171, 183, 36, 25, 198, 6, 81, 77, 8, 123, 117, 178, 189, 118, 103, 165, 47, 83, 10, 51, 95, 164, 96, 80, 32, 155, 99, 56, 35, 13, 59, 76, 79, 186, 150, 160, 124, 180, 1, 34, 172]
[107, 191, 105, 148, 98, 18, 91, 9, 174, 196, 44, 125, 86, 169, 121, 115, 187, 43, 152, 65, 62, 193, 50, 15, 137, 60, 135, 31, 23, 158, 110, 52, 131, 39, 146, 11, 28, 109, 17, 48, 92, 162, 3, 100, 192, 127, 157, 64, 176, 30, 46, 119, 185, 54, 63, 19, 134, 41, 126, 111, 154, 7, 16, 24, 142, 89, 33, 57, 97, 113, 102, 128, 71, 138, 4, 104, 136, 85, 93, 75, 101, 153, 20, 139, 163, 168, 67, 29, 166, 40, 88, 58, 72, 2, 68, 188, 130, 179, 73, 141]
38041

[131, 39, 11, 60, 77, 81, 8, 137, 123, 36, 183, 65, 152, 43, 169, 83, 10, 51, 165, 95, 86, 125, 164, 118, 18, 91, 9, 174, 196, 44, 99, 141, 68, 188, 72, 2, 58, 40, 88, 29, 67, 168, 163, 139, 20, 153, 101, 75, 69, 143, 90, 93, 181, 194, 112, 175, 132, 136, 42, 104, 4, 195, 177, 151, 55, 37, 129, 71, 138, 49, 184, 61, 82, 74, 133, 21, 182, 111, 119, 46, 30, 156, 106, 108, 5, 186, 79, 76, 157, 127, 192, 26, 190, 197, 122, 14, 12, 78, 144, 84]
[73, 56, 35, 98, 148, 105, 92, 189, 48, 17, 109, 28, 171, 45, 120, 173, 110, 52, 0, 114, 116, 158, 23, 31, 135, 25, 198, 6, 117, 15, 178, 62, 50, 193, 121, 115, 187, 47, 103, 96, 80, 32, 155, 179, 130, 107, 13, 191, 59, 166, 160, 150, 53, 167, 124, 180, 1, 34, 22, 172, 149, 94, 85, 70, 38, 27, 147, 87, 97, 113, 128, 145, 102, 57, 170, 199, 140, 33, 89, 142, 24, 16, 7, 154, 126, 185, 134, 41, 54, 19, 63, 161, 159, 176, 66, 64, 146, 100, 3, 162]
38415

[39, 146, 26, 190, 197, 122, 78, 159, 161, 63, 19, 134, 41, 185, 119, 46, 30, 156, 106, 108, 5, 186, 53, 74, 154, 182, 21, 133, 128, 142, 16, 24, 89, 33, 113, 97, 87, 27, 38, 37, 70, 177, 195, 85, 194, 181, 75, 69, 20, 139, 163, 22, 172, 143, 149, 90, 93, 94, 49, 138, 129, 71, 82, 61, 184, 167, 160, 157, 127, 192, 98, 91, 118, 103, 164, 165, 51, 10, 47, 178, 15, 117, 123, 137, 8, 77, 81, 6, 198, 25, 31, 23, 158, 173, 120, 135, 60, 36, 48, 11]
[12, 176, 66, 54, 126, 111, 7, 145, 102, 57, 140, 170, 199, 147, 55, 151, 4, 104, 42, 136, 132, 175, 112, 101, 153, 88, 40, 29, 67, 168, 34, 1, 180, 124, 150, 64, 79, 76, 166, 58, 2, 72, 188, 130, 179, 73, 141, 68, 107, 59, 100, 3, 162, 92, 105, 148, 191, 13, 35, 56, 99, 155, 32, 44, 196, 80, 96, 125, 86, 95, 83, 169, 121, 193, 50, 62, 187, 115, 43, 152, 65, 174, 9, 18, 189, 17, 109, 28, 183, 171, 45, 110, 116, 114, 52, 0, 131, 84, 144, 14]
37787

[0, 84, 144, 122, 14, 12, 176, 63, 19, 54, 41, 134, 185, 156, 5, 108, 106, 154, 182, 74, 82, 61, 184, 49, 71, 138, 195, 4, 136, 132, 175, 112, 194, 181, 75, 69, 101, 143, 90, 149, 167, 172, 168, 34, 1, 160, 76, 127, 59, 162, 92, 105, 13, 35, 56, 73, 99, 32, 174, 9, 91, 118, 98, 18, 189, 48, 17, 109, 28, 183, 36, 178, 152, 43, 62, 187, 115, 47, 83, 10, 51, 169, 121, 193, 50, 81, 6, 198, 25, 77, 8, 60, 135, 171, 45, 120, 39, 131, 110, 52]
[166, 40, 29, 67, 180, 124, 53, 186, 150, 64, 79, 157, 192, 146, 11, 15, 117, 123, 137, 31, 23, 158, 173, 116, 114, 190, 26, 197, 78, 159, 161, 66, 30, 46, 119, 126, 111, 133, 21, 7, 16, 24, 142, 89, 33, 57, 140, 170, 199, 97, 113, 102, 145, 128, 87, 147, 27, 38, 129, 70, 37, 55, 151, 177, 42, 104, 85, 94, 93, 22, 163, 139, 20, 153, 88, 58, 72, 2, 68, 188, 130, 179, 155, 44, 196, 80, 96, 103, 164, 95, 125, 86, 165, 65, 148, 3, 100, 191, 107, 141]
39786

[65, 152, 43, 187, 115, 121, 62, 178, 15, 117, 77, 81, 6, 198, 25, 135, 60, 36, 183, 189, 92, 48, 45, 120, 173, 158, 116, 114, 110, 52, 0, 144, 190, 84, 131, 39, 26, 197, 122, 14, 78, 159, 19, 63, 54, 119, 66, 64, 30, 46, 156, 5, 108, 106, 154, 182, 7, 21, 133, 128, 145, 16, 24, 142, 89, 33, 102, 27, 38, 70, 195, 177, 4, 85, 49, 184, 167, 1, 34, 149, 90, 94, 93, 101, 20, 153, 88, 58, 188, 44, 196, 80, 96, 95, 125, 86, 51, 10, 83, 47]
[75, 69, 143, 172, 22, 163, 139, 168, 67, 29, 160, 124, 180, 53, 186, 150, 79, 76, 157, 40, 72, 2, 166, 127, 192, 59, 100, 3, 162, 105, 148, 18, 98, 13, 191, 107, 68, 141, 130, 179, 155, 32, 99, 73, 56, 35, 174, 9, 91, 118, 103, 164, 165, 169, 193, 50, 123, 8, 137, 31, 23, 171, 28, 109, 17, 11, 146, 12, 176, 161, 134, 41, 185, 126, 111, 74, 61, 82, 71, 138, 129, 113, 97, 57, 140, 170, 199, 87, 147, 37, 55, 151, 104, 42, 136, 132, 175, 112, 194, 181]
38722

[35, 56, 99, 155, 32, 44, 196, 103, 164, 165, 83, 47, 115, 187, 43, 178, 152, 65, 118, 18, 91, 9, 174, 98, 13, 191, 148, 105, 92, 100, 59, 127, 166, 160, 124, 180, 1, 163, 88, 141, 179, 130, 188, 2, 72, 153, 139, 20, 101, 93, 94, 181, 194, 112, 175, 132, 136, 42, 104, 4, 37, 70, 71, 82, 61, 133, 21, 7, 154, 182, 74, 186, 150, 30, 66, 176, 197, 26, 190, 144, 84, 0, 52, 110, 131, 39, 146, 11, 45, 120, 173, 23, 31, 135, 60, 137, 8, 123, 36, 189]
[106, 108, 53, 5, 156, 46, 119, 111, 126, 185, 134, 41, 54, 19, 63, 161, 159, 78, 14, 122, 12, 64, 79, 76, 157, 192, 3, 162, 48, 17, 109, 28, 183, 171, 114, 116, 158, 25, 198, 6, 81, 77, 117, 15, 62, 50, 193, 121, 169, 10, 51, 86, 125, 95, 96, 80, 73, 107, 68, 58, 40, 29, 67, 168, 34, 172, 22, 143, 69, 75, 90, 149, 49, 138, 85, 195, 177, 151, 55, 147, 87, 199, 170, 140, 57, 33, 89, 24, 16, 142, 102, 145, 128, 113, 97, 27, 38, 129, 184, 167]
39822

[62, 50, 193, 121, 115, 43, 152, 47, 10, 51, 86, 125, 103, 96, 179, 130, 188, 72, 2, 58, 88, 153, 139, 22, 172, 149, 90, 93, 94, 167, 184, 61, 82, 71, 129, 70, 195, 177, 151, 55, 37, 27, 147, 87, 199, 97, 113, 102, 24, 16, 7, 133, 21, 182, 154, 111, 126, 185, 134, 41, 54, 19, 63, 161, 159, 78, 14, 0, 114, 116, 39, 146, 197, 122, 30, 46, 186, 150, 160, 67, 29, 127, 59, 107, 191, 13, 56, 73, 32, 35, 91, 118, 18, 189, 17, 109, 28, 183, 36, 178]
[106, 74, 128, 145, 142, 89, 33, 57, 140, 170, 38, 49, 138, 85, 4, 104, 42, 136, 132, 175, 112, 194, 181, 75, 69, 143, 101, 20, 163, 168, 34, 1, 180, 124, 76, 166, 40, 68, 141, 99, 155, 80, 44, 196, 174, 9, 98, 148, 105, 92, 162, 3, 100, 11, 45, 171, 48, 65, 165, 164, 95, 83, 169, 187, 15, 117, 123, 8, 77, 81, 6, 198, 25, 137, 60, 135, 31, 23, 158, 173, 120, 110, 52, 131, 84, 144, 190, 26, 192, 157, 79, 64, 12, 176, 66, 119, 156, 5, 53, 108]
39260

[146, 39, 11, 120, 173, 158, 23, 31, 198, 6, 81, 77, 8, 123, 178, 62, 43, 187, 115, 121, 169, 47, 83, 10, 51, 86, 125, 95, 96, 155, 179, 130, 188, 141, 73, 56, 196, 91, 18, 98, 59, 166, 58, 2, 72, 153, 20, 101, 93, 94, 49, 71, 129, 38, 37, 70, 195, 177, 151, 55, 87, 33, 89, 142, 24, 16, 7, 133, 21, 182, 74, 184, 167, 168, 34, 1, 180, 124, 186, 53, 5, 108, 106, 111, 126, 185, 134, 41, 54, 119, 46, 30, 64, 122, 197, 26, 190, 144, 84, 131]
[116, 171, 28, 183, 36, 60, 135, 25, 137, 117, 15, 50, 193, 165, 164, 103, 80, 44, 32, 99, 35, 13, 191, 107, 68, 40, 88, 139, 163, 22, 172, 149, 90, 143, 69, 75, 181, 194, 112, 175, 132, 136, 42, 104, 4, 85, 138, 61, 82, 27, 147, 199, 170, 140, 57, 97, 113, 102, 145, 128, 154, 19, 63, 161, 159, 78, 14, 12, 176, 66, 156, 150, 79, 160, 67, 29, 76, 157, 127, 192, 100, 3, 162, 92, 105, 148, 174, 9, 118, 152, 65, 189, 48, 17, 109, 45, 110, 52, 0, 114]
39775

[103, 164, 118, 48, 17, 109, 28, 171, 45, 120, 173, 110, 131, 39, 146, 162, 3, 100, 59, 191, 107, 141, 68, 40, 153, 20, 139, 163, 29, 166, 127, 192, 157, 76, 79, 186, 150, 160, 67, 168, 34, 90, 94, 93, 181, 194, 112, 136, 104, 4, 195, 177, 151, 55, 147, 199, 170, 140, 57, 33, 89, 145, 182, 154, 106, 30, 64, 66, 54, 19, 63, 161, 159, 176, 12, 78, 14, 122, 190, 144, 84, 0, 52, 158, 23, 31, 135, 60, 25, 198, 6, 81, 15, 50, 193, 169, 83, 10, 51, 165]
[9, 174, 98, 13, 148, 105, 92, 11, 116, 114, 26, 197, 134, 41, 185, 126, 111, 119, 46, 156, 108, 5, 53, 124, 180, 1, 61, 74, 133, 21, 7, 16, 24, 142, 102, 113, 97, 87, 27, 38, 128, 82, 71, 129, 70, 37, 42, 132, 175, 85, 138, 49, 184, 167, 172, 149, 75, 69, 101, 143, 22, 88, 58, 2, 72, 188, 130, 179, 155, 32, 99, 73, 56, 35, 196, 44, 80, 96, 125, 86, 95, 47, 65, 152, 43, 187, 115, 121, 62, 178, 117, 123, 8, 77, 137, 36, 183, 189, 18, 91]
41260

[111, 119, 46, 30, 66, 54, 185, 126, 41, 134, 19, 63, 14, 122, 197, 190, 131, 0, 52, 110, 11, 92, 48, 17, 183, 36, 137, 8, 77, 81, 117, 15, 62, 43, 187, 115, 121, 169, 51, 10, 83, 47, 165, 95, 86, 125, 164, 103, 96, 80, 32, 44, 196, 91, 118, 152, 65, 18, 98, 191, 107, 68, 100, 59, 29, 67, 168, 172, 34, 1, 180, 124, 160, 186, 5, 53, 138, 85, 112, 175, 132, 4, 195, 177, 151, 55, 37, 38, 27, 147, 199, 170, 140, 57, 33, 89, 24, 16, 182, 154]
[158, 173, 116, 114, 84, 144, 78, 159, 161, 176, 64, 12, 26, 39, 146, 3, 162, 105, 148, 13, 56, 73, 141, 58, 40, 166, 127, 192, 157, 76, 79, 150, 156, 106, 108, 74, 133, 21, 7, 145, 142, 102, 113, 97, 87, 128, 82, 61, 184, 167, 49, 71, 129, 70, 104, 42, 136, 194, 181, 93, 94, 90, 149, 75, 69, 101, 143, 22, 163, 139, 20, 153, 88, 72, 2, 188, 130, 179, 155, 99, 35, 174, 9, 189, 178, 193, 50, 123, 60, 25, 198, 6, 31, 135, 28, 109, 171, 45, 120, 23]
40704

[151, 55, 177, 104, 4, 138, 61, 82, 128, 38, 27, 147, 199, 170, 140, 57, 113, 102, 145, 133, 21, 182, 154, 111, 126, 185, 41, 134, 159, 78, 197, 26, 190, 84, 131, 110, 173, 158, 23, 31, 198, 25, 135, 60, 183, 17, 48, 162, 3, 100, 191, 13, 98, 18, 118, 47, 83, 165, 103, 96, 80, 32, 99, 155, 179, 130, 188, 141, 68, 2, 72, 58, 88, 40, 166, 59, 127, 192, 186, 5, 53, 124, 67, 29, 163, 139, 153, 20, 22, 172, 143, 90, 94, 85, 194, 112, 175, 132, 136, 42]
[196, 44, 164, 95, 125, 86, 51, 10, 91, 9, 174, 35, 56, 73, 107, 157, 76, 160, 180, 1, 34, 168, 101, 69, 75, 181, 93, 149, 167, 184, 49, 71, 129, 70, 195, 37, 87, 97, 33, 89, 142, 24, 16, 7, 74, 106, 108, 150, 79, 64, 30, 46, 156, 119, 66, 54, 19, 63, 161, 176, 12, 14, 122, 144, 0, 52, 114, 116, 120, 45, 171, 28, 109, 39, 146, 11, 92, 105, 148, 189, 178, 65, 152, 43, 187, 115, 169, 121, 193, 50, 62, 15, 36, 123, 137, 6, 81, 77, 8, 117]
41361

[131, 190, 26, 197, 122, 14, 78, 176, 12, 192, 127, 64, 30, 46, 119, 111, 156, 106, 108, 74, 182, 154, 7, 128, 145, 142, 102, 113, 97, 87, 147, 27, 37, 70, 38, 129, 71, 82, 49, 138, 85, 195, 177, 4, 132, 175, 112, 194, 181, 75, 101, 22, 67, 29, 76, 157, 88, 40, 68, 141, 107, 100, 3, 191, 13, 118, 47, 121, 115, 187, 43, 62, 178, 189, 148, 105, 92, 48, 183, 36, 123, 137, 8, 77, 81, 6, 198, 25, 135, 31, 23, 158, 173, 120, 45, 110, 116, 114, 0, 52]
[56, 35, 174, 9, 91, 196, 44, 80, 96, 103, 164, 125, 86, 95, 165, 51, 10, 83, 169, 193, 50, 15, 117, 60, 171, 28, 109, 17, 152, 65, 18, 98, 162, 11, 146, 39, 84, 144, 159, 19, 63, 161, 66, 54, 41, 134, 185, 126, 16, 24, 89, 33, 57, 140, 170, 199, 55, 151, 104, 42, 136, 94, 93, 90, 149, 69, 143, 172, 167, 184, 61, 133, 21, 53, 5, 186, 150, 79, 160, 124, 180, 1, 34, 168, 163, 139, 20, 153, 72, 2, 58, 166, 59, 188, 130, 179, 155, 32, 99, 73]
39570

[62, 187, 43, 152, 65, 47, 118, 18, 98, 13, 191, 3, 100, 59, 192, 127, 166, 68, 141, 73, 99, 32, 44, 80, 96, 155, 179, 130, 188, 72, 2, 58, 40, 88, 153, 20, 139, 163, 101, 69, 75, 49, 138, 85, 136, 4, 195, 177, 151, 55, 70, 129, 184, 167, 1, 180, 150, 186, 30, 46, 119, 111, 7, 142, 89, 57, 170, 140, 33, 24, 16, 126, 134, 19, 63, 161, 159, 78, 197, 26, 190, 39, 131, 0, 52, 110, 158, 23, 31, 183, 28, 109, 17, 48, 148, 189, 178, 36, 137, 123]
[25, 198, 6, 81, 77, 8, 117, 15, 50, 193, 115, 121, 169, 83, 10, 51, 165, 95, 86, 125, 164, 103, 196, 91, 9, 174, 35, 56, 107, 105, 92, 162, 11, 146, 157, 76, 79, 160, 124, 29, 67, 168, 34, 172, 22, 143, 149, 90, 94, 93, 181, 194, 112, 175, 132, 42, 104, 37, 38, 27, 147, 87, 199, 97, 113, 102, 145, 128, 21, 133, 71, 82, 61, 53, 5, 108, 156, 106, 74, 182, 154, 185, 41, 54, 66, 64, 176, 12, 14, 122, 144, 84, 114, 116, 173, 120, 45, 171, 135, 60]
38818

[54, 63, 19, 134, 41, 185, 119, 156, 46, 30, 64, 197, 190, 0, 52, 110, 114, 116, 23, 31, 135, 60, 25, 198, 6, 81, 77, 8, 117, 15, 62, 50, 193, 121, 115, 187, 43, 178, 152, 65, 118, 196, 44, 80, 32, 155, 99, 73, 179, 141, 68, 107, 13, 56, 35, 174, 9, 91, 98, 18, 189, 17, 48, 3, 100, 59, 166, 40, 88, 168, 67, 29, 79, 160, 124, 167, 172, 22, 69, 75, 181, 194, 112, 175, 132, 136, 42, 104, 4, 85, 138, 49, 184, 61, 82, 133, 182, 154, 111, 126]
[70, 37, 38, 27, 87, 113, 97, 57, 140, 170, 199, 147, 55, 151, 177, 195, 94, 93, 90, 149, 143, 101, 163, 139, 20, 153, 58, 2, 72, 188, 130, 96, 103, 164, 95, 125, 86, 165, 47, 83, 10, 51, 169, 123, 137, 36, 183, 28, 109, 171, 45, 120, 173, 158, 39, 131, 84, 144, 122, 14, 78, 159, 161, 66, 176, 12, 26, 146, 11, 162, 92, 105, 148, 191, 127, 192, 157, 76, 34, 1, 180, 150, 186, 53, 5, 108, 106, 74, 21, 7, 16, 24, 142, 89, 33, 102, 145, 128, 71, 129]
37513

[112, 94, 93, 90, 149, 172, 167, 1, 180, 124, 160, 76, 157, 166, 127, 192, 59, 100, 3, 107, 141, 68, 2, 188, 130, 179, 155, 99, 73, 56, 35, 32, 80, 96, 103, 10, 83, 47, 118, 91, 98, 13, 191, 162, 92, 105, 148, 48, 28, 183, 36, 123, 8, 137, 60, 135, 173, 110, 84, 144, 14, 12, 63, 19, 134, 41, 106, 108, 182, 74, 82, 61, 184, 49, 85, 138, 71, 129, 128, 145, 16, 24, 142, 89, 33, 57, 140, 170, 199, 147, 27, 38, 37, 55, 151, 177, 104, 42, 132, 175]
[156, 46, 119, 54, 185, 126, 111, 154, 21, 133, 7, 102, 113, 97, 87, 70, 195, 4, 136, 194, 181, 75, 69, 101, 143, 22, 168, 163, 139, 20, 153, 88, 72, 58, 40, 29, 67, 34, 53, 5, 186, 150, 79, 64, 30, 66, 161, 159, 78, 122, 190, 131, 0, 52, 114, 116, 158, 23, 31, 25, 198, 6, 81, 77, 117, 178, 15, 50, 193, 62, 43, 187, 115, 121, 169, 51, 86, 125, 95, 164, 165, 152, 65, 196, 44, 174, 9, 18, 189, 17, 109, 171, 45, 120, 11, 146, 39, 26, 197, 176]
39590

[110, 116, 114, 52, 0, 84, 144, 54, 41, 134, 185, 126, 154, 182, 133, 128, 145, 102, 57, 140, 170, 199, 87, 147, 27, 38, 129, 71, 70, 37, 177, 195, 138, 49, 94, 90, 93, 85, 112, 132, 175, 194, 181, 75, 69, 143, 101, 20, 153, 29, 166, 59, 100, 3, 191, 107, 68, 141, 130, 179, 155, 32, 80, 96, 164, 125, 86, 95, 165, 51, 10, 83, 43, 178, 123, 137, 8, 77, 81, 6, 198, 25, 31, 135, 60, 189, 18, 65, 152, 118, 91, 9, 174, 98, 148, 105, 48, 11, 146, 39]
[16, 7, 21, 74, 111, 119, 156, 46, 30, 66, 161, 63, 19, 159, 78, 14, 122, 197, 12, 176, 64, 79, 76, 157, 127, 192, 26, 190, 131, 173, 158, 23, 120, 45, 171, 109, 17, 28, 183, 36, 117, 15, 50, 62, 187, 115, 193, 121, 169, 47, 103, 196, 44, 99, 73, 56, 35, 13, 92, 162, 188, 72, 2, 58, 40, 88, 139, 163, 168, 67, 34, 22, 172, 149, 167, 1, 180, 124, 160, 150, 186, 5, 108, 106, 53, 82, 61, 184, 136, 42, 104, 4, 151, 55, 97, 113, 33, 89, 142, 24]
39279

[145, 142, 16, 24, 89, 33, 57, 140, 170, 199, 97, 87, 147, 27, 37, 55, 151, 177, 195, 4, 85, 94, 90, 149, 69, 143, 22, 172, 1, 180, 34, 168, 67, 29, 163, 139, 20, 153, 88, 58, 2, 72, 188, 130, 179, 141, 68, 107, 166, 59, 100, 3, 162, 92, 191, 13, 35, 56, 73, 99, 32, 44, 9, 91, 118, 65, 152, 178, 62, 43, 187, 115, 169, 121, 193, 50, 15, 117, 123, 137, 36, 183, 28, 17, 109, 171, 45, 120, 131, 144, 19, 63, 54, 41, 134, 185, 126, 154, 182, 7]
[164, 95, 125, 86, 51, 10, 83, 47, 165, 103, 18, 189, 148, 105, 98, 174, 196, 96, 80, 155, 40, 101, 75, 93, 181, 194, 112, 175, 132, 136, 42, 104, 70, 38, 113, 102, 128, 129, 71, 138, 49, 167, 184, 61, 82, 53, 74, 133, 21, 111, 119, 46, 30, 156, 106, 108, 5, 186, 150, 124, 160, 79, 76, 157, 127, 192, 64, 12, 176, 66, 161, 159, 78, 14, 122, 197, 26, 190, 84, 0, 52, 114, 116, 110, 39, 146, 11, 173, 158, 23, 31, 198, 6, 81, 77, 8, 25, 135, 60, 48]
38969

[7, 16, 24, 89, 33, 57, 140, 170, 199, 38, 129, 70, 37, 195, 85, 94, 90, 101, 20, 153, 58, 2, 72, 188, 130, 179, 141, 68, 107, 191, 13, 98, 91, 9, 174, 35, 56, 80, 96, 125, 86, 51, 10, 83, 169, 121, 115, 187, 193, 50, 117, 123, 36, 17, 189, 48, 109, 28, 171, 45, 120, 173, 39, 131, 84, 190, 26, 197, 12, 176, 66, 64, 166, 40, 88, 139, 163, 22, 49, 138, 71, 82, 61, 133, 21, 74, 106, 108, 5, 53, 186, 156, 30, 46, 119, 54, 63, 19, 41, 134]
[29, 67, 168, 34, 1, 184, 167, 172, 149, 143, 69, 75, 93, 181, 194, 112, 175, 132, 136, 42, 104, 4, 177, 151, 55, 27, 147, 87, 97, 113, 102, 142, 145, 128, 182, 154, 111, 126, 185, 161, 159, 78, 14, 122, 144, 0, 52, 114, 116, 110, 158, 23, 31, 198, 6, 81, 77, 8, 137, 25, 135, 60, 183, 11, 146, 100, 3, 162, 92, 105, 148, 18, 118, 178, 15, 62, 43, 152, 65, 47, 165, 95, 164, 103, 196, 44, 32, 155, 99, 73, 59, 127, 192, 79, 150, 124, 180, 160, 76, 157]
38391

[161, 63, 19, 54, 119, 156, 186, 150, 79, 157, 76, 160, 124, 180, 1, 34, 168, 22, 143, 90, 93, 49, 138, 70, 129, 128, 133, 21, 182, 154, 7, 145, 102, 142, 16, 24, 89, 33, 57, 140, 170, 199, 97, 113, 87, 147, 55, 151, 42, 132, 175, 112, 194, 181, 101, 20, 139, 153, 88, 40, 58, 188, 130, 179, 73, 56, 98, 18, 118, 91, 9, 174, 196, 44, 103, 164, 95, 125, 86, 51, 10, 83, 187, 43, 152, 65, 189, 92, 48, 17, 109, 28, 171, 45, 120, 158, 173, 11, 78, 159]
[41, 134, 66, 176, 12, 14, 122, 197, 26, 190, 144, 84, 146, 39, 131, 0, 52, 114, 116, 110, 23, 31, 135, 60, 25, 198, 6, 81, 77, 8, 137, 123, 36, 183, 178, 117, 15, 62, 50, 193, 115, 121, 169, 47, 165, 96, 80, 32, 155, 99, 35, 13, 191, 148, 105, 162, 3, 100, 107, 141, 68, 72, 2, 166, 59, 192, 127, 29, 67, 163, 69, 75, 136, 104, 4, 177, 27, 38, 37, 195, 85, 94, 149, 172, 167, 184, 71, 82, 61, 74, 106, 108, 53, 5, 64, 30, 46, 111, 126, 185]
39275

[9, 174, 196, 44, 35, 56, 99, 155, 179, 130, 188, 88, 153, 20, 139, 163, 101, 69, 75, 93, 181, 194, 112, 175, 132, 136, 42, 104, 4, 177, 151, 55, 37, 70, 195, 85, 138, 82, 61, 133, 21, 7, 111, 126, 54, 19, 63, 161, 159, 78, 197, 190, 84, 131, 52, 110, 173, 120, 45, 171, 60, 135, 25, 137, 50, 193, 121, 169, 115, 187, 43, 178, 36, 183, 28, 109, 11, 146, 39, 26, 66, 46, 156, 108, 5, 186, 53, 184, 49, 94, 90, 143, 22, 76, 157, 192, 127, 59, 100, 3]
[119, 30, 79, 64, 176, 12, 14, 122, 144, 0, 114, 116, 158, 23, 31, 198, 6, 81, 77, 8, 123, 117, 15, 62, 152, 65, 189, 17, 48, 148, 105, 92, 162, 191, 13, 98, 18, 91, 118, 47, 83, 10, 51, 165, 86, 125, 95, 164, 103, 96, 80, 32, 73, 107, 141, 68, 2, 72, 58, 40, 166, 29, 67, 168, 172, 149, 167, 34, 1, 180, 124, 160, 150, 106, 154, 182, 74, 71, 129, 38, 27, 147, 87, 113, 97, 199, 170, 140, 57, 102, 128, 145, 142, 89, 33, 24, 16, 134, 41, 185]
38988

[49, 129, 70, 37, 38, 27, 147, 87, 113, 97, 199, 170, 140, 57, 33, 89, 142, 102, 145, 7, 21, 133, 74, 182, 154, 119, 46, 30, 66, 176, 12, 190, 0, 52, 110, 114, 116, 158, 198, 6, 81, 77, 8, 117, 15, 178, 62, 50, 193, 115, 121, 169, 83, 10, 51, 165, 47, 187, 43, 152, 65, 118, 91, 18, 189, 148, 105, 92, 191, 13, 35, 44, 80, 32, 155, 179, 130, 68, 107, 59, 166, 88, 153, 20, 139, 163, 168, 67, 1, 34, 22, 172, 93, 181, 194, 112, 175, 132, 85, 94]
[56, 73, 99, 96, 125, 86, 95, 164, 103, 196, 174, 9, 98, 100, 3, 162, 48, 17, 109, 28, 183, 36, 123, 137, 60, 135, 25, 31, 23, 173, 120, 171, 45, 11, 146, 39, 131, 84, 144, 14, 122, 197, 26, 192, 127, 157, 76, 64, 78, 159, 161, 63, 19, 54, 41, 134, 185, 126, 111, 16, 24, 128, 55, 151, 177, 195, 4, 104, 42, 136, 138, 71, 82, 61, 184, 53, 108, 106, 156, 5, 186, 150, 79, 160, 124, 180, 167, 149, 90, 75, 69, 101, 143, 29, 40, 58, 2, 72, 188, 141]
38278

[7, 16, 24, 33, 89, 142, 145, 102, 57, 140, 170, 199, 147, 37, 70, 55, 151, 42, 132, 175, 112, 194, 181, 93, 75, 153, 88, 40, 58, 68, 141, 130, 179, 155, 99, 32, 80, 96, 125, 86, 95, 165, 47, 62, 15, 117, 123, 137, 8, 77, 81, 6, 198, 25, 31, 23, 171, 109, 48, 162, 3, 146, 11, 120, 173, 158, 116, 114, 110, 84, 190, 26, 197, 122, 12, 176, 64, 76, 79, 150, 186, 5, 53, 61, 82, 133, 21, 74, 182, 154, 111, 126, 134, 19, 63, 161, 66, 156, 106, 108]
[90, 149, 143, 69, 101, 20, 139, 163, 168, 67, 29, 157, 166, 127, 192, 59, 100, 191, 13, 107, 2, 72, 188, 73, 56, 35, 174, 9, 91, 18, 98, 148, 105, 92, 189, 17, 28, 183, 36, 178, 43, 152, 65, 118, 196, 44, 103, 164, 51, 10, 83, 169, 121, 115, 187, 193, 50, 60, 135, 45, 39, 131, 52, 0, 144, 14, 78, 159, 54, 41, 185, 119, 46, 30, 160, 124, 180, 1, 34, 22, 172, 167, 184, 94, 49, 71, 128, 113, 97, 87, 27, 38, 129, 138, 85, 136, 104, 4, 177, 195]
40163

[190, 26, 131, 0, 52, 114, 116, 110, 158, 173, 120, 45, 171, 60, 135, 25, 117, 193, 121, 169, 83, 165, 164, 95, 86, 125, 96, 80, 118, 47, 152, 65, 18, 91, 98, 189, 48, 92, 162, 11, 39, 146, 100, 59, 64, 79, 160, 150, 186, 53, 61, 184, 94, 93, 90, 149, 1, 180, 124, 163, 20, 101, 143, 69, 75, 181, 194, 112, 175, 132, 129, 71, 82, 128, 145, 102, 113, 97, 199, 170, 140, 57, 33, 89, 142, 24, 16, 7, 74, 156, 46, 66, 176, 161, 63, 19, 159, 78, 122, 197]
[28, 109, 17, 178, 15, 50, 62, 43, 187, 115, 51, 10, 103, 196, 44, 32, 155, 99, 73, 56, 35, 174, 9, 148, 105, 3, 191, 13, 107, 141, 179, 130, 188, 68, 2, 72, 58, 153, 139, 88, 40, 166, 127, 192, 157, 76, 29, 67, 168, 34, 22, 172, 167, 49, 138, 85, 136, 42, 104, 4, 151, 55, 177, 195, 70, 37, 27, 147, 87, 38, 133, 21, 182, 154, 126, 134, 41, 54, 185, 119, 111, 106, 108, 5, 30, 12, 14, 144, 84, 23, 31, 198, 6, 81, 77, 8, 137, 123, 36, 183]
40091

[156, 119, 54, 161, 66, 30, 46, 186, 150, 124, 180, 1, 160, 79, 64, 190, 114, 116, 173, 158, 23, 31, 25, 198, 6, 81, 77, 8, 117, 50, 86, 125, 96, 32, 99, 73, 56, 35, 44, 196, 174, 9, 91, 98, 18, 189, 36, 183, 28, 109, 17, 92, 162, 192, 127, 166, 68, 141, 179, 130, 88, 139, 20, 163, 22, 172, 143, 149, 90, 93, 181, 194, 112, 175, 132, 136, 42, 104, 4, 177, 151, 55, 195, 70, 37, 128, 142, 57, 140, 33, 89, 24, 16, 7, 21, 133, 74, 53, 5, 108]
[26, 197, 122, 14, 12, 176, 159, 78, 144, 84, 39, 131, 0, 52, 110, 120, 135, 60, 137, 123, 15, 62, 187, 115, 43, 178, 152, 65, 118, 47, 121, 193, 169, 83, 10, 51, 165, 95, 164, 103, 80, 155, 188, 2, 72, 153, 101, 69, 75, 94, 85, 138, 129, 38, 27, 147, 87, 199, 170, 97, 113, 102, 145, 182, 154, 126, 134, 19, 63, 41, 185, 111, 106, 184, 61, 82, 71, 49, 167, 34, 168, 67, 29, 76, 157, 40, 58, 107, 191, 13, 105, 148, 48, 171, 45, 11, 3, 100, 59, 146]
42718

[55, 70, 37, 38, 27, 147, 87, 102, 33, 89, 24, 16, 142, 145, 133, 21, 74, 156, 46, 30, 64, 176, 161, 54, 185, 41, 134, 19, 63, 159, 78, 14, 122, 197, 26, 190, 131, 39, 146, 11, 31, 25, 198, 6, 81, 77, 8, 36, 178, 50, 193, 121, 115, 43, 152, 65, 118, 44, 96, 80, 32, 155, 99, 35, 56, 73, 179, 130, 188, 72, 2, 68, 141, 191, 13, 98, 18, 189, 48, 192, 127, 157, 79, 150, 186, 53, 167, 184, 61, 82, 71, 49, 94, 93, 90, 149, 75, 181, 136, 151]
[195, 85, 138, 129, 199, 170, 140, 57, 97, 113, 128, 7, 182, 154, 5, 108, 106, 111, 126, 119, 66, 12, 144, 84, 0, 52, 114, 116, 110, 120, 173, 158, 23, 171, 45, 17, 109, 28, 183, 60, 135, 137, 123, 117, 15, 62, 187, 169, 83, 10, 51, 86, 125, 95, 164, 165, 47, 103, 196, 174, 9, 91, 148, 105, 92, 162, 3, 100, 59, 107, 58, 40, 166, 76, 160, 124, 180, 1, 34, 168, 67, 29, 88, 153, 20, 139, 163, 101, 22, 172, 143, 69, 194, 112, 175, 132, 42, 104, 4, 177]
38870

[157, 76, 29, 67, 64, 176, 161, 19, 63, 66, 30, 46, 156, 5, 108, 106, 111, 185, 126, 154, 182, 74, 133, 21, 7, 16, 24, 142, 89, 33, 102, 145, 128, 38, 129, 70, 195, 4, 104, 42, 136, 132, 175, 112, 194, 149, 172, 22, 34, 168, 163, 139, 153, 88, 58, 72, 2, 59, 100, 3, 162, 92, 105, 13, 35, 32, 80, 96, 125, 86, 51, 169, 193, 50, 15, 109, 28, 183, 36, 137, 8, 25, 60, 135, 31, 23, 158, 173, 120, 45, 131, 84, 144, 122, 197, 190, 26, 192, 127, 166]
[6, 198, 171, 17, 48, 11, 146, 39, 110, 116, 114, 52, 0, 14, 12, 78, 159, 54, 134, 41, 119, 79, 160, 1, 180, 124, 150, 186, 53, 184, 61, 82, 71, 113, 97, 57, 140, 170, 199, 87, 147, 27, 37, 55, 151, 177, 138, 49, 167, 90, 93, 94, 85, 181, 75, 69, 143, 101, 20, 40, 188, 130, 179, 141, 68, 107, 191, 56, 73, 99, 155, 44, 196, 174, 9, 91, 98, 148, 189, 18, 118, 103, 164, 95, 165, 10, 83, 47, 121, 115, 187, 62, 43, 152, 65, 178, 117, 123, 77, 81]
40298

[61, 82, 71, 129, 4, 104, 42, 136, 132, 175, 112, 194, 101, 163, 139, 20, 153, 88, 166, 127, 192, 100, 3, 191, 13, 98, 118, 91, 9, 174, 35, 56, 73, 99, 155, 32, 80, 44, 196, 103, 164, 125, 86, 95, 165, 47, 83, 10, 51, 169, 121, 115, 178, 117, 123, 137, 25, 60, 135, 31, 23, 28, 109, 17, 148, 105, 92, 162, 11, 146, 39, 116, 114, 52, 0, 144, 78, 159, 41, 134, 126, 16, 24, 142, 89, 33, 102, 145, 74, 53, 156, 46, 30, 66, 176, 64, 79, 160, 167, 184]
[1, 180, 124, 150, 186, 5, 108, 106, 119, 161, 63, 19, 54, 185, 111, 154, 182, 7, 21, 133, 128, 113, 97, 57, 140, 170, 199, 87, 147, 27, 38, 37, 70, 55, 151, 177, 195, 85, 138, 49, 94, 149, 90, 93, 181, 75, 69, 143, 172, 22, 168, 29, 40, 58, 2, 72, 188, 68, 141, 130, 179, 96, 65, 152, 43, 187, 193, 50, 62, 15, 81, 6, 198, 77, 8, 36, 183, 171, 120, 173, 158, 110, 84, 122, 14, 12, 197, 26, 190, 131, 45, 48, 189, 18, 107, 59, 157, 76, 67, 34]
39074

[160, 166, 127, 192, 146, 11, 39, 0, 52, 114, 116, 173, 158, 23, 31, 25, 198, 6, 81, 77, 8, 123, 137, 135, 60, 36, 117, 15, 62, 50, 193, 187, 115, 121, 169, 51, 10, 83, 47, 196, 44, 155, 179, 130, 107, 59, 58, 40, 88, 139, 20, 163, 168, 34, 172, 22, 143, 149, 90, 93, 94, 136, 42, 104, 4, 195, 167, 184, 145, 142, 89, 33, 24, 16, 7, 133, 21, 182, 154, 106, 108, 5, 156, 46, 30, 66, 12, 122, 84, 144, 161, 63, 19, 54, 41, 134, 185, 126, 111, 119]
[9, 174, 98, 18, 91, 118, 178, 43, 152, 65, 165, 95, 86, 125, 164, 103, 96, 80, 32, 99, 56, 73, 141, 68, 188, 2, 72, 153, 101, 69, 75, 181, 194, 175, 132, 112, 85, 138, 49, 71, 129, 70, 177, 151, 55, 37, 38, 27, 147, 87, 199, 170, 140, 57, 97, 113, 102, 128, 82, 61, 74, 53, 186, 150, 124, 180, 1, 67, 29, 157, 76, 79, 64, 176, 159, 78, 14, 197, 26, 190, 131, 110, 120, 45, 171, 183, 28, 109, 17, 48, 189, 148, 105, 92, 162, 3, 100, 191, 13, 35]
38794

[35, 98, 9, 174, 196, 44, 80, 125, 86, 47, 189, 17, 48, 148, 105, 92, 162, 11, 39, 110, 173, 120, 171, 23, 158, 116, 114, 52, 0, 84, 144, 190, 197, 122, 14, 12, 78, 159, 161, 66, 119, 185, 134, 126, 111, 154, 182, 21, 133, 128, 145, 142, 89, 102, 113, 97, 87, 147, 27, 38, 129, 71, 82, 61, 53, 5, 108, 106, 156, 186, 150, 160, 67, 168, 167, 94, 181, 93, 90, 149, 143, 69, 75, 101, 20, 29, 166, 127, 59, 191, 13, 107, 68, 141, 179, 73, 56, 99, 155, 32]
[28, 183, 60, 135, 31, 25, 198, 6, 81, 77, 8, 137, 123, 36, 117, 15, 50, 62, 178, 18, 91, 118, 65, 152, 43, 187, 115, 193, 121, 169, 83, 10, 51, 165, 95, 164, 103, 96, 130, 188, 72, 2, 58, 40, 88, 153, 139, 163, 22, 172, 34, 1, 180, 124, 184, 49, 138, 85, 194, 112, 175, 132, 136, 42, 104, 4, 151, 55, 177, 195, 70, 37, 199, 170, 140, 57, 33, 24, 16, 7, 74, 46, 30, 64, 79, 76, 157, 192, 100, 3, 146, 26, 176, 54, 41, 63, 19, 131, 45, 109]
39982

[148, 189, 18, 98, 13, 191, 107, 68, 188, 141, 56, 35, 174, 9, 91, 118, 196, 44, 103, 47, 121, 193, 50, 62, 15, 28, 45, 171, 60, 135, 31, 23, 158, 173, 120, 116, 114, 0, 84, 144, 197, 12, 176, 66, 161, 54, 41, 185, 119, 46, 30, 156, 5, 108, 106, 133, 21, 7, 145, 16, 24, 142, 89, 33, 102, 113, 97, 57, 140, 170, 199, 87, 147, 27, 38, 37, 70, 55, 151, 177, 85, 138, 49, 149, 143, 69, 101, 153, 20, 139, 180, 124, 160, 76, 157, 127, 192, 3, 162, 105]
[11, 39, 110, 52, 131, 190, 26, 146, 100, 59, 166, 79, 64, 122, 14, 78, 159, 63, 19, 134, 126, 111, 154, 182, 74, 53, 186, 150, 1, 34, 167, 184, 61, 82, 128, 71, 129, 195, 4, 104, 42, 136, 132, 175, 112, 194, 181, 75, 93, 94, 90, 172, 22, 163, 168, 67, 29, 88, 40, 58, 2, 72, 130, 179, 73, 99, 155, 32, 80, 96, 125, 86, 95, 164, 165, 51, 10, 83, 169, 115, 187, 43, 152, 65, 178, 117, 123, 8, 77, 81, 6, 198, 25, 137, 36, 183, 109, 17, 48, 92]
37692

[57, 170, 140, 33, 24, 16, 7, 21, 74, 53, 5, 186, 150, 124, 180, 160, 79, 46, 185, 134, 41, 54, 19, 63, 161, 159, 78, 14, 122, 197, 190, 144, 84, 131, 0, 52, 173, 120, 45, 171, 135, 60, 15, 62, 47, 83, 10, 165, 95, 164, 103, 118, 98, 18, 189, 17, 48, 148, 105, 92, 3, 100, 59, 166, 107, 141, 68, 2, 72, 58, 88, 67, 168, 163, 139, 20, 153, 101, 75, 69, 143, 90, 93, 181, 194, 112, 175, 132, 4, 195, 177, 151, 55, 70, 129, 38, 37, 27, 147, 199]
[152, 43, 187, 50, 193, 115, 121, 169, 51, 86, 125, 96, 80, 32, 44, 196, 91, 9, 174, 191, 13, 35, 56, 73, 99, 155, 179, 130, 188, 40, 29, 1, 34, 22, 172, 149, 94, 136, 42, 104, 85, 138, 49, 167, 184, 61, 82, 71, 87, 97, 113, 102, 89, 142, 145, 128, 133, 182, 154, 111, 126, 119, 156, 106, 108, 76, 157, 127, 192, 64, 30, 66, 176, 12, 26, 39, 146, 162, 11, 110, 114, 116, 158, 23, 31, 28, 109, 183, 36, 123, 137, 25, 198, 6, 81, 77, 8, 117, 178, 65]
39156

[76, 157, 127, 166, 58, 72, 2, 68, 188, 130, 179, 155, 99, 32, 35, 56, 73, 141, 107, 191, 105, 148, 98, 18, 91, 118, 152, 43, 187, 115, 47, 165, 51, 10, 83, 169, 121, 193, 50, 62, 15, 117, 36, 60, 183, 28, 189, 92, 162, 11, 39, 110, 52, 0, 131, 84, 144, 14, 12, 176, 30, 46, 66, 54, 126, 111, 16, 24, 142, 89, 33, 102, 97, 57, 140, 170, 199, 37, 55, 151, 177, 4, 104, 136, 85, 75, 69, 101, 153, 20, 139, 29, 67, 186, 5, 108, 53, 1, 34, 168]
[26, 146, 190, 197, 64, 150, 124, 180, 160, 79, 192, 59, 100, 3, 48, 17, 109, 171, 45, 120, 173, 114, 116, 158, 23, 31, 135, 25, 198, 6, 81, 77, 8, 137, 123, 178, 65, 103, 164, 95, 86, 125, 96, 80, 44, 196, 174, 9, 13, 40, 88, 163, 22, 172, 167, 184, 61, 82, 71, 138, 49, 94, 149, 143, 90, 93, 181, 194, 112, 175, 132, 42, 195, 70, 129, 38, 27, 147, 87, 113, 128, 145, 7, 133, 21, 182, 154, 74, 106, 156, 119, 185, 41, 134, 19, 63, 161, 159, 78, 122]
39957

[124, 180, 1, 34, 67, 29, 88, 40, 166, 162, 92, 105, 148, 98, 18, 91, 9, 174, 107, 141, 130, 179, 155, 96, 103, 165, 152, 65, 118, 189, 48, 17, 109, 28, 11, 146, 192, 127, 150, 186, 53, 5, 156, 46, 30, 66, 14, 84, 52, 116, 114, 0, 144, 159, 19, 63, 54, 119, 154, 182, 7, 145, 142, 102, 97, 87, 113, 128, 61, 82, 70, 37, 55, 151, 177, 195, 4, 104, 42, 136, 85, 112, 132, 175, 194, 181, 93, 94, 49, 184, 167, 172, 22, 149, 90, 75, 69, 101, 163, 168]
[33, 89, 24, 16, 21, 133, 74, 108, 106, 111, 126, 185, 41, 134, 161, 78, 12, 176, 64, 79, 160, 76, 157, 122, 197, 26, 190, 39, 131, 110, 45, 171, 120, 173, 158, 23, 31, 135, 60, 25, 198, 6, 81, 77, 8, 137, 123, 183, 36, 117, 178, 15, 50, 193, 62, 43, 187, 115, 121, 169, 47, 83, 10, 51, 86, 125, 95, 164, 196, 44, 80, 32, 99, 73, 56, 35, 13, 191, 3, 100, 59, 68, 188, 72, 2, 58, 153, 20, 139, 143, 138, 71, 129, 38, 27, 147, 199, 170, 140, 57]
39389

[28, 183, 60, 135, 137, 8, 123, 117, 15, 62, 187, 115, 169, 83, 10, 51, 165, 47, 43, 152, 65, 174, 155, 179, 130, 188, 72, 2, 58, 68, 141, 107, 191, 3, 100, 59, 40, 88, 153, 20, 101, 75, 69, 143, 90, 93, 94, 49, 138, 85, 136, 104, 4, 177, 151, 55, 147, 87, 97, 113, 33, 89, 142, 24, 16, 145, 7, 154, 182, 74, 21, 133, 128, 71, 82, 61, 184, 167, 1, 160, 79, 150, 186, 5, 46, 30, 66, 64, 176, 12, 197, 26, 146, 11, 162, 92, 48, 109, 45, 171]
[122, 190, 144, 84, 131, 39, 110, 52, 0, 114, 116, 120, 173, 158, 23, 31, 25, 198, 6, 81, 77, 36, 17, 189, 18, 98, 9, 91, 118, 178, 50, 193, 121, 95, 86, 125, 164, 103, 96, 80, 196, 44, 32, 99, 73, 56, 35, 13, 148, 105, 192, 127, 166, 157, 76, 29, 67, 34, 168, 139, 163, 22, 172, 149, 181, 194, 112, 175, 132, 42, 195, 70, 129, 38, 37, 27, 199, 170, 140, 57, 102, 180, 124, 53, 108, 106, 156, 119, 111, 126, 185, 134, 41, 54, 19, 63, 161, 159, 78, 14]
38949

[54, 41, 134, 126, 154, 182, 74, 124, 180, 1, 34, 168, 22, 172, 167, 184, 71, 133, 21, 16, 24, 33, 89, 142, 145, 102, 57, 140, 170, 199, 147, 38, 129, 4, 104, 42, 136, 132, 175, 112, 194, 101, 153, 72, 2, 68, 107, 100, 3, 191, 13, 98, 18, 91, 9, 174, 196, 80, 96, 95, 125, 86, 51, 10, 83, 169, 121, 117, 36, 60, 135, 25, 137, 123, 8, 77, 81, 6, 198, 31, 23, 158, 173, 120, 171, 109, 48, 11, 39, 12, 78, 159, 19, 63, 161, 176, 64, 66, 46, 30]
[14, 122, 197, 26, 190, 144, 84, 131, 0, 52, 114, 116, 110, 45, 28, 183, 17, 189, 178, 15, 62, 50, 193, 115, 187, 43, 152, 65, 118, 47, 165, 164, 103, 44, 32, 155, 99, 35, 56, 73, 179, 130, 141, 188, 58, 88, 40, 166, 157, 76, 29, 67, 163, 139, 20, 143, 149, 90, 69, 75, 181, 93, 94, 49, 138, 85, 195, 177, 151, 55, 70, 37, 27, 87, 97, 113, 128, 7, 111, 185, 119, 156, 106, 108, 82, 61, 53, 5, 186, 150, 160, 79, 146, 162, 92, 148, 105, 59, 127, 192]
40579

[29, 67, 34, 1, 180, 124, 150, 186, 156, 66, 176, 64, 157, 166, 40, 58, 68, 141, 100, 3, 174, 35, 56, 80, 96, 44, 196, 118, 65, 152, 43, 47, 103, 164, 165, 95, 125, 86, 51, 10, 83, 169, 121, 115, 187, 193, 50, 81, 6, 198, 25, 135, 60, 183, 28, 120, 173, 78, 159, 161, 63, 19, 54, 41, 134, 185, 126, 16, 24, 33, 57, 140, 170, 199, 97, 113, 128, 133, 21, 74, 106, 108, 5, 53, 61, 82, 71, 129, 138, 85, 49, 184, 167, 149, 172, 22, 163, 20, 139, 168]
[160, 79, 30, 46, 119, 111, 154, 182, 7, 145, 142, 89, 102, 87, 147, 27, 38, 37, 70, 195, 55, 151, 177, 4, 104, 42, 136, 132, 175, 112, 194, 181, 93, 94, 90, 143, 69, 75, 101, 153, 88, 72, 2, 188, 130, 179, 155, 32, 99, 73, 107, 13, 191, 162, 92, 105, 148, 98, 9, 91, 18, 189, 48, 178, 62, 15, 117, 123, 8, 77, 137, 36, 17, 109, 45, 171, 31, 23, 158, 116, 114, 110, 52, 0, 131, 84, 144, 14, 12, 122, 197, 26, 190, 39, 11, 146, 59, 127, 192, 76]
38670

[123, 117, 36, 60, 135, 137, 8, 77, 81, 6, 198, 25, 31, 52, 0, 131, 84, 144, 78, 161, 41, 134, 57, 140, 170, 199, 55, 151, 177, 195, 4, 85, 138, 49, 82, 61, 53, 5, 108, 106, 156, 64, 197, 190, 26, 11, 92, 105, 162, 3, 100, 59, 127, 180, 1, 34, 168, 67, 29, 88, 40, 166, 188, 130, 179, 73, 56, 35, 174, 9, 196, 44, 32, 99, 155, 80, 96, 103, 164, 125, 86, 95, 165, 47, 83, 10, 51, 169, 121, 193, 50, 62, 65, 18, 148, 189, 48, 17, 109, 183]
[20, 139, 163, 22, 172, 167, 184, 94, 90, 149, 143, 69, 75, 101, 153, 58, 72, 2, 68, 141, 107, 191, 13, 98, 91, 118, 152, 43, 115, 187, 15, 178, 28, 171, 45, 120, 173, 23, 158, 116, 114, 110, 39, 146, 192, 157, 76, 79, 160, 124, 150, 186, 30, 46, 119, 66, 176, 12, 122, 14, 159, 19, 63, 54, 185, 126, 111, 74, 182, 154, 7, 21, 133, 71, 129, 128, 145, 16, 24, 142, 89, 33, 102, 113, 97, 87, 147, 27, 38, 37, 70, 104, 42, 136, 132, 175, 112, 194, 181, 93]
40329

[43, 62, 178, 15, 117, 123, 36, 183, 28, 11, 39, 131, 84, 190, 26, 197, 122, 14, 161, 54, 41, 134, 185, 126, 119, 111, 154, 182, 7, 21, 133, 53, 167, 184, 61, 82, 128, 145, 102, 113, 97, 57, 140, 170, 199, 87, 147, 27, 38, 129, 70, 37, 55, 151, 177, 195, 4, 85, 138, 49, 94, 90, 143, 69, 75, 101, 168, 29, 67, 34, 1, 180, 124, 5, 186, 150, 146, 100, 3, 162, 92, 105, 35, 99, 155, 32, 118, 18, 189, 65, 152, 47, 95, 125, 86, 51, 10, 169, 115, 187]
[103, 164, 165, 83, 121, 193, 50, 137, 8, 77, 81, 6, 198, 25, 60, 135, 31, 23, 109, 17, 48, 171, 45, 120, 173, 158, 110, 116, 114, 52, 0, 144, 78, 159, 19, 63, 66, 30, 46, 156, 106, 108, 74, 16, 24, 33, 89, 142, 71, 104, 42, 136, 132, 175, 112, 194, 181, 93, 149, 172, 22, 163, 139, 20, 153, 88, 72, 2, 58, 40, 166, 157, 76, 160, 79, 64, 176, 12, 192, 127, 59, 107, 141, 68, 188, 130, 179, 73, 56, 13, 191, 148, 98, 91, 9, 174, 196, 44, 80, 96]
38514

[192, 127, 157, 76, 166, 59, 100, 3, 191, 98, 18, 189, 65, 118, 91, 9, 174, 196, 35, 56, 73, 130, 179, 155, 80, 96, 164, 95, 125, 86, 165, 47, 115, 15, 36, 11, 146, 39, 131, 116, 114, 52, 0, 84, 144, 78, 161, 54, 41, 134, 185, 126, 119, 46, 30, 156, 150, 124, 186, 5, 74, 111, 154, 16, 24, 142, 89, 33, 102, 113, 97, 57, 140, 170, 199, 87, 147, 27, 38, 37, 55, 151, 177, 195, 70, 129, 71, 138, 85, 49, 172, 22, 163, 139, 168, 34, 1, 180, 67, 29]
[82, 61, 133, 21, 182, 7, 145, 128, 4, 104, 42, 136, 132, 175, 112, 194, 181, 93, 94, 90, 149, 143, 69, 75, 101, 20, 153, 88, 58, 2, 72, 188, 68, 141, 99, 32, 44, 103, 51, 10, 83, 169, 121, 193, 50, 62, 187, 43, 152, 178, 117, 123, 137, 8, 77, 81, 6, 198, 25, 60, 135, 31, 23, 158, 110, 173, 120, 45, 171, 183, 28, 109, 17, 48, 162, 92, 105, 148, 13, 107, 40, 160, 79, 64, 176, 12, 197, 26, 190, 122, 14, 159, 19, 63, 66, 106, 108, 53, 167, 184]
39614

[111, 119, 161, 159, 197, 190, 26, 100, 3, 146, 39, 0, 52, 114, 116, 110, 120, 173, 158, 23, 31, 198, 6, 81, 77, 8, 137, 183, 28, 109, 17, 48, 189, 36, 117, 178, 152, 65, 118, 96, 80, 179, 130, 188, 72, 2, 58, 153, 101, 69, 75, 93, 94, 181, 194, 112, 175, 132, 136, 42, 104, 4, 85, 138, 70, 195, 177, 151, 55, 147, 87, 199, 97, 113, 102, 145, 7, 21, 133, 128, 38, 129, 49, 184, 61, 53, 186, 150, 124, 180, 1, 34, 160, 79, 64, 66, 30, 46, 156, 106]
[44, 196, 91, 18, 47, 83, 165, 103, 164, 125, 86, 95, 10, 51, 169, 121, 115, 43, 187, 193, 50, 62, 15, 123, 25, 135, 60, 171, 45, 92, 162, 11, 131, 84, 144, 122, 14, 78, 12, 176, 63, 19, 54, 41, 134, 185, 126, 154, 182, 16, 24, 142, 89, 33, 57, 140, 170, 27, 37, 71, 82, 74, 108, 5, 29, 67, 168, 22, 172, 167, 149, 90, 143, 163, 20, 139, 88, 40, 166, 76, 157, 192, 127, 59, 191, 107, 68, 141, 155, 32, 99, 73, 56, 35, 13, 105, 148, 98, 174, 9]
39823

[164, 95, 125, 86, 83, 47, 65, 152, 43, 187, 62, 178, 15, 117, 123, 137, 135, 60, 36, 183, 28, 17, 109, 171, 45, 120, 110, 52, 131, 84, 190, 26, 197, 122, 14, 12, 176, 161, 66, 64, 30, 46, 156, 5, 108, 106, 21, 128, 113, 97, 57, 140, 170, 199, 27, 70, 85, 138, 49, 129, 71, 82, 61, 184, 167, 149, 172, 22, 168, 34, 1, 160, 79, 76, 157, 127, 192, 3, 162, 92, 105, 18, 98, 174, 9, 91, 118, 196, 35, 13, 191, 107, 68, 141, 73, 56, 99, 32, 44, 103]
[139, 20, 153, 101, 69, 75, 181, 194, 112, 175, 132, 136, 42, 104, 4, 94, 93, 90, 143, 163, 88, 40, 58, 2, 72, 188, 130, 179, 155, 80, 96, 165, 10, 51, 169, 121, 115, 193, 50, 8, 77, 81, 6, 198, 25, 31, 23, 158, 173, 116, 114, 0, 144, 78, 159, 19, 63, 54, 41, 134, 185, 126, 119, 111, 154, 182, 7, 145, 16, 24, 142, 89, 33, 102, 87, 147, 55, 151, 177, 195, 37, 38, 133, 74, 53, 186, 150, 124, 180, 67, 29, 166, 59, 100, 146, 39, 11, 48, 189, 148]
38767

[86, 125, 95, 164, 96, 155, 179, 130, 141, 73, 56, 35, 174, 9, 91, 118, 189, 18, 98, 107, 40, 88, 163, 29, 67, 168, 172, 149, 90, 94, 93, 75, 181, 194, 112, 175, 132, 136, 42, 104, 4, 85, 195, 177, 151, 55, 27, 37, 70, 129, 71, 82, 61, 184, 53, 128, 145, 133, 21, 111, 119, 5, 186, 150, 160, 30, 176, 12, 78, 161, 54, 185, 126, 41, 134, 19, 63, 159, 114, 116, 158, 23, 31, 25, 198, 6, 81, 28, 183, 36, 117, 15, 62, 50, 193, 187, 43, 115, 121, 169]
[68, 188, 166, 127, 192, 157, 76, 79, 64, 26, 131, 39, 146, 11, 45, 171, 109, 17, 48, 148, 105, 92, 162, 3, 100, 59, 191, 13, 99, 32, 80, 44, 196, 103, 165, 51, 10, 83, 47, 152, 65, 178, 123, 8, 77, 137, 60, 135, 120, 173, 110, 52, 0, 84, 144, 190, 197, 122, 14, 66, 46, 156, 106, 108, 74, 182, 154, 7, 16, 24, 142, 89, 33, 102, 57, 140, 170, 199, 97, 113, 87, 147, 38, 138, 49, 167, 124, 180, 1, 34, 22, 143, 69, 101, 20, 139, 153, 58, 2, 72]
40101

[35, 56, 73, 32, 80, 44, 196, 118, 65, 152, 43, 62, 15, 178, 36, 25, 135, 60, 183, 28, 109, 17, 48, 189, 18, 98, 13, 191, 3, 146, 11, 120, 173, 158, 116, 114, 110, 52, 0, 131, 84, 144, 14, 78, 12, 176, 66, 119, 111, 16, 24, 33, 89, 7, 106, 150, 79, 160, 1, 34, 167, 184, 49, 138, 70, 27, 113, 97, 57, 140, 170, 199, 87, 147, 55, 151, 177, 195, 4, 104, 42, 136, 94, 75, 101, 153, 20, 139, 163, 168, 88, 58, 2, 72, 188, 130, 179, 141, 68, 107]
[54, 185, 126, 41, 134, 19, 63, 161, 159, 64, 76, 157, 127, 192, 26, 197, 122, 190, 39, 45, 171, 23, 31, 198, 6, 81, 77, 8, 137, 123, 117, 50, 193, 187, 115, 121, 169, 51, 10, 83, 47, 165, 95, 86, 125, 164, 103, 96, 155, 99, 174, 9, 91, 148, 105, 92, 162, 100, 59, 166, 40, 29, 67, 22, 172, 143, 69, 149, 90, 93, 181, 194, 175, 132, 112, 85, 61, 82, 71, 129, 37, 38, 128, 102, 142, 145, 133, 21, 182, 154, 74, 53, 180, 124, 186, 5, 108, 156, 46, 30]
38303

[35, 174, 9, 91, 65, 47, 83, 10, 51, 169, 121, 62, 117, 123, 137, 8, 77, 81, 6, 198, 25, 60, 183, 28, 109, 17, 48, 3, 100, 59, 107, 141, 68, 40, 29, 1, 180, 124, 160, 79, 150, 186, 64, 14, 122, 197, 39, 45, 171, 120, 173, 116, 114, 52, 0, 84, 144, 19, 63, 54, 46, 156, 5, 108, 106, 119, 185, 41, 134, 126, 111, 74, 133, 71, 138, 195, 177, 151, 4, 104, 136, 85, 94, 93, 75, 69, 163, 88, 58, 2, 72, 188, 130, 179, 155, 99, 32, 44, 73, 56]
[61, 53, 30, 66, 176, 12, 78, 159, 161, 154, 182, 7, 21, 128, 145, 16, 24, 142, 89, 33, 102, 113, 97, 57, 140, 170, 199, 87, 147, 27, 38, 129, 70, 37, 55, 42, 132, 175, 112, 194, 181, 90, 149, 143, 101, 153, 20, 139, 166, 127, 192, 146, 11, 162, 92, 105, 148, 98, 191, 13, 196, 80, 96, 164, 125, 86, 95, 165, 103, 118, 18, 189, 178, 152, 43, 187, 115, 193, 50, 15, 36, 135, 31, 23, 158, 110, 131, 190, 26, 157, 76, 67, 168, 34, 22, 172, 167, 184, 49, 82]
40291

[143, 101, 20, 153, 29, 166, 40, 58, 2, 72, 188, 68, 141, 73, 56, 35, 44, 196, 118, 18, 98, 91, 9, 174, 13, 107, 191, 92, 105, 148, 189, 48, 17, 109, 28, 183, 36, 137, 8, 77, 81, 6, 198, 25, 120, 39, 190, 12, 78, 176, 66, 30, 46, 156, 119, 161, 159, 63, 19, 134, 126, 7, 16, 24, 89, 33, 57, 140, 170, 199, 147, 27, 70, 129, 71, 82, 61, 184, 5, 186, 150, 79, 160, 180, 1, 34, 22, 172, 167, 49, 138, 195, 85, 94, 93, 181, 75, 69, 90, 149]
[175, 132, 42, 151, 87, 97, 113, 102, 142, 145, 182, 154, 108, 106, 111, 185, 41, 54, 64, 76, 157, 192, 127, 59, 100, 3, 162, 171, 45, 11, 146, 26, 197, 122, 14, 144, 84, 131, 0, 52, 114, 116, 110, 173, 158, 23, 31, 135, 60, 123, 117, 15, 50, 193, 62, 178, 65, 152, 43, 187, 115, 121, 169, 51, 10, 83, 47, 165, 86, 125, 95, 164, 103, 96, 80, 32, 99, 155, 179, 130, 88, 139, 163, 168, 67, 124, 53, 74, 21, 133, 128, 38, 37, 55, 177, 4, 104, 136, 194, 112]
38987

[191, 13, 3, 100, 192, 127, 166, 59, 107, 35, 56, 73, 99, 155, 179, 130, 188, 141, 68, 2, 72, 58, 40, 88, 69, 75, 93, 94, 90, 149, 167, 184, 49, 195, 177, 37, 38, 27, 147, 87, 97, 113, 128, 145, 102, 33, 89, 142, 24, 16, 7, 74, 53, 108, 106, 119, 185, 41, 134, 19, 63, 66, 30, 46, 156, 5, 186, 150, 64, 176, 12, 122, 197, 26, 190, 84, 131, 0, 52, 114, 116, 173, 120, 45, 48, 17, 109, 28, 183, 36, 178, 15, 62, 152, 118, 18, 189, 148, 105, 92]
[39, 146, 162, 65, 43, 187, 50, 193, 115, 121, 169, 51, 10, 83, 47, 165, 95, 86, 125, 164, 103, 96, 80, 32, 44, 196, 174, 9, 91, 98, 157, 76, 79, 160, 124, 180, 1, 34, 67, 29, 168, 163, 139, 20, 153, 101, 143, 22, 172, 61, 82, 71, 129, 70, 138, 85, 181, 194, 112, 175, 132, 136, 42, 104, 4, 151, 55, 199, 170, 140, 57, 133, 21, 182, 154, 111, 126, 54, 161, 159, 78, 14, 144, 110, 158, 23, 31, 135, 25, 198, 6, 81, 77, 8, 117, 123, 137, 60, 171, 11]
38173

[147, 87, 97, 113, 37, 70, 38, 128, 102, 145, 154, 126, 134, 41, 119, 5, 186, 79, 64, 176, 159, 78, 12, 14, 122, 197, 144, 84, 0, 52, 114, 116, 110, 39, 146, 11, 45, 171, 120, 173, 198, 6, 81, 77, 183, 28, 109, 17, 48, 189, 178, 62, 50, 193, 121, 115, 187, 47, 165, 95, 86, 125, 164, 103, 96, 80, 155, 99, 73, 107, 191, 13, 98, 18, 148, 105, 92, 162, 3, 100, 59, 166, 29, 67, 168, 88, 153, 20, 139, 163, 22, 149, 90, 93, 94, 85, 195, 55, 151, 177]
[82, 61, 71, 129, 27, 199, 170, 140, 57, 33, 89, 142, 24, 16, 7, 21, 133, 74, 182, 111, 185, 54, 19, 63, 161, 66, 30, 46, 156, 106, 108, 53, 150, 160, 76, 157, 127, 192, 26, 190, 131, 158, 23, 31, 25, 8, 123, 137, 135, 60, 36, 117, 15, 43, 169, 51, 10, 83, 152, 65, 118, 91, 9, 174, 196, 44, 32, 35, 56, 179, 130, 141, 68, 188, 72, 2, 58, 40, 124, 180, 1, 34, 172, 143, 101, 69, 75, 181, 194, 112, 175, 132, 136, 42, 104, 4, 138, 49, 167, 184]
37206

[12, 176, 66, 54, 19, 63, 161, 159, 78, 14, 122, 197, 26, 190, 144, 84, 131, 0, 52, 114, 116, 110, 173, 158, 23, 135, 60, 25, 77, 81, 8, 15, 62, 169, 51, 10, 83, 47, 165, 95, 86, 125, 164, 103, 96, 80, 155, 32, 44, 196, 98, 18, 65, 152, 178, 36, 183, 28, 11, 39, 146, 100, 3, 162, 92, 105, 13, 56, 73, 141, 68, 166, 157, 76, 160, 29, 67, 139, 20, 163, 172, 167, 184, 61, 71, 49, 138, 129, 38, 27, 87, 97, 113, 102, 7, 154, 126, 185, 41, 134]
[37, 70, 85, 94, 93, 90, 149, 143, 22, 168, 34, 1, 180, 124, 150, 186, 5, 156, 106, 108, 53, 82, 128, 145, 142, 89, 33, 24, 16, 21, 133, 74, 182, 111, 119, 46, 30, 64, 79, 192, 127, 59, 107, 191, 148, 189, 48, 17, 109, 171, 45, 120, 31, 6, 198, 137, 123, 117, 50, 193, 121, 115, 187, 43, 118, 91, 9, 174, 35, 99, 179, 130, 188, 72, 2, 58, 40, 88, 153, 101, 69, 75, 181, 194, 112, 175, 132, 136, 42, 104, 4, 195, 177, 151, 55, 147, 199, 170, 57, 140]
38094

[120, 116, 114, 131, 39, 11, 45, 171, 135, 25, 198, 6, 81, 77, 8, 137, 123, 36, 183, 28, 109, 17, 48, 189, 148, 105, 162, 3, 100, 59, 26, 190, 197, 122, 14, 12, 78, 159, 176, 66, 30, 46, 156, 108, 5, 53, 186, 150, 124, 61, 133, 128, 145, 142, 89, 33, 57, 140, 170, 199, 55, 151, 104, 42, 136, 132, 175, 112, 194, 181, 101, 143, 22, 168, 29, 157, 192, 127, 166, 40, 68, 141, 107, 191, 13, 98, 118, 164, 95, 125, 86, 51, 10, 83, 47, 152, 65, 178, 15, 117]
[179, 155, 99, 32, 44, 196, 80, 96, 103, 165, 169, 121, 115, 43, 187, 193, 50, 62, 60, 31, 23, 158, 173, 110, 52, 0, 144, 84, 146, 92, 18, 91, 9, 174, 35, 56, 73, 58, 88, 67, 34, 1, 180, 160, 76, 79, 64, 119, 54, 161, 63, 19, 134, 41, 185, 126, 111, 106, 74, 154, 182, 21, 7, 16, 24, 102, 113, 97, 87, 147, 27, 38, 37, 70, 195, 177, 4, 85, 138, 129, 71, 82, 184, 167, 49, 94, 93, 75, 69, 90, 149, 172, 163, 139, 20, 153, 72, 2, 188, 130]
39631

[111, 126, 185, 41, 134, 159, 78, 14, 122, 190, 144, 84, 131, 0, 52, 114, 116, 110, 39, 11, 146, 26, 197, 12, 176, 156, 5, 53, 186, 150, 160, 124, 180, 1, 34, 67, 76, 157, 192, 100, 3, 191, 13, 148, 105, 92, 162, 48, 17, 178, 50, 193, 115, 121, 169, 47, 83, 10, 51, 86, 125, 196, 44, 155, 179, 130, 188, 72, 2, 58, 88, 101, 143, 69, 75, 93, 90, 149, 167, 184, 70, 195, 177, 37, 27, 147, 199, 87, 38, 129, 71, 82, 61, 74, 108, 106, 154, 182, 133, 21]
[123, 117, 15, 62, 187, 43, 152, 65, 165, 95, 164, 103, 96, 80, 32, 99, 73, 141, 68, 166, 40, 29, 168, 139, 153, 20, 163, 22, 172, 49, 138, 85, 94, 181, 194, 112, 175, 132, 136, 42, 104, 4, 151, 55, 113, 97, 170, 140, 57, 102, 128, 145, 142, 89, 33, 24, 16, 7, 46, 30, 119, 54, 19, 63, 161, 66, 64, 79, 127, 59, 107, 56, 35, 174, 9, 98, 18, 91, 118, 189, 109, 171, 45, 120, 173, 158, 23, 31, 198, 6, 81, 77, 8, 137, 25, 135, 60, 36, 183, 28]
39116

[70, 37, 27, 38, 102, 24, 16, 53, 5, 156, 111, 126, 185, 134, 41, 54, 119, 46, 30, 66, 176, 161, 63, 19, 159, 78, 14, 26, 39, 146, 11, 45, 23, 31, 135, 60, 25, 198, 6, 81, 77, 50, 193, 121, 47, 152, 178, 36, 17, 48, 189, 148, 92, 162, 3, 100, 191, 107, 73, 99, 155, 179, 130, 188, 72, 2, 68, 141, 59, 192, 127, 166, 40, 58, 88, 139, 163, 168, 34, 180, 1, 22, 149, 90, 49, 71, 138, 94, 93, 181, 194, 112, 175, 132, 136, 42, 104, 4, 85, 195]
[76, 157, 105, 18, 65, 118, 91, 98, 13, 56, 35, 174, 9, 196, 44, 32, 80, 96, 103, 164, 125, 86, 95, 165, 51, 10, 83, 169, 115, 187, 43, 62, 15, 117, 123, 8, 137, 183, 28, 109, 171, 120, 173, 158, 110, 116, 114, 52, 0, 131, 84, 144, 190, 197, 122, 12, 64, 150, 186, 108, 106, 74, 182, 154, 7, 21, 133, 128, 145, 142, 89, 33, 113, 97, 57, 140, 170, 199, 87, 147, 55, 151, 177, 129, 82, 61, 184, 167, 172, 143, 69, 75, 101, 20, 153, 29, 67, 124, 160, 79]
38588

[138, 85, 136, 4, 151, 177, 195, 70, 37, 27, 87, 97, 113, 38, 129, 71, 184, 61, 82, 133, 21, 74, 53, 150, 160, 124, 180, 1, 34, 29, 40, 68, 107, 100, 59, 166, 127, 192, 26, 197, 122, 190, 84, 110, 158, 173, 120, 171, 45, 11, 162, 92, 105, 148, 189, 48, 17, 109, 28, 183, 36, 25, 198, 6, 15, 50, 193, 115, 187, 62, 43, 152, 65, 118, 91, 9, 174, 35, 56, 73, 99, 155, 179, 130, 141, 188, 72, 2, 58, 88, 153, 101, 69, 75, 93, 90, 149, 143, 22, 172]
[114, 116, 23, 31, 135, 60, 137, 77, 81, 8, 123, 117, 178, 18, 98, 44, 196, 47, 121, 169, 83, 10, 51, 165, 95, 86, 125, 164, 103, 96, 80, 32, 13, 191, 3, 146, 39, 131, 52, 0, 144, 14, 12, 78, 159, 176, 64, 66, 30, 46, 156, 106, 108, 5, 186, 79, 157, 76, 67, 168, 139, 20, 163, 167, 49, 94, 181, 194, 112, 175, 132, 42, 104, 55, 147, 199, 170, 140, 57, 33, 89, 24, 16, 142, 102, 145, 128, 7, 182, 154, 111, 119, 126, 185, 134, 41, 54, 161, 63, 19]
39673

[101, 181, 194, 112, 175, 132, 136, 42, 104, 4, 177, 151, 55, 195, 71, 133, 21, 182, 154, 111, 126, 54, 19, 63, 161, 159, 78, 26, 146, 11, 39, 0, 52, 114, 116, 110, 173, 120, 45, 171, 48, 17, 109, 28, 183, 60, 137, 8, 123, 117, 15, 50, 193, 121, 115, 187, 43, 62, 178, 189, 18, 118, 47, 10, 51, 103, 32, 99, 155, 179, 130, 73, 56, 35, 13, 191, 107, 141, 68, 188, 72, 2, 58, 40, 166, 76, 79, 64, 186, 150, 160, 167, 172, 168, 88, 153, 20, 139, 163, 22]
[113, 102, 57, 140, 170, 199, 97, 87, 147, 27, 38, 37, 70, 129, 138, 85, 94, 93, 90, 75, 69, 143, 149, 49, 184, 61, 82, 74, 53, 108, 106, 156, 5, 124, 180, 1, 34, 67, 29, 157, 192, 127, 59, 100, 3, 162, 92, 105, 148, 98, 91, 9, 174, 196, 44, 80, 96, 125, 86, 95, 164, 165, 83, 169, 152, 65, 36, 77, 81, 6, 198, 25, 135, 31, 23, 158, 131, 84, 144, 190, 197, 122, 14, 12, 176, 66, 30, 46, 119, 185, 41, 134, 7, 128, 145, 16, 24, 142, 89, 33]
37511

[19, 63, 159, 161, 54, 185, 119, 46, 156, 106, 74, 133, 21, 16, 24, 33, 89, 142, 145, 128, 38, 55, 151, 177, 195, 4, 104, 42, 136, 132, 175, 112, 194, 181, 75, 22, 172, 167, 1, 34, 168, 163, 20, 139, 29, 67, 180, 124, 150, 30, 66, 64, 26, 39, 146, 192, 157, 127, 59, 191, 13, 56, 107, 141, 68, 188, 130, 179, 155, 44, 196, 118, 65, 152, 47, 165, 95, 125, 86, 83, 187, 15, 117, 8, 77, 81, 6, 198, 25, 137, 123, 36, 17, 48, 171, 45, 120, 116, 114, 78]
[110, 173, 158, 23, 31, 135, 60, 183, 28, 109, 178, 43, 62, 50, 193, 115, 121, 169, 51, 10, 164, 103, 96, 80, 32, 99, 73, 35, 174, 9, 91, 98, 18, 189, 148, 105, 92, 162, 11, 3, 100, 166, 40, 58, 2, 72, 88, 153, 101, 69, 143, 149, 90, 93, 94, 85, 138, 49, 184, 61, 82, 71, 129, 70, 37, 27, 147, 87, 113, 97, 199, 170, 140, 57, 102, 7, 182, 154, 53, 160, 76, 79, 186, 5, 108, 111, 126, 134, 41, 176, 12, 14, 122, 197, 190, 144, 84, 131, 0, 52]
38866

[103, 164, 95, 125, 86, 165, 51, 10, 83, 47, 65, 189, 48, 17, 109, 45, 171, 28, 183, 36, 123, 137, 8, 77, 81, 6, 198, 25, 60, 135, 31, 23, 158, 173, 120, 110, 116, 114, 52, 0, 131, 84, 144, 190, 78, 161, 119, 156, 106, 108, 74, 21, 133, 61, 82, 71, 129, 113, 97, 27, 38, 37, 55, 177, 195, 70, 138, 85, 94, 93, 132, 175, 112, 194, 181, 75, 101, 20, 153, 29, 166, 127, 59, 107, 68, 2, 72, 188, 130, 179, 73, 56, 35, 99, 155, 32, 44, 196, 80, 96]
[40, 88, 139, 163, 22, 172, 168, 67, 34, 1, 180, 124, 160, 76, 157, 192, 79, 150, 64, 12, 176, 66, 30, 46, 186, 5, 53, 184, 49, 167, 149, 143, 69, 90, 136, 42, 104, 4, 151, 147, 87, 199, 170, 140, 57, 102, 128, 145, 142, 89, 33, 24, 16, 7, 182, 154, 111, 126, 185, 134, 41, 54, 63, 19, 159, 14, 122, 197, 26, 39, 146, 11, 92, 148, 105, 162, 3, 100, 191, 13, 98, 18, 178, 117, 15, 50, 193, 121, 169, 115, 187, 62, 43, 152, 118, 91, 9, 174, 141, 58]
37913

[9, 196, 179, 130, 188, 72, 2, 58, 40, 166, 157, 76, 79, 160, 74, 21, 133, 145, 128, 71, 82, 61, 168, 139, 163, 22, 172, 149, 138, 85, 104, 4, 177, 195, 70, 129, 38, 27, 87, 97, 113, 102, 142, 16, 7, 182, 154, 111, 126, 185, 119, 54, 41, 134, 19, 63, 161, 159, 78, 14, 122, 197, 190, 26, 12, 176, 66, 64, 192, 127, 59, 146, 39, 110, 52, 0, 114, 116, 158, 173, 120, 171, 23, 31, 36, 117, 15, 62, 187, 115, 43, 152, 65, 178, 109, 17, 48, 189, 118, 91]
[150, 186, 156, 46, 30, 144, 84, 131, 11, 45, 28, 183, 60, 135, 137, 25, 198, 6, 81, 77, 8, 123, 50, 193, 121, 169, 51, 10, 83, 47, 165, 86, 125, 95, 164, 103, 96, 80, 44, 32, 155, 99, 73, 56, 35, 174, 98, 18, 148, 105, 92, 162, 3, 100, 191, 13, 107, 141, 68, 88, 29, 67, 34, 1, 180, 124, 167, 184, 49, 94, 93, 90, 143, 20, 153, 101, 69, 75, 181, 194, 112, 175, 132, 136, 42, 151, 55, 37, 147, 199, 170, 140, 57, 33, 89, 24, 106, 108, 5, 53]
39020

[45, 28, 183, 109, 17, 48, 11, 39, 146, 92, 162, 3, 100, 59, 127, 192, 26, 131, 114, 116, 158, 23, 31, 60, 137, 77, 8, 123, 117, 15, 62, 50, 193, 169, 83, 47, 65, 118, 196, 44, 80, 32, 99, 73, 56, 35, 13, 191, 107, 141, 68, 2, 72, 58, 40, 88, 139, 20, 163, 168, 67, 29, 166, 157, 76, 124, 180, 1, 34, 22, 172, 149, 90, 181, 194, 112, 175, 132, 195, 147, 199, 170, 140, 57, 145, 128, 133, 21, 7, 154, 182, 74, 108, 106, 111, 134, 41, 30, 79, 64]
[121, 115, 187, 43, 178, 36, 81, 6, 198, 25, 135, 171, 120, 173, 110, 52, 0, 84, 144, 190, 197, 122, 14, 12, 78, 159, 19, 63, 161, 176, 66, 54, 185, 126, 119, 46, 156, 186, 150, 160, 5, 53, 61, 82, 71, 129, 70, 37, 38, 113, 102, 142, 16, 24, 89, 33, 97, 87, 27, 55, 151, 177, 4, 104, 42, 136, 85, 138, 49, 184, 167, 94, 93, 75, 69, 143, 101, 153, 188, 130, 179, 155, 96, 95, 125, 86, 51, 10, 165, 164, 103, 174, 9, 91, 18, 98, 105, 148, 189, 152]
40188

[139, 153, 20, 67, 150, 186, 53, 74, 82, 61, 184, 49, 138, 85, 112, 175, 132, 136, 42, 104, 151, 147, 87, 97, 113, 7, 182, 154, 106, 156, 119, 111, 126, 185, 134, 41, 54, 19, 63, 161, 159, 78, 64, 79, 160, 29, 88, 58, 68, 73, 56, 32, 80, 96, 103, 47, 83, 10, 51, 169, 121, 115, 187, 62, 193, 50, 15, 117, 123, 8, 137, 60, 135, 23, 173, 120, 110, 0, 144, 14, 122, 84, 45, 171, 109, 28, 183, 178, 43, 152, 65, 48, 11, 162, 3, 100, 191, 13, 107, 40]
[6, 198, 25, 31, 158, 116, 114, 52, 131, 39, 146, 26, 190, 197, 12, 176, 66, 30, 46, 5, 108, 133, 21, 16, 24, 142, 89, 33, 140, 199, 170, 57, 102, 145, 128, 71, 129, 38, 27, 37, 70, 55, 177, 195, 4, 194, 181, 75, 69, 143, 101, 163, 22, 172, 149, 90, 93, 94, 167, 168, 34, 1, 180, 124, 76, 157, 166, 127, 192, 59, 92, 105, 148, 98, 9, 174, 35, 141, 2, 72, 188, 130, 179, 155, 99, 44, 196, 164, 125, 86, 95, 165, 118, 91, 18, 189, 17, 36, 81, 77]
42063

[140, 57, 170, 199, 87, 147, 55, 151, 177, 195, 129, 71, 82, 74, 108, 5, 53, 186, 150, 160, 124, 180, 1, 34, 67, 168, 172, 149, 90, 69, 143, 22, 163, 139, 88, 40, 166, 157, 192, 127, 59, 107, 58, 2, 72, 188, 68, 141, 155, 96, 125, 86, 95, 51, 10, 83, 169, 178, 123, 6, 198, 25, 60, 135, 31, 23, 158, 116, 114, 84, 144, 159, 78, 12, 176, 30, 66, 161, 63, 19, 54, 41, 134, 185, 126, 111, 119, 46, 156, 106, 154, 182, 7, 16, 142, 102, 145, 128, 97, 113]
[73, 56, 35, 196, 44, 80, 32, 99, 179, 130, 153, 20, 101, 75, 181, 194, 112, 175, 132, 136, 42, 104, 4, 85, 138, 70, 37, 27, 38, 33, 89, 24, 21, 133, 61, 49, 94, 93, 184, 167, 29, 76, 79, 64, 14, 122, 197, 26, 190, 39, 146, 100, 3, 162, 92, 105, 148, 191, 13, 98, 174, 9, 91, 18, 189, 17, 109, 48, 11, 131, 0, 52, 110, 173, 120, 45, 171, 28, 183, 36, 137, 77, 81, 8, 117, 15, 62, 50, 193, 121, 115, 187, 43, 152, 65, 47, 165, 164, 103, 118]
39698

[22, 172, 143, 149, 90, 93, 94, 85, 4, 138, 71, 82, 113, 97, 102, 145, 128, 133, 21, 7, 154, 182, 74, 106, 108, 5, 53, 186, 150, 124, 180, 1, 29, 88, 40, 166, 127, 192, 59, 100, 3, 191, 13, 9, 174, 35, 56, 107, 68, 2, 72, 188, 141, 155, 164, 165, 95, 125, 86, 51, 10, 83, 47, 169, 193, 50, 31, 23, 158, 116, 114, 110, 52, 0, 144, 84, 131, 39, 11, 162, 146, 26, 190, 197, 122, 14, 12, 78, 159, 176, 66, 185, 126, 119, 46, 30, 64, 79, 76, 157]
[184, 49, 61, 16, 24, 142, 89, 33, 57, 140, 170, 199, 87, 147, 27, 37, 38, 129, 70, 195, 55, 151, 177, 104, 42, 136, 132, 175, 112, 194, 181, 75, 69, 101, 163, 139, 20, 153, 58, 130, 179, 96, 103, 118, 65, 152, 43, 187, 115, 121, 62, 15, 117, 178, 189, 18, 98, 91, 196, 44, 80, 32, 99, 73, 148, 105, 92, 48, 17, 109, 28, 183, 36, 123, 137, 8, 77, 81, 6, 198, 25, 135, 60, 171, 45, 120, 173, 161, 63, 19, 54, 41, 134, 111, 156, 160, 67, 168, 34, 167]
39751

[40, 58, 188, 130, 179, 155, 44, 196, 118, 98, 148, 189, 48, 17, 109, 178, 15, 62, 43, 152, 65, 103, 164, 165, 95, 125, 86, 51, 10, 83, 47, 169, 121, 115, 187, 193, 50, 117, 123, 8, 81, 77, 171, 45, 120, 11, 162, 92, 105, 191, 3, 100, 59, 26, 197, 12, 176, 30, 46, 119, 54, 19, 134, 41, 185, 126, 111, 154, 24, 33, 89, 142, 21, 133, 74, 53, 5, 124, 180, 1, 34, 67, 168, 22, 172, 143, 69, 75, 101, 153, 20, 139, 163, 29, 160, 76, 157, 166, 127, 192]
[144, 190, 146, 39, 131, 84, 0, 52, 114, 116, 110, 173, 158, 23, 31, 135, 60, 25, 198, 6, 137, 36, 183, 28, 18, 91, 9, 174, 13, 35, 56, 32, 80, 96, 99, 73, 107, 141, 68, 2, 72, 88, 149, 90, 93, 94, 49, 167, 184, 61, 82, 71, 129, 38, 27, 37, 70, 138, 85, 181, 194, 112, 175, 132, 136, 42, 104, 4, 195, 177, 151, 55, 147, 87, 199, 170, 140, 57, 97, 113, 128, 145, 102, 16, 7, 182, 106, 108, 156, 186, 150, 79, 64, 66, 161, 63, 159, 78, 122, 14]
38597

[82, 53, 150, 79, 64, 186, 5, 108, 106, 74, 7, 142, 89, 24, 16, 182, 154, 111, 119, 126, 185, 134, 41, 54, 159, 78, 122, 197, 26, 190, 0, 52, 114, 116, 39, 11, 48, 17, 109, 171, 45, 120, 173, 23, 135, 60, 15, 62, 50, 193, 187, 43, 115, 121, 169, 165, 164, 103, 80, 32, 44, 196, 118, 91, 18, 98, 148, 105, 100, 59, 40, 88, 139, 20, 153, 101, 143, 69, 75, 181, 194, 175, 132, 112, 94, 93, 90, 168, 67, 34, 1, 167, 49, 138, 85, 195, 177, 70, 129, 71]
[184, 180, 124, 160, 156, 46, 30, 66, 63, 19, 161, 176, 12, 14, 144, 84, 131, 110, 158, 31, 25, 198, 6, 81, 77, 8, 137, 123, 117, 178, 36, 183, 28, 189, 65, 152, 47, 83, 10, 51, 95, 86, 125, 96, 155, 99, 73, 56, 35, 174, 9, 13, 191, 92, 162, 146, 3, 107, 68, 141, 179, 130, 188, 72, 2, 58, 166, 127, 192, 157, 76, 29, 163, 22, 172, 149, 136, 42, 104, 4, 151, 55, 37, 38, 27, 147, 87, 113, 97, 199, 170, 140, 57, 33, 102, 145, 128, 21, 133, 61]
39926

[142, 145, 128, 133, 21, 182, 154, 126, 134, 41, 185, 119, 156, 46, 30, 66, 176, 12, 146, 11, 48, 171, 45, 120, 173, 23, 135, 60, 123, 117, 50, 62, 15, 178, 152, 43, 187, 115, 193, 121, 169, 47, 83, 10, 51, 86, 125, 95, 165, 164, 103, 96, 107, 68, 188, 72, 2, 58, 40, 166, 59, 127, 192, 157, 160, 53, 74, 61, 82, 71, 138, 49, 184, 167, 172, 168, 22, 143, 149, 90, 69, 75, 181, 194, 112, 175, 132, 136, 42, 104, 4, 151, 199, 170, 140, 57, 97, 113, 33, 89]
[85, 94, 93, 101, 163, 139, 20, 153, 88, 29, 67, 34, 1, 180, 124, 150, 186, 5, 108, 106, 64, 79, 76, 26, 190, 131, 39, 162, 3, 100, 191, 13, 35, 56, 73, 141, 130, 179, 155, 99, 32, 80, 44, 196, 118, 65, 18, 91, 9, 174, 98, 105, 92, 148, 189, 17, 109, 28, 183, 36, 137, 8, 77, 81, 6, 198, 25, 31, 158, 116, 114, 110, 52, 0, 84, 144, 197, 122, 14, 78, 159, 161, 63, 19, 54, 111, 7, 16, 24, 102, 87, 147, 27, 38, 129, 37, 55, 177, 195, 70]
38211

[70, 129, 71, 49, 138, 85, 4, 104, 42, 136, 132, 175, 112, 194, 181, 69, 101, 143, 22, 172, 53, 156, 119, 46, 30, 66, 176, 64, 79, 160, 180, 1, 34, 168, 67, 29, 76, 157, 127, 59, 107, 141, 68, 188, 130, 179, 155, 99, 32, 80, 44, 196, 103, 165, 10, 83, 47, 62, 15, 117, 178, 91, 13, 191, 100, 3, 162, 48, 17, 109, 28, 183, 60, 135, 23, 158, 116, 114, 0, 144, 14, 78, 159, 63, 19, 134, 41, 126, 21, 133, 7, 16, 24, 102, 38, 37, 195, 177, 55, 151]
[186, 5, 108, 106, 74, 128, 113, 97, 27, 147, 87, 199, 170, 140, 57, 33, 89, 142, 145, 182, 154, 111, 185, 54, 161, 12, 122, 197, 190, 84, 52, 110, 131, 39, 45, 171, 120, 173, 31, 25, 198, 6, 81, 77, 8, 137, 123, 36, 189, 18, 118, 65, 152, 43, 187, 50, 193, 115, 121, 169, 51, 86, 125, 95, 164, 96, 73, 56, 35, 174, 9, 98, 148, 105, 92, 11, 146, 26, 192, 166, 40, 58, 2, 72, 88, 153, 20, 139, 163, 149, 90, 75, 93, 94, 82, 61, 184, 167, 124, 150]
39346

[59, 127, 192, 157, 76, 160, 124, 180, 1, 34, 22, 143, 101, 69, 75, 93, 181, 194, 112, 175, 132, 136, 42, 104, 4, 195, 177, 151, 55, 37, 70, 71, 129, 38, 27, 147, 87, 199, 170, 140, 57, 97, 113, 33, 89, 24, 142, 102, 145, 128, 133, 21, 182, 154, 106, 156, 46, 30, 66, 63, 19, 159, 78, 176, 64, 79, 146, 11, 45, 171, 120, 173, 110, 52, 0, 114, 116, 158, 23, 31, 135, 60, 25, 137, 36, 117, 15, 62, 115, 121, 169, 51, 10, 83, 47, 96, 80, 155, 107, 191]
[56, 35, 13, 174, 9, 91, 98, 18, 189, 48, 148, 105, 92, 162, 3, 100, 68, 141, 179, 130, 188, 72, 2, 58, 166, 40, 88, 153, 20, 139, 163, 29, 67, 168, 172, 149, 90, 94, 85, 138, 49, 167, 184, 61, 82, 53, 150, 186, 5, 108, 74, 7, 16, 111, 119, 126, 185, 134, 41, 54, 161, 12, 14, 122, 197, 26, 190, 144, 84, 131, 39, 17, 109, 28, 183, 198, 6, 81, 77, 8, 123, 50, 193, 187, 43, 178, 152, 65, 118, 165, 86, 125, 95, 164, 103, 196, 44, 32, 99, 73]
36494

[134, 41, 119, 111, 74, 133, 128, 145, 102, 142, 89, 33, 113, 97, 87, 27, 38, 129, 70, 37, 55, 151, 177, 132, 175, 112, 194, 181, 93, 90, 143, 22, 172, 149, 167, 184, 82, 61, 124, 180, 1, 34, 168, 88, 58, 2, 72, 188, 141, 130, 179, 155, 99, 80, 96, 125, 86, 95, 165, 164, 103, 174, 9, 91, 118, 65, 152, 43, 187, 193, 50, 15, 117, 123, 8, 77, 81, 6, 198, 36, 18, 98, 68, 40, 160, 150, 53, 186, 64, 192, 127, 59, 146, 39, 131, 190, 122, 14, 161, 54]
[23, 158, 31, 25, 137, 135, 60, 183, 28, 171, 45, 120, 173, 110, 116, 114, 52, 0, 84, 144, 78, 159, 19, 63, 185, 126, 154, 182, 21, 7, 16, 24, 57, 140, 170, 199, 147, 71, 49, 138, 195, 4, 104, 42, 136, 85, 94, 75, 69, 101, 153, 20, 139, 163, 67, 29, 166, 157, 76, 79, 5, 108, 106, 156, 46, 30, 66, 176, 12, 197, 26, 11, 48, 109, 17, 189, 148, 105, 92, 162, 3, 100, 191, 13, 107, 73, 56, 35, 32, 44, 196, 47, 83, 10, 51, 169, 121, 115, 62, 178]
40824

[162, 148, 18, 118, 65, 152, 178, 36, 60, 25, 198, 6, 81, 77, 117, 15, 50, 62, 43, 187, 115, 193, 121, 169, 51, 10, 83, 47, 165, 86, 125, 95, 164, 103, 96, 44, 196, 174, 35, 13, 191, 100, 59, 166, 40, 88, 29, 160, 124, 180, 1, 34, 184, 167, 172, 149, 90, 181, 194, 112, 175, 132, 136, 42, 104, 4, 151, 147, 87, 27, 129, 71, 82, 61, 53, 108, 156, 5, 186, 150, 79, 64, 66, 30, 46, 119, 185, 41, 134, 19, 63, 161, 159, 78, 14, 122, 197, 190, 26, 3]
[73, 141, 107, 76, 157, 127, 192, 146, 11, 92, 105, 98, 9, 91, 189, 48, 17, 109, 28, 183, 123, 8, 137, 135, 31, 23, 171, 45, 120, 173, 158, 116, 114, 0, 52, 110, 39, 131, 84, 144, 12, 176, 54, 126, 111, 106, 74, 154, 182, 21, 133, 7, 16, 24, 89, 33, 57, 140, 170, 199, 97, 113, 102, 142, 145, 128, 38, 37, 70, 55, 177, 195, 85, 138, 49, 94, 93, 75, 69, 143, 22, 168, 67, 163, 139, 20, 101, 153, 58, 72, 2, 68, 188, 130, 179, 155, 80, 32, 99, 56]
37718

[50, 193, 121, 169, 51, 95, 86, 125, 44, 196, 174, 9, 98, 18, 162, 3, 100, 59, 40, 139, 20, 163, 22, 172, 149, 90, 93, 175, 132, 85, 138, 71, 177, 151, 55, 37, 38, 27, 147, 87, 199, 170, 140, 57, 97, 113, 33, 89, 142, 145, 128, 82, 61, 53, 5, 108, 74, 182, 154, 106, 156, 186, 150, 64, 30, 46, 119, 41, 134, 19, 63, 159, 78, 14, 122, 197, 190, 144, 84, 0, 52, 110, 39, 146, 11, 48, 109, 23, 31, 6, 198, 25, 135, 60, 36, 178, 91, 118, 115, 187]
[160, 124, 180, 1, 34, 167, 184, 49, 94, 181, 194, 112, 136, 42, 104, 4, 195, 70, 129, 102, 24, 16, 7, 21, 133, 111, 126, 185, 54, 161, 66, 176, 12, 26, 131, 114, 116, 158, 173, 120, 171, 45, 92, 105, 148, 189, 17, 28, 183, 137, 8, 77, 81, 123, 117, 15, 62, 43, 152, 65, 47, 83, 10, 165, 164, 103, 96, 80, 32, 155, 99, 56, 35, 13, 191, 107, 73, 179, 130, 188, 141, 68, 2, 72, 58, 88, 153, 101, 75, 69, 143, 168, 67, 29, 166, 127, 192, 157, 76, 79]
39163

[78, 14, 122, 144, 84, 0, 52, 110, 114, 116, 158, 23, 31, 6, 198, 25, 135, 60, 173, 120, 171, 45, 11, 146, 162, 48, 17, 109, 36, 117, 15, 62, 50, 193, 187, 115, 121, 169, 83, 10, 51, 96, 80, 196, 44, 32, 99, 155, 179, 130, 73, 56, 35, 191, 3, 100, 59, 192, 127, 166, 40, 88, 153, 20, 101, 143, 69, 75, 93, 94, 136, 85, 138, 129, 147, 199, 170, 140, 57, 102, 33, 89, 142, 145, 128, 71, 82, 61, 184, 180, 124, 76, 157, 79, 64, 66, 161, 63, 19, 159]
[22, 172, 168, 163, 139, 58, 2, 72, 188, 68, 141, 107, 13, 174, 9, 91, 18, 98, 105, 92, 148, 189, 178, 152, 65, 118, 103, 164, 125, 86, 95, 165, 47, 43, 123, 81, 77, 8, 137, 183, 28, 39, 131, 190, 26, 197, 12, 176, 54, 41, 134, 185, 126, 119, 46, 30, 156, 5, 108, 106, 111, 154, 182, 7, 16, 24, 113, 97, 87, 27, 38, 37, 70, 55, 151, 177, 195, 4, 104, 42, 132, 175, 112, 194, 181, 90, 149, 167, 49, 133, 21, 74, 53, 186, 150, 160, 29, 67, 34, 1]
38874

[167, 149, 93, 94, 85, 132, 175, 112, 194, 181, 153, 88, 40, 58, 2, 72, 188, 130, 179, 141, 68, 107, 35, 44, 196, 103, 164, 165, 95, 125, 86, 51, 10, 83, 169, 121, 115, 152, 65, 178, 189, 18, 118, 91, 9, 174, 98, 148, 105, 92, 162, 100, 59, 192, 146, 11, 120, 45, 171, 109, 28, 60, 135, 137, 123, 8, 77, 81, 6, 198, 25, 31, 23, 158, 173, 116, 114, 84, 144, 122, 14, 78, 161, 54, 66, 30, 46, 154, 182, 7, 16, 24, 89, 33, 97, 87, 128, 133, 74, 53]
[172, 22, 143, 90, 75, 69, 101, 20, 139, 163, 168, 34, 67, 29, 166, 127, 157, 76, 79, 160, 1, 180, 124, 150, 64, 176, 12, 26, 39, 3, 191, 13, 56, 73, 99, 155, 32, 80, 96, 47, 43, 187, 193, 50, 62, 15, 117, 36, 183, 17, 48, 110, 52, 0, 131, 190, 197, 159, 63, 19, 134, 41, 185, 126, 111, 119, 156, 186, 5, 108, 106, 21, 145, 142, 102, 113, 57, 140, 170, 199, 147, 37, 55, 151, 177, 195, 4, 104, 42, 136, 138, 49, 184, 61, 82, 71, 129, 70, 38, 27]
39827

[157, 76, 79, 160, 124, 150, 64, 186, 5, 156, 66, 161, 63, 19, 84, 131, 0, 52, 110, 114, 116, 158, 173, 120, 25, 198, 6, 81, 77, 15, 62, 178, 65, 152, 43, 187, 50, 193, 115, 121, 169, 10, 51, 86, 125, 95, 165, 83, 47, 118, 91, 9, 174, 35, 56, 73, 179, 130, 188, 68, 141, 107, 59, 100, 105, 92, 162, 11, 39, 146, 192, 127, 166, 29, 67, 168, 139, 20, 153, 101, 69, 143, 172, 34, 1, 180, 167, 75, 181, 194, 112, 175, 132, 136, 42, 104, 4, 128, 102, 145]
[18, 98, 189, 48, 17, 109, 28, 183, 36, 117, 123, 8, 137, 60, 135, 31, 23, 171, 45, 148, 13, 191, 3, 26, 190, 144, 197, 122, 14, 12, 78, 159, 176, 30, 46, 119, 54, 41, 134, 185, 126, 111, 154, 7, 133, 21, 182, 106, 108, 53, 74, 61, 82, 71, 129, 70, 37, 38, 27, 97, 113, 142, 16, 24, 89, 33, 57, 140, 170, 199, 87, 147, 55, 151, 177, 195, 85, 138, 49, 184, 94, 93, 90, 149, 22, 163, 88, 40, 58, 2, 72, 155, 99, 32, 44, 196, 80, 96, 103, 164]
40137

[34, 1, 133, 21, 182, 154, 7, 16, 102, 145, 128, 113, 97, 27, 55, 177, 195, 70, 37, 38, 129, 71, 82, 61, 138, 85, 132, 175, 112, 194, 181, 93, 90, 143, 69, 75, 101, 153, 88, 40, 58, 2, 72, 188, 130, 96, 80, 174, 9, 91, 118, 103, 164, 95, 125, 86, 51, 169, 121, 117, 8, 77, 81, 6, 198, 25, 36, 183, 109, 48, 3, 100, 166, 76, 157, 146, 45, 171, 120, 173, 158, 110, 116, 114, 52, 0, 78, 159, 161, 54, 185, 111, 119, 46, 66, 30, 79, 160, 67, 168]
[106, 108, 156, 64, 192, 127, 59, 107, 191, 13, 35, 56, 73, 68, 141, 179, 155, 99, 32, 44, 196, 165, 10, 83, 47, 152, 65, 178, 43, 187, 115, 193, 50, 62, 15, 123, 137, 60, 135, 31, 23, 28, 17, 189, 18, 98, 148, 105, 92, 162, 11, 39, 131, 84, 144, 190, 26, 197, 122, 14, 12, 176, 63, 19, 134, 41, 126, 24, 142, 89, 33, 57, 140, 170, 199, 87, 147, 151, 4, 104, 42, 136, 94, 49, 184, 167, 149, 172, 22, 163, 20, 139, 29, 180, 124, 150, 186, 5, 53, 74]
40114

[68, 141, 130, 179, 80, 96, 164, 165, 51, 10, 83, 169, 115, 187, 62, 43, 152, 65, 178, 15, 117, 81, 77, 135, 171, 45, 120, 173, 39, 190, 26, 12, 176, 64, 66, 30, 46, 156, 106, 7, 128, 145, 16, 24, 142, 89, 33, 102, 113, 97, 57, 140, 170, 199, 87, 147, 70, 138, 85, 195, 177, 55, 151, 4, 104, 42, 136, 132, 175, 112, 194, 181, 75, 69, 22, 172, 167, 184, 61, 1, 34, 168, 29, 166, 59, 191, 3, 100, 146, 11, 162, 92, 105, 98, 9, 174, 13, 35, 56, 73]
[148, 107, 188, 72, 2, 58, 40, 88, 153, 20, 139, 163, 101, 143, 149, 90, 93, 94, 49, 71, 129, 37, 27, 38, 82, 133, 21, 182, 154, 74, 53, 150, 160, 124, 180, 67, 76, 157, 127, 192, 79, 186, 5, 108, 119, 111, 126, 185, 134, 41, 54, 19, 63, 161, 159, 78, 14, 122, 197, 144, 84, 131, 0, 52, 114, 116, 110, 158, 23, 31, 6, 198, 25, 60, 183, 28, 109, 17, 36, 137, 8, 123, 50, 193, 121, 47, 95, 86, 125, 103, 196, 44, 32, 155, 99, 91, 118, 18, 189, 48]
38622

[25, 198, 6, 81, 77, 36, 189, 47, 95, 86, 125, 164, 118, 91, 18, 162, 11, 39, 146, 192, 59, 100, 3, 13, 35, 56, 32, 99, 155, 179, 130, 188, 88, 168, 172, 149, 90, 94, 138, 85, 4, 195, 177, 151, 55, 37, 38, 27, 147, 87, 113, 97, 199, 170, 140, 57, 33, 89, 24, 142, 102, 128, 133, 21, 182, 154, 111, 54, 66, 119, 46, 156, 108, 5, 53, 74, 61, 184, 1, 180, 124, 160, 79, 150, 186, 30, 176, 12, 14, 122, 144, 84, 0, 114, 116, 173, 158, 23, 31, 135]
[139, 20, 163, 22, 143, 101, 69, 75, 93, 181, 194, 112, 175, 132, 136, 42, 104, 70, 129, 71, 82, 49, 167, 34, 67, 29, 76, 157, 40, 166, 127, 64, 106, 7, 145, 16, 126, 185, 41, 134, 19, 63, 161, 159, 78, 197, 26, 190, 131, 52, 110, 120, 45, 171, 48, 17, 109, 28, 183, 60, 137, 8, 123, 117, 15, 178, 65, 152, 43, 187, 62, 50, 193, 115, 121, 169, 83, 10, 51, 165, 103, 96, 80, 44, 196, 174, 9, 98, 148, 105, 92, 191, 107, 73, 141, 68, 2, 72, 58, 153]
39887

[138, 85, 195, 82, 61, 74, 21, 133, 128, 102, 142, 24, 16, 145, 7, 182, 154, 111, 106, 53, 79, 64, 144, 0, 52, 114, 116, 110, 120, 173, 158, 23, 31, 6, 198, 25, 60, 28, 109, 17, 183, 36, 178, 43, 187, 50, 193, 115, 121, 169, 83, 10, 51, 86, 125, 95, 164, 165, 47, 118, 9, 174, 196, 44, 80, 32, 99, 155, 179, 130, 141, 107, 191, 59, 68, 188, 72, 2, 58, 88, 40, 166, 29, 67, 1, 34, 168, 163, 139, 153, 20, 22, 172, 143, 101, 69, 75, 90, 93, 94]
[108, 5, 186, 150, 124, 167, 184, 49, 71, 129, 70, 38, 113, 97, 89, 33, 57, 140, 170, 199, 87, 147, 27, 37, 55, 151, 177, 4, 104, 42, 136, 132, 175, 112, 194, 181, 149, 180, 160, 76, 157, 127, 192, 100, 3, 162, 92, 105, 148, 48, 189, 18, 91, 98, 13, 35, 56, 73, 96, 103, 65, 152, 62, 15, 117, 123, 137, 8, 81, 77, 135, 171, 45, 11, 146, 39, 131, 84, 190, 26, 197, 122, 14, 12, 176, 78, 159, 161, 63, 19, 54, 41, 134, 185, 126, 119, 46, 66, 30, 156]
37496

[84, 0, 52, 114, 116, 158, 135, 25, 60, 183, 28, 109, 17, 178, 62, 187, 115, 121, 169, 83, 10, 51, 165, 86, 125, 95, 164, 103, 73, 188, 58, 40, 88, 139, 163, 22, 172, 149, 143, 69, 90, 93, 94, 85, 104, 42, 177, 151, 55, 195, 37, 27, 147, 199, 140, 170, 87, 38, 70, 129, 82, 61, 133, 182, 154, 111, 126, 119, 46, 156, 106, 108, 5, 53, 184, 49, 167, 1, 34, 168, 67, 29, 166, 59, 100, 3, 191, 13, 189, 48, 171, 45, 120, 110, 131, 190, 26, 197, 122, 144]
[159, 78, 14, 173, 23, 31, 198, 6, 81, 77, 8, 137, 123, 36, 117, 15, 50, 193, 43, 152, 65, 47, 118, 18, 91, 9, 174, 98, 148, 105, 92, 162, 11, 39, 146, 192, 127, 157, 76, 107, 68, 141, 56, 35, 196, 44, 96, 80, 32, 99, 155, 179, 130, 2, 72, 153, 20, 101, 75, 181, 194, 112, 175, 132, 136, 4, 138, 71, 128, 145, 102, 113, 97, 57, 33, 89, 142, 24, 16, 7, 21, 74, 186, 150, 124, 180, 160, 79, 64, 12, 176, 161, 63, 19, 134, 41, 185, 54, 66, 30]
39996

[30, 46, 74, 128, 145, 142, 89, 102, 113, 97, 87, 27, 38, 129, 70, 37, 55, 177, 195, 138, 85, 94, 93, 143, 139, 163, 168, 22, 167, 184, 61, 82, 53, 156, 64, 59, 100, 3, 191, 162, 92, 48, 17, 109, 45, 171, 28, 183, 178, 152, 65, 118, 9, 174, 13, 35, 56, 32, 80, 96, 125, 86, 51, 10, 83, 169, 121, 115, 193, 50, 62, 15, 8, 77, 81, 6, 198, 25, 60, 135, 31, 23, 158, 173, 120, 110, 116, 114, 52, 0, 131, 84, 144, 190, 197, 122, 14, 78, 159, 66]
[147, 199, 170, 140, 57, 33, 24, 16, 7, 21, 133, 71, 49, 90, 149, 172, 1, 180, 124, 34, 67, 29, 166, 127, 192, 157, 76, 79, 160, 150, 186, 5, 108, 106, 182, 154, 111, 119, 126, 185, 134, 41, 54, 19, 63, 161, 176, 12, 26, 39, 146, 11, 105, 148, 98, 91, 18, 189, 36, 137, 123, 117, 187, 43, 47, 165, 95, 164, 103, 196, 44, 155, 99, 73, 107, 68, 141, 179, 130, 188, 72, 2, 58, 40, 88, 153, 20, 101, 69, 75, 181, 194, 112, 175, 132, 136, 42, 104, 4, 151]
37665

[107, 191, 13, 35, 56, 73, 99, 179, 130, 141, 68, 40, 88, 29, 67, 124, 180, 1, 34, 149, 94, 93, 181, 194, 112, 175, 132, 136, 42, 104, 4, 147, 87, 199, 170, 140, 57, 33, 89, 142, 24, 16, 145, 7, 133, 21, 154, 111, 126, 185, 134, 41, 54, 19, 63, 161, 66, 176, 159, 78, 14, 122, 190, 197, 64, 156, 108, 5, 186, 150, 79, 76, 157, 192, 146, 39, 158, 23, 31, 6, 198, 25, 36, 17, 178, 62, 50, 193, 121, 169, 83, 47, 152, 65, 189, 18, 98, 91, 9, 174]
[137, 123, 117, 15, 43, 187, 115, 51, 10, 165, 86, 125, 95, 164, 103, 118, 196, 44, 96, 80, 32, 155, 188, 72, 2, 58, 166, 127, 59, 100, 3, 162, 92, 105, 148, 48, 11, 26, 160, 168, 163, 139, 20, 153, 101, 69, 75, 90, 143, 22, 172, 167, 184, 49, 138, 85, 195, 177, 151, 55, 37, 27, 97, 113, 102, 128, 38, 70, 129, 71, 82, 61, 53, 74, 182, 106, 119, 46, 30, 12, 144, 84, 131, 0, 52, 114, 116, 110, 173, 120, 45, 171, 109, 28, 183, 60, 135, 77, 81, 8]
39103

[72, 58, 166, 29, 67, 34, 168, 163, 139, 20, 153, 101, 167, 49, 194, 112, 175, 132, 4, 195, 37, 70, 129, 38, 27, 147, 87, 199, 170, 140, 57, 102, 7, 182, 154, 119, 54, 46, 156, 106, 108, 5, 53, 186, 124, 160, 150, 64, 176, 159, 78, 12, 14, 122, 39, 146, 11, 110, 52, 0, 114, 116, 158, 23, 31, 135, 60, 25, 77, 8, 123, 117, 178, 15, 50, 193, 62, 43, 152, 65, 118, 91, 9, 174, 98, 18, 92, 162, 3, 100, 107, 56, 73, 99, 32, 155, 179, 141, 68, 2]
[61, 82, 133, 21, 74, 111, 126, 185, 41, 134, 19, 63, 161, 66, 30, 79, 76, 157, 192, 127, 59, 26, 197, 190, 144, 84, 131, 173, 120, 45, 171, 198, 6, 81, 137, 36, 183, 28, 109, 17, 48, 189, 148, 105, 191, 13, 35, 44, 196, 47, 187, 115, 121, 169, 83, 10, 51, 86, 125, 95, 165, 164, 103, 96, 80, 130, 188, 40, 88, 69, 75, 93, 181, 136, 42, 104, 177, 151, 55, 97, 113, 33, 89, 142, 24, 16, 145, 128, 71, 138, 85, 94, 90, 149, 143, 22, 172, 1, 180, 184]
40351

[127, 192, 146, 11, 162, 92, 189, 18, 98, 174, 9, 91, 118, 65, 152, 47, 83, 10, 51, 169, 121, 193, 50, 115, 187, 62, 15, 117, 137, 60, 135, 31, 23, 28, 109, 17, 48, 158, 116, 114, 110, 131, 12, 176, 161, 66, 64, 30, 46, 156, 186, 53, 5, 108, 106, 74, 182, 21, 133, 16, 24, 89, 33, 97, 57, 140, 170, 199, 147, 129, 71, 82, 61, 184, 49, 138, 85, 55, 151, 177, 104, 42, 112, 194, 181, 93, 75, 69, 101, 153, 20, 139, 88, 40, 29, 163, 143, 22, 168, 67]
[39, 173, 120, 45, 171, 183, 36, 25, 198, 6, 81, 77, 8, 123, 178, 43, 165, 86, 125, 95, 164, 103, 96, 80, 44, 196, 148, 105, 3, 100, 59, 191, 13, 107, 35, 56, 73, 99, 32, 155, 179, 130, 141, 68, 188, 72, 2, 58, 166, 157, 76, 79, 150, 160, 124, 180, 1, 34, 167, 172, 149, 90, 94, 175, 132, 136, 4, 195, 70, 37, 38, 27, 87, 113, 128, 145, 102, 142, 7, 154, 111, 119, 126, 185, 134, 41, 54, 63, 19, 159, 78, 144, 0, 52, 84, 190, 26, 197, 122, 14]
39207

[165, 86, 125, 95, 164, 103, 189, 148, 105, 92, 162, 3, 100, 191, 13, 35, 56, 179, 130, 188, 72, 2, 58, 153, 20, 101, 143, 149, 167, 184, 49, 138, 85, 4, 104, 136, 42, 151, 27, 147, 87, 113, 97, 199, 170, 140, 57, 33, 89, 142, 24, 16, 21, 133, 128, 71, 82, 61, 34, 67, 1, 180, 124, 76, 157, 66, 30, 106, 74, 182, 154, 126, 185, 134, 41, 54, 19, 63, 161, 159, 78, 144, 84, 0, 52, 39, 11, 28, 183, 36, 60, 25, 198, 6, 81, 77, 8, 137, 123, 43]
[10, 51, 169, 121, 115, 187, 193, 50, 62, 178, 15, 117, 135, 31, 23, 171, 45, 109, 17, 48, 59, 127, 192, 146, 120, 173, 158, 116, 114, 110, 131, 190, 26, 197, 122, 14, 12, 176, 64, 79, 160, 150, 186, 53, 5, 108, 156, 46, 119, 111, 7, 145, 102, 38, 129, 70, 37, 55, 177, 195, 112, 132, 175, 194, 181, 93, 94, 90, 75, 69, 172, 22, 168, 163, 139, 88, 40, 29, 166, 68, 141, 107, 73, 99, 155, 32, 80, 96, 44, 196, 174, 9, 91, 98, 18, 118, 65, 152, 47, 83]
39463

[91, 35, 56, 73, 13, 26, 157, 76, 79, 160, 124, 150, 53, 108, 106, 74, 182, 21, 133, 128, 82, 61, 71, 129, 70, 38, 97, 57, 140, 170, 199, 147, 27, 37, 4, 104, 42, 136, 85, 172, 22, 163, 139, 20, 153, 58, 2, 72, 188, 130, 179, 155, 32, 80, 96, 103, 164, 165, 95, 125, 86, 51, 10, 169, 121, 193, 50, 81, 6, 198, 25, 60, 135, 31, 23, 158, 173, 110, 116, 114, 52, 0, 131, 11, 120, 45, 171, 48, 17, 109, 28, 183, 178, 15, 62, 187, 115, 43, 152, 65]
[146, 162, 92, 105, 148, 189, 36, 137, 77, 8, 123, 117, 83, 47, 118, 18, 98, 9, 174, 196, 44, 99, 141, 68, 107, 191, 3, 100, 59, 192, 127, 166, 40, 88, 29, 67, 168, 34, 1, 180, 167, 184, 149, 143, 101, 69, 75, 181, 194, 175, 132, 112, 93, 90, 94, 49, 138, 195, 177, 151, 55, 87, 113, 102, 33, 89, 142, 24, 16, 145, 7, 154, 111, 126, 185, 134, 41, 54, 63, 19, 159, 78, 176, 161, 66, 30, 46, 119, 156, 5, 186, 64, 12, 14, 122, 197, 190, 144, 84, 39]
38752

[60, 183, 28, 109, 17, 189, 48, 171, 45, 131, 144, 159, 63, 19, 134, 41, 185, 126, 154, 7, 16, 24, 33, 89, 142, 145, 21, 133, 53, 186, 150, 79, 160, 124, 180, 1, 34, 168, 22, 172, 149, 90, 93, 94, 85, 112, 132, 175, 194, 181, 75, 69, 143, 101, 163, 139, 20, 153, 88, 29, 76, 157, 127, 59, 100, 3, 162, 148, 18, 65, 152, 118, 91, 196, 35, 56, 73, 99, 32, 80, 96, 103, 10, 51, 169, 121, 115, 187, 43, 62, 15, 117, 123, 137, 8, 81, 77, 25, 198, 6]
[106, 156, 5, 108, 74, 182, 111, 119, 46, 30, 66, 54, 161, 176, 64, 12, 78, 14, 122, 197, 190, 84, 0, 52, 114, 116, 110, 120, 173, 158, 23, 31, 135, 36, 178, 50, 193, 47, 83, 165, 95, 86, 125, 164, 44, 155, 179, 130, 188, 68, 141, 107, 191, 13, 174, 9, 98, 105, 92, 11, 146, 39, 26, 192, 166, 2, 72, 58, 40, 67, 167, 184, 61, 82, 71, 129, 38, 128, 102, 113, 97, 57, 140, 170, 199, 87, 147, 27, 37, 70, 49, 138, 136, 42, 104, 4, 195, 55, 151, 177]
38982

[79, 157, 192, 127, 59, 107, 174, 9, 91, 18, 98, 148, 105, 48, 17, 137, 123, 117, 178, 189, 165, 164, 103, 96, 80, 32, 155, 99, 56, 73, 179, 130, 141, 68, 188, 72, 2, 58, 40, 166, 76, 160, 150, 186, 53, 5, 30, 64, 176, 12, 197, 190, 122, 14, 78, 161, 66, 119, 41, 134, 154, 182, 7, 16, 24, 33, 57, 140, 170, 199, 147, 27, 37, 70, 55, 151, 177, 195, 4, 104, 42, 136, 94, 90, 149, 143, 69, 75, 101, 153, 20, 139, 88, 163, 22, 172, 34, 168, 67, 29]
[36, 15, 62, 50, 193, 121, 169, 83, 10, 51, 86, 125, 95, 47, 115, 187, 43, 152, 65, 118, 196, 44, 35, 13, 191, 92, 162, 11, 39, 26, 146, 3, 100, 124, 180, 1, 167, 93, 181, 194, 112, 175, 132, 85, 138, 49, 184, 61, 82, 71, 129, 38, 87, 97, 113, 102, 89, 142, 145, 128, 133, 21, 74, 108, 106, 156, 46, 111, 126, 185, 54, 63, 19, 159, 144, 84, 131, 0, 52, 114, 116, 110, 45, 171, 120, 173, 158, 23, 31, 198, 6, 81, 77, 8, 25, 135, 60, 28, 109, 183]
38868

[8, 77, 81, 6, 198, 25, 137, 123, 50, 193, 121, 169, 83, 10, 51, 165, 47, 115, 187, 43, 62, 36, 183, 28, 109, 17, 48, 189, 18, 98, 191, 59, 192, 100, 3, 162, 11, 39, 26, 197, 122, 14, 12, 78, 159, 176, 64, 30, 46, 119, 156, 5, 108, 106, 74, 21, 133, 128, 145, 102, 113, 82, 61, 184, 53, 186, 150, 160, 124, 180, 1, 167, 49, 138, 85, 136, 42, 132, 175, 112, 194, 181, 75, 101, 163, 139, 20, 153, 88, 68, 188, 130, 179, 155, 32, 44, 196, 118, 152, 65]
[107, 56, 35, 13, 127, 157, 79, 76, 166, 2, 72, 58, 40, 29, 67, 168, 34, 172, 22, 143, 69, 149, 90, 93, 94, 71, 129, 70, 195, 4, 104, 177, 151, 55, 37, 38, 27, 147, 87, 97, 199, 170, 140, 57, 33, 89, 142, 24, 16, 7, 182, 154, 111, 126, 185, 134, 41, 54, 66, 161, 63, 19, 144, 84, 190, 146, 92, 105, 148, 45, 171, 120, 173, 110, 131, 0, 52, 114, 116, 158, 23, 31, 135, 60, 117, 15, 178, 91, 9, 174, 103, 164, 95, 86, 125, 96, 80, 99, 73, 141]
39640

[161, 159, 78, 66, 46, 30, 176, 12, 197, 26, 190, 39, 146, 100, 3, 191, 162, 92, 105, 148, 189, 48, 17, 109, 28, 60, 135, 31, 25, 198, 6, 81, 77, 8, 137, 123, 117, 15, 62, 43, 187, 115, 121, 169, 10, 51, 86, 125, 95, 47, 152, 65, 18, 98, 13, 107, 68, 141, 179, 130, 188, 72, 2, 58, 88, 40, 166, 29, 143, 69, 75, 181, 194, 112, 175, 132, 4, 195, 70, 37, 113, 97, 57, 102, 33, 89, 142, 24, 16, 7, 133, 82, 61, 49, 184, 167, 182, 154, 111, 126]
[85, 136, 42, 104, 177, 151, 55, 147, 199, 140, 170, 87, 27, 38, 129, 71, 138, 90, 149, 172, 22, 168, 34, 1, 180, 124, 150, 186, 53, 128, 145, 21, 74, 106, 108, 5, 156, 119, 185, 134, 41, 54, 63, 19, 14, 122, 144, 84, 131, 0, 52, 114, 116, 110, 158, 23, 173, 120, 11, 45, 171, 183, 36, 178, 50, 193, 83, 165, 164, 103, 118, 91, 9, 174, 35, 56, 44, 196, 96, 80, 32, 155, 99, 73, 59, 127, 192, 157, 76, 64, 79, 160, 67, 163, 139, 20, 153, 101, 93, 94]
39068

[35, 32, 44, 196, 103, 164, 165, 95, 96, 68, 2, 72, 58, 88, 153, 194, 112, 175, 132, 136, 42, 104, 4, 195, 177, 151, 55, 147, 199, 142, 16, 134, 41, 63, 19, 144, 0, 52, 84, 190, 122, 14, 78, 159, 161, 54, 185, 126, 111, 154, 145, 102, 113, 87, 27, 37, 85, 149, 172, 1, 34, 168, 67, 29, 166, 76, 157, 146, 11, 120, 173, 158, 23, 31, 135, 60, 25, 198, 6, 81, 77, 8, 137, 123, 117, 15, 62, 187, 115, 43, 189, 17, 48, 105, 148, 98, 18, 91, 9, 174]
[114, 110, 131, 39, 92, 162, 3, 100, 59, 127, 192, 26, 197, 12, 176, 66, 119, 46, 30, 64, 79, 150, 186, 156, 106, 108, 5, 53, 74, 182, 21, 133, 7, 24, 89, 33, 140, 170, 57, 97, 128, 82, 61, 71, 129, 38, 70, 138, 49, 184, 167, 124, 160, 180, 90, 94, 93, 181, 75, 69, 101, 143, 22, 163, 20, 139, 40, 188, 130, 179, 141, 107, 191, 13, 56, 73, 99, 155, 80, 118, 65, 152, 47, 125, 86, 51, 10, 83, 169, 121, 193, 50, 178, 36, 183, 28, 109, 171, 45, 116]
42151

[69, 75, 181, 194, 112, 175, 132, 136, 42, 104, 4, 113, 102, 128, 71, 49, 184, 167, 168, 34, 1, 150, 186, 53, 74, 133, 21, 182, 154, 111, 126, 185, 134, 41, 54, 19, 63, 161, 159, 14, 122, 197, 190, 144, 84, 131, 0, 52, 114, 116, 31, 25, 77, 8, 137, 123, 117, 36, 183, 28, 109, 17, 48, 148, 189, 178, 15, 62, 115, 121, 169, 83, 10, 51, 165, 164, 47, 118, 91, 18, 98, 9, 174, 13, 56, 35, 196, 44, 80, 32, 155, 99, 73, 107, 141, 68, 166, 40, 88, 101]
[127, 59, 192, 157, 76, 79, 160, 124, 180, 61, 82, 7, 145, 142, 16, 24, 89, 33, 57, 140, 170, 199, 97, 87, 147, 27, 38, 129, 70, 37, 55, 151, 177, 195, 138, 85, 94, 93, 90, 149, 143, 172, 22, 67, 29, 163, 139, 20, 153, 58, 2, 72, 188, 130, 179, 96, 125, 86, 95, 103, 191, 3, 100, 146, 11, 162, 92, 105, 65, 152, 43, 187, 193, 50, 81, 6, 198, 60, 135, 23, 158, 173, 120, 171, 45, 110, 39, 26, 12, 78, 176, 64, 5, 108, 106, 156, 119, 46, 30, 66]
39768

[89, 33, 24, 16, 142, 102, 145, 128, 133, 21, 7, 111, 119, 185, 54, 176, 159, 78, 122, 197, 26, 190, 39, 11, 162, 92, 105, 148, 178, 36, 25, 198, 6, 81, 77, 8, 117, 15, 62, 43, 152, 65, 118, 9, 174, 196, 44, 80, 32, 155, 99, 35, 56, 73, 141, 72, 2, 68, 107, 13, 191, 100, 59, 166, 40, 29, 67, 168, 163, 139, 20, 101, 143, 149, 172, 22, 34, 160, 76, 79, 150, 186, 53, 71, 129, 70, 195, 4, 104, 177, 151, 55, 147, 87, 199, 170, 140, 57, 113, 97]
[85, 136, 42, 37, 27, 38, 82, 61, 184, 167, 1, 180, 124, 5, 108, 156, 106, 74, 182, 154, 126, 41, 134, 19, 63, 161, 66, 46, 30, 64, 12, 14, 144, 84, 131, 0, 52, 114, 116, 110, 146, 192, 157, 127, 3, 98, 91, 18, 189, 48, 17, 109, 28, 183, 171, 45, 120, 173, 158, 23, 31, 135, 60, 137, 123, 50, 193, 187, 115, 121, 169, 51, 10, 83, 47, 165, 95, 86, 125, 164, 103, 96, 179, 130, 188, 58, 88, 153, 69, 75, 181, 194, 112, 175, 132, 93, 90, 94, 49, 138]
38851

[150, 186, 53, 5, 108, 156, 30, 46, 119, 54, 41, 134, 185, 126, 111, 154, 182, 21, 133, 128, 113, 97, 87, 55, 151, 132, 175, 112, 194, 181, 75, 143, 172, 22, 163, 139, 20, 153, 88, 188, 130, 179, 56, 35, 13, 98, 18, 103, 47, 83, 165, 164, 95, 125, 86, 51, 10, 169, 121, 115, 187, 62, 15, 117, 123, 137, 8, 77, 81, 6, 198, 25, 31, 158, 173, 84, 144, 122, 197, 26, 190, 45, 171, 28, 109, 17, 48, 191, 166, 29, 180, 124, 160, 79, 64, 78, 159, 161, 19, 63]
[104, 42, 136, 4, 177, 37, 38, 27, 147, 199, 170, 140, 57, 33, 102, 145, 142, 89, 24, 16, 7, 74, 106, 66, 176, 12, 14, 0, 52, 114, 116, 110, 131, 39, 120, 23, 135, 60, 36, 183, 11, 146, 3, 162, 92, 105, 148, 189, 178, 50, 193, 43, 152, 65, 118, 91, 9, 174, 196, 44, 96, 80, 32, 155, 99, 73, 107, 141, 68, 2, 72, 58, 40, 59, 100, 192, 127, 157, 76, 1, 34, 67, 168, 101, 69, 93, 94, 90, 149, 167, 184, 61, 82, 71, 49, 85, 138, 129, 70, 195]
40257

[30, 66, 64, 79, 150, 74, 154, 182, 21, 133, 16, 142, 128, 71, 49, 94, 90, 149, 143, 22, 168, 67, 29, 40, 166, 127, 192, 12, 176, 78, 14, 122, 144, 0, 52, 114, 116, 110, 39, 146, 11, 3, 162, 92, 105, 148, 189, 48, 17, 109, 28, 183, 171, 45, 120, 173, 158, 23, 135, 60, 36, 117, 15, 62, 115, 83, 10, 51, 165, 164, 103, 96, 80, 196, 44, 32, 99, 155, 179, 130, 188, 141, 68, 2, 72, 58, 88, 153, 101, 69, 75, 93, 181, 194, 112, 175, 132, 136, 42, 138]
[9, 174, 98, 13, 35, 56, 73, 107, 191, 100, 59, 157, 76, 160, 124, 180, 1, 34, 163, 139, 20, 172, 167, 184, 85, 104, 4, 195, 177, 151, 55, 70, 37, 38, 129, 82, 61, 53, 186, 5, 108, 106, 156, 46, 119, 111, 7, 145, 102, 113, 97, 87, 27, 147, 199, 170, 140, 57, 33, 89, 24, 126, 185, 134, 41, 54, 19, 63, 161, 159, 197, 26, 190, 84, 131, 31, 25, 198, 6, 81, 77, 8, 137, 123, 50, 193, 121, 169, 86, 125, 95, 47, 187, 43, 178, 152, 65, 118, 18, 91]
39386

[194, 181, 94, 93, 75, 101, 20, 88, 107, 191, 13, 148, 189, 18, 47, 83, 10, 169, 121, 193, 50, 62, 187, 115, 43, 152, 65, 178, 15, 117, 123, 36, 183, 28, 109, 17, 48, 171, 45, 120, 173, 110, 116, 114, 52, 0, 144, 197, 122, 14, 12, 78, 159, 161, 63, 19, 54, 185, 119, 46, 66, 176, 30, 156, 106, 108, 160, 124, 180, 1, 34, 67, 29, 168, 22, 172, 167, 82, 71, 129, 102, 142, 113, 97, 57, 199, 147, 27, 37, 55, 151, 177, 195, 4, 104, 42, 136, 132, 112, 175]
[100, 3, 146, 39, 26, 190, 84, 131, 158, 23, 31, 198, 6, 81, 77, 8, 137, 25, 135, 60, 11, 162, 92, 105, 98, 174, 9, 91, 118, 165, 51, 86, 125, 95, 164, 103, 96, 80, 196, 44, 32, 155, 99, 35, 56, 73, 179, 130, 188, 141, 68, 59, 127, 192, 64, 79, 76, 157, 166, 40, 58, 2, 72, 153, 139, 163, 143, 69, 90, 149, 184, 49, 138, 85, 70, 38, 87, 170, 140, 33, 89, 24, 16, 145, 128, 133, 21, 7, 182, 154, 126, 134, 41, 111, 74, 61, 53, 5, 186, 150]
39730

[176, 64, 67, 29, 88, 153, 20, 139, 163, 101, 69, 143, 149, 90, 93, 94, 136, 104, 4, 195, 85, 138, 49, 184, 133, 21, 128, 71, 129, 38, 113, 102, 145, 7, 182, 154, 111, 119, 46, 66, 161, 63, 19, 159, 144, 0, 52, 114, 116, 110, 39, 11, 48, 17, 109, 28, 183, 36, 117, 15, 50, 193, 115, 121, 169, 83, 10, 51, 165, 95, 86, 125, 164, 96, 32, 155, 99, 73, 56, 35, 107, 68, 141, 179, 130, 188, 72, 2, 58, 40, 166, 100, 3, 105, 148, 92, 162, 146, 26, 12]
[198, 6, 25, 60, 135, 31, 23, 158, 173, 120, 171, 45, 131, 84, 190, 197, 122, 14, 78, 54, 41, 134, 185, 126, 106, 74, 61, 82, 70, 37, 27, 87, 97, 142, 16, 24, 89, 33, 57, 140, 170, 199, 147, 55, 151, 177, 42, 132, 175, 112, 194, 181, 75, 167, 172, 22, 168, 34, 1, 180, 124, 160, 150, 186, 53, 5, 108, 156, 30, 79, 76, 157, 192, 127, 59, 191, 13, 98, 18, 91, 9, 174, 196, 44, 80, 103, 47, 152, 65, 118, 189, 178, 43, 187, 62, 123, 137, 8, 81, 77]
38509

[198, 25, 31, 135, 60, 137, 123, 28, 109, 17, 18, 118, 91, 35, 56, 13, 191, 3, 100, 59, 166, 157, 127, 192, 26, 190, 146, 39, 131, 116, 114, 159, 161, 63, 19, 54, 185, 119, 46, 30, 156, 74, 128, 102, 113, 97, 87, 147, 27, 38, 70, 129, 71, 138, 195, 177, 4, 104, 42, 136, 132, 175, 112, 194, 181, 93, 75, 69, 101, 22, 1, 180, 34, 168, 67, 40, 58, 188, 141, 130, 179, 73, 99, 155, 32, 44, 80, 96, 165, 10, 83, 47, 115, 121, 193, 50, 8, 77, 81, 6]
[139, 153, 20, 163, 29, 76, 79, 160, 124, 61, 82, 184, 167, 172, 143, 149, 90, 94, 49, 85, 151, 55, 37, 199, 170, 140, 57, 33, 89, 24, 16, 142, 145, 7, 133, 21, 182, 154, 111, 126, 134, 41, 106, 108, 5, 53, 186, 150, 64, 66, 176, 12, 78, 14, 122, 197, 144, 84, 0, 52, 110, 120, 173, 158, 23, 171, 45, 11, 162, 92, 48, 183, 36, 117, 15, 62, 178, 189, 65, 152, 43, 187, 169, 51, 86, 125, 95, 164, 103, 196, 174, 9, 98, 148, 105, 107, 68, 2, 72, 88]
39969

[123, 117, 15, 50, 193, 43, 152, 65, 47, 83, 165, 95, 164, 96, 80, 32, 155, 99, 73, 44, 196, 174, 191, 59, 166, 58, 2, 72, 153, 20, 168, 34, 1, 167, 184, 49, 194, 112, 175, 132, 136, 42, 104, 4, 195, 177, 151, 55, 70, 37, 27, 147, 87, 128, 102, 142, 89, 24, 16, 7, 126, 134, 41, 54, 19, 63, 161, 159, 78, 197, 26, 12, 64, 150, 160, 79, 76, 157, 127, 192, 100, 3, 39, 110, 158, 173, 120, 45, 171, 109, 17, 28, 183, 36, 60, 135, 77, 81, 8, 137]
[178, 62, 187, 115, 121, 169, 10, 51, 86, 125, 103, 118, 91, 9, 98, 18, 148, 189, 48, 25, 198, 6, 31, 23, 116, 114, 52, 0, 131, 11, 92, 105, 162, 146, 190, 84, 144, 122, 14, 176, 66, 30, 46, 119, 185, 111, 154, 182, 21, 133, 145, 33, 57, 140, 170, 199, 97, 113, 38, 129, 71, 138, 85, 181, 75, 69, 101, 143, 90, 93, 94, 149, 172, 22, 163, 139, 88, 188, 130, 179, 56, 35, 13, 107, 141, 68, 40, 29, 67, 180, 124, 61, 82, 74, 106, 156, 108, 5, 186, 53]
42974

[67, 168, 172, 167, 49, 138, 85, 94, 93, 75, 69, 101, 143, 90, 149, 22, 163, 20, 139, 29, 79, 64, 5, 108, 74, 71, 129, 38, 27, 87, 97, 113, 102, 24, 16, 7, 182, 154, 111, 46, 30, 66, 63, 19, 161, 176, 12, 14, 122, 197, 26, 190, 39, 131, 110, 173, 120, 31, 198, 6, 81, 77, 8, 65, 152, 43, 169, 83, 10, 51, 86, 125, 95, 164, 96, 80, 32, 155, 99, 73, 56, 35, 44, 196, 174, 9, 91, 98, 18, 189, 48, 17, 109, 171, 45, 11, 146, 59, 192, 127]
[55, 151, 4, 104, 42, 136, 132, 175, 112, 194, 181, 153, 88, 40, 34, 1, 180, 184, 61, 82, 53, 186, 150, 124, 160, 76, 157, 166, 58, 72, 2, 68, 188, 130, 179, 141, 107, 13, 191, 100, 3, 162, 92, 105, 148, 118, 103, 165, 47, 187, 115, 121, 193, 50, 62, 15, 178, 28, 183, 36, 117, 123, 137, 25, 60, 135, 23, 158, 116, 114, 52, 0, 84, 144, 78, 159, 54, 41, 134, 185, 126, 119, 156, 106, 21, 133, 128, 145, 142, 89, 33, 57, 140, 170, 199, 147, 37, 70, 195, 177]
39424

[197, 190, 144, 84, 131, 0, 52, 114, 116, 110, 120, 173, 158, 23, 135, 60, 36, 183, 189, 148, 105, 98, 91, 118, 47, 10, 51, 165, 86, 125, 95, 164, 103, 96, 80, 44, 196, 9, 174, 32, 99, 155, 188, 166, 127, 192, 157, 76, 79, 160, 29, 67, 168, 163, 139, 20, 22, 143, 90, 93, 94, 149, 172, 34, 1, 180, 124, 186, 5, 74, 21, 133, 128, 37, 70, 177, 151, 55, 97, 113, 102, 33, 89, 142, 145, 7, 182, 154, 111, 126, 185, 119, 46, 30, 66, 161, 159, 78, 14, 122]
[24, 57, 140, 170, 199, 87, 147, 27, 38, 129, 71, 82, 61, 53, 108, 106, 156, 64, 150, 167, 184, 49, 138, 85, 195, 4, 104, 42, 136, 132, 175, 112, 194, 181, 75, 69, 101, 153, 88, 40, 58, 2, 72, 130, 179, 73, 56, 35, 141, 68, 107, 191, 13, 18, 65, 152, 43, 83, 169, 121, 193, 115, 187, 62, 50, 15, 178, 117, 123, 137, 25, 8, 77, 81, 6, 198, 31, 171, 45, 28, 109, 17, 48, 92, 162, 3, 100, 59, 146, 11, 39, 26, 12, 176, 63, 19, 54, 41, 134, 16]
38022

[196, 44, 32, 99, 155, 80, 96, 103, 47, 115, 121, 193, 50, 123, 137, 31, 23, 171, 45, 120, 131, 84, 144, 14, 78, 176, 159, 63, 19, 134, 41, 54, 161, 66, 46, 156, 106, 108, 74, 154, 182, 21, 7, 16, 24, 142, 89, 33, 87, 147, 27, 38, 37, 70, 55, 151, 177, 195, 4, 104, 42, 136, 149, 172, 22, 34, 1, 180, 124, 160, 67, 168, 29, 88, 40, 166, 127, 192, 59, 100, 191, 107, 73, 56, 35, 13, 98, 148, 105, 162, 92, 189, 178, 62, 43, 152, 65, 18, 9, 174]
[36, 60, 135, 25, 198, 6, 81, 77, 8, 117, 15, 187, 169, 83, 10, 51, 86, 125, 95, 164, 165, 118, 91, 179, 130, 141, 68, 188, 72, 2, 58, 153, 20, 139, 163, 157, 76, 79, 150, 186, 5, 53, 82, 61, 184, 167, 49, 94, 90, 143, 101, 69, 75, 93, 181, 194, 112, 175, 132, 85, 138, 71, 129, 113, 97, 199, 170, 140, 57, 102, 145, 128, 133, 111, 126, 185, 119, 30, 64, 12, 122, 197, 26, 190, 0, 52, 114, 116, 110, 158, 173, 39, 146, 11, 3, 48, 17, 109, 28, 183]
38452

[189, 92, 162, 11, 146, 39, 131, 110, 116, 114, 52, 0, 84, 144, 190, 26, 197, 122, 14, 159, 78, 12, 150, 186, 53, 5, 108, 106, 119, 54, 41, 134, 185, 126, 111, 154, 182, 74, 21, 133, 113, 97, 87, 38, 70, 195, 177, 4, 85, 138, 49, 129, 71, 82, 61, 184, 1, 180, 124, 160, 76, 29, 67, 168, 34, 22, 163, 88, 40, 58, 107, 91, 118, 103, 165, 83, 47, 152, 65, 178, 43, 115, 121, 193, 50, 117, 8, 77, 81, 6, 198, 25, 31, 135, 60, 183, 28, 109, 48, 17]
[62, 187, 169, 51, 10, 95, 86, 125, 164, 96, 80, 44, 196, 9, 174, 32, 155, 99, 35, 56, 73, 179, 130, 188, 141, 68, 2, 72, 153, 139, 20, 101, 75, 69, 143, 90, 149, 172, 167, 94, 93, 181, 194, 112, 175, 132, 136, 42, 104, 151, 55, 37, 27, 147, 199, 170, 140, 57, 102, 128, 145, 142, 89, 33, 24, 16, 7, 156, 46, 30, 66, 63, 19, 161, 176, 64, 79, 157, 166, 127, 192, 59, 100, 3, 191, 13, 98, 18, 148, 105, 45, 171, 120, 173, 158, 23, 137, 123, 36, 15]
37628

[128, 145, 142, 102, 71, 129, 38, 37, 70, 195, 55, 151, 177, 4, 138, 49, 184, 167, 149, 143, 69, 75, 101, 153, 20, 139, 163, 29, 88, 40, 58, 2, 72, 188, 130, 179, 155, 96, 125, 86, 95, 152, 65, 178, 36, 183, 28, 171, 45, 120, 173, 23, 158, 110, 131, 84, 144, 190, 26, 39, 146, 11, 109, 17, 48, 189, 148, 18, 98, 174, 107, 141, 68, 166, 157, 76, 160, 79, 64, 197, 122, 14, 78, 159, 161, 63, 19, 134, 41, 185, 119, 46, 30, 156, 108, 106, 154, 182, 21, 133]
[56, 35, 13, 191, 59, 192, 127, 67, 168, 22, 90, 93, 181, 194, 112, 175, 132, 42, 104, 136, 85, 94, 172, 34, 1, 180, 124, 150, 186, 5, 53, 74, 61, 82, 27, 147, 87, 113, 97, 199, 170, 140, 57, 33, 89, 24, 16, 7, 111, 126, 54, 66, 176, 12, 100, 3, 162, 105, 92, 52, 0, 114, 116, 31, 135, 60, 25, 198, 6, 81, 77, 8, 137, 123, 117, 15, 50, 193, 62, 43, 187, 115, 121, 169, 51, 10, 83, 47, 165, 164, 103, 118, 91, 9, 196, 44, 80, 32, 99, 73]
38701

[79, 150, 160, 76, 157, 127, 192, 11, 173, 158, 23, 31, 25, 198, 6, 81, 77, 8, 137, 123, 117, 50, 193, 187, 115, 121, 169, 10, 51, 86, 125, 96, 32, 155, 99, 73, 56, 35, 18, 189, 36, 183, 28, 109, 17, 48, 148, 105, 92, 162, 3, 100, 59, 166, 29, 67, 168, 149, 90, 94, 93, 181, 194, 112, 175, 132, 42, 195, 37, 27, 38, 70, 129, 71, 138, 49, 61, 82, 128, 102, 89, 142, 145, 133, 21, 74, 182, 154, 126, 185, 134, 41, 54, 19, 63, 161, 159, 66, 30, 64]
[98, 13, 191, 107, 141, 179, 130, 188, 68, 2, 72, 58, 40, 88, 153, 20, 139, 163, 101, 75, 69, 143, 22, 172, 167, 184, 85, 136, 104, 4, 177, 151, 55, 147, 87, 113, 97, 199, 170, 140, 57, 33, 24, 16, 7, 111, 119, 46, 156, 106, 108, 5, 53, 1, 34, 180, 124, 186, 176, 12, 78, 14, 122, 197, 190, 26, 146, 39, 131, 84, 144, 0, 52, 114, 116, 110, 120, 45, 171, 135, 60, 178, 15, 62, 43, 152, 65, 47, 83, 165, 95, 164, 103, 80, 44, 196, 118, 91, 9, 174]
36294

[64, 30, 66, 54, 41, 134, 185, 126, 21, 133, 7, 16, 24, 33, 89, 142, 145, 102, 57, 140, 170, 199, 147, 27, 38, 37, 55, 151, 177, 195, 138, 85, 75, 69, 101, 153, 20, 139, 163, 34, 1, 160, 192, 127, 59, 100, 3, 162, 189, 18, 9, 174, 35, 56, 13, 107, 73, 99, 32, 80, 44, 196, 91, 118, 43, 187, 115, 121, 193, 50, 62, 15, 117, 36, 60, 137, 123, 8, 77, 81, 6, 198, 25, 135, 31, 23, 158, 173, 120, 110, 116, 114, 52, 0, 190, 197, 122, 14, 12, 176]
[106, 156, 46, 119, 111, 154, 182, 74, 108, 5, 53, 186, 124, 180, 167, 184, 49, 71, 61, 82, 128, 113, 97, 87, 129, 70, 4, 104, 42, 136, 132, 175, 112, 194, 181, 93, 94, 90, 149, 143, 172, 22, 168, 67, 29, 88, 40, 58, 2, 72, 188, 68, 141, 130, 179, 155, 96, 103, 164, 125, 86, 95, 165, 47, 83, 10, 51, 169, 152, 65, 178, 183, 28, 109, 17, 48, 171, 45, 39, 131, 84, 144, 159, 19, 63, 161, 78, 26, 146, 11, 92, 105, 148, 98, 191, 166, 157, 76, 79, 150]
37274

[166, 127, 59, 92, 105, 148, 189, 118, 65, 152, 47, 103, 164, 125, 86, 95, 165, 51, 10, 83, 169, 121, 115, 193, 50, 81, 6, 198, 25, 135, 60, 36, 183, 28, 171, 45, 11, 146, 26, 190, 197, 12, 176, 30, 66, 161, 54, 185, 126, 111, 119, 46, 156, 186, 150, 160, 124, 180, 184, 61, 82, 71, 129, 70, 37, 27, 87, 147, 55, 151, 177, 195, 94, 93, 90, 149, 75, 69, 101, 143, 172, 22, 163, 139, 20, 153, 88, 58, 188, 130, 179, 141, 73, 56, 35, 99, 155, 32, 80, 96]
[0, 52, 114, 116, 110, 144, 84, 131, 120, 173, 158, 23, 31, 77, 8, 137, 123, 117, 15, 62, 187, 43, 178, 109, 17, 48, 162, 3, 100, 191, 98, 18, 91, 9, 174, 196, 44, 13, 107, 68, 2, 72, 40, 29, 67, 168, 34, 1, 167, 181, 194, 112, 175, 132, 136, 42, 104, 4, 85, 138, 49, 38, 128, 145, 142, 102, 113, 97, 199, 170, 140, 57, 33, 89, 24, 16, 7, 133, 21, 182, 154, 41, 134, 19, 63, 159, 78, 14, 122, 64, 108, 106, 74, 53, 5, 79, 76, 157, 192, 39]
39588

[23, 158, 173, 120, 171, 45, 39, 176, 66, 54, 41, 134, 185, 126, 111, 154, 7, 16, 24, 142, 89, 33, 102, 145, 128, 49, 94, 90, 149, 184, 133, 21, 182, 156, 46, 30, 64, 79, 160, 29, 163, 139, 20, 153, 88, 40, 166, 59, 191, 13, 107, 58, 2, 72, 188, 130, 179, 155, 99, 32, 80, 96, 103, 164, 95, 125, 86, 165, 51, 10, 83, 47, 91, 9, 174, 98, 18, 189, 48, 17, 109, 28, 187, 115, 169, 121, 193, 50, 117, 123, 137, 60, 135, 31, 25, 198, 6, 81, 77, 8]
[12, 5, 186, 150, 124, 180, 67, 168, 34, 1, 167, 172, 22, 143, 101, 69, 75, 93, 181, 194, 112, 175, 132, 136, 42, 104, 4, 177, 151, 55, 195, 70, 37, 27, 147, 87, 199, 170, 140, 57, 97, 113, 38, 129, 85, 138, 71, 82, 61, 74, 53, 108, 106, 119, 19, 63, 161, 159, 78, 14, 122, 197, 190, 26, 146, 11, 162, 92, 148, 105, 3, 100, 192, 127, 157, 76, 68, 141, 73, 56, 35, 44, 196, 118, 65, 152, 43, 62, 15, 178, 36, 183, 110, 116, 114, 52, 0, 131, 84, 144]
39386

[126, 134, 41, 54, 63, 19, 159, 12, 197, 26, 131, 39, 146, 11, 31, 135, 60, 25, 198, 6, 81, 77, 8, 137, 123, 183, 28, 109, 17, 48, 92, 189, 178, 62, 50, 193, 121, 115, 187, 43, 152, 65, 118, 47, 83, 10, 51, 86, 125, 96, 80, 32, 155, 99, 73, 56, 35, 13, 191, 3, 100, 59, 192, 176, 64, 79, 76, 40, 88, 153, 20, 139, 149, 90, 93, 75, 181, 194, 112, 175, 132, 136, 42, 104, 85, 138, 94, 49, 129, 38, 113, 128, 71, 82, 186, 156, 46, 30, 66, 185]
[22, 172, 143, 69, 101, 163, 168, 67, 29, 157, 127, 166, 58, 2, 72, 188, 130, 179, 141, 68, 107, 162, 105, 148, 98, 18, 91, 9, 174, 196, 44, 103, 164, 95, 165, 169, 15, 117, 36, 171, 45, 120, 173, 23, 158, 110, 116, 114, 52, 0, 84, 144, 190, 122, 14, 78, 161, 119, 111, 154, 182, 7, 16, 24, 89, 33, 57, 140, 170, 199, 147, 55, 151, 177, 4, 195, 70, 37, 27, 87, 97, 102, 142, 145, 133, 21, 74, 106, 108, 5, 53, 61, 184, 167, 150, 160, 124, 180, 1, 34]
39380

[199, 87, 27, 38, 129, 37, 70, 85, 138, 71, 82, 108, 156, 66, 161, 63, 19, 159, 78, 144, 84, 131, 0, 52, 114, 116, 110, 45, 120, 173, 158, 23, 31, 25, 135, 60, 28, 109, 17, 48, 105, 148, 18, 65, 152, 118, 91, 9, 32, 99, 155, 179, 130, 188, 72, 2, 58, 166, 59, 107, 13, 191, 92, 162, 146, 26, 190, 197, 12, 64, 79, 76, 157, 29, 67, 180, 124, 160, 150, 186, 5, 53, 184, 49, 94, 93, 181, 194, 112, 175, 132, 136, 42, 104, 4, 195, 177, 151, 55, 147]
[95, 164, 96, 80, 44, 196, 103, 165, 47, 115, 187, 43, 62, 178, 189, 3, 100, 192, 127, 98, 174, 35, 56, 73, 141, 68, 40, 88, 153, 20, 139, 163, 101, 75, 69, 143, 90, 149, 172, 22, 168, 34, 1, 167, 61, 133, 21, 128, 145, 102, 113, 97, 170, 140, 57, 33, 89, 142, 24, 16, 7, 154, 182, 74, 106, 111, 126, 185, 134, 41, 54, 119, 46, 30, 176, 14, 122, 39, 11, 171, 183, 36, 123, 137, 198, 6, 81, 77, 8, 117, 15, 50, 193, 121, 169, 83, 10, 51, 86, 125]
38883

[15, 117, 123, 137, 178, 152, 65, 189, 39, 131, 144, 14, 78, 159, 54, 41, 134, 185, 126, 119, 156, 106, 108, 74, 7, 16, 24, 33, 57, 140, 170, 199, 87, 147, 27, 70, 129, 71, 49, 138, 85, 195, 177, 151, 4, 104, 136, 194, 181, 93, 94, 90, 143, 69, 75, 101, 163, 168, 34, 67, 40, 58, 2, 72, 188, 130, 179, 141, 68, 166, 157, 79, 150, 186, 53, 5, 64, 26, 146, 162, 105, 148, 18, 98, 35, 56, 73, 99, 155, 32, 44, 196, 80, 96, 103, 165, 47, 121, 193, 50]
[100, 3, 192, 127, 59, 107, 191, 13, 174, 9, 91, 118, 164, 95, 125, 86, 51, 10, 83, 169, 115, 187, 43, 62, 36, 183, 60, 8, 77, 81, 6, 198, 25, 135, 31, 23, 158, 173, 120, 45, 171, 28, 109, 17, 48, 92, 11, 110, 116, 114, 52, 0, 84, 190, 197, 122, 12, 176, 161, 19, 63, 66, 30, 46, 111, 154, 182, 21, 133, 128, 145, 142, 89, 102, 113, 97, 38, 37, 55, 42, 132, 175, 112, 82, 61, 184, 167, 149, 172, 22, 139, 20, 153, 88, 76, 160, 124, 180, 1, 29]
40376

[192, 166, 40, 29, 67, 160, 79, 119, 111, 154, 182, 16, 24, 33, 57, 140, 170, 199, 87, 147, 27, 55, 151, 177, 104, 42, 136, 132, 175, 112, 194, 181, 75, 90, 93, 94, 49, 129, 38, 128, 133, 21, 74, 106, 108, 186, 150, 124, 180, 1, 172, 22, 139, 20, 153, 88, 58, 2, 72, 188, 68, 141, 130, 179, 125, 86, 83, 47, 178, 123, 137, 135, 60, 36, 183, 28, 109, 17, 48, 189, 148, 105, 92, 146, 11, 45, 171, 120, 173, 110, 116, 114, 52, 0, 144, 14, 19, 63, 159, 12]
[164, 103, 95, 165, 10, 51, 169, 121, 115, 152, 65, 43, 187, 193, 50, 62, 15, 117, 8, 77, 81, 6, 198, 25, 31, 23, 158, 39, 131, 84, 190, 26, 197, 122, 78, 161, 54, 41, 134, 185, 126, 7, 145, 142, 89, 102, 113, 97, 37, 70, 195, 4, 85, 138, 71, 82, 61, 184, 167, 149, 143, 69, 101, 163, 168, 34, 53, 5, 156, 46, 30, 66, 176, 64, 76, 157, 127, 59, 100, 3, 162, 191, 107, 13, 98, 18, 118, 91, 9, 174, 35, 56, 73, 99, 155, 32, 44, 196, 80, 96]
38918

[174, 9, 91, 164, 95, 86, 125, 96, 80, 44, 196, 35, 13, 191, 107, 2, 72, 58, 40, 88, 153, 20, 139, 143, 90, 93, 175, 132, 136, 4, 85, 138, 70, 195, 177, 151, 55, 147, 87, 199, 170, 140, 57, 97, 113, 102, 33, 89, 142, 133, 21, 182, 154, 111, 185, 119, 66, 30, 46, 156, 186, 167, 172, 22, 34, 1, 180, 124, 79, 76, 157, 192, 146, 11, 39, 131, 52, 110, 173, 120, 31, 25, 198, 6, 81, 50, 193, 187, 43, 115, 121, 169, 51, 10, 83, 47, 118, 189, 18, 98]
[122, 14, 78, 159, 161, 63, 19, 54, 41, 134, 126, 7, 16, 24, 145, 128, 38, 27, 37, 129, 71, 82, 61, 74, 106, 108, 5, 53, 184, 49, 149, 94, 104, 42, 112, 194, 181, 75, 69, 101, 163, 168, 67, 29, 160, 150, 64, 176, 12, 197, 26, 190, 144, 84, 0, 114, 116, 158, 23, 135, 60, 137, 77, 8, 123, 117, 36, 183, 28, 171, 45, 109, 17, 48, 148, 105, 92, 162, 3, 100, 59, 127, 166, 68, 141, 188, 130, 179, 73, 56, 99, 155, 32, 103, 165, 152, 65, 178, 15, 62]
41333

[188, 68, 2, 72, 58, 101, 69, 75, 181, 194, 112, 175, 132, 85, 94, 149, 172, 34, 76, 157, 79, 64, 30, 46, 5, 186, 150, 160, 167, 184, 61, 82, 128, 38, 70, 37, 27, 147, 87, 97, 113, 102, 142, 145, 133, 74, 111, 126, 185, 54, 66, 176, 12, 14, 122, 197, 26, 190, 114, 116, 158, 198, 6, 81, 77, 8, 25, 135, 60, 48, 105, 148, 98, 91, 118, 65, 152, 178, 43, 187, 115, 121, 169, 51, 10, 83, 47, 165, 95, 86, 125, 164, 103, 96, 80, 44, 196, 35, 107, 141]
[50, 193, 62, 15, 117, 36, 183, 28, 109, 17, 189, 18, 9, 174, 32, 99, 155, 179, 130, 73, 56, 13, 191, 92, 162, 3, 100, 59, 166, 40, 88, 153, 20, 139, 163, 168, 22, 143, 90, 93, 49, 71, 129, 138, 136, 42, 104, 4, 195, 177, 151, 55, 199, 170, 140, 57, 33, 89, 24, 16, 7, 21, 182, 154, 119, 156, 106, 108, 53, 124, 180, 1, 67, 29, 127, 192, 146, 39, 131, 84, 78, 159, 161, 41, 134, 63, 19, 144, 0, 52, 110, 11, 45, 171, 120, 173, 23, 31, 137, 123]
40202

[189, 100, 192, 157, 127, 59, 107, 56, 35, 174, 9, 98, 91, 196, 44, 32, 155, 179, 130, 188, 72, 2, 58, 166, 40, 88, 75, 194, 112, 175, 132, 42, 4, 138, 129, 71, 61, 82, 128, 102, 142, 145, 133, 21, 74, 53, 5, 156, 46, 66, 30, 186, 64, 176, 161, 54, 185, 41, 134, 19, 63, 159, 78, 12, 14, 122, 197, 26, 190, 144, 84, 39, 131, 0, 52, 114, 116, 110, 171, 28, 183, 137, 198, 6, 81, 77, 8, 123, 117, 15, 62, 187, 115, 43, 152, 65, 178, 109, 17, 48]
[191, 13, 80, 103, 47, 121, 50, 193, 169, 83, 10, 51, 165, 164, 95, 86, 125, 96, 99, 73, 141, 68, 76, 160, 124, 180, 1, 34, 67, 29, 168, 22, 143, 163, 139, 20, 153, 101, 69, 90, 149, 172, 167, 184, 49, 85, 94, 93, 181, 136, 104, 151, 55, 177, 195, 70, 37, 38, 27, 147, 87, 199, 170, 140, 57, 97, 113, 33, 89, 24, 16, 7, 182, 154, 111, 126, 119, 106, 108, 150, 79, 146, 11, 45, 120, 173, 158, 23, 31, 25, 135, 60, 36, 118, 18, 148, 105, 92, 162, 3]
40609

[171, 45, 23, 31, 135, 60, 137, 123, 36, 117, 15, 43, 187, 115, 121, 169, 47, 103, 80, 44, 196, 35, 13, 98, 18, 189, 17, 48, 100, 59, 192, 127, 166, 157, 76, 29, 163, 139, 20, 153, 101, 75, 69, 143, 90, 149, 172, 22, 34, 167, 184, 61, 82, 49, 181, 194, 112, 175, 132, 136, 42, 104, 4, 151, 55, 37, 27, 147, 87, 113, 128, 133, 21, 182, 154, 74, 53, 5, 108, 111, 126, 185, 134, 41, 54, 19, 63, 161, 176, 12, 26, 190, 144, 84, 0, 114, 116, 158, 173, 120]
[148, 105, 92, 162, 3, 11, 146, 39, 110, 52, 131, 197, 122, 14, 78, 159, 66, 64, 30, 46, 119, 156, 106, 7, 16, 24, 33, 89, 142, 145, 102, 97, 57, 140, 170, 199, 38, 129, 71, 70, 177, 195, 138, 85, 94, 93, 1, 180, 124, 186, 150, 79, 160, 67, 168, 88, 40, 58, 2, 72, 188, 130, 179, 155, 96, 164, 95, 125, 86, 165, 51, 10, 83, 152, 65, 178, 62, 193, 50, 8, 77, 81, 6, 198, 25, 183, 28, 109, 118, 91, 9, 174, 32, 99, 56, 73, 141, 68, 107, 191]
38310

[46, 119, 156, 106, 108, 5, 53, 21, 133, 128, 113, 97, 38, 37, 129, 71, 70, 195, 4, 85, 94, 149, 90, 93, 132, 175, 112, 194, 181, 75, 69, 101, 143, 172, 22, 168, 67, 29, 163, 139, 20, 153, 88, 40, 166, 76, 157, 192, 127, 59, 100, 162, 92, 105, 148, 191, 13, 98, 189, 48, 17, 109, 28, 183, 60, 36, 178, 118, 196, 103, 164, 95, 125, 86, 165, 43, 187, 193, 50, 8, 77, 81, 6, 198, 25, 135, 31, 120, 171, 45, 11, 39, 197, 19, 63, 161, 66, 30, 64, 186]
[155, 99, 56, 35, 174, 9, 91, 18, 65, 152, 47, 83, 10, 51, 169, 121, 115, 62, 15, 117, 123, 137, 23, 158, 173, 110, 116, 114, 52, 0, 131, 84, 144, 122, 14, 12, 176, 78, 159, 54, 41, 134, 185, 126, 111, 74, 182, 154, 7, 145, 102, 142, 16, 24, 89, 33, 57, 140, 170, 199, 87, 147, 27, 55, 151, 177, 104, 42, 136, 138, 49, 82, 61, 184, 167, 34, 1, 180, 124, 160, 150, 79, 26, 190, 146, 3, 107, 73, 141, 68, 58, 2, 72, 188, 130, 179, 96, 80, 44, 32]
38252

[144, 84, 114, 116, 173, 158, 23, 171, 45, 28, 60, 135, 31, 25, 198, 6, 81, 77, 8, 15, 62, 50, 193, 121, 169, 115, 187, 43, 152, 65, 118, 91, 9, 174, 98, 18, 122, 14, 12, 78, 159, 176, 66, 156, 106, 108, 53, 160, 76, 127, 59, 191, 13, 107, 68, 2, 72, 58, 40, 88, 153, 139, 168, 180, 124, 61, 82, 184, 49, 71, 129, 138, 85, 94, 175, 132, 136, 4, 195, 70, 37, 38, 27, 113, 33, 89, 142, 145, 128, 133, 74, 111, 126, 185, 134, 41, 54, 19, 63, 161]
[7, 21, 182, 154, 119, 46, 30, 64, 5, 186, 150, 79, 157, 192, 100, 3, 162, 92, 105, 148, 189, 48, 11, 146, 39, 26, 197, 190, 131, 0, 52, 110, 120, 109, 17, 183, 36, 137, 123, 117, 178, 47, 83, 10, 51, 165, 95, 86, 125, 164, 103, 96, 80, 196, 44, 32, 155, 99, 35, 56, 73, 141, 179, 130, 188, 166, 29, 67, 34, 1, 167, 149, 172, 22, 163, 20, 101, 75, 69, 143, 90, 93, 181, 194, 112, 42, 104, 177, 151, 55, 147, 87, 199, 170, 140, 57, 97, 102, 24, 16]
40171

[37, 55, 151, 177, 138, 85, 94, 93, 112, 132, 175, 194, 181, 75, 90, 149, 1, 34, 168, 67, 29, 88, 40, 166, 157, 76, 150, 186, 5, 108, 106, 156, 30, 64, 176, 12, 190, 39, 146, 11, 191, 13, 107, 68, 188, 141, 73, 56, 99, 155, 32, 44, 196, 80, 96, 103, 164, 165, 47, 152, 65, 118, 98, 18, 189, 137, 198, 6, 31, 23, 158, 173, 120, 171, 45, 110, 116, 114, 52, 0, 131, 84, 144, 122, 14, 78, 159, 63, 19, 134, 41, 126, 111, 74, 53, 61, 82, 71, 129, 38]
[143, 69, 101, 163, 139, 20, 153, 58, 2, 72, 130, 179, 35, 174, 9, 91, 95, 125, 86, 51, 10, 83, 169, 121, 115, 193, 50, 187, 43, 62, 178, 15, 117, 123, 8, 81, 77, 25, 135, 60, 36, 183, 28, 109, 17, 48, 148, 105, 92, 162, 3, 100, 59, 127, 192, 26, 197, 79, 160, 180, 124, 46, 119, 66, 161, 54, 185, 154, 182, 7, 21, 133, 128, 145, 102, 142, 16, 24, 89, 33, 57, 140, 170, 199, 97, 113, 87, 147, 27, 70, 195, 4, 104, 42, 136, 49, 184, 167, 172, 22]
37571

[120, 173, 23, 31, 25, 198, 6, 81, 77, 8, 137, 123, 36, 117, 15, 43, 187, 115, 165, 103, 96, 80, 32, 155, 99, 73, 56, 35, 174, 98, 18, 148, 105, 92, 162, 59, 127, 166, 168, 172, 149, 143, 22, 163, 139, 20, 153, 101, 69, 75, 90, 85, 70, 147, 87, 199, 170, 140, 57, 33, 89, 142, 24, 16, 128, 82, 61, 71, 49, 184, 167, 34, 1, 180, 124, 160, 150, 186, 5, 108, 74, 133, 21, 182, 154, 106, 156, 46, 30, 64, 192, 146, 11, 48, 17, 109, 183, 28, 45, 171]
[0, 114, 116, 52, 131, 84, 144, 78, 159, 176, 12, 14, 122, 197, 26, 190, 39, 110, 158, 135, 60, 178, 62, 50, 193, 121, 169, 47, 83, 10, 51, 86, 125, 95, 164, 44, 196, 9, 91, 118, 152, 65, 189, 3, 100, 191, 13, 107, 68, 141, 179, 130, 188, 72, 2, 58, 40, 88, 67, 29, 157, 76, 79, 66, 119, 54, 161, 63, 19, 134, 41, 185, 126, 111, 7, 145, 102, 113, 97, 27, 37, 55, 151, 177, 195, 4, 104, 42, 136, 132, 175, 112, 194, 181, 93, 94, 138, 129, 38, 53]
39997

[132, 136, 42, 104, 4, 177, 151, 55, 85, 94, 93, 90, 149, 143, 172, 22, 168, 67, 34, 1, 167, 184, 61, 82, 129, 38, 147, 199, 170, 140, 142, 7, 119, 12, 14, 122, 144, 84, 131, 0, 52, 114, 116, 110, 173, 158, 23, 31, 135, 36, 178, 62, 43, 152, 65, 47, 118, 91, 9, 174, 98, 18, 189, 48, 171, 45, 120, 11, 39, 190, 197, 26, 146, 100, 3, 191, 13, 35, 99, 155, 179, 130, 188, 72, 2, 58, 40, 88, 29, 163, 139, 20, 153, 101, 69, 75, 181, 194, 112, 175]
[73, 32, 44, 196, 80, 96, 103, 164, 95, 125, 86, 165, 51, 10, 83, 169, 121, 115, 187, 193, 50, 15, 117, 123, 137, 8, 77, 81, 6, 198, 25, 60, 183, 28, 109, 17, 148, 105, 92, 162, 59, 127, 192, 157, 76, 79, 64, 176, 78, 159, 19, 63, 161, 66, 30, 46, 54, 41, 134, 185, 126, 111, 154, 182, 16, 24, 89, 33, 57, 87, 27, 37, 70, 195, 138, 49, 71, 128, 113, 97, 102, 145, 133, 21, 74, 108, 106, 156, 5, 53, 186, 150, 160, 124, 180, 166, 68, 141, 107, 56]
36766

[105, 92, 162, 3, 100, 59, 166, 157, 76, 180, 1, 34, 168, 67, 29, 139, 20, 163, 22, 172, 167, 184, 49, 61, 82, 71, 138, 85, 195, 177, 151, 55, 37, 70, 129, 38, 27, 87, 128, 145, 133, 21, 74, 53, 5, 108, 106, 156, 46, 119, 54, 19, 63, 161, 159, 78, 197, 26, 190, 39, 131, 0, 52, 114, 116, 60, 123, 117, 15, 50, 62, 43, 187, 115, 193, 121, 169, 10, 51, 86, 125, 95, 196, 44, 32, 99, 155, 179, 130, 68, 141, 73, 56, 35, 18, 148, 189, 48, 17, 178]
[186, 150, 124, 160, 79, 64, 30, 66, 176, 12, 14, 122, 144, 84, 110, 173, 158, 23, 31, 135, 25, 198, 6, 81, 77, 8, 137, 36, 183, 28, 109, 171, 45, 120, 11, 146, 192, 127, 107, 191, 13, 98, 174, 9, 91, 118, 65, 152, 47, 83, 165, 164, 103, 96, 80, 188, 72, 2, 58, 40, 88, 153, 101, 75, 69, 143, 149, 90, 94, 93, 181, 194, 112, 175, 132, 136, 42, 104, 4, 147, 199, 170, 140, 57, 97, 113, 102, 33, 89, 142, 24, 16, 7, 182, 154, 111, 126, 134, 41, 185]
37058

[72, 2, 188, 130, 179, 73, 35, 91, 118, 96, 103, 164, 165, 95, 125, 86, 51, 10, 83, 47, 65, 152, 43, 62, 187, 115, 169, 121, 193, 50, 15, 117, 123, 8, 77, 81, 6, 198, 25, 31, 23, 120, 45, 171, 135, 60, 137, 178, 189, 92, 162, 11, 39, 131, 52, 0, 144, 197, 122, 14, 161, 63, 19, 54, 30, 46, 156, 5, 108, 106, 7, 16, 24, 142, 89, 33, 140, 199, 147, 27, 55, 151, 85, 94, 93, 101, 153, 20, 139, 163, 167, 49, 184, 53, 1, 180, 124, 160, 166, 58]
[185, 119, 66, 176, 159, 78, 12, 64, 186, 150, 79, 76, 157, 192, 127, 59, 100, 3, 146, 26, 190, 84, 110, 114, 116, 158, 173, 36, 183, 28, 109, 17, 48, 105, 148, 18, 98, 9, 174, 196, 44, 80, 32, 155, 99, 56, 13, 191, 107, 141, 68, 40, 88, 29, 67, 168, 34, 22, 172, 149, 90, 143, 69, 75, 181, 194, 112, 175, 132, 136, 42, 104, 4, 177, 195, 138, 61, 82, 71, 129, 70, 37, 38, 87, 170, 57, 97, 113, 102, 145, 128, 133, 21, 74, 182, 154, 111, 126, 134, 41]
37866

[146, 11, 173, 120, 45, 171, 109, 28, 183, 178, 65, 152, 43, 62, 187, 115, 121, 169, 86, 125, 95, 164, 103, 91, 9, 174, 98, 148, 105, 92, 162, 35, 56, 73, 99, 32, 44, 196, 96, 80, 155, 179, 130, 188, 141, 68, 2, 72, 58, 88, 153, 172, 167, 184, 49, 93, 181, 194, 112, 175, 132, 136, 42, 104, 4, 151, 147, 87, 199, 170, 140, 57, 97, 113, 38, 129, 71, 82, 61, 133, 74, 106, 119, 19, 63, 161, 159, 78, 176, 12, 14, 122, 144, 84, 190, 197, 26, 59, 127, 192]
[198, 6, 81, 77, 8, 123, 117, 50, 193, 15, 36, 137, 60, 135, 25, 31, 17, 48, 189, 47, 83, 10, 51, 165, 118, 18, 13, 191, 107, 166, 40, 29, 67, 168, 34, 160, 124, 180, 1, 22, 163, 139, 20, 101, 75, 69, 143, 149, 90, 94, 85, 138, 195, 177, 55, 70, 37, 27, 128, 145, 102, 33, 89, 142, 24, 16, 7, 21, 182, 154, 111, 126, 185, 134, 41, 54, 66, 64, 30, 46, 156, 108, 5, 53, 186, 150, 79, 76, 157, 100, 3, 39, 131, 0, 52, 114, 116, 110, 158, 23]
38857

[172, 168, 29, 67, 1, 180, 124, 150, 186, 53, 5, 108, 106, 156, 46, 119, 126, 185, 134, 41, 54, 19, 63, 161, 159, 26, 190, 131, 52, 110, 120, 173, 158, 23, 31, 60, 28, 109, 17, 189, 178, 62, 43, 152, 65, 47, 165, 95, 86, 125, 164, 103, 118, 91, 9, 174, 98, 18, 148, 11, 39, 146, 100, 107, 179, 130, 141, 68, 59, 127, 192, 157, 76, 166, 153, 20, 101, 75, 90, 149, 167, 184, 49, 138, 37, 38, 113, 97, 87, 27, 42, 136, 132, 175, 112, 194, 181, 85, 94, 93]
[22, 143, 69, 163, 139, 88, 40, 58, 2, 72, 188, 73, 56, 99, 155, 32, 80, 96, 44, 196, 35, 13, 191, 3, 162, 92, 105, 48, 183, 36, 187, 115, 83, 10, 51, 169, 121, 193, 50, 15, 117, 123, 137, 8, 77, 81, 6, 198, 25, 135, 171, 45, 116, 114, 0, 84, 144, 197, 122, 14, 78, 12, 176, 66, 111, 154, 182, 7, 145, 102, 142, 16, 24, 89, 33, 57, 140, 170, 199, 147, 55, 151, 177, 104, 4, 195, 70, 129, 71, 61, 82, 128, 133, 21, 74, 30, 64, 79, 160, 34]
39300

[55, 151, 87, 33, 89, 142, 24, 16, 182, 154, 106, 108, 156, 111, 126, 119, 46, 30, 66, 63, 19, 159, 78, 176, 76, 157, 127, 192, 100, 3, 162, 11, 146, 39, 26, 190, 84, 131, 110, 158, 135, 60, 25, 77, 8, 137, 123, 15, 62, 43, 152, 65, 118, 47, 169, 83, 10, 51, 86, 125, 95, 165, 164, 103, 96, 80, 44, 196, 141, 68, 107, 59, 166, 88, 153, 20, 139, 163, 101, 75, 69, 143, 180, 150, 186, 5, 53, 74, 61, 94, 90, 93, 181, 194, 112, 175, 132, 136, 42, 177]
[144, 197, 122, 14, 12, 161, 134, 41, 185, 54, 64, 79, 160, 124, 82, 71, 129, 38, 128, 133, 21, 7, 145, 102, 113, 97, 57, 140, 170, 199, 147, 27, 37, 70, 195, 4, 104, 85, 138, 49, 184, 167, 149, 172, 22, 1, 34, 168, 67, 29, 40, 58, 2, 72, 188, 130, 179, 155, 32, 99, 73, 56, 35, 13, 191, 105, 148, 98, 174, 9, 91, 18, 189, 92, 48, 17, 109, 28, 183, 36, 178, 187, 115, 121, 193, 50, 117, 81, 6, 198, 31, 23, 171, 45, 120, 173, 116, 114, 52, 0]
38794

[164, 103, 96, 179, 130, 98, 18, 11, 146, 3, 100, 59, 127, 192, 79, 160, 124, 180, 1, 34, 22, 172, 149, 90, 69, 143, 163, 139, 20, 153, 101, 75, 181, 194, 112, 175, 132, 136, 42, 104, 4, 177, 151, 55, 195, 85, 138, 49, 61, 82, 113, 97, 102, 89, 142, 145, 128, 133, 21, 7, 154, 182, 74, 53, 186, 150, 64, 54, 185, 41, 134, 161, 176, 12, 14, 122, 190, 144, 84, 0, 52, 114, 116, 158, 109, 28, 183, 60, 25, 198, 6, 81, 62, 187, 43, 165, 95, 125, 86, 51]
[76, 29, 67, 168, 93, 94, 167, 184, 71, 129, 70, 37, 38, 27, 147, 87, 199, 170, 140, 57, 33, 24, 16, 126, 111, 119, 106, 108, 5, 156, 46, 30, 66, 63, 19, 159, 78, 197, 26, 39, 131, 110, 173, 120, 45, 171, 23, 31, 135, 137, 77, 8, 123, 117, 15, 50, 193, 115, 121, 169, 10, 83, 47, 152, 65, 178, 36, 17, 48, 189, 148, 105, 92, 162, 191, 13, 107, 73, 56, 35, 174, 9, 91, 118, 196, 44, 80, 32, 99, 155, 141, 68, 188, 72, 2, 58, 88, 40, 166, 157]
38543

[170, 199, 97, 113, 87, 147, 27, 138, 85, 4, 104, 42, 136, 132, 175, 112, 194, 181, 93, 90, 149, 143, 69, 163, 34, 1, 180, 124, 53, 74, 106, 156, 108, 5, 186, 150, 64, 79, 160, 76, 166, 58, 72, 2, 68, 188, 130, 179, 141, 107, 191, 13, 98, 9, 174, 35, 56, 196, 47, 65, 152, 43, 187, 193, 50, 62, 178, 15, 81, 6, 31, 23, 158, 110, 131, 84, 144, 122, 14, 78, 12, 176, 159, 19, 63, 161, 66, 30, 46, 119, 111, 7, 16, 24, 142, 89, 33, 102, 57, 140]
[11, 3, 100, 59, 40, 88, 153, 139, 20, 101, 75, 94, 49, 71, 129, 70, 195, 177, 151, 55, 37, 38, 128, 145, 134, 41, 54, 185, 126, 154, 182, 21, 133, 82, 61, 184, 167, 172, 22, 168, 67, 29, 157, 127, 192, 146, 39, 190, 26, 197, 0, 52, 114, 116, 173, 120, 45, 171, 60, 135, 25, 198, 77, 8, 137, 123, 117, 36, 183, 28, 109, 17, 48, 189, 18, 91, 118, 103, 164, 165, 83, 115, 121, 169, 51, 10, 95, 86, 125, 96, 80, 44, 32, 155, 99, 73, 148, 105, 92, 162]
38368

[112, 132, 175, 194, 181, 75, 69, 93, 138, 85, 136, 42, 104, 4, 195, 70, 37, 38, 27, 147, 87, 113, 97, 199, 170, 140, 57, 33, 89, 142, 102, 145, 133, 21, 74, 156, 119, 46, 30, 66, 176, 12, 14, 122, 144, 84, 190, 26, 192, 127, 166, 59, 100, 3, 13, 98, 18, 105, 148, 189, 48, 120, 173, 158, 23, 31, 6, 198, 25, 137, 123, 117, 15, 178, 118, 196, 44, 80, 32, 155, 99, 35, 56, 73, 68, 58, 40, 88, 139, 163, 168, 67, 29, 124, 180, 1, 34, 22, 172, 149]
[86, 125, 95, 165, 164, 103, 96, 174, 9, 91, 92, 11, 39, 146, 162, 191, 107, 141, 179, 130, 188, 2, 72, 153, 20, 101, 143, 90, 94, 49, 71, 129, 177, 151, 55, 128, 24, 16, 7, 82, 61, 184, 167, 160, 150, 79, 76, 157, 64, 186, 53, 5, 108, 106, 182, 154, 111, 126, 185, 134, 41, 54, 19, 63, 161, 159, 78, 197, 131, 0, 52, 114, 116, 110, 45, 171, 109, 17, 28, 183, 36, 60, 135, 77, 81, 8, 62, 50, 193, 121, 115, 187, 43, 152, 65, 47, 169, 83, 51, 10]
39207

[23, 158, 31, 135, 60, 25, 198, 6, 81, 77, 8, 117, 15, 36, 183, 28, 109, 17, 48, 18, 9, 174, 91, 118, 47, 43, 187, 115, 169, 83, 10, 51, 86, 125, 95, 165, 164, 103, 96, 80, 44, 196, 35, 56, 13, 191, 107, 179, 130, 58, 88, 153, 139, 20, 101, 75, 69, 143, 172, 22, 168, 67, 29, 76, 79, 186, 156, 108, 5, 53, 49, 138, 85, 181, 194, 112, 175, 132, 151, 55, 97, 113, 128, 106, 111, 54, 19, 63, 161, 159, 78, 39, 131, 0, 52, 114, 116, 173, 120, 110]
[38, 129, 71, 195, 177, 4, 104, 42, 136, 94, 93, 90, 149, 163, 72, 2, 188, 68, 141, 73, 99, 155, 32, 98, 148, 105, 92, 189, 65, 152, 178, 62, 121, 193, 50, 123, 137, 171, 45, 11, 146, 162, 3, 100, 59, 192, 127, 166, 40, 157, 64, 197, 26, 190, 84, 144, 122, 14, 12, 176, 66, 41, 134, 185, 126, 119, 46, 30, 150, 160, 124, 180, 1, 34, 167, 184, 61, 82, 133, 21, 74, 182, 154, 7, 16, 24, 33, 89, 142, 145, 102, 57, 140, 170, 199, 87, 147, 27, 37, 70]
40609

[6, 198, 25, 77, 81, 8, 137, 123, 117, 178, 65, 152, 43, 187, 169, 83, 10, 51, 86, 125, 95, 96, 80, 155, 179, 130, 191, 3, 100, 59, 127, 192, 157, 76, 79, 150, 160, 124, 180, 1, 34, 67, 29, 40, 88, 153, 101, 69, 75, 93, 181, 194, 175, 132, 112, 85, 138, 49, 186, 5, 74, 145, 102, 97, 199, 170, 140, 57, 33, 89, 142, 24, 16, 126, 41, 134, 19, 63, 161, 159, 78, 176, 12, 122, 197, 26, 190, 84, 131, 114, 116, 23, 31, 171, 45, 109, 28, 183, 60, 135]
[55, 151, 177, 195, 4, 104, 42, 136, 94, 90, 149, 143, 172, 22, 20, 139, 163, 168, 167, 184, 61, 82, 71, 129, 70, 37, 38, 27, 147, 87, 113, 128, 133, 21, 7, 182, 154, 111, 185, 54, 119, 46, 66, 14, 144, 0, 52, 110, 158, 173, 120, 39, 146, 11, 48, 17, 36, 15, 62, 50, 193, 121, 115, 47, 165, 164, 103, 44, 196, 174, 9, 91, 118, 18, 189, 92, 162, 105, 148, 98, 13, 35, 32, 99, 73, 56, 107, 141, 68, 188, 72, 2, 58, 166, 64, 30, 156, 106, 108, 53]
39226

[164, 103, 96, 80, 32, 155, 99, 73, 107, 2, 72, 58, 88, 149, 90, 93, 94, 85, 37, 27, 147, 87, 199, 170, 140, 57, 97, 113, 102, 145, 133, 21, 74, 106, 156, 46, 66, 176, 12, 161, 54, 185, 41, 134, 19, 63, 159, 78, 14, 122, 197, 190, 144, 84, 131, 110, 45, 171, 120, 173, 158, 23, 31, 25, 198, 6, 81, 77, 8, 187, 115, 43, 178, 36, 183, 28, 109, 17, 48, 92, 162, 3, 100, 59, 191, 13, 56, 35, 174, 9, 91, 18, 118, 65, 152, 165, 95, 125, 86, 51]
[141, 68, 40, 166, 157, 76, 79, 160, 124, 180, 1, 34, 67, 29, 168, 163, 139, 20, 153, 101, 22, 172, 143, 69, 75, 181, 194, 112, 175, 132, 136, 42, 104, 4, 177, 151, 55, 195, 70, 129, 38, 128, 142, 89, 33, 24, 16, 7, 154, 182, 61, 82, 71, 138, 49, 184, 167, 150, 186, 53, 5, 108, 111, 126, 119, 30, 64, 127, 192, 26, 0, 52, 114, 116, 39, 146, 11, 105, 148, 98, 189, 60, 135, 137, 123, 117, 15, 62, 50, 193, 121, 169, 10, 83, 47, 196, 44, 179, 130, 188]
38222

[172, 22, 143, 149, 90, 94, 85, 132, 175, 93, 101, 163, 139, 20, 153, 88, 58, 2, 72, 188, 130, 179, 141, 68, 40, 29, 76, 157, 166, 100, 3, 162, 191, 13, 9, 174, 35, 56, 99, 32, 80, 44, 196, 118, 152, 65, 189, 48, 17, 109, 60, 137, 8, 81, 77, 25, 135, 23, 171, 45, 120, 131, 84, 190, 26, 12, 161, 54, 41, 185, 126, 119, 66, 30, 46, 156, 5, 108, 106, 74, 154, 182, 21, 133, 142, 89, 38, 55, 151, 177, 70, 129, 82, 61, 53, 186, 150, 124, 180, 1]
[146, 39, 28, 183, 36, 178, 43, 47, 83, 169, 121, 115, 187, 193, 50, 62, 15, 117, 123, 198, 6, 31, 158, 173, 110, 116, 114, 52, 0, 144, 197, 122, 14, 78, 159, 63, 19, 134, 16, 24, 33, 113, 97, 57, 140, 170, 199, 87, 147, 27, 37, 195, 4, 104, 42, 136, 112, 194, 181, 75, 69, 168, 67, 34, 167, 184, 49, 138, 71, 128, 102, 145, 7, 111, 176, 64, 79, 160, 192, 127, 59, 107, 73, 155, 96, 95, 125, 86, 51, 10, 165, 164, 103, 91, 18, 98, 148, 105, 92, 11]
42169

[12, 176, 150, 160, 124, 180, 149, 90, 93, 181, 194, 112, 175, 132, 42, 195, 37, 27, 87, 97, 113, 82, 133, 21, 182, 154, 111, 126, 185, 134, 41, 54, 119, 46, 30, 66, 161, 63, 19, 159, 78, 14, 122, 197, 26, 39, 45, 171, 120, 173, 135, 60, 28, 109, 48, 105, 148, 18, 98, 174, 9, 91, 118, 178, 36, 123, 117, 15, 62, 50, 193, 169, 83, 10, 51, 165, 95, 164, 103, 96, 80, 56, 35, 13, 191, 107, 179, 130, 188, 72, 2, 127, 192, 59, 100, 3, 162, 92, 11, 146]
[69, 101, 143, 172, 22, 168, 163, 139, 20, 153, 88, 58, 68, 141, 73, 99, 155, 32, 44, 196, 125, 86, 47, 121, 115, 187, 43, 152, 65, 189, 17, 183, 137, 8, 77, 81, 6, 198, 25, 31, 23, 158, 110, 116, 114, 52, 0, 131, 84, 144, 190, 64, 79, 76, 157, 166, 40, 29, 67, 34, 1, 53, 5, 186, 156, 106, 108, 74, 7, 16, 24, 33, 89, 142, 145, 128, 102, 57, 140, 170, 199, 147, 55, 151, 177, 70, 38, 129, 71, 61, 184, 167, 49, 138, 4, 104, 136, 85, 94, 75]
39263

[128, 113, 97, 199, 87, 147, 27, 38, 37, 55, 151, 177, 4, 104, 42, 136, 132, 175, 112, 194, 181, 75, 69, 101, 143, 22, 172, 149, 90, 49, 184, 167, 180, 1, 34, 168, 67, 29, 88, 40, 166, 157, 64, 12, 176, 30, 186, 5, 108, 53, 74, 133, 21, 182, 111, 54, 161, 78, 14, 122, 197, 26, 190, 131, 110, 173, 158, 135, 60, 25, 198, 6, 81, 77, 8, 123, 117, 15, 62, 178, 65, 118, 196, 44, 80, 32, 98, 148, 105, 92, 191, 107, 179, 130, 188, 141, 68, 58, 72, 2]
[48, 189, 18, 91, 9, 174, 13, 35, 56, 73, 99, 155, 96, 103, 164, 125, 86, 95, 165, 51, 10, 83, 169, 47, 152, 43, 187, 115, 121, 193, 50, 36, 137, 31, 23, 120, 45, 171, 183, 28, 109, 17, 11, 146, 39, 116, 114, 52, 0, 84, 144, 159, 19, 63, 66, 46, 156, 106, 119, 185, 41, 134, 126, 154, 7, 16, 24, 142, 89, 33, 140, 170, 57, 102, 145, 70, 195, 85, 93, 94, 138, 129, 71, 82, 61, 150, 79, 76, 160, 124, 163, 139, 20, 153, 127, 192, 59, 100, 3, 162]
40948

[186, 5, 108, 106, 53, 74, 129, 195, 4, 104, 136, 42, 177, 151, 55, 37, 38, 27, 87, 97, 113, 102, 33, 89, 142, 24, 16, 7, 21, 133, 111, 185, 54, 119, 46, 66, 176, 12, 14, 122, 144, 84, 0, 52, 114, 116, 171, 183, 36, 137, 198, 6, 81, 15, 178, 43, 152, 65, 118, 148, 105, 13, 191, 107, 68, 141, 73, 44, 103, 164, 165, 95, 86, 125, 96, 80, 32, 99, 155, 179, 130, 188, 72, 2, 58, 40, 29, 67, 168, 163, 139, 20, 22, 172, 34, 1, 180, 124, 160, 150]
[112, 132, 175, 194, 181, 75, 101, 153, 88, 166, 127, 192, 59, 100, 3, 56, 35, 196, 47, 83, 10, 51, 169, 121, 115, 187, 62, 193, 50, 117, 123, 8, 77, 25, 31, 135, 60, 28, 109, 17, 48, 189, 18, 91, 9, 174, 98, 92, 162, 11, 146, 39, 45, 120, 173, 23, 158, 110, 131, 190, 26, 197, 78, 159, 161, 63, 19, 134, 41, 126, 154, 182, 156, 30, 64, 79, 157, 76, 167, 184, 49, 71, 61, 82, 128, 145, 57, 140, 170, 199, 147, 70, 138, 85, 94, 93, 90, 149, 143, 69]
39310

[64, 54, 41, 134, 185, 126, 119, 111, 154, 182, 7, 21, 133, 128, 113, 97, 87, 38, 129, 71, 82, 61, 184, 49, 138, 94, 90, 93, 112, 132, 175, 194, 181, 75, 69, 101, 20, 153, 88, 40, 172, 167, 53, 5, 156, 186, 150, 160, 79, 127, 192, 26, 190, 146, 100, 3, 162, 105, 148, 98, 9, 174, 44, 196, 47, 121, 115, 187, 178, 36, 183, 17, 48, 109, 28, 60, 135, 25, 137, 8, 77, 81, 6, 198, 31, 23, 158, 173, 120, 171, 45, 110, 116, 114, 52, 0, 131, 84, 144, 14]
[108, 180, 124, 46, 30, 66, 161, 63, 19, 159, 78, 176, 12, 122, 197, 39, 11, 92, 189, 18, 91, 118, 65, 152, 43, 62, 15, 117, 123, 50, 193, 169, 83, 10, 51, 165, 86, 125, 95, 164, 103, 96, 80, 32, 99, 155, 179, 130, 188, 72, 2, 58, 68, 141, 73, 56, 35, 107, 13, 191, 59, 166, 157, 76, 29, 67, 1, 34, 168, 139, 163, 22, 143, 149, 85, 136, 42, 104, 4, 195, 177, 151, 55, 70, 37, 27, 147, 199, 170, 140, 57, 33, 89, 24, 16, 142, 102, 145, 74, 106]
38841

[45, 171, 120, 11, 146, 176, 66, 119, 106, 108, 74, 133, 21, 7, 16, 24, 142, 89, 33, 113, 97, 87, 104, 42, 136, 132, 175, 112, 194, 181, 75, 143, 149, 184, 53, 180, 1, 34, 163, 139, 88, 166, 100, 3, 162, 107, 141, 68, 2, 188, 130, 179, 155, 32, 44, 196, 174, 9, 91, 98, 18, 189, 48, 17, 109, 28, 183, 36, 178, 65, 152, 165, 95, 125, 86, 51, 169, 121, 193, 50, 115, 187, 43, 62, 15, 117, 123, 137, 60, 135, 25, 8, 77, 81, 6, 198, 31, 23, 158, 173]
[160, 124, 167, 172, 22, 168, 67, 29, 40, 58, 72, 153, 20, 101, 69, 90, 93, 94, 49, 61, 82, 71, 129, 70, 138, 85, 4, 195, 177, 151, 55, 37, 38, 27, 147, 199, 170, 140, 57, 102, 145, 128, 182, 154, 111, 126, 185, 134, 41, 54, 19, 63, 161, 159, 78, 12, 14, 122, 197, 26, 190, 144, 84, 0, 52, 114, 116, 110, 131, 39, 92, 105, 148, 118, 47, 83, 10, 164, 103, 96, 80, 99, 73, 56, 35, 13, 191, 59, 127, 192, 157, 76, 64, 30, 46, 156, 5, 186, 150, 79]
38063

[120, 173, 52, 0, 131, 84, 144, 14, 78, 159, 161, 54, 185, 126, 111, 106, 7, 145, 102, 142, 16, 24, 89, 33, 140, 170, 87, 38, 129, 138, 71, 82, 61, 49, 184, 167, 149, 94, 104, 42, 136, 132, 175, 112, 194, 181, 75, 69, 101, 163, 139, 20, 153, 88, 40, 29, 67, 34, 1, 180, 124, 160, 79, 76, 157, 192, 127, 59, 100, 73, 99, 155, 32, 44, 196, 91, 118, 65, 152, 165, 164, 95, 125, 86, 51, 10, 83, 62, 15, 178, 189, 48, 17, 109, 45, 171, 135, 25, 137, 60]
[63, 66, 176, 12, 122, 197, 26, 190, 39, 146, 3, 105, 148, 92, 162, 11, 110, 114, 116, 158, 23, 31, 198, 6, 81, 77, 8, 123, 183, 28, 36, 117, 50, 193, 187, 43, 115, 121, 169, 47, 103, 96, 80, 174, 9, 18, 98, 13, 191, 107, 35, 56, 141, 179, 130, 188, 68, 2, 72, 58, 166, 168, 22, 172, 143, 90, 93, 85, 4, 151, 55, 177, 195, 70, 37, 27, 147, 199, 57, 97, 113, 128, 133, 21, 182, 154, 74, 53, 186, 150, 64, 30, 46, 5, 108, 156, 119, 41, 134, 19]
38687

[148, 189, 17, 109, 28, 183, 171, 45, 120, 173, 110, 52, 0, 114, 116, 158, 23, 31, 25, 135, 60, 36, 137, 123, 62, 43, 152, 65, 47, 165, 95, 86, 125, 164, 103, 96, 80, 155, 99, 32, 44, 196, 174, 9, 18, 98, 13, 191, 3, 162, 105, 92, 11, 39, 146, 192, 64, 176, 12, 78, 159, 54, 185, 126, 111, 154, 7, 145, 102, 128, 38, 151, 177, 4, 104, 42, 136, 85, 112, 132, 175, 194, 181, 75, 69, 101, 143, 93, 94, 90, 149, 1, 180, 34, 168, 67, 29, 127, 59, 100]
[118, 91, 35, 56, 73, 141, 179, 130, 188, 72, 2, 58, 68, 107, 166, 40, 88, 153, 20, 139, 163, 22, 172, 49, 138, 195, 55, 147, 199, 170, 140, 57, 33, 89, 24, 16, 142, 113, 97, 87, 27, 37, 70, 129, 71, 82, 61, 184, 167, 124, 160, 150, 186, 53, 74, 133, 21, 182, 106, 108, 5, 156, 46, 119, 41, 134, 19, 63, 161, 66, 30, 79, 76, 157, 14, 122, 197, 26, 190, 144, 84, 131, 48, 178, 187, 115, 83, 10, 51, 169, 121, 193, 50, 15, 117, 8, 198, 6, 81, 77]
39842

[64, 186, 150, 79, 192, 127, 59, 100, 3, 26, 197, 190, 144, 84, 0, 52, 114, 116, 110, 120, 173, 158, 23, 31, 171, 45, 48, 17, 109, 28, 183, 36, 117, 15, 50, 62, 43, 187, 115, 193, 121, 169, 51, 10, 83, 47, 165, 86, 125, 95, 164, 103, 96, 80, 99, 155, 179, 130, 188, 166, 157, 76, 160, 124, 180, 29, 67, 22, 172, 143, 101, 69, 75, 90, 149, 49, 138, 94, 93, 181, 194, 112, 175, 132, 42, 199, 170, 140, 57, 145, 7, 21, 133, 74, 156, 46, 30, 66, 161, 176]
[2, 68, 141, 107, 73, 32, 44, 196, 35, 56, 13, 191, 98, 174, 9, 91, 18, 118, 65, 152, 178, 123, 8, 77, 81, 6, 198, 25, 135, 60, 137, 189, 148, 105, 92, 162, 11, 146, 39, 131, 122, 14, 12, 78, 159, 63, 19, 134, 41, 54, 119, 185, 126, 111, 106, 108, 5, 53, 182, 154, 16, 24, 142, 89, 33, 102, 97, 113, 128, 82, 61, 71, 129, 38, 27, 87, 147, 37, 70, 195, 55, 151, 177, 4, 104, 136, 85, 184, 167, 1, 34, 168, 163, 139, 20, 153, 88, 40, 58, 72]
36933

[163, 139, 88, 40, 166, 127, 192, 59, 100, 107, 68, 58, 2, 72, 188, 130, 179, 141, 73, 56, 35, 99, 155, 32, 80, 96, 103, 165, 83, 169, 121, 115, 193, 50, 81, 77, 8, 123, 117, 15, 178, 189, 18, 91, 9, 174, 98, 148, 105, 92, 162, 3, 11, 146, 39, 26, 197, 12, 176, 66, 30, 46, 119, 54, 41, 134, 185, 126, 111, 156, 106, 108, 74, 133, 145, 102, 57, 97, 113, 128, 82, 61, 85, 136, 132, 175, 112, 194, 181, 93, 90, 149, 172, 22, 168, 67, 34, 124, 180, 1]
[94, 75, 69, 143, 101, 20, 153, 29, 191, 13, 44, 196, 164, 95, 125, 86, 51, 10, 47, 118, 65, 152, 43, 187, 62, 36, 183, 60, 137, 6, 198, 25, 135, 31, 23, 158, 173, 120, 45, 171, 28, 109, 17, 48, 110, 116, 114, 52, 0, 131, 84, 144, 190, 122, 14, 78, 159, 19, 63, 161, 64, 79, 157, 76, 160, 150, 186, 5, 53, 154, 182, 21, 7, 16, 24, 142, 89, 33, 140, 170, 199, 87, 147, 27, 38, 37, 55, 151, 177, 42, 104, 4, 195, 70, 129, 71, 184, 167, 49, 138]
38079

[74, 108, 5, 53, 184, 167, 172, 149, 90, 75, 69, 143, 22, 168, 163, 88, 40, 58, 2, 72, 188, 107, 191, 13, 174, 9, 98, 148, 105, 92, 162, 59, 166, 29, 67, 34, 1, 180, 150, 64, 26, 39, 146, 11, 48, 189, 178, 43, 187, 115, 121, 62, 15, 117, 123, 137, 135, 158, 173, 120, 110, 116, 114, 52, 0, 131, 84, 144, 190, 197, 122, 14, 78, 159, 161, 63, 19, 134, 41, 126, 185, 54, 66, 46, 119, 111, 154, 21, 133, 128, 87, 147, 27, 38, 37, 70, 129, 71, 61, 82]
[145, 7, 182, 106, 156, 186, 30, 176, 12, 192, 127, 100, 3, 45, 171, 23, 31, 28, 109, 17, 183, 36, 60, 25, 198, 6, 81, 77, 8, 50, 193, 169, 152, 65, 18, 91, 118, 47, 83, 10, 51, 86, 125, 95, 165, 164, 103, 96, 80, 44, 196, 35, 56, 73, 99, 32, 155, 179, 130, 141, 68, 157, 76, 79, 160, 124, 49, 138, 85, 94, 93, 139, 20, 153, 101, 181, 194, 112, 175, 132, 136, 42, 104, 4, 195, 177, 151, 55, 199, 170, 140, 57, 97, 113, 102, 33, 89, 142, 24, 16]
39277

[190, 131, 110, 120, 173, 158, 23, 31, 135, 25, 198, 6, 81, 77, 60, 109, 17, 48, 189, 178, 117, 15, 50, 62, 65, 196, 44, 96, 80, 32, 35, 56, 73, 99, 155, 179, 130, 188, 72, 2, 58, 3, 100, 59, 127, 192, 157, 76, 166, 29, 67, 22, 143, 69, 75, 90, 93, 175, 132, 136, 42, 104, 4, 85, 138, 94, 49, 184, 61, 82, 71, 129, 38, 70, 177, 151, 55, 147, 87, 97, 113, 102, 128, 53, 5, 108, 106, 119, 54, 41, 134, 19, 63, 161, 66, 46, 30, 79, 64, 176]
[107, 191, 13, 98, 148, 105, 92, 162, 11, 146, 39, 26, 197, 12, 78, 159, 14, 122, 144, 84, 0, 52, 114, 116, 45, 171, 28, 183, 36, 137, 8, 123, 193, 121, 169, 115, 187, 43, 152, 47, 83, 10, 51, 165, 95, 86, 125, 164, 103, 118, 18, 91, 9, 174, 141, 68, 88, 153, 20, 139, 163, 101, 181, 194, 112, 195, 37, 27, 199, 170, 140, 57, 33, 89, 142, 24, 16, 145, 7, 21, 133, 74, 182, 154, 111, 126, 185, 156, 186, 150, 160, 124, 180, 1, 34, 167, 149, 172, 168, 40]
40409

[149, 172, 22, 163, 20, 153, 139, 1, 180, 124, 53, 5, 186, 150, 160, 79, 76, 157, 166, 107, 191, 162, 11, 109, 17, 48, 189, 18, 9, 174, 103, 164, 95, 125, 86, 51, 10, 47, 65, 152, 193, 50, 77, 81, 6, 198, 25, 60, 135, 31, 23, 52, 0, 131, 197, 12, 176, 64, 66, 30, 46, 156, 108, 106, 119, 41, 134, 126, 154, 182, 7, 145, 142, 16, 24, 89, 33, 102, 57, 140, 170, 199, 97, 113, 87, 147, 27, 38, 37, 70, 55, 151, 177, 195, 4, 85, 94, 93, 75, 90]
[35, 56, 73, 99, 155, 32, 80, 96, 44, 196, 13, 92, 105, 148, 98, 91, 118, 165, 83, 169, 121, 115, 187, 43, 62, 178, 15, 117, 123, 8, 137, 36, 183, 28, 171, 45, 120, 173, 158, 116, 114, 110, 39, 146, 3, 100, 59, 127, 192, 26, 190, 84, 144, 122, 14, 78, 159, 161, 63, 19, 54, 185, 111, 74, 21, 133, 128, 129, 71, 82, 61, 184, 49, 138, 104, 42, 136, 132, 175, 112, 194, 181, 69, 101, 143, 167, 34, 168, 67, 29, 88, 40, 58, 72, 2, 68, 141, 179, 130, 188]
37605

[33, 89, 142, 102, 113, 97, 57, 140, 170, 199, 87, 147, 27, 38, 129, 70, 37, 55, 151, 177, 195, 4, 85, 94, 93, 75, 90, 149, 172, 168, 40, 68, 141, 73, 99, 44, 196, 98, 148, 105, 13, 107, 191, 100, 3, 162, 92, 48, 109, 28, 183, 178, 152, 43, 187, 115, 165, 95, 125, 86, 169, 121, 193, 50, 62, 15, 117, 123, 198, 6, 31, 23, 158, 173, 116, 114, 110, 131, 12, 176, 161, 54, 41, 134, 126, 111, 154, 182, 106, 186, 124, 180, 167, 184, 49, 71, 128, 145, 16, 24]
[127, 192, 59, 166, 157, 76, 79, 160, 29, 67, 1, 34, 22, 143, 69, 181, 194, 112, 175, 132, 136, 42, 104, 138, 82, 61, 133, 21, 7, 74, 53, 5, 108, 156, 46, 30, 150, 64, 66, 119, 185, 63, 19, 159, 78, 14, 122, 197, 26, 190, 144, 84, 0, 52, 39, 146, 11, 45, 171, 120, 60, 135, 25, 77, 81, 8, 137, 36, 17, 189, 18, 118, 65, 47, 83, 10, 51, 164, 103, 91, 9, 174, 35, 56, 32, 80, 96, 155, 179, 130, 188, 72, 2, 58, 88, 153, 20, 101, 163, 139]
40027

[143, 90, 94, 93, 75, 181, 194, 136, 42, 104, 4, 195, 177, 55, 70, 37, 27, 199, 170, 140, 57, 24, 16, 7, 154, 182, 74, 106, 156, 108, 5, 186, 150, 160, 29, 40, 68, 141, 107, 13, 191, 3, 162, 92, 105, 148, 18, 189, 17, 48, 11, 146, 26, 78, 119, 185, 41, 54, 159, 14, 144, 131, 39, 173, 120, 45, 171, 109, 36, 178, 62, 50, 193, 115, 121, 169, 51, 10, 83, 47, 165, 95, 86, 125, 164, 103, 96, 80, 44, 32, 99, 155, 179, 130, 72, 153, 139, 20, 101, 69]
[157, 76, 79, 124, 180, 34, 1, 53, 46, 30, 66, 161, 63, 19, 134, 126, 111, 21, 133, 145, 142, 89, 33, 102, 128, 82, 61, 71, 129, 38, 113, 97, 87, 147, 151, 132, 175, 112, 85, 138, 49, 184, 167, 149, 172, 22, 168, 67, 163, 88, 58, 2, 188, 73, 56, 35, 196, 174, 9, 98, 91, 118, 65, 152, 43, 187, 15, 117, 123, 137, 8, 77, 81, 6, 198, 25, 135, 60, 183, 28, 31, 23, 158, 116, 114, 110, 52, 0, 84, 190, 197, 122, 12, 176, 64, 192, 127, 100, 59, 166]
40211

[45, 23, 158, 116, 114, 0, 84, 144, 190, 197, 122, 14, 63, 19, 134, 41, 126, 7, 128, 145, 89, 33, 57, 140, 170, 199, 147, 37, 70, 195, 177, 55, 151, 4, 138, 85, 132, 175, 112, 194, 94, 49, 184, 61, 82, 182, 154, 185, 54, 161, 66, 30, 46, 156, 124, 180, 168, 163, 139, 153, 88, 58, 72, 2, 68, 141, 188, 130, 179, 96, 165, 47, 50, 123, 117, 15, 62, 43, 152, 65, 118, 91, 9, 174, 35, 56, 73, 107, 13, 191, 162, 146, 39, 11, 109, 17, 48, 92, 148, 105]
[103, 164, 95, 125, 86, 51, 10, 83, 169, 121, 193, 115, 187, 178, 18, 98, 189, 36, 137, 8, 77, 81, 6, 198, 25, 31, 135, 60, 183, 28, 171, 120, 173, 110, 52, 131, 26, 192, 127, 157, 76, 64, 176, 12, 78, 159, 119, 111, 16, 24, 142, 102, 113, 97, 87, 27, 38, 129, 71, 133, 21, 74, 53, 106, 108, 5, 186, 150, 79, 160, 29, 67, 34, 1, 167, 172, 22, 143, 149, 90, 93, 104, 42, 136, 181, 75, 69, 101, 20, 40, 166, 59, 100, 3, 196, 44, 80, 32, 99, 155]
41989

[106, 7, 16, 24, 142, 89, 33, 102, 113, 97, 38, 195, 4, 132, 175, 112, 94, 93, 90, 149, 143, 172, 22, 168, 34, 1, 180, 124, 150, 160, 29, 67, 139, 88, 40, 166, 58, 2, 72, 188, 68, 141, 73, 56, 103, 164, 125, 86, 95, 165, 47, 83, 10, 51, 169, 152, 65, 18, 98, 162, 92, 189, 178, 15, 62, 121, 193, 50, 117, 123, 137, 36, 183, 109, 28, 60, 31, 23, 158, 116, 114, 110, 52, 0, 84, 131, 39, 11, 146, 26, 190, 197, 54, 41, 134, 185, 126, 119, 46, 156]
[145, 128, 133, 21, 74, 182, 154, 111, 30, 66, 176, 161, 63, 19, 159, 78, 12, 14, 122, 144, 173, 120, 45, 171, 135, 25, 198, 6, 81, 77, 8, 187, 115, 43, 17, 48, 148, 105, 13, 35, 174, 9, 91, 118, 196, 44, 96, 80, 32, 99, 155, 179, 130, 107, 191, 3, 100, 59, 127, 192, 157, 76, 79, 64, 186, 5, 108, 53, 61, 82, 49, 184, 167, 163, 20, 153, 101, 69, 75, 181, 194, 136, 42, 104, 85, 138, 71, 129, 70, 177, 151, 55, 37, 27, 147, 87, 199, 140, 57, 170]
39625

[191, 13, 35, 56, 73, 99, 32, 80, 44, 196, 174, 9, 98, 189, 48, 17, 36, 178, 47, 165, 95, 125, 86, 51, 10, 83, 169, 121, 193, 50, 62, 15, 117, 123, 8, 77, 81, 6, 198, 25, 137, 60, 135, 31, 23, 158, 173, 120, 45, 148, 105, 92, 162, 146, 26, 122, 14, 12, 78, 161, 66, 119, 154, 182, 74, 133, 21, 7, 16, 24, 33, 57, 140, 170, 199, 97, 113, 87, 147, 184, 167, 94, 93, 181, 75, 163, 34, 1, 180, 124, 160, 150, 79, 76, 157, 192, 127, 59, 141, 107]
[42, 136, 132, 175, 112, 194, 49, 82, 61, 53, 5, 186, 46, 30, 64, 176, 197, 190, 131, 39, 11, 3, 100, 166, 29, 67, 168, 22, 172, 149, 90, 143, 69, 101, 20, 139, 153, 88, 40, 58, 72, 2, 68, 188, 130, 179, 155, 96, 103, 164, 115, 187, 43, 152, 65, 118, 91, 18, 109, 28, 183, 171, 110, 116, 114, 52, 0, 84, 144, 159, 19, 63, 54, 41, 134, 185, 126, 111, 156, 108, 106, 145, 142, 89, 102, 128, 38, 27, 37, 55, 151, 177, 104, 4, 195, 70, 129, 71, 138, 85]
39465

[176, 12, 14, 122, 144, 0, 52, 110, 158, 173, 120, 171, 45, 11, 162, 92, 105, 48, 109, 28, 60, 135, 25, 198, 6, 81, 77, 8, 117, 15, 43, 187, 115, 169, 51, 10, 83, 47, 103, 196, 44, 35, 56, 73, 179, 130, 141, 68, 166, 29, 67, 160, 79, 150, 186, 5, 53, 82, 71, 129, 70, 138, 94, 93, 69, 20, 101, 75, 181, 194, 112, 175, 132, 136, 42, 104, 4, 151, 55, 37, 38, 27, 97, 113, 128, 102, 142, 89, 24, 16, 7, 182, 154, 111, 126, 134, 41, 161, 159, 78]
[192, 127, 59, 100, 3, 146, 39, 190, 26, 197, 84, 131, 114, 116, 23, 31, 137, 123, 36, 183, 17, 189, 148, 98, 18, 91, 118, 65, 152, 178, 62, 50, 193, 121, 165, 95, 86, 125, 164, 96, 80, 155, 99, 32, 174, 9, 13, 191, 107, 188, 72, 2, 58, 40, 88, 153, 139, 163, 168, 22, 172, 143, 149, 90, 85, 195, 177, 147, 87, 199, 170, 140, 57, 33, 145, 133, 21, 74, 61, 49, 184, 167, 34, 1, 180, 124, 108, 106, 156, 46, 119, 185, 54, 19, 63, 66, 30, 64, 76, 157]
38347

[114, 116, 84, 197, 26, 190, 131, 110, 120, 173, 158, 23, 31, 25, 198, 6, 81, 117, 15, 178, 62, 50, 193, 121, 115, 187, 43, 47, 96, 80, 44, 32, 155, 99, 73, 107, 141, 68, 153, 20, 139, 143, 93, 94, 49, 138, 85, 136, 42, 104, 4, 177, 195, 70, 38, 87, 97, 33, 89, 142, 24, 16, 145, 128, 129, 71, 82, 61, 53, 108, 111, 126, 134, 19, 63, 161, 66, 176, 64, 30, 46, 156, 5, 186, 150, 34, 67, 29, 166, 127, 192, 100, 3, 162, 148, 189, 17, 48, 11, 39]
[183, 28, 109, 65, 152, 169, 83, 10, 51, 86, 125, 95, 165, 164, 103, 196, 118, 91, 18, 98, 9, 174, 35, 56, 179, 130, 188, 72, 2, 58, 88, 40, 76, 157, 59, 191, 13, 105, 92, 146, 122, 14, 12, 79, 160, 124, 180, 1, 167, 184, 90, 149, 172, 22, 168, 163, 101, 69, 75, 181, 194, 112, 175, 132, 151, 55, 37, 27, 147, 199, 170, 140, 57, 113, 102, 7, 133, 21, 182, 154, 74, 106, 119, 185, 41, 54, 159, 78, 144, 0, 52, 45, 171, 135, 60, 77, 8, 137, 123, 36]
41107

[128, 145, 102, 57, 140, 170, 199, 147, 55, 151, 177, 4, 104, 42, 136, 85, 138, 49, 94, 149, 172, 168, 29, 88, 40, 68, 73, 56, 35, 92, 105, 148, 196, 44, 32, 99, 155, 80, 96, 103, 164, 125, 86, 95, 165, 47, 43, 187, 193, 50, 15, 123, 137, 8, 25, 31, 23, 135, 60, 109, 17, 48, 11, 110, 116, 114, 52, 0, 84, 144, 14, 122, 197, 26, 39, 192, 127, 64, 176, 78, 159, 19, 63, 161, 66, 54, 41, 134, 185, 126, 111, 154, 182, 82, 61, 184, 71, 129, 38, 27]
[131, 158, 173, 120, 45, 171, 28, 183, 36, 198, 6, 81, 77, 117, 178, 62, 115, 121, 169, 51, 10, 83, 152, 65, 118, 91, 9, 174, 98, 18, 189, 162, 146, 3, 100, 59, 191, 13, 107, 141, 179, 130, 188, 72, 2, 58, 166, 157, 76, 79, 150, 160, 124, 180, 67, 34, 1, 167, 22, 163, 139, 20, 153, 101, 75, 69, 143, 90, 93, 181, 194, 175, 132, 112, 195, 70, 37, 87, 97, 113, 33, 89, 142, 24, 16, 7, 21, 133, 74, 53, 186, 5, 108, 106, 156, 119, 46, 30, 12, 190]
39056

[6, 81, 77, 8, 117, 65, 152, 43, 115, 169, 10, 51, 86, 125, 95, 164, 165, 83, 47, 118, 91, 9, 174, 98, 18, 92, 146, 26, 12, 176, 64, 79, 157, 76, 160, 150, 186, 53, 74, 21, 133, 61, 184, 167, 172, 22, 67, 29, 163, 101, 69, 75, 181, 136, 177, 151, 55, 70, 129, 38, 37, 27, 87, 97, 113, 102, 33, 89, 142, 24, 16, 7, 111, 46, 119, 185, 41, 134, 19, 63, 159, 0, 52, 110, 131, 39, 11, 173, 120, 45, 171, 48, 17, 109, 28, 183, 36, 60, 25, 198]
[14, 122, 78, 161, 54, 126, 154, 182, 128, 145, 57, 140, 170, 199, 147, 195, 4, 104, 42, 132, 175, 112, 194, 85, 138, 71, 82, 49, 94, 93, 90, 149, 143, 20, 153, 139, 168, 34, 1, 180, 124, 5, 108, 106, 156, 30, 66, 192, 127, 166, 40, 88, 58, 2, 72, 188, 130, 179, 155, 99, 32, 80, 96, 103, 196, 44, 35, 56, 73, 141, 68, 107, 13, 191, 59, 100, 3, 162, 105, 148, 189, 178, 187, 121, 193, 50, 62, 15, 123, 137, 135, 31, 23, 158, 116, 114, 84, 190, 197, 144]
39454

[1, 34, 180, 124, 150, 186, 111, 119, 54, 63, 19, 134, 41, 185, 126, 154, 182, 7, 21, 133, 128, 102, 57, 140, 170, 199, 147, 129, 85, 132, 175, 112, 194, 181, 93, 90, 75, 69, 101, 20, 153, 88, 139, 163, 22, 168, 67, 29, 166, 40, 58, 68, 99, 80, 96, 103, 164, 125, 86, 95, 165, 51, 10, 83, 169, 121, 115, 47, 91, 18, 98, 107, 59, 127, 192, 146, 11, 36, 137, 8, 77, 25, 135, 31, 23, 158, 173, 110, 84, 144, 190, 14, 78, 159, 161, 64, 79, 157, 76, 160]
[100, 3, 191, 13, 9, 174, 35, 56, 73, 141, 2, 72, 188, 130, 179, 155, 32, 44, 196, 118, 65, 152, 43, 187, 193, 50, 62, 178, 15, 117, 123, 81, 6, 198, 60, 183, 28, 109, 17, 189, 148, 105, 92, 162, 48, 171, 45, 120, 116, 114, 52, 0, 131, 39, 26, 197, 122, 12, 176, 66, 30, 46, 156, 5, 108, 106, 74, 145, 16, 24, 142, 89, 33, 113, 97, 87, 27, 38, 37, 55, 151, 177, 104, 42, 136, 4, 195, 70, 138, 94, 149, 143, 172, 167, 184, 49, 71, 82, 61, 53]
40263

[177, 151, 55, 147, 87, 97, 113, 102, 24, 16, 7, 133, 21, 182, 126, 41, 134, 19, 63, 78, 144, 84, 131, 0, 52, 110, 39, 11, 146, 64, 79, 160, 150, 186, 53, 82, 61, 184, 167, 172, 22, 34, 168, 67, 100, 3, 162, 92, 105, 148, 98, 174, 9, 48, 17, 109, 120, 173, 158, 23, 31, 6, 198, 25, 137, 123, 117, 15, 178, 43, 187, 62, 50, 193, 115, 121, 169, 51, 10, 83, 47, 152, 65, 196, 44, 32, 99, 73, 56, 35, 13, 191, 107, 40, 88, 69, 93, 181, 85, 195]
[141, 68, 188, 130, 179, 155, 80, 96, 125, 86, 95, 165, 164, 103, 118, 91, 18, 189, 28, 183, 36, 8, 81, 77, 60, 135, 171, 45, 116, 114, 59, 127, 192, 26, 190, 197, 122, 14, 12, 176, 159, 161, 54, 185, 66, 30, 46, 119, 111, 154, 74, 106, 156, 108, 5, 124, 180, 1, 143, 149, 90, 94, 49, 138, 71, 129, 128, 145, 142, 89, 33, 57, 140, 170, 199, 27, 38, 37, 70, 4, 104, 42, 136, 132, 175, 112, 194, 75, 101, 153, 20, 139, 163, 29, 76, 157, 166, 58, 72, 2]
41287

[192, 127, 100, 59, 166, 40, 58, 188, 2, 72, 88, 153, 20, 139, 163, 29, 67, 34, 1, 160, 76, 79, 53, 74, 61, 82, 71, 138, 85, 49, 184, 167, 149, 90, 93, 94, 112, 175, 132, 42, 104, 4, 195, 55, 37, 70, 129, 38, 27, 199, 170, 140, 57, 128, 133, 21, 182, 154, 111, 185, 161, 12, 122, 197, 190, 26, 146, 11, 39, 131, 0, 52, 114, 116, 45, 171, 123, 117, 15, 62, 43, 187, 115, 47, 103, 96, 80, 73, 56, 35, 13, 174, 9, 98, 148, 105, 92, 162, 191, 3]
[106, 156, 119, 46, 30, 66, 176, 64, 157, 107, 68, 141, 130, 179, 155, 99, 32, 44, 196, 164, 125, 86, 95, 165, 51, 10, 83, 169, 121, 193, 50, 178, 152, 65, 118, 91, 18, 189, 48, 17, 109, 28, 183, 36, 60, 135, 25, 137, 8, 77, 81, 6, 198, 31, 23, 158, 173, 120, 110, 84, 144, 14, 78, 159, 19, 63, 54, 41, 134, 126, 7, 16, 24, 33, 89, 142, 145, 102, 113, 97, 87, 147, 151, 177, 136, 194, 181, 75, 69, 101, 143, 172, 22, 168, 180, 124, 150, 186, 5, 108]
39009

[71, 129, 70, 195, 4, 136, 42, 104, 177, 151, 55, 37, 27, 147, 199, 170, 97, 113, 128, 82, 61, 184, 167, 149, 112, 132, 175, 194, 181, 143, 22, 172, 1, 34, 168, 67, 29, 40, 166, 59, 191, 13, 107, 68, 141, 73, 99, 56, 35, 174, 9, 98, 18, 148, 105, 162, 92, 189, 178, 65, 152, 83, 10, 125, 86, 51, 169, 121, 115, 187, 193, 50, 117, 8, 77, 81, 6, 198, 25, 60, 28, 109, 17, 48, 11, 146, 39, 185, 119, 46, 30, 186, 5, 53, 74, 182, 154, 106, 156, 108]
[122, 14, 78, 159, 161, 63, 19, 54, 41, 134, 126, 111, 133, 21, 7, 16, 24, 89, 142, 145, 102, 33, 57, 140, 87, 38, 138, 85, 49, 94, 93, 90, 75, 69, 101, 163, 139, 20, 153, 88, 58, 2, 72, 188, 130, 179, 155, 32, 80, 96, 44, 196, 91, 118, 103, 164, 95, 165, 47, 43, 62, 15, 36, 183, 123, 137, 135, 31, 23, 158, 173, 120, 171, 45, 3, 100, 192, 127, 157, 76, 160, 180, 124, 150, 79, 64, 66, 176, 12, 197, 26, 190, 84, 131, 110, 116, 114, 52, 0, 144]
38864

[157, 64, 79, 160, 150, 186, 5, 108, 53, 184, 49, 167, 180, 1, 34, 172, 143, 101, 69, 75, 90, 93, 94, 85, 138, 129, 70, 177, 151, 55, 27, 147, 87, 113, 97, 199, 170, 140, 57, 33, 89, 142, 102, 145, 133, 21, 182, 154, 111, 30, 66, 161, 159, 176, 12, 26, 39, 146, 11, 45, 171, 109, 28, 60, 135, 25, 77, 81, 8, 123, 117, 15, 178, 62, 50, 193, 47, 118, 18, 91, 9, 174, 98, 148, 105, 92, 162, 3, 100, 191, 13, 35, 56, 99, 155, 179, 130, 59, 192, 127]
[107, 73, 32, 44, 196, 80, 96, 103, 164, 125, 86, 95, 165, 51, 10, 83, 169, 121, 115, 187, 43, 152, 65, 189, 48, 17, 183, 36, 137, 198, 6, 31, 23, 158, 173, 120, 110, 116, 114, 52, 0, 131, 84, 144, 190, 197, 122, 14, 78, 19, 63, 54, 41, 134, 185, 126, 119, 46, 156, 106, 74, 7, 16, 24, 128, 82, 61, 71, 38, 37, 195, 4, 104, 42, 136, 132, 175, 112, 194, 181, 149, 22, 163, 20, 153, 139, 168, 67, 29, 124, 76, 166, 40, 88, 58, 2, 72, 188, 141, 68]
36677

[143, 69, 75, 101, 22, 168, 34, 180, 124, 74, 21, 133, 145, 128, 82, 71, 129, 138, 85, 136, 42, 104, 4, 195, 70, 27, 147, 87, 102, 142, 24, 16, 7, 182, 154, 63, 19, 159, 78, 176, 12, 122, 197, 26, 146, 39, 131, 114, 116, 120, 173, 158, 23, 198, 6, 81, 77, 8, 137, 123, 117, 15, 62, 50, 193, 169, 83, 10, 51, 165, 95, 86, 125, 164, 103, 96, 91, 18, 189, 17, 109, 28, 183, 171, 48, 162, 3, 100, 127, 157, 76, 166, 40, 88, 29, 67, 163, 139, 153, 20]
[118, 148, 92, 105, 98, 9, 174, 196, 44, 80, 32, 99, 155, 179, 130, 188, 72, 2, 58, 68, 141, 73, 56, 35, 13, 191, 107, 59, 192, 64, 30, 46, 156, 106, 108, 5, 186, 53, 61, 49, 184, 167, 150, 79, 160, 1, 172, 149, 90, 94, 93, 181, 194, 112, 175, 132, 177, 151, 55, 37, 38, 113, 97, 199, 170, 140, 57, 33, 89, 111, 126, 185, 134, 41, 54, 119, 66, 161, 14, 190, 144, 84, 0, 52, 110, 11, 45, 31, 25, 135, 60, 36, 178, 43, 187, 121, 115, 152, 65, 47]
40253

[78, 159, 19, 63, 54, 126, 111, 156, 108, 106, 154, 182, 7, 128, 145, 102, 142, 16, 24, 89, 33, 113, 27, 37, 55, 151, 177, 4, 104, 42, 136, 132, 175, 112, 194, 181, 138, 49, 82, 61, 53, 5, 186, 30, 64, 176, 12, 14, 122, 190, 144, 84, 39, 3, 100, 59, 107, 191, 13, 105, 148, 98, 18, 189, 178, 15, 117, 8, 198, 6, 81, 77, 50, 193, 121, 83, 164, 103, 91, 9, 174, 35, 56, 73, 179, 130, 188, 72, 2, 58, 88, 139, 20, 163, 29, 76, 157, 192, 127, 166]
[131, 0, 52, 114, 116, 110, 158, 173, 120, 171, 45, 11, 92, 162, 146, 26, 197, 161, 66, 46, 119, 185, 41, 134, 21, 133, 74, 150, 79, 160, 124, 180, 1, 34, 67, 168, 22, 172, 167, 184, 71, 129, 70, 38, 97, 57, 140, 170, 199, 87, 147, 195, 85, 94, 93, 90, 149, 143, 69, 75, 101, 153, 40, 68, 141, 155, 99, 32, 80, 96, 44, 196, 118, 65, 152, 43, 47, 165, 95, 125, 86, 51, 10, 169, 115, 187, 62, 123, 137, 25, 31, 23, 135, 60, 36, 183, 28, 109, 48, 17]
40743

[61, 82, 71, 129, 38, 147, 87, 97, 199, 170, 140, 57, 33, 24, 16, 7, 74, 106, 156, 30, 46, 119, 126, 185, 41, 134, 19, 63, 161, 66, 176, 12, 122, 197, 26, 39, 173, 120, 45, 171, 28, 60, 198, 6, 81, 123, 117, 15, 187, 115, 47, 165, 164, 103, 44, 32, 155, 99, 56, 35, 13, 191, 174, 9, 91, 98, 18, 189, 148, 105, 92, 162, 3, 100, 59, 127, 166, 58, 2, 72, 153, 20, 101, 69, 75, 93, 94, 85, 138, 49, 90, 149, 172, 168, 34, 1, 180, 124, 167, 184]
[31, 23, 158, 110, 116, 114, 52, 0, 131, 84, 144, 190, 14, 78, 159, 54, 111, 154, 182, 21, 133, 128, 145, 142, 89, 102, 113, 27, 37, 70, 195, 55, 151, 177, 4, 104, 42, 136, 132, 175, 112, 194, 181, 143, 22, 163, 139, 88, 188, 130, 179, 73, 107, 141, 68, 40, 29, 67, 160, 150, 186, 53, 5, 108, 64, 79, 76, 157, 192, 146, 11, 48, 118, 196, 80, 96, 95, 125, 86, 51, 10, 83, 169, 121, 193, 50, 62, 43, 152, 65, 178, 36, 17, 109, 183, 137, 8, 77, 25, 135]
38631

[18, 118, 65, 152, 178, 183, 173, 114, 116, 158, 135, 60, 36, 117, 15, 50, 193, 121, 169, 83, 10, 51, 165, 164, 103, 80, 155, 99, 32, 44, 196, 91, 9, 174, 13, 107, 2, 72, 58, 88, 139, 20, 163, 168, 34, 67, 29, 76, 79, 150, 160, 124, 180, 1, 167, 172, 22, 90, 94, 93, 181, 194, 112, 175, 132, 85, 138, 136, 42, 104, 4, 195, 177, 151, 55, 129, 71, 82, 61, 53, 108, 106, 111, 126, 185, 134, 41, 54, 66, 176, 12, 64, 192, 127, 3, 162, 92, 189, 148, 105]
[166, 59, 100, 191, 73, 56, 35, 98, 48, 17, 109, 28, 11, 146, 39, 131, 84, 144, 0, 52, 110, 120, 45, 171, 23, 31, 25, 198, 6, 81, 77, 8, 137, 123, 62, 43, 187, 115, 47, 95, 86, 125, 96, 179, 130, 188, 141, 68, 40, 153, 101, 75, 69, 143, 149, 49, 184, 74, 21, 133, 128, 38, 70, 37, 27, 147, 87, 113, 97, 199, 170, 140, 57, 33, 89, 24, 16, 142, 102, 145, 7, 182, 154, 119, 46, 161, 63, 19, 159, 78, 14, 122, 197, 190, 26, 30, 156, 5, 186, 157]
40465

[32, 80, 96, 44, 196, 118, 103, 164, 125, 86, 51, 10, 169, 121, 115, 187, 43, 62, 193, 50, 15, 117, 8, 77, 81, 6, 198, 31, 23, 158, 173, 45, 48, 148, 98, 13, 59, 127, 192, 39, 110, 52, 0, 131, 190, 26, 197, 12, 64, 79, 150, 186, 124, 180, 67, 168, 34, 1, 167, 184, 61, 82, 74, 182, 21, 133, 7, 16, 24, 142, 102, 89, 33, 57, 140, 170, 199, 38, 129, 70, 138, 85, 93, 90, 69, 143, 172, 22, 163, 139, 88, 40, 157, 166, 58, 2, 72, 130, 179, 155]
[120, 171, 60, 135, 25, 137, 123, 178, 83, 95, 165, 47, 152, 65, 36, 183, 28, 109, 17, 189, 18, 91, 9, 174, 35, 56, 99, 73, 141, 188, 68, 107, 191, 100, 3, 105, 92, 162, 11, 146, 76, 160, 29, 153, 20, 101, 75, 181, 194, 112, 175, 132, 136, 42, 104, 4, 195, 177, 151, 55, 37, 27, 147, 87, 97, 113, 145, 128, 71, 49, 94, 149, 53, 5, 108, 106, 154, 111, 126, 119, 156, 46, 30, 176, 66, 54, 185, 41, 134, 19, 63, 161, 159, 78, 14, 122, 144, 84, 114, 116]
40634

[124, 180, 1, 34, 67, 29, 168, 163, 139, 20, 143, 172, 149, 90, 93, 181, 194, 112, 175, 132, 136, 42, 104, 138, 49, 61, 82, 71, 129, 70, 38, 128, 145, 133, 74, 5, 186, 150, 160, 76, 127, 59, 107, 73, 56, 35, 32, 80, 44, 196, 174, 9, 91, 65, 152, 83, 10, 51, 169, 121, 115, 43, 187, 193, 50, 123, 137, 25, 135, 60, 183, 28, 109, 17, 48, 189, 148, 105, 92, 162, 192, 79, 156, 46, 30, 12, 26, 45, 171, 120, 116, 114, 190, 197, 122, 14, 78, 159, 161, 66]
[64, 176, 63, 19, 144, 84, 131, 0, 52, 110, 173, 158, 23, 31, 198, 6, 81, 77, 8, 117, 15, 62, 178, 36, 11, 39, 146, 100, 3, 191, 13, 98, 18, 118, 47, 165, 95, 86, 125, 164, 103, 96, 155, 99, 179, 130, 188, 141, 68, 2, 72, 58, 153, 101, 69, 75, 94, 85, 4, 177, 151, 55, 195, 37, 27, 147, 87, 113, 97, 199, 170, 140, 57, 33, 89, 102, 142, 24, 16, 7, 21, 182, 154, 111, 126, 134, 41, 54, 185, 119, 106, 108, 53, 184, 167, 22, 88, 40, 166, 157]
40501

[192, 157, 76, 160, 79, 64, 150, 186, 5, 53, 74, 128, 195, 177, 151, 55, 147, 87, 199, 170, 140, 57, 33, 89, 142, 24, 16, 111, 119, 106, 108, 156, 46, 30, 66, 12, 84, 114, 116, 120, 173, 158, 23, 31, 135, 60, 25, 198, 6, 81, 77, 8, 137, 123, 117, 15, 115, 121, 47, 65, 118, 18, 148, 92, 105, 9, 174, 196, 44, 32, 99, 155, 179, 130, 188, 141, 68, 2, 72, 58, 88, 139, 20, 163, 22, 181, 194, 112, 175, 132, 136, 42, 104, 4, 85, 138, 168, 67, 29, 127]
[166, 59, 100, 3, 191, 13, 91, 98, 162, 11, 146, 39, 131, 190, 26, 197, 122, 14, 144, 0, 52, 110, 45, 171, 48, 189, 17, 109, 28, 183, 36, 178, 152, 43, 187, 62, 50, 193, 169, 83, 10, 51, 165, 95, 86, 125, 164, 103, 96, 80, 35, 56, 73, 107, 40, 153, 101, 75, 69, 143, 90, 93, 94, 149, 172, 34, 1, 180, 124, 176, 78, 159, 161, 63, 19, 54, 41, 134, 185, 126, 154, 182, 21, 133, 7, 145, 102, 113, 97, 27, 38, 37, 70, 129, 71, 82, 61, 49, 184, 167]
39388

[23, 31, 171, 45, 48, 189, 148, 105, 92, 162, 13, 174, 9, 98, 18, 65, 152, 178, 60, 135, 123, 117, 15, 62, 43, 187, 115, 169, 83, 10, 51, 165, 86, 125, 95, 164, 103, 96, 80, 35, 56, 73, 141, 68, 188, 72, 2, 58, 153, 139, 20, 101, 143, 69, 75, 94, 138, 85, 4, 195, 177, 151, 55, 70, 37, 38, 27, 87, 97, 113, 33, 89, 142, 24, 16, 7, 154, 111, 126, 185, 119, 46, 30, 156, 106, 108, 5, 186, 150, 64, 176, 144, 84, 131, 0, 52, 110, 114, 116, 158]
[136, 42, 104, 147, 199, 170, 140, 57, 102, 145, 128, 129, 71, 82, 61, 49, 184, 167, 1, 180, 124, 160, 76, 157, 79, 53, 74, 133, 21, 182, 134, 41, 54, 66, 161, 63, 19, 159, 78, 12, 14, 122, 197, 26, 190, 39, 146, 11, 173, 120, 109, 17, 28, 183, 36, 137, 8, 77, 25, 198, 6, 81, 50, 193, 121, 47, 118, 91, 196, 44, 32, 99, 155, 179, 130, 107, 191, 3, 100, 59, 192, 127, 166, 40, 88, 163, 168, 29, 67, 34, 22, 172, 149, 90, 93, 181, 194, 175, 132, 112]
37074

[178, 189, 48, 17, 109, 28, 45, 171, 135, 31, 23, 158, 173, 120, 110, 116, 114, 52, 0, 144, 159, 161, 63, 19, 54, 41, 134, 111, 106, 108, 74, 154, 182, 21, 133, 16, 24, 142, 89, 33, 57, 140, 170, 199, 27, 38, 37, 70, 55, 177, 195, 85, 94, 90, 149, 172, 22, 163, 139, 88, 58, 2, 72, 188, 130, 179, 155, 32, 99, 73, 56, 35, 13, 107, 141, 68, 40, 166, 76, 79, 64, 26, 146, 3, 162, 92, 105, 148, 18, 98, 174, 9, 91, 118, 65, 152, 43, 187, 193, 50]
[181, 194, 112, 175, 132, 136, 42, 104, 4, 151, 147, 87, 97, 113, 102, 145, 128, 7, 126, 185, 119, 156, 46, 30, 66, 176, 12, 78, 14, 122, 197, 190, 84, 131, 39, 11, 183, 36, 123, 137, 60, 25, 198, 6, 81, 77, 8, 117, 15, 62, 115, 121, 169, 51, 10, 83, 47, 165, 95, 86, 125, 164, 103, 96, 80, 44, 196, 191, 100, 59, 127, 192, 157, 29, 67, 168, 34, 1, 180, 124, 160, 150, 186, 5, 53, 61, 82, 71, 129, 138, 49, 184, 167, 20, 153, 101, 143, 69, 75, 93]
36349

[146, 92, 162, 3, 100, 191, 13, 35, 56, 73, 99, 32, 44, 196, 165, 51, 10, 47, 152, 65, 118, 91, 9, 98, 18, 105, 148, 189, 36, 60, 135, 171, 120, 116, 114, 52, 0, 84, 144, 14, 78, 159, 161, 66, 46, 30, 64, 150, 186, 108, 106, 74, 182, 154, 7, 16, 24, 142, 89, 33, 102, 113, 97, 87, 147, 27, 38, 129, 70, 37, 4, 104, 42, 136, 138, 71, 82, 61, 184, 167, 172, 22, 101, 163, 139, 20, 153, 72, 2, 58, 40, 166, 29, 67, 79, 76, 157, 192, 59, 127]
[185, 119, 156, 5, 53, 160, 124, 180, 1, 34, 168, 68, 107, 174, 103, 164, 95, 86, 125, 96, 80, 155, 179, 130, 141, 188, 88, 69, 75, 181, 194, 112, 175, 132, 85, 94, 93, 90, 143, 149, 49, 195, 177, 151, 55, 199, 170, 140, 57, 145, 128, 133, 21, 111, 126, 134, 41, 54, 63, 19, 122, 197, 190, 131, 110, 173, 158, 23, 31, 198, 6, 81, 77, 8, 25, 137, 123, 117, 15, 62, 50, 193, 121, 169, 83, 115, 187, 43, 178, 183, 28, 109, 17, 48, 45, 11, 39, 26, 12, 176]
41660

[53, 5, 156, 119, 54, 19, 63, 161, 66, 176, 159, 78, 14, 144, 114, 116, 158, 23, 31, 123, 117, 178, 15, 50, 193, 62, 43, 187, 115, 121, 169, 47, 118, 9, 174, 196, 44, 35, 13, 191, 148, 105, 92, 162, 146, 26, 190, 197, 122, 12, 64, 30, 186, 150, 160, 124, 180, 34, 168, 67, 29, 40, 58, 88, 153, 20, 139, 163, 22, 143, 149, 90, 69, 75, 181, 93, 94, 85, 4, 195, 37, 70, 71, 129, 38, 27, 170, 57, 89, 142, 102, 145, 7, 154, 182, 21, 133, 82, 61, 184]
[107, 68, 141, 179, 130, 188, 2, 72, 101, 194, 112, 175, 132, 136, 42, 104, 177, 151, 55, 138, 49, 167, 172, 1, 108, 106, 74, 128, 113, 97, 87, 147, 199, 140, 33, 24, 16, 111, 126, 134, 41, 185, 46, 79, 76, 157, 166, 127, 192, 59, 100, 3, 11, 39, 131, 84, 0, 52, 110, 173, 120, 45, 171, 60, 135, 25, 198, 6, 81, 77, 8, 137, 36, 183, 28, 109, 17, 48, 189, 18, 98, 91, 65, 152, 83, 10, 51, 86, 125, 95, 165, 164, 103, 96, 80, 32, 155, 99, 73, 56]
39431

[184, 167, 90, 93, 94, 138, 85, 132, 175, 112, 194, 181, 75, 69, 101, 143, 172, 22, 168, 76, 157, 127, 192, 146, 191, 107, 68, 141, 130, 179, 73, 56, 35, 13, 162, 92, 105, 148, 98, 18, 118, 91, 9, 174, 196, 32, 99, 155, 80, 96, 164, 95, 125, 86, 51, 10, 83, 169, 121, 115, 187, 43, 152, 65, 178, 117, 123, 8, 137, 60, 17, 189, 48, 11, 110, 116, 114, 52, 0, 84, 144, 19, 63, 54, 186, 5, 53, 74, 21, 133, 145, 128, 38, 37, 70, 129, 71, 82, 61, 49]
[34, 67, 29, 40, 166, 59, 100, 3, 47, 165, 103, 44, 188, 72, 2, 58, 88, 153, 20, 139, 163, 149, 136, 42, 104, 4, 195, 177, 151, 55, 27, 147, 87, 113, 97, 199, 170, 140, 57, 102, 33, 89, 142, 24, 16, 7, 182, 154, 111, 126, 134, 41, 185, 119, 106, 108, 156, 46, 30, 66, 161, 159, 78, 14, 122, 190, 131, 120, 173, 158, 23, 31, 135, 25, 198, 6, 81, 77, 50, 193, 62, 15, 36, 183, 28, 109, 171, 45, 39, 26, 197, 12, 176, 64, 79, 150, 160, 124, 180, 1]
39260

[68, 141, 130, 179, 80, 96, 164, 125, 86, 95, 165, 51, 10, 83, 169, 193, 123, 137, 8, 77, 81, 6, 198, 25, 120, 45, 171, 17, 189, 18, 91, 9, 174, 35, 56, 73, 107, 191, 13, 98, 148, 105, 3, 11, 146, 39, 110, 131, 84, 190, 26, 197, 122, 14, 12, 161, 63, 19, 54, 41, 134, 126, 21, 133, 145, 142, 89, 33, 57, 140, 170, 199, 128, 71, 129, 38, 37, 70, 195, 138, 49, 53, 186, 150, 160, 79, 64, 192, 127, 157, 76, 168, 22, 172, 143, 101, 20, 153, 88, 58]
[31, 135, 60, 36, 183, 28, 109, 48, 162, 92, 118, 65, 152, 178, 117, 15, 50, 62, 43, 187, 115, 121, 47, 103, 196, 44, 32, 99, 155, 188, 2, 72, 139, 163, 67, 29, 40, 166, 59, 100, 176, 30, 46, 156, 5, 108, 106, 74, 82, 61, 184, 167, 124, 180, 1, 34, 149, 90, 69, 75, 181, 194, 112, 175, 132, 136, 42, 104, 93, 94, 85, 4, 177, 151, 55, 27, 147, 87, 97, 113, 102, 24, 16, 7, 182, 154, 111, 185, 119, 66, 159, 78, 144, 0, 52, 114, 116, 173, 158, 23]
41393

[152, 65, 189, 17, 48, 148, 105, 92, 162, 107, 35, 56, 73, 99, 32, 44, 196, 96, 80, 155, 179, 130, 141, 68, 188, 72, 2, 58, 40, 88, 153, 101, 20, 139, 163, 29, 67, 168, 34, 1, 180, 167, 184, 61, 82, 49, 90, 93, 94, 138, 195, 177, 151, 55, 147, 199, 170, 140, 57, 102, 145, 128, 133, 21, 182, 154, 111, 126, 185, 54, 119, 66, 176, 12, 192, 127, 146, 11, 39, 26, 197, 190, 144, 84, 131, 120, 45, 171, 109, 28, 183, 36, 178, 50, 193, 169, 51, 10, 83, 47]
[113, 33, 89, 142, 24, 16, 7, 74, 53, 5, 186, 150, 79, 64, 30, 46, 156, 108, 106, 41, 134, 19, 63, 161, 159, 78, 14, 122, 0, 52, 114, 116, 110, 173, 158, 23, 31, 135, 60, 25, 198, 6, 81, 77, 8, 137, 123, 117, 15, 62, 43, 187, 115, 121, 165, 86, 125, 95, 164, 103, 118, 91, 174, 9, 18, 98, 13, 191, 3, 100, 59, 166, 157, 76, 160, 124, 22, 172, 149, 143, 69, 75, 181, 194, 112, 175, 132, 85, 136, 42, 104, 4, 37, 70, 71, 129, 38, 27, 87, 97]
36230

[50, 193, 121, 169, 51, 10, 165, 95, 164, 103, 47, 152, 65, 178, 118, 18, 91, 9, 174, 35, 56, 73, 99, 32, 44, 196, 80, 155, 179, 130, 141, 68, 188, 72, 2, 58, 168, 34, 172, 22, 163, 101, 143, 149, 90, 69, 75, 181, 194, 112, 93, 94, 49, 138, 195, 70, 129, 38, 37, 27, 87, 140, 57, 33, 24, 16, 7, 182, 154, 111, 119, 30, 64, 176, 26, 39, 146, 100, 3, 191, 13, 98, 148, 105, 162, 92, 189, 48, 17, 60, 135, 31, 25, 198, 6, 81, 77, 8, 137, 123]
[160, 180, 124, 186, 150, 79, 76, 157, 166, 127, 192, 59, 107, 96, 125, 86, 83, 115, 187, 43, 62, 15, 117, 36, 183, 28, 109, 11, 45, 171, 23, 158, 173, 120, 110, 116, 114, 52, 0, 131, 84, 144, 190, 197, 122, 14, 12, 78, 159, 63, 19, 134, 41, 126, 185, 54, 161, 66, 46, 156, 106, 108, 5, 53, 74, 21, 133, 128, 145, 142, 89, 102, 113, 97, 170, 199, 147, 55, 151, 177, 4, 104, 42, 136, 132, 175, 85, 71, 82, 61, 184, 167, 139, 20, 153, 88, 40, 29, 67, 1]
38459

[14, 144, 122, 12, 176, 64, 30, 46, 156, 186, 150, 124, 180, 160, 79, 127, 192, 146, 11, 39, 131, 0, 52, 110, 173, 120, 183, 36, 123, 137, 8, 77, 81, 117, 15, 43, 187, 83, 51, 10, 155, 179, 130, 141, 68, 188, 72, 2, 58, 40, 88, 153, 20, 139, 163, 101, 69, 143, 172, 149, 90, 94, 93, 181, 112, 136, 42, 104, 4, 177, 151, 55, 195, 70, 37, 27, 87, 97, 113, 102, 142, 145, 128, 71, 82, 61, 74, 53, 5, 108, 106, 119, 41, 134, 54, 19, 63, 161, 159, 78]
[25, 6, 198, 60, 135, 31, 23, 158, 116, 114, 84, 190, 26, 197, 66, 185, 126, 111, 154, 182, 21, 133, 7, 16, 24, 89, 33, 57, 140, 170, 199, 147, 38, 129, 184, 167, 49, 138, 85, 132, 175, 194, 75, 22, 1, 34, 168, 67, 29, 76, 157, 166, 59, 100, 3, 162, 92, 105, 13, 191, 107, 35, 56, 73, 99, 32, 44, 196, 80, 96, 103, 164, 125, 86, 95, 165, 47, 169, 121, 115, 193, 50, 62, 178, 152, 65, 118, 18, 91, 9, 174, 98, 148, 189, 48, 17, 109, 45, 171, 28]
38103

[20, 139, 153, 88, 58, 40, 166, 107, 141, 155, 99, 32, 44, 10, 83, 47, 196, 73, 56, 35, 13, 191, 105, 48, 45, 171, 28, 178, 43, 187, 193, 50, 15, 36, 60, 135, 25, 198, 31, 23, 158, 173, 120, 110, 116, 114, 52, 0, 131, 39, 146, 11, 162, 3, 100, 59, 127, 192, 79, 53, 5, 108, 106, 154, 182, 133, 128, 145, 142, 102, 57, 140, 170, 97, 113, 87, 27, 37, 70, 195, 55, 151, 177, 4, 85, 136, 104, 42, 132, 175, 112, 194, 181, 75, 69, 101, 143, 67, 29, 163]
[189, 17, 109, 183, 6, 81, 77, 8, 137, 123, 117, 62, 115, 121, 169, 51, 86, 125, 95, 165, 164, 103, 96, 80, 179, 130, 188, 68, 72, 2, 157, 76, 160, 150, 186, 124, 180, 1, 34, 168, 22, 172, 149, 90, 93, 94, 167, 184, 61, 82, 71, 49, 138, 129, 38, 147, 199, 33, 89, 24, 16, 7, 21, 74, 156, 111, 126, 134, 41, 54, 185, 119, 46, 30, 66, 161, 63, 19, 159, 78, 176, 64, 12, 14, 122, 197, 144, 84, 190, 26, 92, 148, 18, 98, 174, 9, 91, 118, 65, 152]
39580

[161, 159, 78, 12, 176, 64, 150, 186, 5, 156, 46, 30, 66, 119, 185, 126, 16, 24, 89, 33, 57, 140, 170, 199, 147, 27, 55, 151, 177, 70, 37, 38, 129, 71, 82, 61, 49, 138, 85, 195, 4, 104, 42, 136, 94, 93, 90, 149, 22, 163, 139, 20, 153, 88, 166, 59, 98, 9, 174, 35, 73, 130, 179, 96, 125, 86, 95, 164, 165, 51, 10, 83, 169, 121, 115, 187, 47, 148, 105, 45, 171, 28, 183, 36, 198, 6, 31, 158, 116, 114, 131, 39, 11, 146, 192, 127, 157, 76, 160, 79]
[167, 184, 53, 108, 106, 74, 21, 133, 128, 87, 97, 113, 102, 142, 145, 7, 182, 154, 111, 134, 41, 54, 63, 19, 14, 122, 197, 26, 190, 144, 84, 0, 52, 110, 120, 173, 23, 135, 60, 25, 77, 81, 8, 137, 123, 117, 178, 15, 50, 193, 62, 43, 152, 65, 17, 109, 48, 189, 18, 91, 118, 103, 196, 44, 80, 32, 155, 99, 56, 13, 92, 162, 3, 100, 191, 107, 141, 68, 188, 72, 2, 58, 40, 29, 124, 180, 1, 34, 67, 168, 101, 194, 175, 132, 112, 181, 75, 69, 143, 172]
40127

[183, 28, 109, 36, 117, 15, 50, 193, 62, 43, 187, 115, 121, 169, 51, 10, 83, 47, 165, 95, 164, 96, 80, 32, 44, 196, 9, 174, 56, 73, 99, 155, 179, 130, 188, 72, 2, 58, 88, 153, 20, 139, 163, 101, 69, 75, 90, 93, 181, 194, 112, 175, 132, 136, 85, 138, 49, 167, 184, 61, 133, 21, 7, 16, 142, 24, 134, 41, 63, 19, 144, 190, 26, 197, 122, 14, 66, 30, 29, 40, 166, 68, 141, 107, 3, 11, 39, 131, 110, 120, 173, 158, 23, 31, 135, 60, 25, 8, 137, 123]
[45, 171, 17, 48, 189, 92, 162, 105, 148, 18, 91, 98, 191, 13, 35, 125, 86, 103, 118, 65, 152, 178, 77, 81, 6, 198, 116, 114, 52, 0, 84, 146, 100, 59, 127, 192, 157, 76, 79, 64, 176, 12, 78, 159, 161, 54, 185, 126, 111, 154, 182, 74, 82, 71, 129, 70, 37, 27, 38, 128, 145, 102, 89, 33, 57, 140, 170, 199, 97, 113, 87, 147, 55, 151, 177, 195, 4, 104, 42, 94, 149, 143, 172, 22, 168, 67, 34, 1, 180, 124, 160, 150, 186, 53, 5, 108, 106, 156, 46, 119]
40974

[77, 8, 183, 109, 28, 60, 135, 31, 23, 158, 110, 52, 0, 131, 11, 92, 148, 105, 162, 146, 39, 190, 26, 197, 176, 64, 79, 160, 150, 186, 5, 108, 106, 74, 182, 154, 7, 21, 133, 128, 145, 142, 16, 24, 89, 33, 102, 113, 97, 57, 140, 170, 199, 87, 147, 27, 38, 37, 55, 151, 177, 4, 104, 42, 132, 175, 112, 85, 138, 149, 143, 172, 22, 168, 163, 139, 20, 153, 72, 188, 130, 179, 141, 107, 13, 35, 56, 73, 99, 155, 32, 103, 165, 47, 193, 50, 81, 6, 25, 198]
[114, 84, 144, 122, 14, 12, 78, 159, 161, 63, 19, 54, 41, 134, 185, 126, 111, 119, 66, 30, 46, 156, 53, 82, 61, 184, 167, 90, 93, 94, 49, 71, 129, 70, 195, 136, 194, 181, 75, 69, 101, 34, 1, 180, 124, 67, 29, 76, 157, 192, 127, 59, 100, 3, 191, 166, 40, 88, 58, 2, 68, 174, 9, 91, 98, 18, 118, 196, 44, 80, 96, 164, 95, 125, 86, 51, 10, 83, 169, 121, 115, 187, 43, 152, 65, 178, 62, 15, 117, 123, 137, 36, 17, 189, 48, 171, 45, 120, 173, 116]
38636

[65, 118, 103, 164, 96, 80, 196, 44, 32, 155, 99, 73, 56, 35, 107, 3, 100, 59, 68, 141, 179, 130, 188, 40, 29, 67, 34, 1, 180, 186, 5, 108, 156, 106, 61, 82, 49, 94, 93, 181, 194, 136, 85, 138, 70, 37, 27, 87, 113, 102, 33, 89, 24, 126, 185, 134, 41, 54, 66, 161, 63, 19, 159, 78, 176, 64, 166, 127, 192, 26, 197, 122, 190, 84, 131, 39, 11, 109, 28, 36, 183, 171, 45, 120, 173, 158, 23, 31, 25, 198, 6, 81, 50, 193, 187, 43, 62, 15, 178, 152]
[38, 97, 57, 140, 170, 199, 147, 55, 151, 177, 195, 4, 104, 42, 132, 175, 112, 90, 149, 75, 69, 101, 143, 172, 22, 168, 163, 139, 20, 153, 88, 58, 2, 72, 125, 86, 95, 165, 47, 83, 10, 51, 169, 121, 115, 117, 123, 137, 8, 77, 135, 60, 17, 48, 189, 148, 105, 98, 18, 91, 9, 174, 13, 191, 92, 162, 146, 110, 116, 114, 52, 0, 144, 14, 12, 30, 46, 119, 111, 154, 182, 7, 16, 142, 145, 128, 133, 21, 74, 53, 150, 79, 157, 76, 160, 124, 167, 184, 71, 129]
40557

[31, 6, 198, 25, 123, 117, 15, 50, 62, 43, 187, 115, 169, 83, 47, 165, 95, 86, 125, 107, 166, 139, 153, 20, 163, 22, 172, 143, 149, 90, 93, 69, 101, 75, 181, 194, 112, 136, 42, 104, 4, 151, 55, 27, 38, 37, 70, 129, 71, 138, 49, 184, 167, 124, 160, 76, 157, 79, 150, 186, 53, 5, 108, 106, 74, 21, 133, 128, 145, 7, 182, 154, 111, 119, 66, 176, 12, 26, 190, 144, 84, 0, 52, 114, 116, 158, 173, 120, 11, 162, 191, 13, 98, 118, 65, 152, 178, 60, 135, 23]
[141, 68, 179, 130, 188, 72, 2, 58, 40, 88, 168, 34, 1, 180, 67, 29, 59, 100, 3, 92, 105, 148, 18, 189, 48, 39, 146, 192, 127, 64, 30, 46, 156, 61, 82, 94, 175, 132, 85, 195, 177, 147, 87, 199, 170, 140, 57, 97, 113, 102, 33, 89, 142, 24, 16, 126, 185, 134, 41, 54, 19, 63, 161, 159, 78, 14, 122, 197, 131, 110, 45, 171, 109, 17, 28, 183, 36, 137, 8, 77, 81, 193, 121, 51, 10, 164, 103, 96, 44, 196, 91, 9, 174, 35, 56, 73, 99, 155, 32, 80]
41170

[41, 134, 126, 185, 54, 30, 46, 156, 119, 111, 154, 7, 16, 24, 33, 89, 142, 145, 102, 113, 97, 87, 55, 151, 177, 195, 42, 132, 175, 85, 138, 94, 93, 90, 149, 69, 143, 22, 163, 153, 88, 40, 29, 34, 1, 180, 160, 76, 157, 3, 162, 92, 105, 148, 13, 191, 107, 35, 174, 9, 98, 91, 103, 165, 65, 152, 43, 187, 115, 121, 193, 50, 62, 178, 15, 117, 8, 77, 81, 6, 198, 25, 60, 28, 109, 120, 173, 158, 110, 52, 0, 131, 84, 144, 190, 197, 122, 14, 19, 63]
[95, 125, 86, 51, 10, 83, 169, 47, 118, 18, 189, 48, 17, 183, 36, 123, 137, 135, 31, 23, 171, 45, 116, 114, 39, 11, 146, 100, 59, 127, 192, 26, 12, 176, 78, 159, 161, 66, 64, 186, 53, 5, 108, 106, 74, 182, 21, 133, 128, 57, 140, 170, 199, 147, 27, 37, 70, 38, 129, 71, 82, 61, 184, 49, 4, 104, 136, 112, 194, 181, 75, 101, 20, 139, 67, 168, 172, 167, 124, 150, 79, 166, 58, 2, 72, 188, 68, 141, 130, 179, 73, 56, 99, 155, 32, 44, 196, 80, 96, 164]
39358

[80, 96, 196, 44, 32, 155, 99, 56, 73, 88, 29, 67, 160, 76, 157, 79, 150, 186, 184, 167, 149, 172, 22, 163, 139, 20, 101, 69, 75, 90, 93, 94, 49, 61, 82, 71, 129, 27, 147, 87, 113, 97, 199, 170, 140, 57, 33, 89, 24, 142, 102, 128, 145, 16, 7, 21, 133, 106, 156, 30, 46, 119, 41, 134, 19, 63, 161, 176, 159, 78, 197, 26, 190, 84, 131, 110, 173, 23, 135, 60, 25, 198, 77, 137, 36, 189, 148, 105, 18, 91, 118, 65, 152, 47, 83, 10, 51, 165, 164, 103]
[143, 1, 180, 124, 34, 168, 153, 72, 2, 58, 40, 166, 127, 192, 59, 100, 3, 191, 13, 107, 141, 68, 188, 130, 179, 35, 174, 9, 98, 162, 92, 48, 17, 109, 11, 146, 39, 120, 45, 171, 28, 183, 178, 62, 43, 187, 115, 95, 125, 86, 169, 121, 193, 50, 15, 117, 123, 8, 81, 6, 31, 158, 116, 114, 52, 0, 144, 122, 14, 12, 64, 66, 54, 185, 126, 111, 108, 5, 53, 74, 154, 182, 38, 37, 70, 138, 85, 195, 177, 55, 151, 4, 104, 42, 136, 132, 175, 112, 194, 181]
39603

[42, 104, 4, 177, 195, 70, 37, 87, 140, 57, 33, 89, 106, 108, 5, 156, 119, 126, 185, 134, 41, 54, 19, 63, 176, 64, 79, 76, 157, 146, 11, 39, 110, 114, 116, 158, 31, 6, 198, 137, 123, 117, 50, 62, 15, 178, 36, 183, 28, 17, 109, 171, 45, 162, 92, 105, 148, 18, 9, 174, 196, 44, 96, 80, 32, 35, 56, 99, 155, 179, 130, 188, 107, 191, 59, 192, 127, 166, 58, 2, 72, 88, 153, 20, 139, 163, 101, 143, 22, 172, 167, 184, 49, 94, 93, 85, 136, 132, 175, 112]
[95, 125, 86, 51, 10, 83, 169, 121, 47, 65, 152, 43, 187, 115, 193, 8, 81, 77, 25, 60, 135, 23, 173, 120, 48, 189, 118, 91, 98, 13, 3, 100, 131, 52, 0, 84, 144, 190, 26, 197, 122, 14, 12, 78, 159, 161, 66, 30, 46, 111, 154, 182, 7, 16, 24, 142, 102, 145, 128, 133, 21, 74, 53, 186, 150, 160, 124, 180, 61, 82, 71, 138, 129, 38, 113, 97, 170, 199, 147, 27, 55, 151, 194, 181, 75, 69, 90, 149, 1, 34, 168, 67, 29, 40, 68, 141, 73, 103, 164, 165]
40917

[76, 79, 150, 160, 124, 167, 184, 61, 82, 49, 75, 181, 194, 112, 175, 132, 136, 42, 104, 4, 195, 70, 71, 129, 38, 37, 27, 97, 113, 102, 142, 145, 128, 133, 21, 7, 154, 182, 74, 108, 106, 111, 126, 134, 41, 185, 156, 5, 53, 186, 30, 64, 176, 12, 14, 122, 197, 26, 190, 84, 131, 45, 171, 31, 6, 81, 77, 183, 11, 146, 100, 3, 191, 13, 98, 174, 9, 91, 103, 164, 95, 86, 125, 96, 80, 35, 56, 73, 179, 130, 141, 188, 72, 2, 58, 166, 157, 192, 59, 127]
[109, 48, 17, 28, 120, 173, 110, 39, 162, 92, 105, 148, 189, 18, 118, 47, 169, 83, 10, 51, 165, 196, 44, 32, 155, 99, 107, 68, 40, 88, 29, 67, 168, 34, 180, 1, 172, 22, 163, 139, 20, 153, 101, 69, 143, 149, 90, 93, 94, 85, 138, 177, 151, 55, 147, 87, 199, 170, 140, 57, 33, 89, 24, 16, 119, 46, 66, 54, 19, 63, 161, 159, 78, 144, 0, 52, 114, 116, 158, 23, 135, 60, 25, 198, 8, 137, 123, 36, 117, 15, 178, 65, 152, 62, 50, 193, 121, 115, 187, 43]
39817

[17, 109, 28, 171, 131, 122, 14, 78, 134, 41, 185, 126, 111, 154, 7, 16, 24, 33, 57, 140, 170, 199, 97, 113, 87, 147, 27, 37, 70, 104, 42, 136, 132, 175, 112, 194, 181, 93, 167, 53, 186, 5, 108, 106, 156, 46, 12, 39, 11, 92, 162, 59, 127, 166, 58, 2, 72, 188, 141, 130, 179, 155, 32, 99, 73, 56, 35, 13, 174, 9, 18, 148, 105, 48, 189, 178, 65, 196, 44, 80, 96, 103, 164, 125, 86, 95, 165, 83, 47, 152, 43, 62, 15, 117, 123, 8, 77, 137, 36, 183]
[145, 142, 89, 102, 38, 55, 151, 177, 195, 4, 85, 94, 75, 69, 101, 153, 20, 139, 163, 22, 172, 143, 149, 90, 49, 184, 150, 79, 160, 124, 180, 1, 34, 168, 67, 29, 88, 40, 68, 107, 191, 100, 3, 98, 91, 118, 10, 51, 169, 121, 115, 187, 193, 50, 81, 6, 198, 25, 60, 135, 31, 23, 158, 173, 120, 45, 110, 116, 114, 52, 0, 84, 144, 190, 197, 26, 146, 192, 157, 76, 64, 30, 66, 176, 159, 161, 63, 19, 54, 119, 182, 21, 133, 74, 61, 82, 71, 138, 129, 128]
40517

[178, 43, 187, 115, 47, 165, 95, 86, 125, 164, 103, 96, 80, 72, 2, 58, 29, 67, 168, 34, 1, 180, 124, 53, 108, 5, 186, 150, 160, 79, 64, 66, 30, 46, 156, 106, 21, 133, 145, 128, 49, 184, 167, 172, 149, 90, 93, 94, 136, 42, 104, 4, 195, 177, 151, 55, 37, 38, 27, 147, 87, 113, 97, 199, 170, 140, 57, 102, 33, 89, 142, 24, 16, 7, 182, 154, 126, 134, 19, 63, 159, 144, 45, 135, 25, 198, 6, 81, 77, 8, 117, 15, 36, 11, 162, 191, 13, 98, 91, 18]
[60, 31, 23, 158, 173, 120, 110, 116, 114, 52, 0, 84, 131, 39, 146, 190, 14, 122, 197, 26, 192, 127, 157, 76, 176, 12, 78, 161, 54, 41, 185, 119, 111, 74, 61, 82, 71, 129, 70, 138, 85, 132, 175, 112, 194, 181, 75, 69, 101, 143, 22, 163, 139, 20, 153, 88, 40, 166, 68, 141, 188, 130, 179, 73, 56, 35, 99, 155, 32, 44, 196, 10, 51, 83, 169, 121, 193, 50, 62, 152, 65, 118, 9, 174, 107, 59, 100, 3, 92, 105, 148, 189, 48, 17, 109, 171, 28, 183, 123, 137]
39541

[172, 20, 153, 72, 2, 58, 40, 166, 127, 59, 100, 98, 18, 118, 91, 9, 174, 35, 56, 73, 141, 188, 130, 179, 155, 99, 32, 44, 196, 103, 164, 51, 10, 83, 169, 121, 115, 43, 152, 65, 178, 36, 183, 28, 109, 17, 48, 92, 45, 171, 120, 31, 23, 158, 173, 116, 114, 144, 14, 78, 159, 63, 19, 134, 41, 126, 185, 54, 161, 66, 30, 46, 119, 111, 106, 156, 150, 29, 67, 34, 1, 167, 184, 94, 136, 104, 4, 70, 37, 147, 199, 170, 140, 57, 102, 145, 128, 21, 133, 61]
[25, 60, 135, 198, 6, 81, 77, 8, 117, 15, 50, 193, 62, 187, 47, 165, 95, 86, 125, 96, 80, 13, 191, 107, 68, 88, 139, 163, 168, 22, 143, 149, 90, 93, 69, 101, 75, 181, 194, 112, 175, 132, 42, 151, 55, 177, 195, 85, 138, 49, 82, 71, 129, 38, 27, 87, 97, 113, 33, 89, 142, 24, 16, 7, 154, 182, 74, 108, 5, 53, 186, 124, 180, 160, 79, 76, 157, 192, 64, 176, 12, 122, 197, 26, 190, 84, 0, 52, 110, 131, 39, 146, 11, 3, 162, 105, 148, 189, 123, 137]
39772

[83, 165, 95, 164, 103, 118, 91, 18, 98, 148, 105, 92, 48, 17, 109, 28, 183, 36, 31, 23, 158, 173, 120, 171, 45, 110, 131, 190, 26, 159, 19, 63, 54, 41, 134, 185, 126, 111, 119, 46, 30, 156, 154, 182, 142, 57, 140, 170, 199, 97, 102, 145, 128, 82, 61, 49, 138, 85, 136, 94, 93, 90, 149, 172, 22, 168, 127, 192, 100, 3, 162, 191, 13, 107, 73, 155, 99, 56, 35, 174, 9, 196, 44, 32, 80, 96, 125, 86, 51, 10, 169, 121, 193, 50, 15, 62, 43, 187, 115, 47]
[40, 166, 157, 76, 79, 64, 66, 161, 176, 12, 78, 14, 122, 197, 144, 84, 0, 52, 114, 116, 135, 60, 137, 25, 198, 6, 81, 77, 8, 123, 117, 178, 152, 65, 189, 11, 39, 146, 59, 68, 141, 179, 130, 188, 72, 2, 58, 88, 153, 20, 139, 163, 101, 143, 69, 75, 181, 194, 112, 175, 132, 42, 104, 4, 195, 177, 151, 55, 70, 37, 27, 147, 87, 113, 33, 89, 24, 16, 7, 21, 133, 74, 38, 129, 71, 184, 167, 53, 106, 108, 5, 186, 150, 160, 124, 180, 1, 34, 67, 29]
38113

[30, 46, 119, 54, 63, 161, 176, 12, 122, 197, 190, 144, 84, 131, 0, 52, 114, 116, 11, 162, 92, 105, 148, 189, 48, 17, 171, 45, 120, 60, 137, 25, 198, 6, 81, 77, 8, 123, 117, 15, 50, 193, 121, 169, 165, 95, 86, 125, 164, 103, 96, 80, 44, 196, 35, 13, 107, 141, 68, 58, 40, 88, 139, 163, 168, 34, 22, 172, 167, 71, 129, 49, 94, 181, 194, 112, 175, 132, 42, 104, 177, 151, 55, 70, 37, 27, 38, 128, 102, 142, 145, 133, 74, 106, 108, 5, 53, 150, 79, 64]
[184, 149, 90, 93, 75, 69, 101, 143, 1, 180, 124, 160, 186, 156, 66, 26, 39, 146, 3, 191, 100, 59, 192, 127, 166, 157, 76, 29, 67, 20, 153, 72, 2, 188, 130, 179, 155, 32, 99, 73, 56, 174, 9, 91, 98, 18, 118, 47, 83, 10, 51, 115, 187, 62, 43, 152, 65, 178, 36, 183, 109, 28, 135, 31, 23, 158, 173, 110, 14, 78, 159, 19, 134, 41, 185, 126, 111, 154, 182, 21, 7, 16, 24, 89, 33, 57, 140, 170, 199, 97, 113, 87, 147, 195, 4, 136, 85, 138, 82, 61]
39248

[103, 164, 165, 47, 121, 193, 50, 77, 81, 6, 198, 25, 31, 23, 158, 116, 114, 110, 52, 0, 144, 14, 122, 197, 26, 190, 84, 131, 39, 146, 11, 92, 162, 3, 100, 192, 127, 29, 67, 1, 180, 124, 186, 53, 5, 108, 106, 156, 119, 46, 30, 64, 66, 161, 54, 185, 126, 111, 74, 21, 133, 129, 70, 37, 55, 151, 177, 195, 4, 104, 42, 136, 85, 138, 94, 69, 101, 143, 22, 163, 139, 20, 153, 88, 58, 2, 72, 188, 130, 179, 73, 56, 191, 13, 35, 44, 196, 174, 9, 91]
[159, 63, 19, 134, 41, 154, 182, 7, 145, 142, 16, 24, 89, 33, 57, 140, 170, 199, 97, 113, 102, 128, 87, 147, 27, 38, 71, 82, 61, 49, 184, 167, 90, 93, 132, 175, 112, 194, 181, 75, 149, 172, 34, 168, 40, 166, 76, 160, 150, 79, 157, 59, 107, 68, 141, 155, 99, 32, 80, 96, 95, 125, 86, 51, 10, 83, 169, 115, 187, 43, 62, 15, 117, 123, 8, 137, 135, 60, 36, 183, 28, 109, 17, 48, 189, 178, 152, 65, 118, 18, 98, 148, 105, 45, 171, 120, 173, 78, 12, 176]
38852

[198, 25, 31, 120, 11, 146, 39, 122, 14, 78, 12, 176, 159, 161, 63, 19, 54, 41, 134, 185, 126, 46, 30, 64, 79, 29, 67, 168, 34, 1, 150, 186, 156, 106, 21, 133, 128, 145, 102, 142, 89, 33, 140, 199, 147, 55, 151, 177, 195, 85, 138, 71, 49, 172, 22, 101, 163, 139, 20, 153, 88, 40, 68, 141, 107, 35, 174, 9, 13, 191, 100, 3, 162, 92, 105, 148, 48, 109, 17, 189, 118, 95, 125, 86, 51, 10, 83, 169, 121, 115, 187, 43, 62, 193, 50, 117, 8, 77, 81, 6]
[74, 53, 5, 108, 154, 182, 7, 24, 16, 111, 119, 66, 197, 26, 190, 144, 84, 131, 0, 52, 114, 116, 110, 173, 158, 23, 135, 60, 137, 123, 171, 45, 28, 183, 36, 15, 178, 65, 152, 47, 165, 164, 103, 96, 80, 32, 44, 196, 91, 18, 98, 56, 73, 99, 155, 179, 130, 188, 72, 2, 58, 166, 59, 127, 192, 157, 76, 160, 124, 180, 167, 184, 61, 82, 94, 93, 90, 149, 143, 69, 75, 181, 194, 112, 175, 132, 136, 42, 104, 4, 37, 70, 129, 38, 27, 87, 113, 97, 170, 57]
38754

[58, 40, 166, 157, 76, 64, 176, 12, 14, 78, 159, 161, 54, 41, 134, 185, 126, 154, 182, 21, 7, 16, 24, 33, 89, 142, 128, 38, 37, 70, 55, 151, 177, 4, 132, 175, 112, 85, 138, 49, 124, 180, 1, 163, 139, 153, 88, 72, 2, 188, 68, 141, 130, 179, 32, 44, 196, 80, 96, 103, 164, 165, 95, 125, 86, 51, 10, 115, 187, 43, 62, 15, 117, 8, 77, 81, 6, 198, 137, 123, 36, 109, 17, 48, 11, 146, 39, 131, 110, 45, 171, 120, 116, 114, 52, 0, 190, 197, 26, 192]
[101, 20, 22, 172, 149, 167, 184, 71, 129, 82, 61, 53, 186, 150, 79, 160, 34, 168, 67, 29, 127, 59, 100, 3, 162, 92, 105, 148, 13, 191, 107, 73, 155, 99, 56, 35, 174, 9, 98, 18, 91, 118, 65, 152, 47, 83, 169, 121, 193, 50, 178, 189, 28, 183, 60, 135, 25, 31, 23, 158, 173, 84, 144, 122, 19, 63, 66, 30, 46, 156, 5, 108, 106, 119, 111, 74, 133, 145, 102, 57, 140, 170, 199, 97, 113, 87, 147, 27, 195, 104, 42, 136, 194, 181, 93, 94, 90, 143, 69, 75]
39715

[196, 44, 32, 155, 99, 56, 73, 179, 130, 141, 68, 188, 72, 2, 29, 67, 163, 139, 20, 101, 194, 112, 175, 132, 136, 42, 104, 4, 85, 94, 149, 172, 34, 1, 180, 124, 160, 150, 5, 74, 21, 133, 128, 70, 195, 177, 151, 55, 37, 102, 89, 142, 145, 7, 154, 111, 46, 30, 176, 12, 26, 39, 120, 173, 31, 25, 198, 6, 81, 77, 8, 50, 193, 187, 43, 152, 47, 165, 95, 86, 125, 164, 103, 118, 65, 178, 117, 36, 183, 28, 48, 105, 148, 98, 9, 174, 35, 13, 162, 92]
[41, 134, 54, 185, 126, 119, 156, 108, 106, 182, 16, 24, 33, 57, 140, 170, 199, 97, 113, 87, 147, 27, 38, 129, 138, 49, 167, 184, 71, 82, 61, 53, 186, 64, 79, 157, 76, 168, 22, 143, 90, 93, 181, 75, 69, 153, 88, 58, 40, 166, 127, 192, 59, 107, 191, 3, 100, 146, 11, 45, 171, 109, 17, 189, 18, 91, 80, 96, 51, 10, 83, 169, 121, 115, 62, 15, 123, 137, 60, 135, 23, 158, 110, 116, 114, 52, 0, 131, 84, 144, 190, 197, 122, 14, 78, 159, 66, 161, 19, 63]
41010

[170, 199, 97, 113, 102, 128, 104, 42, 136, 85, 138, 82, 61, 184, 124, 180, 1, 34, 22, 163, 139, 40, 188, 68, 141, 73, 99, 155, 32, 80, 96, 103, 164, 125, 86, 95, 165, 10, 51, 169, 121, 115, 187, 43, 62, 193, 50, 15, 117, 123, 8, 77, 81, 6, 198, 137, 109, 17, 48, 189, 18, 91, 118, 196, 174, 9, 98, 148, 105, 92, 162, 191, 59, 100, 3, 11, 26, 190, 197, 14, 78, 159, 176, 64, 79, 157, 76, 160, 150, 46, 119, 7, 145, 16, 24, 142, 89, 33, 57, 140]
[83, 47, 44, 179, 130, 56, 35, 13, 107, 2, 72, 58, 88, 153, 20, 101, 69, 143, 172, 149, 90, 94, 93, 75, 181, 194, 112, 175, 132, 4, 195, 177, 151, 55, 147, 87, 27, 38, 37, 70, 129, 71, 49, 167, 168, 67, 29, 166, 127, 192, 146, 39, 131, 84, 122, 12, 66, 30, 186, 53, 5, 108, 156, 106, 74, 133, 21, 182, 154, 111, 126, 185, 134, 41, 54, 19, 63, 161, 144, 0, 52, 114, 116, 110, 45, 171, 120, 173, 158, 23, 31, 25, 135, 60, 28, 183, 36, 178, 65, 152]
39266

[153, 20, 139, 88, 58, 72, 2, 141, 68, 127, 192, 59, 100, 3, 98, 91, 9, 174, 196, 44, 103, 164, 165, 51, 10, 83, 169, 121, 193, 50, 178, 152, 65, 118, 18, 189, 48, 17, 109, 11, 146, 39, 45, 137, 8, 77, 81, 6, 198, 25, 31, 23, 158, 110, 84, 144, 122, 14, 78, 159, 63, 161, 66, 79, 76, 157, 29, 67, 168, 163, 22, 172, 149, 167, 184, 61, 82, 128, 133, 21, 7, 145, 142, 89, 102, 113, 97, 87, 147, 55, 70, 37, 27, 38, 129, 71, 138, 93, 69, 101]
[135, 60, 123, 117, 15, 62, 43, 187, 115, 47, 95, 86, 125, 96, 80, 32, 155, 99, 35, 56, 73, 179, 130, 188, 40, 34, 1, 180, 124, 160, 166, 107, 191, 13, 148, 105, 92, 162, 26, 64, 150, 186, 5, 53, 49, 94, 90, 143, 75, 181, 194, 112, 175, 132, 136, 42, 104, 4, 85, 195, 177, 151, 199, 170, 140, 57, 33, 24, 16, 154, 182, 74, 108, 106, 156, 111, 126, 41, 134, 19, 54, 185, 119, 46, 30, 176, 12, 197, 190, 131, 0, 52, 114, 116, 173, 120, 171, 28, 183, 36]
40796

[18, 98, 91, 118, 178, 123, 137, 25, 198, 6, 81, 77, 8, 117, 15, 62, 43, 187, 50, 193, 121, 10, 51, 86, 125, 95, 165, 164, 103, 96, 80, 196, 9, 174, 44, 32, 99, 2, 72, 153, 20, 139, 163, 101, 143, 149, 90, 69, 75, 181, 194, 93, 94, 138, 38, 102, 142, 24, 16, 7, 154, 182, 74, 106, 108, 5, 186, 150, 124, 180, 1, 34, 67, 160, 76, 157, 79, 64, 161, 54, 63, 19, 159, 78, 197, 146, 11, 45, 171, 120, 173, 158, 23, 31, 135, 60, 28, 109, 105, 148]
[42, 104, 136, 132, 175, 112, 85, 49, 184, 167, 172, 22, 168, 29, 88, 40, 58, 188, 130, 179, 155, 73, 56, 35, 13, 191, 189, 65, 152, 47, 83, 169, 115, 36, 183, 17, 48, 92, 162, 3, 100, 59, 107, 141, 68, 166, 127, 192, 26, 190, 39, 131, 110, 116, 114, 52, 0, 84, 144, 122, 14, 12, 176, 66, 30, 46, 119, 185, 41, 134, 126, 111, 156, 53, 61, 82, 71, 129, 128, 133, 21, 145, 89, 33, 57, 140, 170, 199, 97, 113, 87, 147, 27, 37, 70, 195, 4, 177, 151, 55]
39361

[186, 111, 126, 41, 134, 19, 63, 161, 54, 185, 119, 46, 30, 64, 79, 76, 157, 127, 192, 100, 3, 11, 146, 39, 173, 158, 23, 31, 135, 60, 25, 198, 6, 81, 77, 8, 137, 123, 117, 15, 62, 50, 193, 121, 115, 118, 91, 98, 9, 174, 196, 44, 32, 99, 73, 56, 35, 59, 166, 88, 139, 20, 153, 101, 75, 69, 143, 149, 90, 93, 94, 85, 195, 177, 151, 55, 37, 27, 147, 199, 170, 97, 113, 102, 16, 7, 154, 182, 21, 133, 71, 82, 61, 184, 34, 1, 180, 124, 160, 150]
[114, 116, 110, 120, 45, 171, 183, 36, 28, 109, 17, 48, 162, 92, 105, 148, 18, 189, 178, 65, 152, 43, 187, 169, 51, 10, 83, 47, 165, 95, 86, 125, 164, 103, 96, 80, 155, 179, 130, 141, 13, 191, 107, 68, 188, 72, 2, 58, 40, 29, 67, 168, 163, 22, 172, 167, 49, 138, 181, 194, 112, 175, 132, 136, 42, 104, 4, 70, 129, 38, 87, 140, 57, 33, 89, 24, 142, 145, 128, 74, 106, 108, 53, 5, 156, 66, 176, 159, 78, 12, 14, 122, 197, 26, 190, 144, 84, 131, 52, 0]
36197

[196, 44, 80, 96, 164, 95, 125, 86, 165, 51, 10, 83, 169, 121, 115, 187, 43, 62, 178, 8, 77, 81, 6, 198, 25, 31, 135, 60, 28, 45, 171, 23, 158, 173, 120, 116, 114, 110, 84, 190, 26, 197, 122, 14, 78, 12, 176, 64, 79, 150, 186, 5, 108, 106, 53, 145, 142, 89, 102, 87, 147, 27, 38, 37, 55, 151, 177, 70, 129, 71, 167, 22, 163, 168, 160, 76, 157, 58, 72, 2, 68, 188, 130, 179, 141, 107, 13, 191, 59, 127, 192, 146, 11, 162, 92, 48, 109, 17, 189, 91]
[100, 3, 105, 148, 98, 9, 174, 35, 56, 73, 99, 155, 32, 103, 47, 118, 18, 65, 152, 193, 50, 15, 117, 123, 137, 36, 183, 39, 131, 52, 0, 144, 159, 66, 30, 46, 156, 119, 54, 161, 63, 19, 134, 41, 185, 126, 111, 154, 182, 7, 16, 24, 33, 57, 140, 170, 199, 97, 113, 128, 133, 21, 74, 82, 61, 184, 49, 138, 85, 195, 4, 104, 42, 136, 132, 175, 112, 194, 181, 75, 93, 94, 90, 149, 172, 143, 69, 101, 153, 20, 139, 88, 40, 166, 29, 67, 34, 1, 180, 124]
39399

[31, 23, 158, 173, 120, 171, 45, 131, 84, 190, 26, 197, 122, 14, 12, 78, 159, 161, 63, 19, 134, 41, 66, 64, 79, 150, 186, 53, 5, 108, 74, 7, 16, 24, 102, 87, 147, 27, 38, 129, 70, 37, 55, 177, 195, 4, 104, 136, 112, 194, 181, 93, 94, 90, 149, 75, 69, 163, 40, 166, 157, 192, 127, 68, 188, 130, 179, 141, 107, 191, 13, 9, 91, 118, 65, 152, 83, 10, 51, 169, 121, 193, 50, 62, 178, 18, 189, 109, 28, 183, 123, 137, 8, 77, 81, 6, 198, 25, 135, 60]
[199, 151, 42, 132, 175, 85, 138, 49, 184, 167, 1, 180, 124, 160, 76, 29, 67, 168, 34, 172, 22, 143, 101, 20, 139, 153, 88, 58, 72, 2, 59, 100, 3, 162, 92, 105, 148, 98, 174, 196, 35, 56, 73, 99, 155, 32, 44, 80, 96, 103, 164, 125, 86, 95, 165, 47, 115, 187, 43, 15, 117, 36, 17, 48, 11, 146, 39, 110, 116, 114, 52, 0, 144, 176, 30, 46, 156, 106, 119, 54, 185, 126, 111, 154, 182, 21, 133, 61, 82, 71, 128, 145, 142, 89, 33, 113, 97, 57, 140, 170]
38050

[157, 76, 79, 150, 186, 5, 108, 106, 156, 54, 63, 19, 134, 41, 185, 126, 7, 16, 24, 102, 113, 38, 132, 175, 112, 85, 129, 128, 133, 74, 53, 167, 149, 143, 172, 22, 168, 67, 29, 40, 58, 2, 72, 188, 130, 179, 68, 166, 59, 100, 3, 92, 105, 148, 48, 17, 109, 28, 183, 36, 18, 98, 91, 9, 174, 35, 56, 99, 155, 32, 80, 96, 103, 164, 47, 65, 152, 43, 187, 115, 121, 193, 50, 15, 117, 137, 60, 135, 158, 116, 114, 110, 52, 0, 84, 144, 190, 26, 192, 127]
[125, 86, 95, 165, 51, 10, 83, 169, 62, 178, 123, 8, 77, 81, 6, 198, 25, 31, 23, 173, 120, 45, 171, 189, 118, 196, 44, 73, 141, 107, 13, 191, 162, 11, 146, 39, 131, 197, 122, 12, 176, 64, 160, 124, 180, 1, 34, 88, 153, 20, 139, 163, 101, 69, 75, 90, 94, 93, 181, 194, 136, 42, 104, 4, 177, 151, 55, 195, 138, 49, 184, 61, 82, 71, 70, 37, 27, 147, 87, 97, 199, 170, 140, 57, 33, 89, 142, 145, 21, 182, 154, 111, 119, 46, 30, 66, 161, 159, 78, 14]
40973

[90, 94, 138, 71, 82, 61, 74, 182, 154, 5, 186, 150, 67, 168, 34, 22, 172, 149, 143, 69, 163, 139, 88, 72, 2, 188, 58, 40, 29, 76, 157, 192, 127, 59, 100, 3, 191, 9, 174, 35, 56, 130, 179, 155, 99, 80, 96, 103, 164, 165, 95, 125, 86, 51, 10, 83, 169, 121, 47, 65, 152, 43, 62, 187, 115, 193, 50, 15, 117, 123, 36, 183, 60, 135, 31, 23, 158, 173, 120, 171, 45, 131, 190, 26, 19, 63, 54, 134, 16, 142, 145, 128, 129, 70, 195, 104, 42, 136, 85, 93]
[41, 185, 126, 119, 46, 30, 66, 161, 159, 78, 14, 122, 197, 12, 176, 64, 79, 160, 166, 107, 13, 98, 91, 18, 189, 148, 105, 92, 162, 146, 39, 84, 144, 0, 52, 114, 116, 110, 11, 48, 17, 109, 28, 25, 198, 6, 81, 77, 8, 137, 178, 118, 196, 44, 32, 73, 141, 68, 153, 20, 101, 75, 181, 194, 112, 175, 132, 4, 177, 151, 55, 37, 38, 27, 147, 87, 113, 97, 199, 170, 140, 57, 102, 33, 89, 24, 7, 21, 133, 49, 184, 167, 1, 180, 124, 53, 108, 106, 156, 111]
41054

[74, 182, 154, 111, 126, 185, 134, 41, 54, 161, 144, 0, 114, 116, 158, 173, 120, 45, 171, 109, 17, 28, 183, 178, 62, 50, 193, 121, 115, 43, 152, 65, 91, 98, 9, 174, 44, 32, 99, 155, 179, 130, 188, 72, 2, 107, 191, 105, 162, 146, 39, 26, 197, 122, 12, 176, 66, 46, 156, 5, 53, 124, 180, 1, 34, 168, 22, 172, 167, 184, 61, 82, 133, 21, 16, 24, 142, 89, 33, 97, 87, 37, 70, 195, 55, 151, 177, 4, 104, 42, 136, 112, 181, 75, 69, 143, 149, 90, 93, 94]
[30, 64, 79, 76, 157, 192, 127, 166, 29, 67, 160, 150, 186, 108, 106, 119, 63, 19, 159, 78, 14, 190, 84, 131, 52, 110, 11, 92, 189, 48, 36, 137, 60, 135, 23, 31, 25, 198, 6, 81, 77, 8, 123, 117, 15, 187, 169, 83, 10, 51, 165, 95, 86, 125, 164, 96, 80, 196, 103, 47, 118, 18, 148, 3, 100, 59, 13, 35, 56, 73, 141, 68, 58, 40, 88, 153, 20, 139, 163, 101, 194, 175, 132, 85, 138, 49, 71, 129, 128, 38, 27, 147, 199, 170, 140, 57, 113, 102, 145, 7]
40671

[99, 155, 188, 72, 2, 58, 40, 88, 153, 22, 85, 195, 177, 151, 55, 70, 37, 27, 147, 199, 170, 140, 57, 102, 145, 128, 133, 111, 126, 185, 41, 134, 19, 63, 54, 119, 46, 30, 156, 106, 108, 1, 34, 168, 67, 29, 166, 107, 191, 13, 148, 98, 18, 91, 118, 65, 152, 43, 178, 189, 48, 17, 109, 28, 171, 45, 120, 173, 39, 146, 192, 26, 197, 122, 14, 190, 144, 84, 0, 114, 116, 158, 23, 31, 135, 25, 198, 6, 123, 117, 62, 187, 115, 83, 47, 103, 96, 80, 44, 32]
[89, 142, 33, 113, 97, 87, 38, 129, 71, 138, 4, 104, 42, 136, 132, 175, 112, 194, 181, 93, 75, 69, 143, 101, 20, 139, 163, 160, 79, 76, 157, 127, 59, 100, 3, 68, 141, 130, 179, 73, 56, 35, 174, 9, 196, 164, 125, 86, 95, 165, 10, 51, 169, 121, 193, 50, 15, 36, 137, 8, 81, 77, 60, 183, 105, 92, 162, 11, 110, 52, 131, 12, 176, 78, 159, 161, 66, 64, 186, 150, 124, 180, 167, 172, 149, 90, 94, 49, 184, 61, 82, 53, 5, 74, 154, 182, 21, 7, 16, 24]
40576

[41, 185, 126, 7, 145, 128, 113, 97, 87, 27, 38, 37, 55, 151, 177, 104, 42, 132, 175, 112, 194, 181, 93, 94, 85, 138, 129, 71, 49, 90, 149, 143, 172, 22, 20, 153, 139, 163, 168, 34, 67, 29, 40, 2, 72, 188, 141, 130, 179, 155, 99, 44, 196, 91, 18, 65, 152, 43, 115, 187, 178, 189, 148, 48, 17, 109, 28, 183, 36, 137, 8, 25, 171, 45, 120, 173, 158, 110, 116, 114, 52, 0, 144, 14, 12, 176, 192, 127, 100, 59, 166, 157, 76, 64, 30, 46, 66, 63, 19, 134]
[146, 39, 131, 84, 190, 26, 197, 122, 78, 159, 161, 54, 119, 111, 74, 106, 156, 108, 5, 53, 186, 150, 79, 160, 124, 180, 1, 167, 184, 61, 82, 133, 21, 182, 154, 16, 24, 142, 89, 33, 102, 57, 140, 170, 199, 147, 70, 195, 4, 136, 75, 69, 101, 88, 58, 68, 73, 56, 35, 32, 80, 96, 103, 164, 95, 125, 86, 165, 51, 10, 83, 169, 121, 193, 50, 77, 81, 6, 198, 31, 23, 135, 60, 123, 117, 15, 62, 47, 118, 174, 9, 98, 105, 92, 162, 13, 107, 191, 3, 11]
39314

[163, 139, 153, 20, 143, 149, 90, 93, 94, 85, 136, 104, 4, 177, 151, 55, 38, 27, 147, 87, 128, 145, 133, 21, 182, 154, 111, 126, 119, 46, 66, 54, 185, 41, 134, 19, 63, 161, 159, 144, 0, 52, 114, 116, 120, 45, 171, 183, 36, 60, 135, 25, 137, 123, 50, 193, 169, 51, 10, 83, 47, 165, 86, 125, 95, 164, 103, 96, 80, 32, 99, 155, 179, 130, 188, 68, 141, 107, 191, 13, 98, 148, 105, 92, 192, 127, 166, 157, 76, 79, 160, 180, 124, 150, 186, 53, 74, 167, 172, 22]
[140, 57, 170, 199, 97, 113, 102, 33, 89, 142, 24, 16, 7, 106, 108, 5, 156, 30, 78, 14, 122, 84, 131, 110, 173, 158, 23, 31, 198, 6, 81, 77, 8, 117, 15, 62, 187, 121, 115, 43, 178, 28, 109, 17, 48, 189, 18, 65, 152, 118, 91, 9, 174, 196, 44, 35, 56, 73, 59, 100, 3, 162, 11, 146, 39, 190, 26, 197, 12, 176, 64, 1, 34, 168, 67, 29, 40, 58, 2, 72, 88, 101, 69, 75, 181, 194, 112, 175, 132, 42, 195, 37, 70, 138, 49, 184, 61, 82, 71, 129]
38259

[196, 118, 47, 83, 10, 169, 8, 77, 81, 6, 198, 25, 31, 120, 171, 45, 11, 146, 39, 52, 0, 144, 78, 54, 106, 74, 182, 154, 7, 21, 133, 128, 145, 16, 24, 142, 89, 33, 102, 57, 140, 170, 199, 97, 113, 87, 147, 27, 37, 70, 195, 177, 55, 151, 4, 104, 42, 136, 132, 175, 112, 194, 85, 138, 49, 184, 167, 53, 108, 5, 186, 150, 160, 124, 180, 1, 34, 172, 149, 22, 163, 168, 67, 29, 166, 59, 100, 3, 162, 92, 105, 191, 107, 68, 188, 141, 13, 174, 44, 80]
[95, 165, 51, 86, 125, 96, 32, 155, 99, 35, 56, 73, 179, 130, 72, 2, 58, 40, 88, 153, 139, 20, 101, 75, 69, 143, 90, 93, 181, 94, 38, 129, 71, 82, 61, 111, 126, 134, 41, 185, 119, 46, 30, 156, 79, 76, 157, 127, 192, 64, 12, 176, 66, 161, 63, 19, 159, 14, 122, 197, 26, 190, 84, 131, 110, 114, 116, 173, 158, 23, 135, 60, 137, 123, 117, 15, 50, 193, 121, 115, 187, 62, 43, 152, 65, 178, 36, 183, 28, 109, 17, 48, 189, 148, 98, 18, 91, 9, 103, 164]
38272

[173, 11, 39, 116, 114, 0, 84, 144, 197, 122, 14, 12, 150, 186, 156, 46, 30, 66, 161, 54, 41, 134, 185, 126, 119, 111, 154, 182, 21, 133, 7, 145, 102, 128, 38, 37, 55, 151, 177, 4, 195, 70, 129, 138, 49, 167, 34, 67, 168, 163, 139, 20, 153, 88, 68, 141, 188, 130, 179, 155, 99, 32, 80, 96, 103, 164, 165, 10, 51, 169, 121, 193, 50, 43, 152, 65, 91, 35, 13, 191, 59, 100, 3, 105, 148, 48, 109, 183, 36, 123, 137, 8, 77, 81, 6, 198, 25, 31, 23, 158]
[192, 127, 162, 92, 146, 26, 190, 131, 52, 110, 120, 45, 171, 135, 60, 28, 17, 189, 178, 117, 15, 62, 187, 115, 83, 86, 125, 95, 47, 118, 18, 98, 9, 174, 196, 44, 56, 73, 107, 2, 72, 58, 40, 166, 29, 76, 157, 78, 159, 19, 63, 176, 64, 79, 160, 124, 180, 1, 172, 22, 101, 69, 143, 149, 90, 93, 75, 181, 194, 112, 175, 132, 136, 42, 104, 85, 94, 184, 53, 5, 108, 106, 74, 61, 82, 71, 27, 147, 87, 113, 97, 199, 170, 140, 57, 33, 89, 142, 24, 16]
40892

[91, 118, 43, 187, 193, 50, 62, 15, 117, 123, 8, 77, 81, 6, 198, 25, 31, 23, 183, 28, 109, 17, 48, 171, 45, 120, 173, 158, 116, 114, 110, 52, 0, 131, 26, 64, 79, 150, 186, 53, 5, 108, 106, 74, 182, 21, 133, 128, 145, 102, 113, 97, 38, 129, 138, 49, 71, 82, 61, 184, 167, 180, 124, 160, 1, 34, 168, 22, 143, 69, 75, 181, 112, 175, 194, 101, 163, 139, 20, 153, 88, 40, 68, 141, 130, 179, 155, 99, 32, 35, 107, 59, 100, 3, 162, 105, 18, 9, 174, 98]
[65, 152, 115, 121, 169, 51, 10, 83, 47, 165, 95, 86, 125, 164, 103, 96, 80, 44, 196, 13, 191, 56, 73, 188, 72, 2, 58, 166, 127, 192, 157, 76, 29, 67, 172, 149, 90, 93, 94, 85, 132, 136, 42, 104, 4, 195, 177, 151, 55, 70, 37, 27, 147, 87, 199, 170, 140, 57, 33, 89, 142, 24, 16, 7, 154, 111, 156, 30, 46, 119, 126, 185, 134, 41, 54, 19, 63, 161, 66, 176, 159, 78, 12, 14, 122, 197, 190, 144, 84, 39, 146, 11, 92, 148, 189, 36, 60, 135, 137, 178]
36669

[161, 19, 63, 66, 12, 197, 76, 157, 192, 127, 59, 100, 3, 162, 92, 189, 48, 17, 109, 45, 120, 171, 28, 183, 36, 178, 62, 43, 187, 115, 121, 169, 51, 86, 125, 103, 96, 80, 196, 44, 32, 35, 13, 191, 107, 68, 141, 179, 130, 188, 72, 2, 58, 153, 20, 139, 163, 101, 143, 69, 75, 93, 94, 181, 194, 112, 175, 132, 136, 42, 104, 4, 85, 195, 177, 151, 55, 70, 37, 38, 27, 170, 140, 57, 102, 145, 128, 82, 61, 184, 167, 1, 34, 67, 160, 79, 150, 186, 124, 180]
[182, 74, 106, 108, 53, 5, 156, 111, 126, 185, 134, 41, 54, 119, 46, 30, 64, 176, 159, 78, 14, 122, 144, 84, 0, 52, 114, 116, 110, 173, 158, 23, 31, 135, 60, 137, 25, 198, 6, 81, 77, 8, 123, 117, 15, 50, 193, 47, 83, 10, 165, 95, 164, 152, 65, 118, 18, 91, 9, 174, 99, 155, 73, 56, 98, 148, 105, 11, 146, 39, 131, 190, 26, 166, 40, 88, 29, 168, 22, 172, 149, 90, 49, 138, 129, 71, 133, 21, 113, 97, 87, 147, 199, 33, 89, 142, 24, 16, 7, 154]
38408

[99, 155, 179, 130, 188, 68, 141, 107, 100, 59, 192, 127, 166, 157, 29, 67, 168, 163, 143, 22, 172, 149, 90, 49, 94, 93, 181, 194, 112, 175, 132, 136, 42, 104, 4, 151, 177, 195, 85, 138, 129, 38, 113, 97, 199, 170, 140, 57, 145, 7, 21, 133, 74, 182, 154, 119, 46, 30, 156, 106, 108, 5, 53, 186, 150, 64, 14, 144, 84, 0, 52, 114, 116, 110, 173, 120, 45, 171, 135, 60, 183, 28, 189, 18, 9, 174, 35, 56, 32, 164, 165, 95, 125, 86, 51, 10, 169, 121, 47, 83]
[153, 101, 75, 69, 34, 1, 76, 79, 160, 124, 180, 167, 184, 61, 82, 71, 70, 55, 37, 27, 147, 87, 128, 102, 33, 89, 142, 24, 16, 111, 126, 185, 134, 41, 54, 19, 63, 161, 159, 78, 66, 176, 12, 122, 197, 26, 190, 131, 39, 146, 158, 23, 31, 198, 6, 81, 77, 8, 25, 137, 123, 117, 15, 36, 109, 17, 178, 62, 50, 193, 115, 187, 43, 152, 65, 103, 96, 80, 44, 196, 118, 91, 98, 148, 105, 92, 162, 48, 11, 3, 191, 13, 73, 2, 72, 58, 40, 88, 139, 20]
39584

[42, 136, 104, 4, 195, 177, 151, 55, 37, 27, 147, 199, 170, 140, 57, 113, 102, 145, 128, 182, 154, 74, 106, 111, 126, 134, 41, 185, 46, 30, 66, 176, 12, 78, 14, 122, 197, 190, 39, 11, 45, 171, 120, 173, 158, 23, 31, 137, 123, 117, 178, 189, 148, 105, 92, 191, 13, 18, 118, 65, 152, 47, 10, 51, 165, 164, 103, 80, 179, 130, 188, 72, 2, 166, 157, 127, 192, 26, 64, 79, 160, 124, 180, 5, 53, 82, 61, 184, 172, 149, 143, 22, 163, 139, 69, 75, 90, 94, 93, 181]
[112, 132, 175, 194, 101, 20, 153, 88, 40, 58, 68, 141, 107, 73, 56, 35, 174, 9, 98, 91, 196, 44, 32, 99, 155, 96, 125, 86, 95, 83, 169, 121, 115, 193, 50, 187, 43, 62, 15, 8, 77, 81, 6, 198, 25, 135, 60, 36, 183, 28, 109, 17, 48, 162, 3, 100, 59, 146, 110, 116, 114, 52, 0, 131, 84, 144, 159, 161, 63, 19, 54, 119, 156, 108, 186, 150, 76, 29, 67, 168, 34, 1, 167, 49, 138, 85, 70, 129, 38, 87, 97, 33, 89, 142, 24, 16, 7, 21, 133, 71]
39996

[91, 196, 96, 103, 164, 95, 165, 83, 169, 121, 115, 43, 187, 193, 50, 62, 15, 117, 198, 6, 31, 23, 120, 45, 171, 183, 28, 109, 17, 48, 189, 148, 105, 3, 100, 59, 127, 192, 26, 190, 84, 144, 197, 122, 14, 12, 78, 159, 126, 111, 154, 182, 7, 16, 24, 33, 89, 142, 145, 133, 21, 74, 61, 82, 71, 129, 55, 151, 177, 104, 42, 132, 175, 93, 90, 94, 85, 49, 53, 5, 108, 106, 156, 186, 124, 180, 67, 29, 40, 166, 188, 130, 179, 155, 99, 35, 174, 9, 18, 98]
[66, 54, 185, 41, 134, 19, 63, 161, 176, 64, 79, 150, 160, 76, 157, 162, 92, 11, 146, 39, 131, 0, 52, 114, 116, 110, 173, 158, 135, 60, 25, 77, 81, 8, 137, 123, 36, 178, 65, 152, 10, 51, 86, 125, 47, 118, 44, 80, 32, 73, 56, 13, 191, 107, 141, 68, 2, 72, 58, 88, 168, 34, 1, 184, 167, 172, 22, 149, 143, 163, 139, 20, 153, 101, 69, 75, 181, 194, 112, 136, 4, 195, 138, 70, 37, 38, 27, 147, 87, 199, 170, 140, 57, 97, 113, 102, 128, 119, 46, 30]
39754

[174, 9, 13, 191, 100, 3, 11, 45, 171, 178, 65, 152, 43, 187, 115, 193, 50, 62, 15, 117, 123, 137, 8, 77, 81, 6, 198, 25, 31, 23, 158, 116, 114, 0, 84, 144, 159, 161, 54, 185, 126, 119, 111, 154, 182, 21, 133, 7, 16, 24, 142, 145, 128, 38, 82, 61, 74, 53, 5, 108, 106, 156, 46, 66, 30, 186, 150, 160, 172, 149, 93, 112, 132, 175, 194, 181, 75, 69, 101, 20, 40, 166, 127, 192, 59, 107, 2, 72, 188, 130, 179, 141, 73, 56, 35, 196, 44, 155, 99, 32]
[87, 97, 113, 102, 89, 33, 57, 140, 170, 199, 147, 27, 37, 70, 129, 71, 184, 167, 124, 180, 1, 34, 168, 67, 29, 157, 76, 79, 64, 176, 41, 134, 19, 63, 78, 12, 14, 122, 197, 190, 26, 146, 39, 131, 52, 110, 173, 120, 135, 60, 36, 183, 28, 109, 17, 48, 189, 92, 162, 105, 148, 98, 18, 91, 118, 103, 164, 47, 121, 169, 83, 10, 51, 165, 95, 86, 125, 96, 80, 68, 58, 88, 153, 139, 163, 22, 143, 90, 94, 49, 138, 85, 136, 42, 104, 4, 195, 177, 55, 151]
38782

[97, 113, 27, 37, 70, 138, 94, 93, 49, 71, 129, 38, 128, 133, 21, 74, 53, 5, 186, 150, 79, 160, 124, 180, 1, 34, 163, 22, 143, 69, 75, 101, 153, 20, 139, 88, 58, 40, 166, 59, 100, 3, 191, 2, 72, 188, 130, 179, 155, 44, 196, 118, 47, 15, 117, 123, 8, 77, 81, 6, 198, 25, 135, 60, 137, 189, 148, 105, 92, 48, 171, 45, 120, 110, 131, 84, 144, 14, 78, 159, 161, 63, 19, 54, 66, 46, 156, 108, 106, 185, 41, 134, 126, 154, 182, 7, 16, 142, 145, 102]
[119, 30, 64, 176, 12, 122, 197, 26, 190, 0, 52, 114, 116, 173, 158, 23, 31, 183, 28, 109, 17, 36, 178, 65, 152, 43, 115, 187, 62, 50, 193, 121, 169, 83, 10, 51, 86, 125, 95, 165, 164, 103, 96, 80, 32, 99, 56, 73, 141, 68, 107, 13, 35, 174, 9, 91, 18, 98, 162, 11, 39, 146, 192, 127, 157, 76, 29, 67, 168, 172, 149, 90, 181, 194, 112, 175, 132, 136, 42, 104, 4, 85, 167, 184, 61, 82, 195, 177, 151, 55, 147, 87, 199, 170, 140, 57, 33, 89, 24, 111]
38536

[68, 141, 99, 155, 80, 96, 125, 86, 95, 118, 18, 189, 17, 109, 28, 135, 60, 36, 178, 65, 152, 43, 187, 115, 83, 10, 51, 169, 121, 193, 50, 62, 15, 117, 8, 77, 81, 6, 198, 25, 31, 23, 158, 116, 114, 52, 0, 84, 144, 192, 127, 12, 176, 66, 30, 46, 156, 119, 111, 185, 134, 126, 16, 142, 145, 128, 38, 37, 70, 71, 49, 61, 82, 182, 154, 74, 53, 157, 76, 124, 180, 1, 34, 22, 143, 90, 93, 75, 69, 101, 163, 139, 20, 153, 88, 40, 58, 188, 72, 2]
[104, 42, 136, 132, 175, 112, 194, 181, 94, 138, 85, 4, 195, 177, 151, 55, 147, 27, 129, 184, 167, 149, 172, 168, 67, 29, 166, 59, 100, 3, 191, 13, 107, 130, 179, 73, 56, 35, 32, 44, 196, 103, 164, 165, 47, 91, 9, 174, 98, 148, 105, 92, 162, 48, 183, 123, 137, 171, 45, 120, 173, 110, 131, 39, 11, 146, 26, 190, 197, 122, 14, 78, 159, 63, 19, 41, 54, 161, 64, 79, 160, 150, 186, 5, 108, 106, 133, 21, 7, 24, 89, 33, 102, 57, 140, 170, 199, 97, 113, 87]
40550

[193, 50, 117, 81, 6, 198, 171, 45, 120, 173, 158, 110, 116, 114, 52, 0, 131, 39, 146, 26, 190, 84, 144, 197, 122, 14, 159, 161, 63, 19, 54, 111, 154, 182, 74, 53, 5, 108, 106, 156, 186, 150, 79, 160, 124, 167, 184, 49, 129, 38, 57, 140, 170, 37, 70, 195, 55, 151, 177, 42, 132, 175, 112, 194, 181, 93, 94, 90, 143, 69, 75, 101, 153, 20, 139, 163, 168, 67, 88, 72, 2, 188, 73, 56, 35, 174, 9, 13, 107, 191, 92, 162, 11, 178, 65, 152, 43, 187, 121, 115]
[18, 189, 48, 17, 109, 28, 183, 60, 135, 23, 31, 25, 77, 8, 137, 123, 36, 15, 62, 169, 51, 10, 83, 47, 165, 95, 86, 125, 164, 103, 118, 196, 44, 96, 80, 32, 99, 155, 179, 130, 141, 68, 58, 40, 29, 180, 1, 34, 22, 172, 149, 85, 136, 104, 4, 138, 61, 82, 71, 27, 147, 87, 199, 97, 113, 102, 33, 89, 142, 24, 16, 145, 128, 133, 21, 7, 126, 134, 41, 185, 119, 46, 30, 66, 78, 12, 176, 64, 76, 157, 166, 127, 192, 59, 100, 3, 105, 148, 98, 91]
38407

[100, 3, 59, 192, 127, 166, 157, 76, 79, 186, 150, 160, 124, 180, 29, 67, 168, 163, 139, 88, 40, 58, 2, 72, 188, 130, 179, 155, 32, 99, 73, 56, 35, 174, 9, 91, 98, 18, 118, 65, 152, 165, 164, 95, 125, 86, 51, 10, 83, 169, 62, 178, 36, 183, 137, 25, 60, 135, 158, 116, 114, 110, 52, 0, 190, 176, 185, 126, 111, 106, 154, 7, 16, 24, 33, 57, 140, 170, 199, 97, 113, 87, 147, 71, 184, 149, 143, 69, 90, 93, 94, 132, 175, 112, 194, 181, 75, 101, 153, 20]
[85, 136, 42, 104, 4, 195, 177, 151, 55, 37, 27, 38, 70, 129, 128, 102, 89, 142, 145, 133, 21, 182, 74, 53, 5, 108, 156, 119, 46, 30, 66, 161, 54, 41, 134, 19, 63, 159, 78, 144, 84, 131, 39, 11, 45, 171, 120, 173, 23, 31, 198, 6, 81, 77, 8, 123, 117, 15, 50, 193, 121, 115, 187, 43, 47, 103, 96, 80, 44, 196, 141, 68, 107, 13, 191, 162, 92, 105, 148, 189, 17, 28, 109, 48, 146, 26, 197, 122, 14, 12, 64, 1, 34, 22, 172, 167, 61, 82, 49, 138]
38863

[68, 141, 107, 56, 73, 99, 32, 80, 96, 103, 164, 95, 125, 86, 165, 51, 10, 83, 169, 121, 115, 193, 50, 117, 123, 137, 8, 77, 81, 6, 198, 25, 135, 171, 45, 109, 17, 48, 189, 148, 105, 92, 162, 3, 11, 146, 39, 131, 197, 122, 14, 12, 64, 79, 160, 124, 150, 186, 176, 78, 159, 19, 63, 161, 66, 30, 46, 119, 111, 7, 89, 33, 57, 140, 170, 199, 97, 145, 133, 21, 74, 61, 82, 70, 4, 104, 42, 136, 132, 175, 112, 194, 181, 93, 90, 75, 69, 101, 153, 88]
[151, 55, 177, 195, 85, 138, 49, 94, 149, 143, 20, 139, 163, 29, 40, 58, 2, 72, 188, 130, 179, 155, 44, 196, 35, 13, 191, 100, 98, 174, 9, 91, 18, 118, 47, 65, 152, 43, 187, 62, 15, 178, 36, 183, 28, 60, 31, 23, 158, 173, 120, 110, 116, 114, 52, 0, 84, 144, 190, 26, 192, 127, 59, 166, 157, 76, 180, 1, 34, 67, 168, 22, 172, 167, 184, 71, 129, 38, 37, 27, 147, 87, 113, 102, 142, 24, 16, 126, 134, 41, 54, 185, 156, 106, 108, 5, 53, 154, 182, 128]
38458

[30, 66, 176, 12, 192, 105, 148, 92, 11, 39, 190, 84, 131, 120, 45, 171, 183, 60, 135, 137, 123, 36, 117, 15, 178, 62, 43, 152, 65, 47, 165, 103, 96, 80, 196, 174, 9, 91, 98, 13, 191, 59, 166, 58, 2, 72, 88, 153, 20, 139, 163, 101, 69, 143, 90, 149, 22, 172, 167, 184, 49, 94, 93, 75, 181, 194, 112, 175, 132, 42, 151, 55, 27, 147, 87, 199, 170, 140, 57, 97, 113, 33, 89, 24, 16, 7, 182, 154, 111, 185, 119, 106, 74, 82, 61, 53, 5, 108, 156, 46]
[150, 186, 64, 197, 26, 146, 100, 3, 162, 48, 109, 28, 17, 189, 18, 118, 164, 95, 125, 86, 51, 10, 83, 169, 121, 115, 187, 193, 50, 8, 77, 81, 6, 198, 25, 31, 23, 158, 173, 110, 116, 114, 52, 0, 144, 122, 14, 78, 159, 161, 63, 19, 54, 41, 134, 126, 21, 133, 128, 145, 142, 102, 38, 37, 129, 71, 70, 195, 177, 4, 104, 136, 85, 138, 1, 34, 168, 67, 29, 40, 188, 68, 141, 130, 179, 73, 99, 155, 32, 44, 35, 56, 107, 127, 157, 76, 79, 160, 124, 180]
39959

[126, 185, 54, 19, 63, 161, 159, 78, 12, 14, 122, 197, 131, 173, 120, 48, 92, 105, 148, 189, 123, 137, 25, 198, 6, 81, 77, 8, 117, 15, 50, 193, 169, 83, 10, 51, 103, 91, 9, 174, 196, 44, 155, 179, 130, 188, 72, 2, 58, 88, 139, 163, 22, 143, 93, 94, 90, 149, 172, 168, 67, 29, 157, 76, 79, 64, 30, 46, 186, 150, 160, 124, 82, 71, 49, 138, 85, 104, 4, 195, 177, 151, 55, 37, 70, 129, 38, 87, 199, 170, 97, 113, 102, 142, 7, 182, 21, 133, 128, 145]
[98, 18, 118, 65, 152, 178, 62, 43, 187, 115, 121, 47, 165, 164, 95, 86, 125, 96, 80, 32, 99, 35, 56, 73, 141, 68, 107, 13, 191, 3, 162, 146, 39, 11, 45, 171, 109, 17, 28, 183, 36, 60, 135, 31, 23, 158, 116, 114, 110, 52, 0, 84, 144, 190, 26, 176, 66, 119, 156, 106, 108, 5, 53, 180, 1, 34, 167, 184, 61, 74, 154, 111, 41, 134, 16, 24, 89, 33, 57, 140, 147, 27, 42, 136, 132, 175, 112, 194, 181, 75, 69, 101, 20, 153, 40, 166, 127, 192, 59, 100]
39542

[116, 158, 198, 6, 81, 77, 8, 117, 50, 193, 187, 43, 152, 47, 86, 125, 164, 103, 96, 80, 155, 179, 130, 188, 2, 72, 88, 153, 20, 139, 163, 22, 172, 184, 61, 82, 129, 38, 37, 55, 151, 199, 170, 140, 57, 24, 16, 182, 154, 126, 134, 41, 54, 19, 63, 66, 64, 79, 160, 150, 186, 5, 108, 106, 53, 124, 180, 67, 29, 166, 59, 100, 3, 13, 35, 56, 73, 99, 32, 44, 196, 174, 9, 91, 118, 18, 98, 105, 92, 162, 11, 39, 131, 190, 197, 122, 144, 0, 52, 114]
[189, 148, 191, 107, 141, 68, 58, 40, 101, 69, 143, 149, 90, 94, 93, 75, 181, 194, 112, 175, 132, 42, 104, 136, 85, 4, 177, 195, 70, 27, 147, 87, 97, 113, 102, 33, 89, 142, 145, 7, 111, 185, 119, 46, 30, 156, 74, 21, 133, 128, 71, 138, 49, 167, 1, 34, 168, 76, 157, 127, 192, 146, 26, 12, 176, 161, 159, 78, 14, 84, 110, 120, 173, 23, 31, 135, 60, 171, 45, 48, 17, 109, 28, 183, 36, 25, 137, 123, 15, 62, 115, 121, 169, 83, 10, 51, 95, 165, 65, 178]
40594

[33, 89, 142, 129, 71, 82, 61, 53, 186, 5, 108, 106, 156, 46, 30, 66, 41, 134, 19, 63, 159, 78, 14, 122, 0, 52, 114, 116, 110, 11, 92, 48, 17, 36, 60, 135, 23, 31, 25, 198, 6, 81, 77, 117, 15, 62, 50, 193, 121, 115, 187, 43, 152, 65, 47, 165, 95, 86, 125, 164, 118, 91, 174, 9, 18, 98, 107, 68, 2, 72, 58, 88, 153, 20, 139, 163, 101, 69, 143, 167, 184, 49, 75, 181, 194, 112, 175, 132, 136, 42, 104, 4, 151, 55, 147, 87, 199, 170, 140, 57]
[148, 189, 109, 28, 183, 171, 45, 120, 173, 158, 137, 8, 123, 178, 169, 83, 10, 51, 103, 96, 80, 44, 196, 35, 32, 99, 155, 179, 130, 188, 141, 73, 56, 13, 191, 3, 100, 59, 192, 127, 166, 40, 29, 67, 168, 22, 172, 149, 90, 93, 94, 85, 138, 195, 177, 70, 37, 38, 27, 97, 113, 102, 128, 145, 24, 16, 7, 21, 133, 74, 182, 154, 111, 119, 126, 185, 54, 161, 176, 12, 64, 150, 124, 180, 1, 34, 160, 79, 76, 157, 26, 197, 190, 144, 84, 131, 39, 146, 162, 105]
37615

[80, 44, 13, 3, 100, 59, 192, 160, 124, 180, 1, 34, 168, 22, 172, 167, 149, 90, 94, 93, 75, 181, 194, 112, 175, 132, 136, 42, 177, 151, 55, 37, 27, 147, 140, 57, 102, 33, 89, 142, 24, 16, 134, 41, 185, 126, 7, 21, 133, 74, 82, 61, 53, 5, 186, 150, 46, 119, 66, 176, 162, 92, 189, 48, 45, 120, 173, 110, 131, 0, 52, 114, 116, 158, 23, 31, 25, 198, 6, 81, 77, 8, 137, 123, 50, 193, 62, 43, 187, 115, 121, 169, 47, 118, 91, 18, 98, 9, 174, 196]
[190, 26, 197, 122, 14, 12, 30, 156, 108, 106, 182, 154, 111, 54, 19, 63, 161, 159, 78, 144, 84, 39, 146, 11, 171, 135, 60, 28, 109, 17, 183, 36, 117, 15, 178, 65, 152, 83, 10, 51, 165, 86, 125, 95, 164, 103, 96, 32, 155, 99, 73, 56, 35, 148, 105, 191, 107, 141, 179, 130, 188, 68, 2, 72, 58, 40, 88, 153, 20, 139, 163, 101, 69, 143, 85, 104, 4, 195, 70, 38, 87, 199, 170, 97, 113, 145, 128, 129, 71, 138, 49, 184, 67, 29, 166, 127, 157, 76, 79, 64]
40419

[35, 13, 56, 73, 99, 32, 155, 179, 130, 72, 2, 58, 40, 88, 163, 149, 90, 93, 94, 85, 138, 195, 177, 37, 27, 38, 70, 129, 71, 49, 180, 124, 160, 150, 79, 64, 12, 176, 66, 30, 46, 119, 126, 185, 54, 161, 78, 197, 26, 146, 162, 92, 48, 120, 173, 110, 131, 84, 144, 0, 52, 114, 116, 158, 23, 31, 25, 198, 6, 81, 77, 135, 60, 183, 36, 123, 117, 15, 178, 189, 18, 9, 174, 91, 118, 65, 152, 43, 62, 187, 115, 169, 83, 10, 51, 165, 164, 103, 96, 80]
[63, 159, 14, 122, 190, 39, 11, 45, 171, 109, 17, 28, 137, 8, 50, 193, 121, 47, 95, 86, 125, 44, 196, 98, 148, 105, 3, 100, 59, 191, 107, 141, 188, 68, 166, 127, 192, 157, 76, 186, 53, 82, 61, 184, 167, 1, 34, 168, 67, 29, 139, 153, 20, 22, 172, 143, 101, 69, 75, 181, 194, 112, 175, 132, 136, 42, 104, 4, 151, 55, 147, 87, 199, 170, 140, 57, 97, 113, 128, 145, 102, 33, 89, 142, 24, 16, 7, 133, 21, 182, 154, 74, 106, 108, 5, 156, 111, 41, 134, 19]
38439

[191, 13, 35, 56, 99, 73, 141, 68, 107, 166, 127, 157, 76, 79, 160, 22, 143, 101, 69, 75, 181, 194, 175, 132, 112, 70, 37, 38, 138, 94, 93, 90, 149, 172, 1, 180, 124, 150, 64, 186, 5, 74, 154, 182, 128, 113, 97, 199, 170, 140, 57, 33, 89, 142, 24, 16, 111, 126, 185, 134, 41, 54, 19, 63, 161, 159, 78, 12, 14, 122, 197, 26, 190, 144, 84, 131, 0, 52, 173, 120, 171, 135, 60, 123, 117, 15, 50, 193, 115, 187, 43, 65, 152, 83, 47, 118, 18, 48, 17, 189]
[195, 4, 104, 42, 136, 85, 49, 184, 167, 34, 67, 29, 168, 163, 139, 20, 153, 88, 40, 58, 2, 72, 188, 130, 179, 155, 32, 174, 98, 91, 9, 196, 44, 80, 96, 103, 164, 95, 125, 86, 165, 10, 51, 169, 121, 62, 178, 36, 109, 45, 28, 183, 137, 8, 77, 81, 6, 198, 25, 31, 23, 158, 116, 114, 110, 39, 146, 11, 92, 148, 105, 162, 3, 100, 59, 192, 176, 66, 30, 46, 119, 156, 106, 108, 53, 61, 82, 71, 129, 133, 21, 7, 145, 102, 87, 147, 27, 55, 177, 151]
38657

[49, 85, 94, 93, 69, 101, 153, 20, 139, 163, 168, 34, 1, 172, 167, 184, 61, 82, 71, 70, 195, 177, 151, 55, 87, 97, 113, 128, 145, 102, 33, 89, 142, 24, 16, 111, 119, 46, 30, 66, 176, 78, 12, 64, 192, 127, 59, 100, 26, 190, 39, 146, 11, 45, 135, 25, 198, 6, 81, 77, 117, 50, 193, 187, 43, 152, 65, 83, 10, 51, 86, 125, 95, 164, 165, 118, 91, 9, 174, 196, 44, 32, 155, 99, 35, 56, 73, 179, 130, 188, 72, 2, 58, 166, 157, 186, 5, 53, 180, 124]
[29, 67, 88, 40, 68, 141, 107, 80, 96, 103, 47, 169, 121, 115, 62, 15, 178, 18, 98, 13, 191, 3, 162, 92, 105, 148, 189, 48, 17, 109, 171, 28, 183, 36, 123, 8, 137, 60, 31, 23, 158, 173, 120, 110, 116, 114, 52, 0, 131, 84, 144, 197, 122, 14, 159, 161, 63, 19, 54, 41, 134, 185, 126, 154, 182, 21, 133, 7, 57, 140, 170, 199, 147, 27, 37, 4, 104, 42, 136, 132, 175, 112, 194, 181, 75, 143, 22, 149, 90, 138, 129, 38, 74, 108, 106, 156, 150, 160, 79, 76]
39593

[199, 147, 55, 151, 177, 104, 42, 136, 4, 195, 70, 37, 38, 129, 71, 82, 61, 184, 167, 49, 94, 93, 90, 149, 143, 69, 101, 153, 20, 139, 163, 29, 76, 157, 166, 40, 88, 58, 72, 2, 68, 188, 130, 179, 141, 73, 99, 155, 32, 80, 96, 125, 86, 95, 165, 47, 121, 115, 187, 43, 62, 178, 15, 117, 123, 8, 81, 77, 137, 60, 36, 109, 17, 48, 171, 45, 120, 11, 39, 146, 3, 100, 127, 192, 64, 176, 12, 78, 30, 74, 128, 113, 97, 170, 140, 57, 33, 24, 16, 89]
[6, 198, 25, 135, 31, 23, 183, 28, 173, 158, 116, 114, 110, 52, 0, 131, 84, 144, 190, 26, 197, 122, 14, 159, 19, 63, 161, 66, 46, 156, 186, 150, 79, 160, 124, 53, 5, 108, 106, 111, 119, 185, 54, 41, 134, 126, 154, 182, 21, 133, 7, 145, 142, 102, 87, 27, 138, 85, 112, 132, 175, 194, 181, 75, 22, 172, 1, 180, 34, 168, 67, 59, 191, 13, 107, 56, 35, 44, 196, 103, 164, 51, 10, 83, 169, 193, 50, 152, 65, 118, 18, 91, 9, 174, 98, 148, 105, 162, 92, 189]
39289

[20, 153, 139, 163, 101, 69, 75, 181, 85, 138, 70, 27, 199, 170, 140, 57, 102, 33, 89, 142, 24, 16, 7, 111, 41, 134, 19, 63, 161, 159, 78, 14, 12, 176, 66, 30, 46, 156, 5, 180, 1, 34, 67, 124, 160, 76, 157, 127, 166, 40, 107, 68, 130, 179, 155, 99, 56, 35, 148, 105, 92, 162, 11, 146, 39, 131, 0, 52, 114, 116, 110, 120, 173, 158, 23, 171, 45, 109, 28, 183, 36, 60, 135, 31, 25, 198, 6, 81, 77, 8, 137, 123, 117, 115, 121, 169, 51, 10, 83, 47]
[59, 100, 3, 191, 13, 174, 9, 91, 98, 18, 189, 48, 17, 178, 15, 62, 50, 193, 187, 43, 152, 65, 118, 196, 103, 164, 165, 95, 86, 125, 96, 80, 44, 32, 73, 141, 188, 72, 2, 58, 88, 29, 79, 64, 150, 186, 53, 167, 184, 49, 94, 93, 90, 149, 172, 168, 22, 143, 194, 112, 175, 132, 136, 42, 104, 4, 195, 177, 151, 55, 147, 87, 97, 113, 145, 128, 38, 37, 129, 71, 82, 61, 133, 21, 182, 154, 74, 108, 106, 119, 126, 185, 54, 122, 197, 144, 84, 190, 26, 192]
40448

[134, 7, 16, 24, 142, 89, 33, 57, 140, 170, 199, 87, 147, 27, 37, 70, 38, 97, 113, 102, 145, 128, 133, 21, 182, 154, 111, 119, 46, 30, 66, 64, 79, 160, 150, 186, 5, 53, 1, 149, 143, 69, 101, 153, 88, 192, 146, 39, 11, 92, 105, 148, 189, 178, 118, 91, 13, 107, 141, 130, 179, 73, 56, 99, 155, 32, 44, 196, 103, 164, 165, 83, 169, 121, 193, 50, 15, 117, 36, 123, 137, 8, 77, 60, 135, 23, 158, 173, 120, 110, 131, 197, 122, 12, 176, 161, 63, 19, 54, 41]
[162, 98, 174, 9, 18, 48, 17, 109, 28, 183, 171, 45, 52, 0, 114, 116, 31, 25, 198, 6, 81, 62, 187, 115, 43, 152, 65, 47, 10, 51, 95, 86, 125, 96, 80, 35, 191, 100, 59, 68, 188, 72, 2, 58, 40, 166, 127, 157, 76, 124, 180, 34, 168, 67, 29, 139, 20, 163, 22, 172, 167, 184, 49, 94, 93, 90, 75, 181, 194, 112, 175, 132, 136, 42, 104, 4, 151, 55, 177, 195, 85, 138, 129, 71, 82, 61, 74, 108, 106, 156, 126, 185, 159, 78, 14, 144, 84, 190, 26, 3]
40040

[137, 123, 60, 135, 28, 171, 45, 120, 173, 144, 78, 159, 161, 176, 66, 46, 119, 54, 63, 19, 134, 41, 185, 126, 111, 154, 182, 74, 133, 21, 7, 145, 16, 24, 142, 89, 33, 102, 57, 140, 170, 199, 87, 147, 27, 37, 70, 129, 71, 82, 61, 184, 49, 138, 85, 136, 132, 175, 112, 93, 94, 167, 53, 5, 186, 1, 34, 168, 22, 172, 149, 143, 139, 20, 153, 88, 29, 76, 157, 166, 40, 58, 2, 72, 188, 130, 179, 56, 35, 96, 103, 164, 165, 95, 125, 86, 51, 10, 83, 169]
[104, 42, 194, 181, 90, 75, 69, 101, 163, 67, 180, 124, 160, 150, 79, 192, 127, 59, 100, 3, 162, 92, 105, 148, 98, 18, 91, 9, 174, 13, 191, 107, 68, 141, 73, 99, 155, 32, 80, 44, 196, 118, 47, 152, 65, 178, 62, 43, 187, 115, 121, 193, 50, 15, 117, 36, 17, 189, 48, 109, 183, 8, 77, 81, 6, 198, 25, 31, 23, 158, 116, 114, 110, 52, 0, 84, 131, 39, 11, 146, 26, 190, 197, 122, 14, 12, 64, 30, 156, 108, 106, 128, 113, 97, 38, 55, 151, 4, 195, 177]
38424

[141, 107, 191, 3, 100, 59, 127, 166, 29, 160, 150, 124, 180, 1, 34, 67, 168, 139, 163, 22, 172, 149, 90, 93, 94, 49, 129, 38, 70, 37, 27, 87, 113, 128, 145, 133, 21, 74, 156, 119, 185, 134, 41, 54, 46, 30, 66, 176, 161, 63, 19, 159, 78, 12, 190, 84, 131, 0, 52, 114, 116, 158, 23, 31, 137, 77, 8, 123, 117, 15, 50, 62, 43, 187, 115, 121, 169, 51, 10, 95, 86, 125, 103, 96, 80, 32, 44, 196, 118, 91, 9, 174, 35, 56, 73, 99, 155, 179, 130, 188]
[177, 195, 151, 55, 147, 199, 170, 140, 57, 97, 102, 33, 89, 142, 24, 16, 7, 182, 154, 126, 111, 106, 108, 5, 53, 186, 64, 79, 76, 157, 192, 162, 11, 146, 39, 26, 197, 122, 14, 144, 110, 173, 120, 45, 171, 60, 135, 25, 198, 6, 81, 193, 83, 165, 164, 47, 152, 65, 178, 36, 183, 28, 109, 17, 48, 189, 148, 92, 105, 18, 98, 13, 68, 2, 72, 58, 40, 88, 153, 20, 101, 143, 69, 75, 181, 194, 112, 175, 132, 136, 42, 104, 4, 85, 138, 71, 82, 61, 167, 184]
37394

[186, 150, 156, 46, 30, 66, 161, 63, 19, 54, 185, 111, 154, 182, 21, 133, 7, 16, 24, 142, 89, 33, 102, 145, 128, 113, 97, 57, 140, 170, 199, 132, 175, 112, 194, 181, 101, 153, 20, 139, 163, 22, 172, 1, 34, 168, 67, 29, 40, 58, 72, 2, 100, 3, 73, 56, 35, 91, 18, 118, 103, 125, 86, 51, 10, 83, 169, 121, 115, 193, 50, 117, 8, 137, 123, 36, 17, 48, 189, 148, 105, 92, 162, 11, 146, 39, 110, 116, 114, 52, 0, 84, 144, 190, 26, 197, 122, 12, 64, 79]
[88, 143, 149, 90, 69, 75, 93, 94, 49, 138, 85, 136, 42, 104, 4, 195, 177, 151, 55, 70, 37, 27, 147, 87, 38, 129, 71, 82, 61, 74, 126, 134, 41, 119, 106, 108, 5, 53, 184, 167, 180, 124, 160, 76, 157, 166, 59, 127, 192, 176, 159, 78, 14, 131, 45, 171, 120, 173, 158, 23, 31, 198, 6, 81, 77, 25, 135, 60, 183, 28, 109, 178, 15, 62, 187, 43, 152, 65, 47, 165, 95, 164, 96, 80, 155, 99, 32, 44, 196, 174, 9, 98, 13, 191, 107, 68, 141, 179, 130, 188]
38634

[44, 196, 174, 9, 91, 98, 13, 191, 59, 166, 40, 29, 67, 168, 34, 172, 22, 163, 20, 101, 69, 143, 149, 90, 75, 93, 94, 138, 85, 104, 42, 177, 151, 55, 37, 27, 147, 87, 199, 170, 97, 113, 38, 74, 53, 5, 108, 106, 156, 119, 126, 185, 134, 41, 54, 78, 144, 190, 197, 26, 100, 3, 162, 92, 48, 17, 36, 137, 8, 77, 81, 123, 117, 50, 193, 187, 65, 152, 115, 121, 169, 83, 10, 51, 165, 95, 86, 125, 164, 103, 96, 80, 32, 155, 99, 35, 56, 73, 130, 179]
[148, 105, 107, 141, 68, 188, 72, 2, 58, 88, 153, 139, 1, 180, 124, 167, 184, 49, 181, 194, 112, 175, 132, 136, 4, 195, 70, 129, 71, 82, 61, 133, 21, 128, 102, 57, 140, 33, 89, 142, 24, 16, 145, 7, 182, 154, 111, 46, 30, 66, 161, 63, 19, 159, 14, 122, 12, 176, 64, 186, 150, 160, 79, 76, 157, 127, 192, 146, 11, 39, 131, 84, 0, 52, 110, 114, 116, 158, 173, 120, 45, 171, 23, 31, 6, 198, 25, 135, 60, 183, 28, 109, 189, 18, 118, 47, 43, 62, 178, 15]
38921

[29, 153, 20, 139, 163, 168, 67, 76, 166, 58, 2, 72, 188, 130, 179, 155, 99, 73, 56, 35, 174, 91, 118, 65, 152, 43, 187, 115, 121, 15, 117, 123, 137, 8, 77, 81, 6, 198, 25, 60, 135, 31, 23, 158, 173, 120, 45, 171, 109, 17, 48, 11, 110, 131, 84, 197, 122, 14, 78, 159, 161, 63, 19, 54, 66, 30, 46, 119, 185, 41, 134, 126, 111, 7, 16, 24, 102, 113, 97, 87, 147, 55, 151, 177, 195, 138, 85, 104, 42, 132, 175, 194, 75, 69, 94, 49, 71, 82, 1, 34]
[191, 59, 127, 157, 192, 100, 3, 146, 26, 190, 39, 162, 92, 105, 148, 189, 18, 98, 9, 196, 44, 32, 80, 96, 103, 164, 125, 86, 95, 165, 47, 83, 10, 51, 169, 193, 50, 62, 178, 36, 183, 28, 116, 114, 52, 0, 144, 12, 176, 64, 156, 106, 108, 5, 53, 186, 150, 79, 160, 124, 180, 167, 184, 61, 74, 154, 182, 21, 133, 128, 145, 142, 89, 33, 57, 140, 170, 199, 27, 38, 129, 70, 37, 4, 136, 112, 181, 93, 90, 149, 172, 22, 143, 101, 88, 40, 68, 141, 107, 13]
38941

[117, 178, 65, 152, 43, 115, 187, 62, 50, 193, 121, 169, 83, 165, 164, 103, 96, 80, 32, 99, 141, 68, 2, 58, 29, 67, 168, 22, 172, 143, 75, 149, 90, 94, 93, 181, 194, 112, 175, 132, 136, 42, 104, 4, 177, 151, 55, 27, 147, 87, 113, 97, 199, 170, 140, 57, 33, 145, 128, 70, 195, 85, 138, 49, 184, 167, 34, 1, 30, 64, 127, 192, 146, 39, 11, 107, 73, 56, 174, 9, 18, 189, 48, 17, 109, 36, 183, 28, 114, 116, 158, 23, 135, 60, 25, 77, 81, 8, 123, 137]
[14, 78, 159, 161, 63, 19, 54, 66, 176, 12, 122, 197, 26, 190, 144, 84, 131, 0, 52, 110, 173, 120, 45, 171, 31, 198, 6, 15, 47, 10, 51, 86, 125, 95, 118, 91, 98, 148, 105, 92, 162, 3, 100, 59, 191, 13, 35, 196, 44, 155, 179, 130, 188, 72, 153, 101, 69, 163, 20, 139, 88, 40, 166, 157, 76, 79, 160, 180, 124, 150, 186, 53, 61, 82, 71, 129, 37, 38, 102, 142, 89, 24, 16, 7, 133, 21, 182, 154, 74, 106, 108, 5, 156, 46, 119, 111, 126, 185, 41, 134]
40273

[98, 18, 91, 13, 191, 100, 59, 192, 127, 166, 40, 88, 29, 67, 76, 157, 79, 66, 54, 185, 46, 30, 186, 5, 108, 154, 7, 128, 113, 97, 87, 27, 38, 138, 85, 94, 93, 90, 149, 172, 143, 69, 75, 181, 194, 101, 20, 139, 153, 72, 2, 107, 99, 155, 32, 44, 196, 103, 47, 152, 43, 187, 15, 117, 36, 183, 28, 109, 171, 45, 120, 11, 39, 131, 84, 144, 0, 52, 114, 116, 110, 173, 158, 23, 31, 123, 193, 115, 121, 169, 83, 10, 51, 86, 125, 95, 165, 164, 96, 80]
[50, 62, 178, 65, 118, 9, 174, 35, 56, 73, 179, 130, 188, 141, 68, 58, 163, 22, 168, 34, 1, 167, 184, 49, 61, 82, 71, 129, 70, 37, 195, 4, 104, 136, 112, 175, 132, 42, 177, 151, 55, 147, 199, 170, 140, 57, 102, 145, 142, 89, 33, 24, 16, 134, 41, 126, 111, 119, 156, 106, 182, 21, 133, 74, 53, 180, 124, 160, 150, 64, 176, 161, 63, 19, 159, 78, 12, 14, 122, 197, 190, 26, 146, 3, 162, 92, 105, 148, 189, 48, 17, 60, 135, 25, 198, 6, 137, 8, 77, 81]
40209

[75, 69, 101, 143, 149, 90, 93, 181, 194, 112, 175, 132, 136, 42, 104, 177, 151, 55, 37, 27, 147, 87, 199, 170, 140, 57, 97, 113, 128, 133, 21, 74, 182, 154, 66, 159, 78, 144, 0, 114, 116, 173, 120, 23, 135, 60, 183, 36, 178, 43, 115, 83, 95, 86, 125, 103, 96, 80, 155, 99, 32, 44, 196, 18, 189, 17, 109, 28, 171, 45, 48, 92, 105, 148, 98, 13, 191, 3, 100, 59, 127, 192, 64, 79, 160, 150, 53, 82, 61, 184, 49, 94, 85, 138, 71, 129, 38, 70, 195, 4]
[2, 72, 58, 40, 88, 153, 20, 139, 163, 168, 67, 29, 166, 157, 76, 1, 34, 22, 172, 167, 180, 124, 186, 5, 108, 106, 156, 30, 46, 119, 111, 7, 145, 102, 33, 89, 142, 24, 16, 126, 185, 134, 41, 54, 19, 63, 161, 176, 12, 14, 122, 197, 26, 190, 84, 131, 52, 110, 158, 31, 25, 198, 6, 81, 77, 8, 137, 123, 117, 15, 50, 193, 62, 187, 121, 169, 51, 10, 165, 164, 47, 152, 65, 118, 91, 9, 174, 35, 56, 73, 141, 179, 130, 188, 68, 146, 39, 11, 162, 107]
38960

[131, 84, 190, 197, 161, 54, 126, 111, 154, 182, 7, 102, 57, 140, 170, 199, 147, 70, 138, 85, 195, 4, 104, 42, 136, 132, 175, 112, 194, 181, 94, 49, 61, 53, 108, 5, 186, 150, 124, 180, 1, 22, 139, 153, 88, 40, 58, 72, 2, 68, 141, 99, 32, 80, 96, 95, 125, 86, 51, 169, 121, 115, 187, 43, 152, 65, 62, 193, 50, 15, 117, 8, 77, 81, 6, 198, 25, 36, 183, 28, 109, 17, 48, 189, 148, 105, 100, 59, 166, 29, 67, 160, 76, 157, 146, 11, 45, 171, 173, 120]
[188, 73, 56, 35, 174, 9, 91, 18, 98, 13, 191, 107, 127, 192, 3, 162, 92, 39, 26, 12, 176, 64, 79, 34, 168, 163, 20, 101, 143, 69, 75, 93, 90, 149, 172, 167, 184, 71, 129, 177, 151, 55, 37, 38, 27, 87, 97, 113, 33, 89, 142, 24, 16, 145, 128, 82, 133, 21, 74, 106, 156, 46, 30, 66, 119, 185, 41, 134, 19, 63, 159, 78, 14, 122, 144, 0, 52, 114, 116, 110, 158, 23, 31, 135, 60, 137, 123, 178, 118, 47, 83, 10, 165, 164, 103, 196, 44, 155, 179, 130]
39945

[176, 12, 144, 84, 131, 39, 146, 11, 48, 17, 109, 28, 178, 50, 193, 121, 169, 115, 152, 65, 47, 83, 10, 51, 86, 125, 95, 165, 164, 103, 96, 80, 32, 99, 174, 9, 91, 18, 98, 13, 141, 68, 107, 191, 162, 3, 100, 59, 192, 127, 29, 67, 180, 1, 34, 168, 40, 58, 2, 72, 88, 153, 20, 143, 90, 93, 94, 149, 22, 172, 167, 49, 71, 129, 38, 27, 128, 145, 102, 142, 24, 16, 7, 133, 21, 182, 154, 111, 185, 41, 54, 66, 30, 46, 150, 186, 5, 108, 156, 119]
[77, 8, 137, 123, 81, 6, 31, 23, 158, 173, 120, 110, 116, 114, 52, 0, 190, 26, 197, 122, 14, 78, 159, 161, 63, 19, 134, 126, 89, 33, 57, 140, 170, 199, 97, 113, 87, 147, 37, 55, 151, 177, 195, 70, 138, 85, 4, 104, 42, 136, 132, 175, 112, 194, 181, 75, 69, 101, 139, 163, 184, 61, 82, 74, 106, 53, 124, 160, 79, 64, 76, 157, 166, 188, 130, 179, 155, 73, 56, 35, 44, 196, 118, 43, 187, 62, 15, 117, 36, 183, 189, 148, 105, 92, 45, 171, 60, 135, 25, 198]
38859

[76, 157, 2, 72, 58, 40, 29, 79, 64, 176, 12, 26, 39, 11, 92, 18, 98, 9, 174, 196, 44, 35, 56, 73, 99, 155, 32, 80, 96, 164, 125, 86, 95, 165, 51, 10, 83, 169, 121, 193, 50, 62, 15, 117, 36, 183, 60, 198, 6, 31, 158, 110, 116, 114, 52, 0, 190, 197, 122, 19, 63, 161, 66, 30, 46, 119, 111, 16, 24, 33, 57, 140, 170, 199, 147, 27, 195, 136, 112, 194, 181, 101, 153, 20, 149, 49, 85, 138, 71, 82, 61, 182, 154, 106, 156, 108, 5, 186, 150, 160]
[22, 163, 139, 88, 166, 127, 192, 59, 191, 13, 107, 141, 68, 188, 130, 179, 91, 118, 103, 47, 115, 187, 43, 152, 65, 178, 123, 137, 8, 81, 77, 25, 135, 23, 173, 120, 45, 171, 28, 109, 17, 48, 189, 148, 105, 162, 3, 100, 146, 131, 84, 144, 14, 78, 159, 54, 41, 134, 185, 126, 7, 145, 142, 89, 102, 113, 97, 87, 38, 128, 133, 21, 74, 53, 124, 180, 67, 168, 34, 1, 167, 184, 129, 70, 37, 55, 151, 177, 4, 104, 42, 132, 175, 94, 93, 90, 75, 69, 143, 172]
40897

[158, 173, 23, 135, 60, 137, 77, 81, 8, 123, 117, 50, 62, 43, 187, 115, 193, 121, 169, 51, 10, 83, 47, 165, 95, 86, 125, 164, 103, 96, 80, 44, 196, 9, 174, 56, 73, 107, 2, 72, 58, 40, 88, 34, 1, 180, 124, 184, 167, 172, 22, 143, 69, 75, 149, 90, 93, 94, 49, 138, 85, 195, 70, 129, 38, 199, 170, 140, 57, 33, 89, 24, 16, 142, 102, 145, 7, 74, 176, 159, 78, 14, 122, 197, 26, 190, 84, 0, 52, 110, 131, 39, 146, 11, 92, 189, 48, 171, 45, 120]
[100, 59, 191, 13, 35, 32, 99, 155, 179, 130, 188, 141, 68, 166, 127, 192, 157, 76, 160, 29, 67, 168, 163, 139, 20, 153, 101, 181, 194, 112, 175, 132, 136, 42, 104, 4, 177, 151, 55, 37, 27, 147, 87, 97, 113, 128, 71, 82, 61, 133, 21, 182, 154, 111, 126, 185, 134, 41, 54, 19, 63, 161, 66, 30, 46, 119, 156, 106, 108, 5, 53, 186, 150, 79, 64, 12, 144, 114, 116, 31, 6, 198, 25, 183, 28, 109, 17, 36, 15, 178, 152, 65, 118, 91, 18, 98, 148, 105, 162, 3]
36882

[42, 136, 104, 4, 85, 112, 132, 175, 194, 181, 94, 93, 75, 69, 143, 90, 149, 167, 49, 138, 82, 61, 34, 67, 29, 88, 58, 72, 2, 68, 141, 188, 130, 179, 155, 99, 32, 44, 35, 56, 73, 107, 191, 13, 105, 148, 189, 18, 98, 91, 118, 65, 152, 43, 187, 115, 193, 50, 117, 8, 77, 81, 6, 198, 25, 135, 171, 45, 120, 173, 39, 131, 84, 144, 14, 12, 176, 64, 79, 160, 150, 186, 5, 108, 106, 53, 74, 145, 102, 57, 140, 170, 199, 147, 37, 70, 195, 55, 151, 177]
[16, 24, 142, 89, 33, 113, 97, 87, 27, 38, 128, 21, 133, 129, 71, 184, 172, 22, 101, 153, 20, 139, 163, 168, 1, 180, 124, 76, 157, 40, 166, 127, 192, 59, 100, 3, 146, 11, 162, 92, 48, 17, 109, 28, 183, 36, 178, 47, 165, 103, 9, 174, 196, 80, 96, 164, 95, 125, 86, 51, 10, 83, 169, 121, 62, 15, 123, 137, 60, 31, 23, 158, 110, 116, 114, 52, 0, 190, 26, 197, 122, 78, 159, 161, 63, 19, 54, 41, 134, 185, 126, 119, 66, 30, 46, 156, 111, 154, 182, 7]
37603

[93, 94, 90, 149, 143, 69, 101, 163, 139, 20, 153, 88, 29, 166, 40, 58, 72, 2, 68, 188, 130, 179, 141, 107, 105, 148, 18, 98, 174, 9, 91, 118, 65, 152, 47, 121, 115, 187, 43, 62, 178, 123, 8, 77, 81, 6, 198, 25, 137, 36, 183, 28, 171, 45, 110, 116, 114, 52, 0, 84, 190, 26, 197, 122, 12, 176, 159, 161, 66, 119, 5, 53, 186, 150, 160, 124, 180, 1, 34, 67, 168, 49, 71, 129, 133, 21, 145, 128, 113, 97, 87, 151, 177, 104, 42, 132, 175, 112, 85, 138]
[55, 195, 4, 136, 194, 181, 75, 22, 172, 167, 184, 61, 82, 74, 108, 106, 156, 46, 30, 64, 79, 76, 157, 192, 127, 59, 100, 3, 191, 13, 35, 56, 73, 99, 155, 32, 44, 196, 80, 96, 103, 164, 95, 125, 86, 165, 51, 10, 83, 169, 193, 50, 15, 117, 60, 135, 31, 23, 158, 173, 120, 109, 17, 48, 189, 92, 162, 11, 146, 39, 131, 144, 14, 78, 19, 63, 54, 41, 134, 185, 126, 111, 154, 182, 7, 16, 24, 89, 142, 102, 33, 57, 140, 170, 199, 147, 27, 38, 70, 37]
36753

[2, 68, 141, 107, 13, 35, 56, 73, 80, 96, 125, 86, 95, 165, 83, 47, 118, 65, 152, 43, 62, 187, 115, 121, 193, 50, 15, 117, 123, 137, 8, 77, 81, 6, 198, 25, 183, 28, 171, 45, 120, 110, 116, 114, 52, 0, 84, 144, 190, 197, 26, 11, 48, 92, 162, 3, 100, 59, 192, 127, 29, 67, 180, 124, 160, 150, 156, 30, 46, 119, 111, 16, 24, 142, 89, 33, 102, 57, 140, 170, 97, 113, 128, 145, 7, 133, 61, 82, 71, 129, 4, 104, 136, 22, 163, 20, 139, 88, 58, 72]
[138, 85, 195, 70, 37, 38, 27, 87, 199, 147, 55, 151, 177, 42, 132, 175, 112, 194, 181, 75, 93, 94, 90, 149, 172, 143, 69, 101, 153, 188, 130, 179, 155, 99, 32, 44, 196, 103, 164, 10, 51, 169, 178, 36, 60, 135, 31, 23, 158, 173, 109, 17, 189, 148, 105, 18, 91, 9, 174, 98, 191, 166, 40, 168, 34, 1, 79, 76, 157, 146, 39, 131, 122, 14, 12, 176, 64, 66, 78, 159, 161, 63, 19, 54, 41, 134, 185, 126, 154, 182, 21, 74, 53, 106, 108, 5, 186, 167, 184, 49]
40652

[130, 179, 73, 56, 35, 13, 107, 141, 68, 188, 72, 2, 58, 29, 67, 168, 22, 172, 149, 143, 69, 75, 90, 93, 85, 138, 70, 38, 129, 71, 82, 128, 102, 57, 170, 140, 33, 89, 142, 24, 16, 111, 119, 46, 156, 186, 124, 160, 150, 30, 66, 176, 12, 26, 146, 92, 148, 105, 162, 3, 100, 59, 191, 98, 18, 9, 174, 91, 118, 152, 65, 189, 48, 183, 135, 60, 36, 15, 43, 187, 115, 121, 169, 51, 10, 83, 47, 165, 86, 125, 95, 164, 103, 96, 196, 44, 32, 99, 155, 80]
[157, 192, 127, 166, 40, 88, 153, 20, 139, 163, 101, 181, 194, 112, 175, 132, 136, 42, 104, 4, 177, 151, 55, 195, 37, 27, 147, 87, 199, 97, 113, 145, 7, 133, 21, 182, 154, 74, 61, 184, 49, 94, 167, 34, 1, 180, 53, 5, 108, 106, 126, 185, 134, 41, 54, 19, 63, 161, 159, 78, 14, 122, 144, 0, 52, 114, 116, 110, 173, 158, 23, 31, 25, 198, 6, 81, 77, 8, 137, 123, 117, 50, 193, 62, 178, 17, 109, 28, 171, 45, 120, 11, 39, 131, 84, 190, 197, 64, 79, 76]
37378

[192, 127, 166, 59, 100, 3, 162, 92, 191, 107, 73, 56, 35, 13, 98, 91, 9, 174, 196, 44, 80, 32, 99, 155, 141, 68, 58, 40, 168, 172, 149, 93, 181, 194, 112, 175, 132, 55, 199, 170, 140, 57, 33, 89, 145, 7, 182, 21, 133, 128, 129, 71, 124, 160, 76, 79, 150, 186, 5, 108, 106, 119, 54, 19, 63, 161, 66, 64, 176, 159, 78, 12, 14, 122, 144, 197, 26, 190, 39, 131, 84, 0, 52, 110, 158, 23, 31, 25, 135, 60, 137, 123, 117, 15, 36, 183, 28, 109, 11, 146]
[157, 29, 67, 34, 1, 180, 167, 184, 61, 82, 74, 53, 156, 30, 46, 185, 41, 134, 126, 111, 154, 16, 24, 142, 102, 113, 97, 87, 147, 27, 38, 37, 70, 195, 177, 151, 4, 104, 42, 136, 85, 138, 49, 94, 90, 143, 69, 75, 101, 22, 163, 139, 20, 153, 88, 72, 2, 188, 130, 179, 96, 103, 164, 95, 125, 86, 165, 47, 83, 10, 51, 169, 121, 115, 187, 43, 152, 65, 178, 62, 193, 50, 8, 77, 81, 6, 198, 116, 114, 173, 120, 45, 171, 17, 48, 105, 148, 18, 118, 189]
40454

[60, 183, 36, 8, 77, 81, 6, 198, 25, 31, 23, 171, 45, 120, 173, 144, 122, 14, 12, 176, 161, 63, 19, 54, 41, 134, 185, 126, 16, 24, 33, 57, 140, 170, 199, 147, 38, 129, 133, 21, 182, 74, 108, 106, 111, 119, 46, 156, 5, 186, 150, 124, 180, 1, 172, 149, 93, 94, 85, 4, 104, 42, 136, 132, 175, 112, 194, 181, 75, 143, 22, 168, 29, 166, 127, 192, 59, 100, 3, 107, 56, 73, 130, 179, 96, 103, 165, 83, 47, 118, 18, 98, 148, 105, 92, 162, 146, 39, 11, 28]
[49, 90, 69, 101, 163, 139, 20, 153, 88, 40, 58, 2, 72, 188, 68, 141, 155, 99, 32, 80, 44, 196, 91, 9, 174, 35, 13, 191, 48, 109, 17, 189, 164, 95, 125, 86, 51, 10, 169, 121, 115, 193, 50, 62, 187, 43, 152, 65, 178, 15, 117, 123, 137, 135, 158, 116, 114, 110, 52, 0, 131, 84, 190, 26, 197, 78, 159, 66, 30, 154, 7, 142, 89, 102, 145, 128, 113, 97, 87, 27, 37, 70, 55, 151, 177, 195, 138, 71, 82, 61, 53, 64, 79, 157, 76, 160, 67, 34, 184, 167]
39744

[95, 86, 125, 164, 103, 165, 51, 10, 83, 169, 121, 193, 50, 117, 123, 137, 183, 92, 162, 11, 146, 39, 110, 52, 0, 131, 84, 144, 190, 26, 197, 122, 78, 159, 161, 54, 66, 30, 46, 119, 111, 185, 126, 16, 24, 142, 89, 33, 57, 140, 170, 102, 145, 128, 38, 37, 70, 195, 4, 104, 136, 85, 138, 49, 94, 93, 75, 69, 101, 143, 22, 180, 124, 160, 163, 139, 20, 153, 88, 58, 40, 166, 127, 192, 59, 100, 3, 191, 13, 73, 56, 35, 174, 9, 91, 18, 118, 65, 152, 47]
[150, 186, 79, 76, 157, 12, 14, 114, 116, 120, 173, 158, 23, 31, 25, 198, 6, 81, 77, 8, 15, 62, 187, 115, 43, 178, 36, 60, 135, 171, 45, 28, 109, 17, 48, 189, 148, 105, 98, 196, 44, 96, 80, 32, 99, 155, 179, 130, 188, 141, 107, 68, 2, 72, 29, 67, 168, 34, 1, 167, 172, 149, 90, 181, 194, 112, 175, 132, 42, 177, 151, 55, 147, 199, 97, 113, 87, 27, 129, 71, 184, 61, 82, 133, 21, 7, 154, 182, 74, 106, 108, 53, 5, 156, 41, 134, 19, 63, 176, 64]
38618

[160, 29, 67, 168, 163, 75, 181, 194, 112, 175, 132, 42, 104, 136, 149, 172, 22, 34, 1, 180, 124, 150, 186, 46, 156, 74, 21, 133, 71, 129, 70, 195, 55, 37, 38, 87, 140, 57, 33, 89, 142, 24, 16, 7, 182, 154, 111, 126, 134, 19, 63, 161, 159, 78, 14, 122, 197, 190, 144, 84, 131, 0, 52, 110, 114, 116, 23, 31, 135, 183, 28, 109, 17, 48, 189, 65, 47, 10, 51, 96, 80, 32, 56, 35, 174, 9, 98, 18, 148, 105, 92, 162, 11, 39, 146, 192, 127, 166, 157, 76]
[170, 97, 113, 102, 145, 128, 82, 61, 49, 184, 167, 53, 106, 108, 5, 79, 64, 30, 119, 185, 41, 54, 66, 176, 12, 26, 100, 3, 45, 120, 173, 158, 171, 36, 123, 137, 60, 25, 198, 6, 81, 77, 8, 117, 15, 178, 152, 43, 115, 187, 62, 50, 193, 121, 169, 83, 165, 95, 86, 125, 164, 103, 118, 91, 196, 44, 155, 99, 73, 107, 13, 191, 59, 68, 141, 179, 130, 188, 72, 2, 58, 40, 88, 153, 139, 20, 101, 69, 143, 90, 93, 94, 138, 85, 4, 177, 151, 27, 147, 199]
39220

[76, 160, 180, 1, 34, 172, 167, 184, 49, 71, 129, 70, 37, 27, 147, 87, 113, 97, 199, 170, 140, 57, 33, 89, 24, 16, 142, 102, 145, 7, 182, 106, 156, 111, 119, 46, 30, 150, 79, 157, 127, 192, 26, 190, 197, 12, 64, 66, 161, 63, 19, 159, 78, 14, 144, 84, 0, 52, 114, 116, 110, 39, 146, 11, 120, 173, 158, 23, 31, 6, 81, 77, 8, 137, 123, 178, 43, 152, 65, 47, 164, 103, 44, 32, 155, 99, 35, 56, 73, 179, 130, 141, 68, 107, 13, 98, 18, 92, 162, 3]
[112, 132, 175, 194, 181, 75, 69, 101, 153, 20, 139, 163, 67, 29, 88, 72, 2, 188, 58, 40, 166, 59, 100, 191, 105, 148, 48, 189, 118, 91, 9, 174, 196, 80, 96, 125, 86, 95, 165, 51, 10, 83, 169, 121, 115, 187, 193, 50, 62, 15, 117, 36, 60, 25, 198, 135, 183, 28, 17, 109, 171, 45, 131, 122, 176, 54, 41, 134, 185, 126, 154, 21, 133, 128, 38, 55, 151, 177, 195, 4, 104, 42, 136, 85, 138, 82, 61, 74, 108, 5, 53, 186, 124, 168, 22, 143, 149, 90, 93, 94]
39135

[136, 42, 104, 37, 38, 27, 147, 87, 199, 170, 140, 57, 97, 113, 102, 182, 156, 46, 30, 66, 161, 54, 185, 126, 41, 134, 19, 63, 122, 197, 26, 190, 131, 158, 23, 31, 137, 77, 8, 123, 36, 183, 162, 92, 105, 56, 35, 174, 91, 118, 178, 62, 50, 193, 121, 169, 83, 165, 95, 86, 125, 99, 73, 107, 141, 68, 188, 72, 2, 58, 40, 166, 157, 76, 79, 64, 150, 160, 124, 29, 67, 168, 22, 172, 149, 90, 143, 101, 69, 75, 181, 194, 112, 175, 132, 93, 94, 167, 184, 85]
[4, 138, 49, 61, 82, 133, 21, 74, 53, 106, 108, 5, 186, 180, 1, 34, 163, 139, 20, 153, 88, 130, 179, 155, 32, 44, 196, 80, 96, 103, 164, 51, 10, 47, 65, 152, 43, 115, 187, 15, 117, 81, 6, 198, 25, 135, 60, 28, 109, 17, 48, 189, 148, 18, 98, 9, 13, 191, 3, 100, 59, 127, 192, 146, 39, 11, 45, 171, 120, 173, 110, 116, 114, 52, 0, 84, 144, 14, 12, 78, 159, 176, 119, 111, 154, 7, 16, 24, 33, 89, 142, 145, 128, 71, 129, 70, 55, 151, 177, 195]
39366

[116, 114, 110, 52, 0, 131, 84, 144, 190, 197, 122, 14, 78, 159, 161, 54, 119, 46, 156, 186, 53, 5, 108, 106, 74, 133, 61, 82, 38, 57, 140, 170, 199, 147, 195, 4, 104, 42, 136, 132, 175, 112, 49, 184, 167, 172, 168, 29, 67, 34, 1, 180, 124, 160, 76, 157, 127, 192, 146, 39, 11, 162, 191, 107, 68, 2, 188, 130, 179, 141, 73, 56, 35, 91, 98, 18, 118, 164, 125, 86, 95, 165, 47, 15, 117, 123, 8, 77, 81, 6, 198, 25, 135, 60, 137, 36, 189, 148, 105, 92]
[23, 31, 158, 173, 120, 26, 12, 176, 64, 79, 150, 30, 66, 63, 19, 134, 41, 185, 126, 111, 154, 182, 7, 21, 128, 145, 16, 24, 142, 89, 33, 102, 113, 97, 87, 27, 37, 55, 151, 177, 70, 129, 71, 138, 85, 94, 90, 93, 194, 181, 75, 69, 101, 143, 149, 22, 163, 139, 20, 153, 88, 72, 58, 40, 166, 59, 100, 3, 13, 9, 174, 196, 44, 32, 99, 155, 80, 96, 103, 51, 10, 83, 169, 121, 115, 193, 50, 62, 187, 43, 152, 65, 178, 183, 28, 109, 17, 48, 45, 171]
38527

[132, 175, 112, 194, 181, 136, 42, 104, 4, 85, 149, 90, 75, 69, 101, 143, 22, 172, 180, 124, 160, 150, 79, 76, 67, 29, 88, 40, 58, 2, 72, 188, 130, 179, 107, 13, 191, 92, 105, 148, 35, 56, 99, 155, 32, 44, 80, 96, 164, 95, 125, 86, 51, 10, 83, 169, 121, 152, 65, 178, 36, 183, 60, 158, 173, 116, 114, 52, 0, 131, 190, 26, 197, 78, 159, 161, 66, 54, 119, 156, 5, 53, 74, 128, 145, 102, 57, 140, 170, 199, 87, 147, 27, 38, 37, 55, 151, 177, 195, 70]
[167, 1, 34, 168, 163, 139, 20, 153, 166, 157, 127, 192, 146, 39, 11, 48, 109, 28, 17, 189, 162, 3, 100, 59, 68, 141, 73, 196, 174, 9, 98, 18, 91, 118, 103, 165, 47, 115, 187, 43, 62, 193, 50, 15, 117, 123, 8, 77, 81, 6, 198, 25, 137, 135, 31, 23, 171, 45, 120, 110, 84, 144, 122, 14, 12, 176, 63, 19, 134, 41, 185, 126, 111, 46, 30, 64, 186, 108, 106, 154, 182, 21, 133, 7, 16, 24, 142, 89, 33, 97, 113, 129, 138, 94, 93, 49, 71, 82, 61, 184]
39010

[9, 174, 91, 98, 35, 56, 73, 99, 32, 155, 179, 130, 188, 141, 100, 3, 146, 59, 192, 127, 166, 88, 153, 20, 139, 29, 67, 168, 172, 22, 163, 101, 69, 75, 181, 194, 112, 175, 132, 136, 42, 104, 4, 195, 37, 38, 27, 147, 87, 199, 170, 140, 57, 97, 113, 102, 128, 82, 61, 184, 74, 53, 5, 108, 156, 119, 54, 41, 134, 19, 63, 159, 78, 14, 122, 197, 26, 190, 131, 39, 11, 171, 28, 109, 17, 36, 178, 65, 152, 43, 187, 115, 121, 62, 15, 117, 8, 81, 77, 183]
[49, 71, 129, 70, 55, 151, 177, 138, 85, 94, 93, 90, 149, 143, 34, 1, 160, 79, 76, 157, 40, 58, 72, 2, 68, 107, 13, 191, 162, 92, 105, 148, 48, 189, 18, 118, 196, 44, 80, 96, 103, 164, 95, 125, 86, 165, 47, 83, 10, 51, 169, 193, 50, 123, 137, 60, 135, 25, 198, 6, 31, 23, 158, 173, 120, 45, 110, 116, 114, 52, 0, 84, 144, 12, 176, 161, 66, 30, 46, 185, 126, 111, 154, 7, 16, 24, 33, 89, 142, 145, 133, 21, 182, 106, 186, 64, 150, 124, 180, 167]
38248

[168, 67, 29, 180, 1, 34, 172, 22, 163, 20, 153, 101, 69, 75, 149, 167, 184, 94, 181, 194, 136, 177, 151, 55, 37, 70, 138, 71, 129, 38, 27, 147, 87, 199, 97, 113, 128, 53, 124, 160, 127, 192, 64, 176, 12, 14, 122, 197, 190, 39, 146, 11, 171, 109, 17, 28, 183, 36, 198, 6, 81, 77, 117, 15, 178, 152, 65, 189, 118, 47, 83, 165, 95, 164, 103, 155, 99, 73, 56, 35, 107, 191, 13, 105, 148, 48, 92, 162, 3, 100, 59, 166, 40, 88, 58, 2, 72, 188, 130, 179]
[8, 25, 60, 135, 31, 23, 158, 173, 120, 45, 110, 116, 114, 52, 0, 131, 84, 144, 26, 157, 76, 79, 150, 186, 5, 108, 106, 156, 119, 46, 30, 66, 161, 78, 159, 19, 63, 54, 41, 134, 185, 126, 111, 154, 182, 7, 16, 24, 142, 89, 33, 57, 140, 170, 102, 145, 133, 21, 74, 82, 61, 49, 85, 195, 4, 104, 42, 132, 175, 112, 93, 90, 143, 139, 68, 141, 98, 18, 91, 9, 174, 196, 44, 32, 80, 96, 125, 86, 51, 10, 169, 121, 193, 50, 115, 187, 43, 62, 123, 137]
41083

[113, 57, 140, 170, 199, 147, 27, 38, 37, 55, 151, 177, 195, 129, 71, 82, 61, 184, 167, 172, 149, 90, 143, 101, 20, 139, 163, 22, 1, 34, 168, 67, 29, 40, 166, 157, 76, 79, 64, 26, 39, 146, 100, 3, 191, 13, 107, 56, 35, 196, 44, 80, 96, 103, 47, 121, 115, 43, 118, 91, 18, 178, 15, 50, 193, 8, 77, 81, 6, 198, 25, 135, 60, 183, 28, 109, 48, 105, 92, 162, 11, 45, 171, 120, 131, 84, 144, 159, 161, 63, 19, 134, 41, 119, 46, 156, 74, 21, 133, 128]
[180, 68, 141, 73, 99, 32, 155, 179, 130, 188, 72, 2, 58, 88, 153, 69, 75, 181, 194, 112, 175, 132, 136, 42, 104, 4, 85, 93, 94, 49, 138, 70, 87, 97, 33, 89, 24, 16, 142, 102, 145, 7, 182, 154, 111, 126, 185, 54, 78, 14, 122, 197, 190, 0, 52, 114, 116, 110, 173, 158, 23, 31, 137, 123, 117, 36, 17, 189, 65, 152, 62, 187, 169, 83, 10, 51, 165, 95, 86, 125, 164, 174, 9, 98, 148, 59, 127, 192, 12, 176, 66, 30, 186, 150, 160, 124, 53, 5, 108, 106]
40861

[43, 187, 115, 193, 50, 62, 15, 117, 123, 137, 8, 77, 81, 6, 198, 25, 60, 135, 31, 23, 171, 120, 173, 158, 116, 114, 0, 52, 110, 39, 131, 84, 144, 122, 14, 78, 159, 161, 54, 41, 185, 126, 111, 154, 7, 16, 24, 89, 142, 38, 27, 37, 70, 85, 94, 93, 90, 143, 149, 167, 184, 49, 82, 61, 34, 1, 5, 108, 186, 150, 160, 192, 127, 166, 40, 68, 141, 130, 179, 155, 32, 99, 73, 56, 35, 191, 162, 92, 105, 148, 98, 196, 44, 80, 96, 164, 103, 118, 65, 152]
[145, 128, 102, 33, 57, 140, 170, 199, 97, 113, 87, 147, 55, 151, 177, 195, 129, 71, 138, 4, 104, 42, 136, 132, 175, 112, 194, 181, 75, 69, 101, 172, 22, 163, 139, 20, 153, 88, 29, 67, 168, 180, 124, 53, 74, 133, 21, 182, 106, 156, 119, 46, 30, 64, 79, 76, 157, 58, 2, 72, 188, 107, 13, 174, 9, 91, 18, 189, 47, 83, 165, 95, 125, 86, 51, 10, 169, 121, 178, 36, 183, 28, 109, 17, 48, 45, 11, 3, 100, 59, 146, 26, 190, 197, 12, 176, 66, 63, 19, 134]
38887

[134, 41, 19, 63, 161, 159, 78, 14, 122, 39, 146, 11, 45, 171, 60, 135, 25, 137, 123, 118, 196, 44, 96, 80, 32, 99, 155, 179, 130, 141, 68, 58, 88, 139, 163, 29, 67, 180, 124, 160, 76, 40, 166, 59, 107, 191, 13, 9, 98, 148, 105, 92, 162, 3, 100, 192, 127, 157, 79, 64, 66, 54, 185, 126, 16, 24, 57, 170, 97, 113, 87, 55, 151, 177, 195, 4, 104, 42, 136, 132, 175, 112, 194, 181, 93, 94, 90, 149, 22, 172, 167, 49, 138, 70, 102, 145, 7, 106, 156, 119]
[38, 129, 71, 82, 61, 184, 168, 34, 1, 150, 186, 53, 5, 108, 74, 182, 154, 111, 46, 30, 176, 12, 197, 26, 190, 144, 84, 131, 0, 52, 114, 116, 110, 120, 173, 158, 23, 31, 198, 6, 81, 77, 8, 117, 15, 62, 50, 193, 115, 121, 169, 83, 10, 51, 86, 125, 95, 164, 103, 165, 47, 65, 152, 43, 187, 178, 36, 183, 28, 109, 17, 48, 189, 18, 91, 174, 35, 56, 73, 188, 2, 72, 153, 20, 101, 143, 69, 75, 85, 37, 27, 147, 199, 140, 33, 89, 142, 21, 133, 128]
39878

[65, 118, 18, 91, 9, 174, 35, 56, 13, 98, 148, 48, 36, 123, 137, 8, 77, 81, 6, 116, 114, 0, 19, 63, 161, 46, 119, 54, 41, 134, 185, 126, 111, 154, 182, 21, 133, 7, 16, 24, 145, 128, 102, 142, 89, 33, 57, 140, 87, 37, 55, 151, 177, 42, 132, 175, 136, 104, 4, 195, 70, 129, 71, 49, 184, 167, 172, 149, 90, 69, 143, 22, 168, 34, 1, 53, 108, 5, 160, 124, 180, 67, 29, 68, 188, 130, 179, 155, 99, 32, 80, 96, 125, 86, 51, 10, 169, 115, 43, 152]
[78, 159, 14, 12, 176, 66, 30, 64, 76, 79, 150, 186, 156, 106, 74, 113, 97, 170, 199, 147, 27, 38, 82, 61, 138, 85, 112, 194, 181, 94, 93, 75, 101, 163, 139, 20, 153, 88, 72, 2, 58, 40, 166, 157, 192, 127, 59, 100, 3, 11, 162, 92, 105, 191, 107, 141, 73, 44, 196, 103, 164, 95, 165, 83, 47, 189, 17, 109, 28, 183, 171, 45, 120, 39, 146, 26, 190, 197, 122, 144, 84, 131, 52, 110, 173, 158, 23, 31, 198, 25, 135, 60, 117, 15, 178, 187, 121, 193, 50, 62]
43117

[173, 120, 11, 146, 192, 59, 191, 13, 98, 118, 47, 83, 10, 51, 165, 164, 103, 96, 80, 196, 44, 32, 155, 99, 35, 56, 73, 179, 130, 141, 188, 2, 72, 88, 139, 163, 22, 172, 34, 168, 67, 29, 40, 166, 127, 157, 64, 30, 156, 5, 53, 61, 82, 71, 129, 138, 49, 94, 93, 90, 75, 181, 194, 112, 175, 132, 136, 42, 104, 151, 147, 199, 170, 140, 57, 145, 126, 185, 134, 41, 54, 19, 63, 161, 176, 159, 78, 14, 131, 110, 114, 116, 158, 23, 31, 137, 8, 123, 36, 183]
[108, 106, 111, 119, 46, 66, 12, 122, 197, 26, 190, 144, 84, 0, 52, 39, 45, 171, 48, 17, 109, 28, 60, 135, 25, 198, 6, 81, 77, 117, 15, 178, 62, 50, 193, 121, 169, 86, 125, 95, 115, 187, 43, 152, 65, 91, 174, 9, 18, 189, 148, 105, 92, 162, 3, 100, 107, 68, 58, 153, 20, 101, 69, 143, 149, 85, 4, 195, 177, 55, 70, 37, 38, 27, 87, 97, 113, 128, 102, 33, 89, 142, 24, 16, 7, 133, 21, 182, 154, 74, 184, 167, 1, 180, 124, 160, 76, 79, 150, 186]
39609

[59, 2, 72, 58, 40, 88, 153, 20, 139, 163, 101, 75, 93, 181, 194, 112, 175, 132, 136, 42, 104, 4, 151, 55, 37, 27, 147, 199, 170, 140, 57, 145, 128, 133, 21, 74, 53, 71, 129, 85, 94, 90, 149, 172, 1, 180, 124, 160, 150, 186, 5, 108, 106, 156, 185, 119, 46, 30, 66, 176, 12, 14, 122, 197, 190, 131, 92, 105, 148, 189, 18, 9, 174, 196, 44, 80, 96, 103, 47, 43, 187, 62, 193, 50, 36, 17, 48, 109, 60, 135, 25, 198, 31, 23, 158, 173, 120, 110, 114, 116]
[87, 97, 113, 102, 33, 89, 142, 24, 16, 7, 182, 154, 111, 126, 134, 41, 54, 19, 63, 161, 159, 78, 144, 84, 0, 52, 45, 171, 28, 183, 137, 77, 6, 81, 8, 123, 117, 15, 178, 65, 152, 115, 121, 169, 83, 10, 51, 86, 125, 95, 164, 165, 118, 91, 98, 13, 35, 56, 73, 99, 32, 155, 179, 130, 188, 68, 141, 107, 191, 100, 3, 162, 11, 146, 39, 26, 64, 79, 76, 157, 192, 127, 166, 29, 67, 168, 34, 22, 143, 69, 167, 184, 61, 82, 49, 138, 195, 177, 70, 38]
38697

[135, 60, 173, 116, 114, 52, 0, 131, 190, 26, 197, 122, 14, 12, 78, 159, 161, 63, 19, 111, 154, 182, 7, 142, 145, 128, 133, 21, 74, 106, 108, 5, 53, 186, 156, 64, 150, 124, 180, 1, 34, 184, 61, 82, 138, 85, 132, 175, 112, 194, 181, 101, 20, 153, 72, 2, 188, 68, 141, 73, 99, 56, 35, 174, 9, 91, 18, 98, 13, 191, 107, 59, 166, 127, 192, 100, 146, 39, 120, 171, 28, 183, 36, 178, 15, 62, 187, 115, 121, 193, 50, 117, 123, 137, 8, 77, 81, 6, 198, 25]
[65, 189, 148, 105, 92, 162, 3, 11, 45, 48, 17, 109, 31, 23, 158, 110, 84, 144, 176, 66, 30, 46, 119, 185, 54, 41, 134, 126, 16, 24, 89, 33, 102, 113, 97, 57, 140, 170, 199, 87, 147, 27, 38, 37, 55, 151, 177, 104, 42, 136, 4, 195, 70, 129, 71, 49, 167, 172, 22, 149, 90, 94, 93, 75, 69, 143, 139, 163, 168, 67, 29, 160, 79, 76, 157, 40, 88, 58, 130, 179, 155, 32, 80, 96, 44, 196, 118, 103, 164, 125, 86, 95, 165, 47, 83, 10, 51, 169, 43, 152]
38530

[36, 123, 137, 60, 25, 198, 6, 81, 77, 8, 117, 15, 62, 50, 193, 121, 10, 51, 86, 125, 95, 164, 91, 9, 174, 73, 179, 130, 188, 141, 107, 191, 162, 3, 100, 59, 127, 192, 157, 64, 79, 160, 76, 166, 40, 88, 153, 20, 139, 163, 29, 67, 168, 34, 172, 22, 143, 101, 69, 75, 149, 90, 93, 181, 194, 112, 175, 132, 136, 42, 104, 4, 37, 27, 38, 70, 129, 71, 82, 184, 167, 53, 5, 156, 119, 185, 54, 63, 19, 122, 197, 26, 190, 114, 116, 173, 120, 45, 171, 183]
[13, 35, 56, 68, 58, 2, 72, 155, 99, 32, 44, 196, 80, 96, 103, 165, 83, 169, 115, 187, 43, 178, 135, 31, 23, 158, 110, 52, 0, 131, 84, 144, 14, 78, 159, 161, 41, 134, 126, 111, 154, 182, 21, 133, 7, 16, 24, 142, 89, 33, 57, 140, 170, 199, 97, 113, 102, 145, 128, 87, 147, 55, 151, 177, 195, 138, 85, 94, 49, 61, 74, 106, 108, 1, 180, 124, 150, 186, 46, 30, 66, 176, 12, 39, 146, 11, 28, 109, 17, 48, 92, 105, 148, 189, 65, 152, 47, 118, 18, 98]
38911

[119, 46, 30, 156, 111, 126, 185, 134, 41, 54, 19, 63, 161, 176, 12, 131, 110, 114, 116, 158, 173, 120, 45, 171, 23, 31, 183, 28, 189, 178, 62, 50, 193, 169, 83, 10, 51, 86, 125, 95, 96, 80, 44, 196, 91, 18, 98, 9, 174, 35, 56, 73, 13, 191, 59, 192, 127, 107, 141, 68, 88, 153, 139, 163, 168, 67, 124, 180, 1, 34, 22, 172, 149, 90, 93, 94, 85, 195, 177, 151, 55, 37, 38, 129, 138, 49, 167, 184, 61, 82, 71, 128, 145, 142, 16, 7, 21, 133, 106, 108]
[87, 147, 27, 70, 4, 104, 42, 136, 132, 175, 112, 194, 181, 75, 69, 143, 101, 20, 29, 76, 157, 166, 40, 58, 2, 72, 188, 130, 179, 155, 99, 32, 103, 164, 165, 47, 121, 115, 187, 43, 15, 117, 123, 137, 8, 77, 81, 6, 198, 25, 135, 60, 36, 152, 65, 118, 148, 105, 92, 48, 17, 109, 11, 162, 3, 100, 146, 39, 52, 0, 84, 144, 190, 26, 197, 122, 14, 78, 159, 66, 64, 79, 160, 150, 186, 5, 53, 74, 182, 154, 24, 89, 33, 102, 113, 97, 199, 170, 57, 140]
37748

[117, 15, 62, 43, 47, 165, 103, 196, 44, 32, 155, 99, 73, 56, 35, 13, 191, 174, 9, 91, 98, 18, 189, 118, 65, 152, 178, 123, 36, 183, 109, 17, 48, 110, 131, 192, 127, 40, 88, 29, 22, 172, 143, 181, 194, 175, 132, 112, 93, 90, 149, 184, 49, 85, 138, 38, 27, 147, 87, 97, 199, 170, 140, 57, 33, 89, 142, 102, 113, 128, 133, 21, 182, 74, 167, 180, 124, 160, 76, 79, 108, 106, 156, 66, 54, 19, 63, 161, 176, 12, 14, 144, 84, 0, 52, 114, 116, 158, 173, 120]
[37, 70, 129, 71, 82, 61, 145, 24, 16, 7, 154, 53, 5, 186, 150, 64, 30, 46, 119, 111, 126, 185, 41, 134, 159, 78, 122, 197, 26, 190, 39, 146, 59, 100, 3, 105, 148, 92, 162, 11, 45, 171, 28, 60, 135, 23, 31, 25, 198, 6, 81, 77, 8, 137, 50, 193, 187, 115, 121, 169, 83, 10, 51, 86, 125, 95, 164, 96, 80, 179, 130, 188, 141, 107, 68, 2, 72, 58, 166, 157, 1, 34, 67, 168, 163, 139, 20, 153, 101, 69, 75, 94, 136, 42, 104, 4, 195, 55, 151, 177]
40646

[45, 11, 146, 39, 131, 52, 158, 31, 6, 198, 60, 183, 36, 178, 152, 65, 18, 98, 91, 118, 103, 164, 86, 125, 96, 80, 196, 44, 179, 130, 72, 2, 58, 88, 153, 20, 139, 163, 172, 149, 49, 138, 85, 136, 104, 4, 195, 177, 151, 55, 147, 199, 170, 140, 57, 97, 113, 102, 33, 89, 142, 24, 16, 21, 133, 74, 111, 185, 119, 46, 161, 78, 14, 122, 12, 64, 156, 106, 108, 5, 53, 186, 124, 180, 1, 34, 79, 76, 157, 40, 166, 59, 100, 3, 191, 13, 105, 92, 162, 171]
[32, 155, 99, 73, 56, 35, 107, 141, 188, 68, 127, 192, 26, 190, 197, 176, 66, 30, 150, 160, 29, 67, 168, 22, 143, 101, 69, 75, 90, 94, 93, 181, 194, 112, 175, 132, 42, 70, 37, 27, 87, 38, 129, 71, 184, 167, 61, 82, 128, 145, 7, 182, 154, 126, 134, 41, 54, 63, 19, 159, 144, 84, 0, 114, 116, 110, 120, 173, 23, 135, 25, 77, 81, 8, 137, 123, 117, 50, 193, 121, 169, 83, 10, 51, 95, 165, 47, 115, 187, 43, 62, 15, 28, 109, 17, 48, 189, 148, 9, 174]
40235

[63, 19, 54, 119, 46, 186, 150, 160, 124, 180, 29, 166, 146, 39, 0, 52, 114, 116, 110, 158, 23, 31, 171, 45, 28, 109, 17, 48, 189, 148, 18, 98, 174, 9, 91, 118, 65, 152, 62, 15, 117, 123, 137, 60, 135, 25, 198, 6, 81, 77, 8, 50, 193, 115, 121, 169, 51, 10, 83, 196, 44, 96, 80, 32, 155, 99, 56, 73, 179, 130, 141, 188, 58, 88, 153, 139, 163, 167, 184, 49, 61, 82, 71, 138, 85, 195, 37, 147, 199, 170, 140, 57, 128, 108, 106, 111, 126, 185, 41, 134]
[192, 127, 59, 100, 191, 13, 105, 92, 162, 3, 11, 120, 173, 183, 36, 178, 43, 187, 47, 165, 95, 86, 125, 164, 103, 35, 107, 68, 2, 72, 40, 67, 1, 34, 168, 20, 101, 75, 69, 143, 22, 172, 149, 90, 94, 93, 181, 194, 112, 175, 132, 136, 42, 104, 4, 177, 151, 55, 70, 129, 38, 27, 87, 97, 113, 102, 145, 142, 89, 33, 24, 16, 7, 133, 21, 182, 154, 74, 53, 5, 156, 30, 66, 161, 159, 78, 14, 122, 144, 84, 131, 190, 26, 197, 12, 176, 64, 79, 76, 157]
38162

[144, 84, 190, 26, 197, 122, 12, 176, 63, 19, 54, 41, 134, 185, 126, 111, 119, 46, 30, 156, 5, 53, 74, 182, 21, 133, 16, 24, 89, 33, 57, 140, 170, 199, 97, 113, 145, 128, 82, 61, 184, 71, 70, 195, 4, 104, 42, 136, 132, 175, 112, 194, 181, 94, 93, 75, 69, 101, 153, 20, 139, 163, 168, 22, 172, 167, 1, 34, 67, 29, 76, 157, 127, 59, 100, 3, 196, 103, 47, 83, 169, 121, 193, 50, 62, 178, 36, 183, 28, 109, 17, 48, 171, 45, 120, 173, 158, 110, 39, 131]
[6, 81, 77, 8, 137, 123, 117, 15, 43, 187, 115, 51, 10, 165, 164, 95, 86, 125, 96, 80, 32, 99, 155, 179, 130, 188, 72, 2, 58, 68, 141, 107, 191, 13, 98, 18, 91, 9, 174, 35, 56, 73, 44, 118, 152, 65, 189, 148, 105, 92, 162, 11, 146, 192, 166, 40, 88, 143, 149, 90, 49, 85, 138, 129, 38, 27, 37, 177, 151, 55, 147, 87, 102, 142, 7, 154, 106, 108, 186, 150, 124, 180, 160, 79, 64, 66, 161, 159, 78, 14, 0, 52, 114, 116, 23, 31, 135, 60, 25, 198]
37375

[57, 140, 170, 199, 147, 55, 151, 177, 104, 42, 132, 175, 85, 138, 71, 82, 61, 184, 167, 180, 124, 160, 79, 29, 67, 168, 34, 22, 143, 163, 20, 139, 88, 40, 68, 141, 80, 96, 125, 86, 51, 10, 47, 152, 65, 62, 15, 117, 36, 183, 60, 137, 123, 8, 77, 81, 6, 198, 25, 135, 31, 23, 158, 116, 114, 0, 52, 110, 173, 120, 45, 171, 28, 109, 189, 18, 98, 148, 105, 92, 162, 146, 26, 64, 150, 186, 46, 119, 54, 63, 19, 134, 154, 182, 74, 133, 21, 7, 16, 33]
[5, 53, 156, 30, 66, 176, 12, 192, 127, 166, 157, 76, 1, 172, 149, 90, 93, 94, 49, 129, 38, 128, 145, 142, 24, 89, 102, 113, 97, 87, 27, 37, 70, 195, 4, 136, 112, 194, 181, 75, 69, 101, 153, 58, 2, 72, 188, 130, 179, 155, 32, 99, 73, 56, 107, 59, 100, 3, 191, 13, 35, 44, 196, 174, 9, 91, 118, 103, 164, 95, 165, 83, 169, 121, 193, 50, 115, 187, 43, 178, 17, 48, 11, 39, 131, 84, 144, 190, 197, 122, 14, 78, 159, 161, 41, 185, 126, 111, 106, 108]
39262

[124, 5, 53, 82, 61, 184, 167, 1, 34, 67, 29, 168, 22, 172, 90, 94, 138, 85, 93, 181, 194, 112, 175, 132, 136, 42, 104, 4, 195, 177, 151, 55, 70, 37, 27, 147, 199, 170, 140, 57, 33, 89, 145, 7, 21, 133, 74, 182, 154, 111, 126, 41, 134, 19, 63, 161, 159, 0, 52, 114, 116, 110, 173, 158, 31, 198, 6, 81, 77, 25, 135, 171, 45, 162, 92, 48, 109, 28, 183, 15, 62, 65, 118, 196, 44, 96, 80, 32, 99, 155, 141, 68, 107, 100, 59, 127, 192, 157, 76, 180]
[166, 58, 2, 72, 188, 130, 179, 73, 56, 35, 13, 191, 3, 105, 148, 98, 174, 9, 91, 18, 189, 17, 36, 178, 152, 47, 165, 103, 164, 95, 125, 86, 51, 10, 83, 169, 121, 115, 43, 187, 193, 50, 117, 123, 8, 137, 60, 23, 120, 11, 146, 39, 131, 84, 144, 190, 26, 197, 122, 14, 78, 12, 176, 66, 54, 185, 119, 156, 46, 30, 64, 79, 160, 150, 186, 108, 106, 16, 24, 142, 102, 128, 113, 97, 87, 38, 129, 71, 49, 149, 143, 69, 75, 101, 163, 139, 20, 153, 88, 40]
37591

[146, 13, 18, 43, 115, 187, 62, 15, 36, 183, 60, 135, 25, 123, 117, 50, 193, 121, 169, 47, 103, 96, 80, 196, 44, 32, 99, 155, 179, 130, 141, 68, 188, 58, 40, 157, 76, 79, 64, 150, 160, 124, 180, 1, 34, 167, 172, 22, 149, 90, 181, 194, 112, 175, 132, 136, 42, 104, 4, 151, 177, 138, 49, 184, 61, 82, 128, 113, 102, 142, 24, 16, 7, 21, 133, 74, 53, 156, 46, 119, 111, 126, 185, 134, 41, 54, 176, 197, 26, 190, 131, 0, 52, 110, 158, 173, 120, 171, 45, 39]
[55, 37, 70, 71, 129, 38, 27, 147, 87, 97, 199, 170, 140, 57, 33, 89, 145, 182, 154, 106, 108, 5, 186, 30, 66, 161, 63, 19, 159, 78, 12, 14, 122, 144, 84, 114, 116, 23, 31, 198, 6, 81, 77, 8, 137, 28, 109, 17, 48, 11, 162, 92, 105, 148, 189, 178, 65, 152, 83, 10, 51, 86, 125, 95, 164, 165, 118, 91, 98, 9, 174, 35, 56, 73, 107, 191, 3, 100, 59, 192, 127, 166, 2, 72, 88, 29, 67, 168, 163, 139, 20, 153, 101, 143, 69, 75, 93, 94, 85, 195]
37988

[118, 103, 164, 95, 125, 86, 51, 169, 152, 65, 43, 187, 115, 121, 193, 50, 62, 15, 178, 189, 18, 98, 148, 105, 13, 73, 99, 32, 80, 155, 179, 130, 188, 141, 68, 2, 72, 58, 40, 168, 61, 82, 129, 70, 37, 27, 147, 87, 199, 170, 140, 57, 97, 113, 33, 89, 142, 24, 16, 134, 19, 63, 186, 150, 124, 160, 76, 157, 26, 197, 190, 144, 84, 131, 0, 52, 114, 116, 110, 120, 173, 158, 23, 31, 135, 60, 25, 198, 6, 81, 77, 8, 137, 123, 117, 36, 183, 28, 17, 109]
[138, 85, 94, 90, 93, 181, 194, 112, 175, 132, 136, 42, 104, 4, 195, 177, 151, 55, 38, 102, 145, 128, 71, 49, 184, 167, 180, 1, 34, 67, 29, 79, 64, 176, 66, 30, 46, 119, 156, 106, 108, 5, 53, 74, 133, 21, 7, 182, 154, 111, 126, 185, 41, 54, 161, 159, 78, 12, 14, 122, 39, 146, 11, 45, 171, 48, 92, 162, 3, 100, 191, 174, 9, 91, 47, 83, 10, 165, 96, 44, 196, 35, 56, 107, 59, 192, 127, 166, 88, 153, 101, 75, 69, 143, 149, 172, 22, 163, 139, 20]
38827

[128, 129, 71, 138, 85, 94, 90, 149, 167, 172, 22, 163, 20, 139, 168, 67, 34, 1, 180, 124, 29, 166, 40, 58, 68, 73, 56, 35, 80, 96, 125, 86, 169, 121, 115, 152, 65, 187, 193, 50, 123, 137, 25, 135, 17, 48, 148, 105, 92, 162, 3, 11, 146, 39, 26, 122, 14, 78, 159, 176, 66, 161, 63, 19, 54, 41, 134, 185, 126, 111, 106, 108, 5, 53, 154, 182, 21, 7, 16, 24, 142, 89, 33, 57, 140, 170, 199, 87, 147, 27, 38, 37, 70, 55, 151, 177, 42, 104, 4, 195]
[64, 12, 197, 190, 144, 84, 131, 0, 52, 110, 114, 116, 158, 173, 120, 45, 171, 109, 28, 183, 36, 60, 23, 31, 198, 6, 81, 77, 8, 117, 15, 62, 43, 178, 189, 18, 98, 9, 91, 118, 47, 83, 10, 51, 165, 95, 164, 103, 196, 44, 32, 155, 99, 174, 13, 191, 100, 192, 157, 76, 127, 59, 107, 141, 179, 130, 188, 2, 72, 88, 153, 101, 143, 69, 75, 93, 181, 194, 112, 175, 132, 136, 97, 113, 102, 145, 133, 74, 82, 61, 49, 184, 160, 79, 150, 186, 156, 30, 46, 119]
39765

[4, 136, 42, 104, 151, 55, 177, 195, 70, 37, 38, 27, 147, 87, 199, 170, 140, 57, 97, 113, 102, 33, 89, 24, 16, 142, 145, 7, 182, 154, 111, 126, 54, 161, 176, 66, 46, 30, 79, 157, 76, 53, 61, 82, 49, 184, 167, 1, 34, 172, 22, 168, 67, 29, 166, 146, 131, 0, 52, 110, 120, 60, 137, 77, 8, 123, 178, 83, 51, 10, 47, 118, 13, 191, 107, 56, 35, 32, 44, 196, 103, 96, 80, 179, 130, 141, 68, 40, 88, 101, 69, 75, 149, 90, 93, 181, 194, 112, 175, 132]
[148, 105, 92, 162, 48, 17, 109, 45, 171, 28, 183, 36, 65, 152, 164, 125, 86, 95, 165, 169, 121, 115, 187, 43, 62, 193, 50, 15, 117, 81, 6, 198, 25, 135, 31, 23, 158, 173, 116, 114, 84, 144, 190, 14, 122, 197, 26, 39, 11, 3, 100, 59, 127, 192, 160, 180, 124, 150, 64, 12, 78, 159, 63, 19, 134, 41, 185, 119, 106, 156, 186, 5, 108, 74, 21, 133, 128, 129, 71, 138, 85, 94, 143, 163, 139, 20, 153, 58, 2, 72, 188, 73, 155, 99, 174, 9, 91, 98, 18, 189]
40283

[78, 159, 161, 63, 19, 134, 41, 185, 54, 46, 119, 126, 7, 145, 16, 24, 142, 89, 33, 113, 97, 87, 27, 38, 70, 195, 177, 4, 104, 42, 136, 85, 61, 53, 5, 124, 180, 29, 67, 168, 163, 139, 153, 88, 72, 2, 188, 141, 130, 179, 155, 99, 32, 80, 96, 103, 164, 95, 125, 86, 165, 47, 83, 10, 51, 169, 121, 193, 50, 115, 187, 178, 8, 77, 81, 6, 198, 25, 31, 23, 135, 60, 17, 48, 11, 26, 190, 197, 122, 12, 176, 64, 192, 59, 100, 3, 162, 92, 13, 191]
[114, 116, 0, 52, 110, 39, 146, 131, 84, 144, 14, 66, 30, 156, 108, 106, 111, 154, 182, 74, 21, 133, 128, 102, 57, 140, 170, 199, 147, 37, 55, 151, 132, 175, 112, 194, 181, 75, 69, 143, 101, 20, 22, 172, 149, 90, 93, 94, 49, 138, 129, 71, 82, 184, 167, 34, 1, 160, 150, 186, 79, 76, 157, 127, 166, 40, 58, 68, 107, 73, 56, 35, 44, 196, 174, 9, 91, 98, 105, 148, 189, 18, 118, 65, 152, 43, 62, 15, 117, 123, 137, 36, 183, 158, 173, 120, 45, 171, 109, 28]
40125

[183, 36, 137, 77, 81, 8, 123, 178, 62, 187, 43, 152, 47, 10, 51, 86, 125, 95, 164, 103, 118, 65, 189, 148, 105, 92, 162, 146, 100, 3, 191, 13, 44, 32, 99, 155, 179, 130, 68, 107, 59, 192, 127, 168, 22, 149, 90, 93, 94, 61, 82, 71, 129, 70, 181, 194, 112, 175, 132, 195, 27, 147, 87, 199, 170, 140, 57, 97, 113, 33, 89, 142, 24, 16, 7, 5, 186, 150, 64, 185, 126, 134, 41, 54, 161, 159, 78, 14, 122, 197, 190, 144, 114, 116, 120, 45, 171, 109, 17, 28]
[79, 160, 124, 180, 1, 34, 67, 29, 88, 153, 20, 139, 163, 101, 75, 69, 143, 172, 167, 184, 49, 138, 85, 136, 42, 104, 4, 177, 151, 55, 37, 38, 102, 145, 128, 133, 21, 182, 154, 74, 53, 108, 106, 156, 111, 119, 46, 30, 66, 63, 19, 176, 12, 26, 39, 98, 18, 48, 11, 131, 84, 0, 52, 110, 173, 158, 23, 31, 135, 60, 25, 198, 6, 117, 15, 50, 193, 115, 121, 169, 83, 165, 96, 80, 196, 91, 9, 174, 35, 56, 73, 141, 188, 72, 2, 58, 40, 166, 76, 157]
39887

[149, 90, 49, 85, 94, 93, 69, 101, 20, 153, 88, 58, 2, 72, 188, 68, 107, 13, 56, 35, 174, 98, 18, 148, 105, 3, 162, 92, 48, 189, 178, 65, 152, 47, 164, 95, 125, 86, 165, 51, 10, 83, 169, 121, 115, 187, 43, 62, 193, 50, 15, 117, 137, 25, 135, 60, 36, 183, 28, 17, 109, 171, 45, 131, 84, 190, 26, 197, 122, 14, 78, 12, 176, 64, 66, 30, 46, 119, 41, 134, 126, 16, 24, 142, 7, 182, 154, 106, 108, 5, 124, 180, 1, 34, 67, 76, 157, 192, 127, 29]
[82, 61, 184, 167, 168, 139, 163, 22, 172, 143, 75, 181, 194, 112, 175, 132, 136, 42, 104, 4, 151, 55, 177, 195, 138, 71, 129, 38, 70, 37, 27, 147, 87, 199, 170, 140, 57, 97, 113, 102, 33, 89, 145, 128, 133, 21, 74, 156, 111, 185, 54, 19, 63, 161, 159, 144, 0, 52, 114, 116, 110, 39, 146, 11, 120, 173, 158, 23, 31, 198, 6, 81, 77, 8, 123, 118, 91, 9, 196, 103, 96, 80, 44, 32, 155, 99, 73, 179, 130, 141, 191, 100, 59, 166, 40, 160, 79, 150, 186, 53]
38930

[74, 108, 106, 156, 30, 46, 119, 111, 126, 185, 134, 41, 54, 66, 161, 63, 19, 159, 78, 197, 26, 190, 84, 0, 52, 114, 116, 110, 39, 146, 11, 45, 171, 23, 31, 28, 109, 17, 178, 15, 50, 193, 62, 187, 115, 121, 169, 83, 47, 196, 44, 32, 155, 99, 9, 91, 18, 98, 13, 59, 192, 127, 40, 58, 88, 139, 163, 1, 180, 124, 186, 5, 53, 167, 184, 61, 82, 71, 138, 85, 93, 181, 112, 136, 104, 4, 195, 177, 55, 37, 27, 87, 97, 33, 89, 142, 24, 16, 154, 182]
[86, 125, 95, 164, 103, 165, 10, 51, 43, 152, 65, 118, 174, 35, 56, 73, 80, 96, 179, 130, 188, 2, 72, 153, 20, 101, 143, 69, 75, 194, 175, 132, 42, 151, 147, 199, 170, 140, 57, 113, 102, 145, 7, 21, 133, 128, 38, 70, 129, 49, 94, 90, 149, 172, 22, 34, 168, 67, 29, 166, 157, 76, 160, 150, 79, 64, 176, 12, 14, 122, 144, 131, 120, 173, 158, 135, 60, 25, 198, 6, 81, 77, 8, 137, 123, 117, 36, 183, 48, 189, 148, 105, 92, 162, 3, 100, 191, 107, 141, 68]
40012

[102, 57, 170, 97, 113, 128, 145, 24, 16, 7, 133, 21, 182, 154, 108, 5, 53, 82, 61, 184, 49, 4, 104, 136, 94, 93, 90, 69, 143, 22, 172, 149, 167, 168, 166, 40, 58, 2, 72, 188, 130, 179, 73, 56, 196, 103, 164, 83, 169, 187, 62, 50, 15, 178, 65, 118, 91, 98, 105, 148, 123, 137, 8, 77, 81, 6, 198, 25, 60, 135, 31, 23, 158, 110, 52, 131, 84, 190, 14, 122, 197, 3, 100, 59, 127, 192, 157, 76, 79, 150, 186, 176, 161, 19, 63, 66, 30, 46, 119, 111]
[13, 191, 107, 68, 141, 155, 99, 32, 44, 80, 96, 125, 86, 95, 165, 51, 10, 47, 152, 43, 115, 121, 193, 117, 36, 183, 28, 171, 45, 120, 173, 116, 114, 0, 144, 78, 159, 54, 41, 134, 185, 126, 156, 106, 74, 142, 89, 33, 140, 199, 87, 147, 27, 38, 129, 71, 138, 85, 195, 70, 37, 55, 151, 177, 42, 132, 175, 112, 194, 181, 75, 101, 163, 139, 20, 153, 88, 29, 67, 34, 1, 180, 124, 160, 64, 12, 26, 39, 146, 11, 162, 92, 48, 109, 17, 189, 18, 9, 174, 35]
40005

[136, 85, 138, 82, 61, 74, 53, 156, 119, 46, 30, 66, 176, 64, 124, 180, 94, 93, 75, 69, 143, 163, 139, 88, 58, 2, 72, 188, 107, 191, 13, 80, 44, 196, 118, 65, 165, 47, 115, 187, 62, 15, 117, 36, 123, 137, 60, 135, 25, 8, 77, 81, 6, 198, 31, 23, 158, 173, 120, 116, 110, 11, 45, 171, 109, 17, 189, 148, 105, 100, 59, 127, 192, 12, 78, 159, 63, 19, 134, 41, 126, 154, 182, 7, 21, 133, 128, 145, 16, 24, 142, 89, 33, 102, 113, 38, 37, 70, 195, 4]
[150, 186, 5, 108, 106, 111, 185, 54, 161, 14, 122, 197, 26, 190, 144, 84, 0, 114, 52, 131, 39, 146, 3, 162, 92, 48, 28, 183, 178, 152, 43, 50, 193, 121, 169, 83, 10, 51, 86, 125, 95, 164, 103, 96, 155, 99, 32, 174, 9, 91, 18, 98, 35, 56, 73, 179, 130, 141, 68, 166, 40, 153, 20, 101, 181, 194, 112, 175, 132, 42, 104, 177, 151, 55, 27, 147, 87, 199, 170, 140, 57, 97, 129, 71, 49, 184, 167, 1, 34, 172, 149, 90, 22, 168, 67, 29, 157, 76, 79, 160]
39430

[149, 167, 184, 61, 82, 49, 138, 70, 129, 71, 128, 145, 16, 7, 106, 108, 5, 186, 64, 30, 46, 119, 41, 134, 54, 161, 14, 122, 144, 84, 0, 52, 114, 116, 39, 146, 11, 48, 17, 109, 28, 183, 171, 45, 120, 173, 23, 31, 135, 60, 25, 8, 137, 123, 36, 62, 43, 10, 51, 86, 125, 95, 165, 164, 103, 96, 80, 44, 196, 118, 91, 98, 148, 105, 92, 162, 100, 59, 2, 72, 58, 40, 88, 160, 79, 150, 34, 168, 101, 69, 75, 181, 194, 112, 85, 94, 90, 143, 22, 172]
[169, 83, 47, 152, 65, 178, 189, 18, 9, 174, 35, 32, 155, 99, 73, 56, 13, 191, 3, 107, 68, 141, 179, 130, 188, 153, 20, 139, 163, 93, 175, 132, 136, 42, 104, 4, 195, 177, 151, 55, 37, 38, 27, 147, 87, 199, 170, 140, 57, 97, 113, 102, 33, 89, 142, 24, 126, 185, 63, 19, 159, 78, 176, 66, 156, 111, 154, 182, 21, 133, 74, 53, 124, 180, 1, 67, 29, 166, 127, 192, 157, 76, 12, 197, 26, 190, 131, 110, 158, 198, 6, 81, 77, 117, 15, 50, 193, 187, 115, 121]
40616

[82, 71, 138, 85, 136, 42, 104, 177, 151, 55, 129, 128, 33, 89, 24, 16, 154, 111, 185, 54, 119, 156, 108, 5, 53, 180, 124, 160, 150, 186, 66, 176, 161, 159, 78, 12, 14, 144, 0, 114, 116, 110, 173, 120, 31, 25, 198, 6, 81, 77, 8, 137, 123, 36, 183, 28, 109, 17, 98, 9, 91, 118, 165, 95, 86, 125, 164, 96, 80, 44, 32, 155, 99, 56, 73, 179, 141, 107, 191, 13, 148, 105, 92, 162, 3, 100, 59, 192, 127, 166, 40, 58, 72, 88, 34, 1, 172, 149, 167, 184]
[140, 57, 97, 113, 102, 142, 145, 7, 133, 21, 182, 126, 41, 134, 19, 63, 122, 197, 26, 190, 84, 131, 52, 158, 23, 135, 60, 117, 15, 178, 65, 152, 43, 187, 62, 50, 193, 115, 121, 169, 51, 10, 83, 47, 103, 196, 130, 188, 2, 68, 35, 174, 18, 189, 48, 171, 45, 11, 39, 146, 157, 76, 79, 64, 30, 46, 106, 74, 61, 49, 94, 93, 90, 143, 22, 168, 67, 29, 163, 139, 20, 153, 101, 69, 75, 181, 194, 112, 175, 132, 4, 195, 70, 37, 38, 27, 147, 87, 199, 170]
39693

[5, 108, 154, 182, 145, 142, 102, 113, 87, 147, 27, 129, 71, 82, 61, 49, 138, 94, 90, 149, 143, 172, 22, 163, 139, 29, 67, 168, 34, 1, 180, 124, 160, 79, 150, 186, 64, 66, 30, 46, 119, 185, 41, 54, 161, 159, 176, 12, 78, 14, 122, 197, 26, 190, 144, 84, 131, 0, 52, 114, 116, 110, 173, 158, 23, 31, 135, 28, 189, 148, 98, 174, 9, 91, 18, 118, 65, 152, 47, 165, 164, 96, 80, 155, 99, 56, 35, 13, 191, 107, 141, 179, 130, 188, 72, 2, 166, 157, 127, 192]
[151, 55, 37, 38, 70, 177, 195, 85, 4, 104, 42, 136, 132, 175, 112, 194, 181, 93, 75, 69, 101, 153, 20, 167, 184, 53, 128, 97, 199, 170, 140, 57, 33, 89, 24, 16, 7, 21, 133, 74, 106, 156, 111, 126, 134, 19, 63, 39, 11, 146, 59, 100, 3, 162, 92, 105, 48, 17, 109, 171, 45, 120, 183, 36, 60, 25, 198, 6, 81, 77, 8, 137, 123, 117, 15, 178, 43, 187, 62, 50, 193, 115, 121, 169, 83, 10, 51, 95, 86, 125, 103, 196, 44, 32, 73, 68, 58, 88, 40, 76]
40287

[41, 134, 126, 111, 154, 182, 7, 102, 57, 140, 170, 199, 97, 87, 147, 27, 70, 136, 194, 181, 85, 138, 129, 71, 82, 53, 5, 186, 150, 124, 34, 172, 22, 168, 67, 29, 40, 72, 2, 68, 141, 3, 100, 59, 127, 192, 146, 11, 162, 92, 105, 148, 48, 189, 18, 98, 9, 174, 196, 44, 80, 96, 164, 125, 86, 95, 165, 47, 43, 187, 62, 77, 81, 6, 198, 25, 31, 23, 158, 173, 171, 45, 110, 116, 114, 52, 0, 84, 144, 190, 26, 197, 122, 14, 12, 176, 64, 30, 119, 185]
[21, 133, 128, 145, 142, 16, 24, 89, 33, 113, 38, 37, 55, 151, 177, 195, 4, 104, 42, 132, 175, 112, 93, 90, 149, 143, 69, 75, 101, 163, 139, 20, 153, 88, 58, 188, 130, 179, 155, 99, 32, 103, 51, 10, 83, 169, 121, 115, 193, 50, 15, 117, 123, 8, 137, 60, 135, 120, 131, 39, 17, 109, 28, 183, 36, 178, 152, 65, 118, 91, 35, 56, 73, 107, 13, 191, 166, 157, 76, 79, 160, 180, 1, 167, 184, 94, 49, 61, 74, 108, 106, 156, 46, 66, 54, 19, 63, 161, 159, 78]
40420

[58, 40, 88, 29, 67, 168, 101, 69, 75, 85, 195, 177, 55, 37, 70, 129, 128, 145, 142, 24, 16, 7, 154, 182, 74, 111, 106, 108, 5, 156, 46, 119, 126, 185, 134, 41, 54, 63, 19, 14, 122, 197, 26, 190, 84, 131, 0, 52, 110, 173, 158, 23, 45, 11, 39, 146, 157, 64, 79, 160, 76, 166, 127, 192, 59, 100, 3, 162, 92, 189, 48, 36, 8, 77, 198, 6, 81, 117, 15, 50, 193, 121, 115, 187, 62, 43, 65, 118, 196, 44, 80, 96, 155, 99, 32, 35, 174, 9, 13, 191]
[78, 159, 161, 66, 30, 186, 150, 124, 180, 1, 34, 22, 172, 167, 53, 21, 133, 71, 82, 61, 184, 49, 138, 38, 27, 87, 97, 113, 102, 89, 33, 57, 140, 170, 199, 147, 151, 4, 104, 42, 136, 132, 175, 112, 194, 181, 93, 94, 90, 149, 143, 163, 139, 20, 153, 72, 2, 188, 130, 179, 141, 68, 107, 73, 56, 98, 105, 148, 18, 91, 103, 164, 165, 95, 125, 86, 51, 10, 83, 169, 47, 152, 178, 123, 137, 25, 31, 135, 60, 183, 28, 17, 109, 171, 120, 116, 114, 144, 12, 176]
39703

[45, 120, 11, 39, 131, 84, 144, 190, 122, 14, 12, 176, 63, 19, 54, 41, 134, 16, 24, 89, 33, 57, 140, 170, 199, 97, 113, 87, 147, 27, 37, 70, 38, 133, 21, 182, 154, 184, 167, 172, 49, 104, 42, 136, 132, 175, 112, 194, 181, 75, 69, 101, 88, 72, 2, 58, 40, 166, 76, 124, 160, 79, 157, 192, 127, 59, 162, 105, 148, 48, 17, 109, 28, 183, 189, 18, 44, 32, 155, 80, 196, 118, 65, 152, 43, 62, 187, 115, 193, 50, 15, 117, 77, 81, 6, 198, 25, 135, 60, 171]
[114, 116, 173, 158, 23, 31, 137, 8, 123, 36, 178, 121, 169, 51, 10, 83, 47, 165, 95, 86, 125, 164, 103, 96, 179, 130, 188, 141, 68, 29, 67, 180, 1, 34, 168, 163, 139, 153, 20, 22, 143, 149, 90, 93, 94, 138, 85, 4, 177, 151, 55, 195, 129, 71, 61, 82, 128, 102, 142, 145, 7, 74, 53, 5, 108, 106, 156, 111, 126, 185, 119, 46, 30, 186, 150, 64, 66, 161, 159, 78, 197, 26, 146, 100, 3, 191, 13, 107, 56, 73, 99, 35, 174, 9, 91, 98, 92, 110, 0, 52]
40206

[172, 149, 90, 143, 69, 75, 181, 93, 94, 85, 138, 70, 37, 113, 97, 33, 89, 142, 24, 16, 21, 133, 53, 5, 108, 156, 46, 119, 185, 41, 54, 161, 159, 176, 64, 150, 160, 79, 76, 157, 127, 192, 190, 84, 0, 52, 114, 116, 110, 146, 100, 3, 191, 162, 92, 105, 148, 98, 18, 189, 48, 17, 36, 60, 135, 77, 81, 8, 117, 15, 178, 62, 187, 43, 152, 65, 47, 169, 83, 10, 51, 86, 125, 95, 165, 164, 103, 96, 80, 196, 44, 32, 155, 99, 56, 73, 188, 2, 72, 22]
[106, 111, 126, 134, 19, 63, 66, 30, 186, 124, 180, 1, 34, 168, 67, 29, 166, 59, 26, 197, 12, 78, 14, 122, 144, 131, 39, 11, 109, 28, 183, 171, 45, 120, 173, 158, 23, 31, 6, 198, 25, 137, 123, 50, 193, 121, 115, 118, 91, 9, 174, 35, 13, 107, 68, 141, 179, 130, 58, 40, 88, 153, 20, 139, 163, 101, 194, 112, 175, 132, 136, 42, 104, 4, 151, 55, 177, 195, 129, 71, 49, 167, 184, 61, 82, 128, 38, 27, 147, 87, 199, 170, 140, 57, 102, 145, 7, 154, 182, 74]
38845

[167, 1, 180, 124, 76, 157, 34, 172, 22, 168, 67, 29, 40, 188, 68, 141, 130, 179, 73, 99, 155, 32, 80, 96, 103, 164, 51, 10, 83, 47, 118, 196, 44, 35, 56, 107, 59, 127, 192, 146, 92, 105, 191, 13, 174, 9, 91, 18, 98, 148, 189, 65, 43, 187, 193, 50, 15, 117, 123, 137, 25, 135, 60, 171, 45, 120, 173, 110, 116, 114, 52, 0, 84, 144, 19, 63, 134, 41, 126, 111, 154, 182, 7, 61, 82, 71, 129, 70, 55, 151, 177, 85, 138, 49, 184, 94, 93, 143, 149, 90]
[176, 12, 64, 79, 160, 150, 186, 53, 5, 108, 106, 74, 21, 133, 128, 145, 142, 16, 24, 89, 33, 102, 57, 140, 170, 199, 97, 113, 87, 147, 27, 38, 37, 195, 4, 104, 42, 136, 132, 175, 112, 194, 181, 75, 69, 101, 163, 139, 20, 153, 88, 58, 72, 2, 166, 100, 3, 162, 48, 17, 109, 28, 183, 36, 178, 152, 165, 95, 125, 86, 169, 121, 115, 62, 8, 77, 81, 6, 198, 31, 23, 158, 11, 39, 131, 190, 26, 197, 122, 14, 78, 159, 161, 54, 185, 119, 156, 46, 30, 66]
38281

[167, 184, 138, 85, 4, 177, 195, 70, 129, 38, 37, 27, 199, 170, 140, 57, 33, 89, 142, 24, 16, 145, 7, 126, 111, 156, 106, 53, 124, 160, 76, 64, 176, 66, 185, 41, 134, 161, 159, 78, 197, 26, 190, 144, 84, 131, 39, 146, 11, 45, 23, 135, 25, 77, 81, 8, 137, 123, 183, 36, 117, 15, 62, 50, 193, 169, 51, 86, 125, 95, 164, 96, 80, 32, 99, 56, 35, 13, 98, 189, 148, 105, 191, 107, 2, 72, 153, 101, 69, 75, 194, 175, 132, 112, 181, 143, 149, 172, 22, 34]
[1, 180, 61, 82, 71, 49, 90, 93, 94, 136, 42, 104, 151, 55, 147, 87, 97, 113, 102, 128, 133, 21, 182, 154, 74, 108, 5, 186, 150, 79, 30, 46, 119, 54, 63, 19, 14, 122, 12, 157, 166, 127, 192, 59, 68, 141, 73, 174, 9, 91, 118, 18, 100, 3, 162, 92, 48, 171, 120, 173, 110, 52, 0, 114, 116, 158, 31, 6, 198, 60, 28, 109, 17, 178, 65, 152, 43, 187, 115, 121, 47, 83, 10, 165, 103, 196, 44, 155, 179, 130, 188, 58, 40, 88, 29, 67, 168, 139, 20, 163]
42064

[11, 45, 39, 131, 110, 116, 114, 52, 0, 84, 144, 190, 197, 26, 146, 162, 105, 148, 189, 178, 36, 183, 17, 48, 109, 28, 135, 60, 137, 77, 8, 123, 117, 50, 193, 115, 121, 169, 51, 10, 95, 86, 125, 96, 103, 164, 165, 83, 47, 118, 91, 9, 174, 196, 44, 80, 32, 155, 99, 13, 3, 100, 59, 157, 76, 79, 160, 143, 101, 69, 75, 93, 94, 49, 128, 145, 24, 16, 7, 133, 21, 182, 154, 111, 126, 185, 134, 41, 54, 19, 63, 161, 159, 78, 14, 122, 12, 176, 66, 64]
[129, 38, 37, 70, 85, 138, 71, 82, 61, 74, 106, 108, 5, 156, 119, 46, 30, 192, 127, 166, 68, 141, 107, 191, 92, 171, 120, 173, 158, 23, 31, 25, 198, 6, 81, 15, 62, 187, 43, 152, 65, 18, 98, 35, 56, 73, 179, 130, 188, 72, 2, 58, 40, 88, 153, 20, 139, 163, 22, 172, 168, 29, 67, 34, 1, 180, 124, 150, 186, 53, 184, 167, 149, 90, 181, 194, 112, 175, 132, 136, 42, 104, 4, 195, 177, 151, 55, 27, 147, 87, 97, 113, 102, 142, 89, 33, 57, 140, 170, 199]
39136

[133, 21, 7, 16, 24, 89, 33, 113, 27, 38, 37, 55, 177, 132, 175, 112, 194, 181, 75, 69, 93, 90, 149, 143, 101, 153, 20, 139, 29, 67, 168, 34, 124, 150, 186, 64, 192, 127, 92, 189, 152, 47, 165, 164, 95, 51, 10, 83, 169, 121, 115, 43, 187, 193, 50, 62, 15, 117, 60, 135, 23, 173, 120, 45, 171, 48, 11, 146, 39, 131, 52, 0, 144, 122, 14, 12, 176, 78, 159, 161, 63, 19, 54, 66, 30, 46, 156, 119, 185, 41, 134, 126, 111, 154, 182, 106, 108, 5, 53, 74]
[195, 70, 129, 138, 85, 94, 49, 167, 172, 22, 163, 88, 40, 166, 59, 100, 3, 162, 105, 148, 191, 13, 35, 56, 73, 107, 68, 58, 2, 72, 188, 141, 130, 179, 155, 99, 32, 44, 80, 96, 125, 86, 103, 196, 174, 9, 91, 98, 18, 118, 65, 178, 17, 109, 28, 183, 36, 123, 137, 8, 77, 81, 6, 198, 25, 31, 158, 116, 114, 110, 84, 190, 197, 26, 157, 76, 79, 160, 180, 1, 184, 61, 82, 71, 128, 145, 142, 102, 97, 57, 140, 170, 199, 87, 147, 151, 104, 42, 136, 4]
38351

[172, 167, 138, 85, 136, 42, 104, 4, 177, 151, 55, 97, 113, 128, 184, 34, 1, 180, 124, 160, 186, 5, 108, 156, 106, 182, 7, 154, 111, 126, 185, 41, 134, 19, 63, 54, 119, 46, 30, 66, 144, 84, 0, 52, 110, 114, 116, 158, 23, 60, 137, 77, 8, 123, 50, 193, 187, 43, 115, 121, 169, 51, 10, 83, 47, 165, 95, 164, 103, 196, 118, 91, 18, 98, 148, 189, 17, 48, 105, 92, 162, 3, 100, 59, 127, 192, 157, 76, 166, 40, 29, 67, 168, 163, 88, 58, 72, 2, 68, 107]
[26, 190, 131, 39, 146, 11, 109, 36, 183, 28, 171, 45, 120, 173, 31, 135, 25, 198, 6, 81, 117, 15, 62, 178, 65, 152, 86, 125, 96, 80, 44, 32, 155, 99, 174, 9, 191, 13, 35, 56, 73, 179, 130, 141, 188, 153, 20, 139, 22, 143, 101, 69, 75, 181, 194, 112, 175, 132, 93, 90, 149, 94, 49, 61, 82, 71, 129, 38, 70, 195, 37, 27, 147, 87, 199, 170, 140, 57, 33, 89, 24, 16, 142, 102, 145, 133, 21, 74, 53, 150, 79, 64, 12, 176, 161, 159, 78, 14, 122, 197]
40249

[118, 91, 80, 96, 179, 2, 72, 88, 153, 20, 139, 163, 22, 172, 149, 90, 181, 194, 112, 136, 195, 37, 27, 38, 128, 145, 142, 89, 33, 24, 16, 7, 182, 154, 126, 134, 41, 185, 119, 111, 106, 156, 46, 30, 66, 54, 19, 63, 161, 159, 78, 12, 176, 64, 79, 76, 157, 166, 59, 191, 13, 105, 92, 11, 146, 39, 190, 197, 122, 14, 144, 84, 131, 110, 120, 45, 171, 60, 137, 123, 36, 183, 28, 109, 17, 48, 189, 178, 65, 152, 43, 62, 187, 115, 121, 169, 47, 83, 10, 51]
[193, 50, 15, 117, 8, 77, 81, 6, 198, 25, 135, 31, 23, 158, 173, 116, 114, 52, 0, 26, 192, 127, 160, 150, 124, 180, 1, 34, 167, 184, 61, 82, 53, 186, 5, 108, 74, 21, 133, 102, 113, 97, 57, 140, 170, 199, 87, 147, 55, 151, 177, 70, 129, 71, 49, 138, 4, 104, 42, 132, 175, 85, 94, 93, 75, 69, 101, 143, 168, 67, 29, 40, 58, 188, 130, 141, 68, 107, 100, 3, 162, 148, 18, 98, 9, 174, 35, 56, 73, 99, 155, 32, 44, 196, 103, 164, 165, 95, 86, 125]
38771

[48, 17, 109, 171, 28, 183, 178, 65, 152, 43, 62, 187, 115, 169, 121, 193, 50, 15, 117, 123, 137, 8, 77, 81, 6, 198, 25, 31, 23, 158, 173, 120, 110, 116, 114, 52, 0, 131, 84, 144, 78, 159, 63, 19, 134, 41, 185, 126, 16, 145, 7, 182, 154, 111, 119, 66, 197, 26, 146, 100, 3, 162, 92, 105, 148, 18, 91, 9, 174, 35, 56, 196, 44, 32, 99, 155, 179, 130, 188, 40, 88, 163, 67, 168, 90, 94, 85, 195, 147, 87, 199, 170, 140, 57, 97, 113, 70, 138, 49, 1]
[142, 24, 89, 33, 102, 128, 133, 21, 74, 106, 54, 161, 176, 12, 14, 122, 190, 39, 11, 45, 135, 60, 36, 189, 191, 13, 98, 118, 103, 47, 83, 10, 51, 86, 125, 95, 165, 164, 96, 80, 73, 141, 68, 107, 59, 192, 127, 166, 58, 2, 72, 153, 139, 20, 101, 22, 172, 149, 143, 69, 75, 93, 181, 194, 112, 175, 132, 136, 42, 104, 4, 177, 151, 55, 37, 27, 38, 129, 71, 82, 61, 184, 167, 34, 29, 157, 76, 79, 64, 30, 46, 156, 108, 5, 186, 150, 160, 124, 180, 53]
41800

[48, 148, 105, 92, 162, 146, 127, 166, 40, 22, 149, 85, 136, 104, 4, 177, 151, 55, 37, 38, 27, 147, 199, 170, 140, 57, 97, 33, 89, 24, 142, 145, 128, 82, 61, 53, 106, 74, 133, 21, 182, 126, 134, 41, 185, 119, 46, 30, 176, 159, 78, 12, 14, 122, 197, 26, 190, 144, 84, 131, 39, 11, 45, 171, 23, 31, 198, 6, 81, 117, 15, 62, 43, 187, 50, 193, 115, 121, 169, 10, 51, 86, 125, 95, 164, 96, 80, 32, 155, 179, 130, 188, 141, 56, 35, 174, 9, 18, 189, 17]
[64, 79, 76, 157, 29, 67, 168, 34, 1, 180, 124, 160, 150, 186, 5, 108, 156, 66, 161, 63, 19, 54, 111, 154, 7, 16, 102, 113, 87, 129, 70, 195, 42, 132, 175, 112, 194, 181, 75, 69, 101, 143, 90, 93, 94, 138, 71, 49, 184, 167, 172, 163, 139, 20, 153, 88, 58, 72, 2, 68, 107, 73, 99, 44, 196, 103, 165, 83, 47, 152, 65, 178, 123, 137, 8, 77, 25, 60, 135, 158, 116, 114, 0, 52, 110, 173, 120, 109, 28, 183, 36, 118, 91, 98, 13, 191, 3, 100, 59, 192]
38882

[136, 112, 194, 175, 132, 42, 104, 4, 27, 147, 87, 199, 170, 140, 57, 97, 113, 33, 89, 24, 16, 142, 102, 128, 82, 74, 111, 41, 134, 144, 84, 110, 158, 23, 31, 135, 25, 198, 6, 81, 77, 8, 183, 28, 171, 45, 120, 11, 162, 92, 105, 148, 65, 43, 115, 187, 62, 15, 50, 193, 121, 169, 83, 10, 51, 86, 125, 95, 96, 155, 32, 174, 9, 98, 13, 107, 127, 157, 76, 64, 156, 53, 124, 180, 1, 34, 67, 29, 168, 139, 163, 22, 172, 143, 149, 90, 94, 93, 75, 181]
[85, 138, 69, 101, 20, 153, 88, 40, 166, 58, 2, 72, 188, 68, 141, 130, 179, 99, 73, 56, 35, 91, 18, 189, 48, 109, 17, 118, 196, 44, 80, 103, 164, 165, 47, 152, 178, 117, 36, 123, 137, 60, 173, 116, 114, 52, 0, 131, 39, 146, 3, 191, 100, 59, 192, 26, 190, 197, 122, 14, 12, 176, 78, 159, 161, 63, 19, 54, 66, 30, 46, 119, 185, 126, 154, 182, 7, 145, 133, 21, 106, 108, 5, 186, 150, 79, 160, 167, 184, 49, 61, 71, 129, 70, 195, 177, 151, 55, 37, 38]
41593

[15, 62, 121, 169, 83, 165, 95, 86, 125, 96, 80, 196, 44, 32, 155, 99, 35, 56, 73, 179, 130, 141, 107, 191, 105, 92, 162, 76, 79, 150, 160, 124, 180, 1, 34, 67, 168, 22, 163, 20, 101, 143, 172, 167, 184, 149, 90, 93, 69, 75, 181, 194, 112, 175, 132, 136, 42, 104, 4, 195, 177, 151, 55, 87, 97, 113, 128, 102, 142, 24, 16, 7, 21, 133, 74, 106, 111, 126, 185, 41, 134, 19, 63, 159, 144, 84, 131, 0, 52, 110, 158, 31, 25, 198, 6, 81, 77, 8, 123, 117]
[114, 116, 173, 120, 23, 135, 60, 137, 36, 183, 28, 171, 45, 11, 3, 100, 59, 146, 39, 190, 26, 197, 122, 14, 12, 78, 161, 54, 119, 154, 182, 145, 89, 33, 57, 140, 170, 199, 147, 27, 37, 70, 38, 129, 71, 138, 85, 94, 49, 82, 61, 53, 186, 5, 108, 156, 46, 30, 66, 176, 64, 157, 192, 127, 166, 40, 29, 139, 153, 88, 58, 2, 72, 188, 68, 13, 98, 148, 48, 109, 17, 189, 18, 9, 174, 91, 118, 103, 164, 51, 10, 47, 152, 65, 178, 43, 187, 115, 193, 50]
39356

[60, 135, 23, 171, 45, 28, 183, 36, 137, 123, 117, 187, 43, 47, 165, 118, 18, 189, 17, 109, 48, 92, 105, 148, 98, 91, 35, 56, 59, 127, 192, 157, 76, 166, 40, 68, 141, 73, 99, 32, 44, 80, 155, 179, 130, 188, 72, 2, 58, 88, 153, 20, 139, 163, 29, 67, 168, 34, 1, 167, 184, 149, 90, 93, 94, 85, 138, 70, 37, 38, 27, 147, 87, 199, 140, 33, 89, 145, 128, 154, 111, 119, 126, 185, 134, 41, 54, 19, 63, 161, 176, 64, 12, 197, 26, 190, 84, 110, 114, 116]
[169, 121, 115, 152, 65, 178, 15, 62, 193, 50, 8, 77, 81, 6, 198, 25, 31, 158, 173, 120, 11, 39, 131, 52, 0, 144, 122, 14, 78, 159, 66, 30, 46, 156, 106, 108, 74, 182, 21, 133, 7, 16, 24, 142, 102, 113, 57, 170, 97, 129, 71, 82, 61, 49, 195, 55, 151, 177, 4, 104, 42, 136, 132, 175, 112, 194, 181, 75, 69, 101, 143, 22, 172, 180, 124, 160, 150, 53, 5, 186, 79, 146, 162, 3, 100, 191, 107, 13, 9, 174, 196, 96, 103, 164, 95, 125, 86, 51, 10, 83]
39211

[71, 129, 70, 55, 151, 177, 4, 104, 42, 136, 194, 181, 75, 69, 143, 101, 153, 20, 139, 163, 22, 34, 168, 67, 29, 88, 40, 166, 59, 98, 9, 174, 35, 99, 155, 32, 80, 96, 103, 164, 165, 95, 125, 86, 51, 10, 169, 121, 193, 115, 187, 178, 189, 148, 105, 48, 171, 45, 120, 173, 158, 110, 116, 114, 52, 0, 131, 84, 144, 157, 76, 79, 64, 176, 63, 19, 54, 41, 134, 185, 126, 156, 106, 7, 128, 145, 102, 142, 16, 24, 89, 33, 57, 140, 170, 199, 97, 113, 61, 82]
[5, 186, 150, 160, 124, 180, 1, 172, 149, 90, 93, 112, 175, 132, 94, 49, 138, 85, 195, 37, 27, 147, 87, 38, 184, 167, 53, 108, 74, 133, 21, 182, 154, 111, 119, 46, 30, 66, 161, 159, 78, 12, 14, 122, 197, 190, 26, 192, 127, 100, 3, 146, 39, 11, 162, 92, 191, 13, 107, 68, 58, 2, 72, 188, 130, 179, 141, 73, 56, 44, 196, 91, 18, 118, 47, 83, 152, 65, 43, 62, 50, 15, 117, 123, 137, 8, 77, 81, 6, 198, 25, 60, 135, 31, 23, 28, 109, 17, 183, 36]
39948

[13, 35, 56, 99, 73, 107, 191, 59, 127, 100, 3, 162, 148, 18, 103, 164, 95, 125, 86, 165, 51, 10, 83, 169, 121, 193, 50, 62, 187, 115, 43, 178, 36, 123, 137, 60, 135, 23, 173, 120, 39, 146, 197, 122, 14, 54, 185, 154, 182, 7, 145, 102, 113, 97, 199, 147, 87, 128, 133, 21, 74, 53, 180, 167, 184, 61, 82, 71, 129, 70, 38, 27, 37, 55, 151, 177, 195, 4, 136, 85, 138, 49, 94, 93, 90, 149, 172, 143, 69, 101, 163, 139, 20, 153, 88, 40, 58, 72, 2, 141]
[12, 176, 78, 159, 19, 63, 161, 66, 46, 119, 41, 134, 126, 111, 16, 24, 142, 89, 33, 57, 140, 170, 104, 42, 132, 175, 112, 194, 181, 75, 22, 168, 29, 67, 34, 1, 124, 160, 150, 186, 5, 108, 106, 156, 30, 64, 79, 157, 192, 26, 190, 144, 84, 131, 0, 52, 110, 114, 116, 158, 31, 25, 198, 6, 81, 77, 8, 117, 15, 65, 152, 47, 118, 189, 48, 17, 109, 28, 183, 171, 45, 11, 92, 105, 98, 91, 9, 174, 196, 44, 96, 80, 32, 155, 179, 130, 188, 68, 166, 76]
39418

[13, 107, 141, 68, 29, 67, 34, 1, 180, 124, 66, 63, 19, 185, 119, 156, 106, 108, 74, 182, 21, 133, 145, 128, 71, 129, 38, 37, 70, 138, 85, 136, 132, 175, 112, 194, 181, 93, 94, 49, 184, 149, 75, 69, 101, 153, 58, 2, 72, 188, 130, 179, 73, 99, 155, 32, 44, 80, 96, 95, 125, 86, 51, 10, 83, 47, 169, 121, 193, 50, 117, 36, 183, 123, 137, 8, 77, 81, 6, 198, 120, 171, 45, 11, 146, 162, 92, 48, 109, 28, 17, 189, 178, 152, 65, 9, 174, 196, 35, 56]
[186, 5, 53, 82, 61, 167, 172, 22, 143, 90, 42, 104, 4, 195, 177, 151, 55, 27, 147, 87, 113, 97, 199, 170, 140, 57, 33, 89, 102, 142, 24, 16, 7, 154, 111, 126, 134, 41, 54, 161, 159, 78, 12, 14, 122, 197, 26, 190, 144, 84, 39, 131, 0, 52, 114, 116, 110, 173, 158, 23, 31, 25, 135, 60, 15, 62, 43, 187, 115, 165, 164, 103, 118, 91, 18, 98, 148, 105, 191, 3, 100, 59, 192, 127, 166, 40, 88, 139, 20, 163, 168, 160, 76, 157, 79, 64, 176, 30, 46, 150]
39251

[167, 184, 113, 97, 57, 140, 170, 199, 87, 147, 70, 138, 85, 94, 93, 75, 90, 149, 143, 69, 101, 153, 20, 139, 163, 168, 67, 76, 157, 192, 127, 166, 40, 58, 2, 72, 188, 130, 179, 141, 68, 107, 35, 196, 103, 165, 47, 83, 10, 51, 169, 187, 62, 50, 15, 178, 18, 98, 189, 117, 123, 8, 137, 60, 36, 183, 28, 171, 45, 120, 173, 158, 110, 131, 190, 26, 197, 122, 14, 12, 176, 161, 63, 19, 54, 111, 154, 74, 106, 156, 108, 5, 53, 186, 124, 180, 1, 34, 22, 172]
[7, 145, 128, 133, 21, 182, 126, 134, 41, 185, 119, 46, 30, 66, 159, 78, 144, 84, 0, 52, 114, 116, 39, 146, 11, 48, 17, 109, 23, 31, 135, 25, 198, 6, 81, 77, 193, 121, 115, 43, 152, 65, 118, 91, 9, 174, 164, 95, 86, 125, 96, 80, 44, 32, 155, 99, 73, 56, 13, 191, 148, 105, 92, 162, 3, 100, 59, 64, 79, 150, 160, 29, 88, 181, 194, 112, 175, 132, 136, 42, 104, 4, 177, 151, 55, 195, 49, 61, 82, 71, 129, 37, 27, 38, 102, 33, 89, 142, 16, 24]
38910

[103, 95, 125, 86, 169, 121, 193, 50, 117, 123, 137, 25, 31, 135, 60, 183, 28, 109, 17, 189, 148, 18, 91, 9, 98, 13, 105, 92, 162, 3, 146, 39, 45, 171, 120, 23, 158, 173, 116, 114, 131, 84, 190, 197, 122, 14, 12, 64, 150, 186, 108, 106, 119, 41, 134, 126, 21, 133, 145, 102, 113, 97, 57, 140, 170, 199, 87, 147, 27, 38, 129, 71, 49, 149, 90, 94, 85, 4, 104, 42, 136, 132, 175, 112, 194, 181, 101, 188, 68, 141, 73, 56, 35, 99, 155, 32, 80, 96, 44, 196]
[26, 176, 161, 66, 30, 46, 156, 5, 53, 82, 61, 184, 167, 172, 168, 67, 34, 1, 180, 124, 160, 79, 76, 157, 192, 127, 166, 29, 40, 58, 2, 72, 88, 153, 20, 139, 163, 22, 143, 69, 75, 93, 138, 195, 177, 151, 55, 70, 37, 128, 142, 89, 33, 24, 16, 7, 154, 182, 74, 111, 185, 54, 63, 19, 159, 78, 144, 0, 52, 110, 11, 48, 36, 8, 77, 198, 6, 81, 15, 62, 187, 115, 83, 10, 51, 165, 164, 47, 43, 178, 152, 65, 118, 174, 179, 130, 107, 191, 59, 100]
40900

[1, 34, 67, 29, 76, 157, 127, 192, 146, 39, 11, 17, 109, 28, 171, 45, 120, 173, 110, 52, 131, 84, 144, 0, 114, 116, 158, 23, 31, 135, 117, 15, 50, 193, 121, 169, 115, 187, 62, 43, 152, 65, 189, 92, 105, 148, 98, 18, 91, 9, 174, 35, 56, 179, 130, 188, 72, 2, 58, 88, 153, 20, 139, 163, 22, 149, 90, 181, 194, 112, 175, 132, 42, 195, 27, 147, 87, 199, 170, 140, 57, 33, 89, 142, 145, 74, 53, 5, 108, 156, 30, 176, 78, 14, 122, 197, 12, 160, 124, 180]
[21, 133, 7, 16, 24, 102, 128, 113, 97, 38, 82, 61, 184, 71, 129, 70, 37, 55, 151, 177, 4, 104, 136, 85, 138, 49, 94, 93, 75, 69, 101, 143, 172, 167, 168, 40, 166, 68, 141, 107, 191, 13, 118, 196, 44, 32, 73, 99, 155, 80, 96, 103, 164, 95, 125, 86, 165, 51, 10, 83, 47, 178, 123, 137, 8, 77, 81, 6, 198, 25, 60, 36, 183, 48, 162, 3, 100, 59, 26, 190, 159, 19, 63, 161, 66, 54, 41, 134, 185, 119, 46, 64, 79, 150, 186, 106, 182, 154, 111, 126]
39296

[58, 40, 88, 153, 20, 139, 163, 29, 67, 168, 22, 172, 90, 94, 93, 181, 194, 112, 175, 132, 136, 42, 104, 4, 70, 37, 38, 27, 147, 87, 199, 97, 113, 102, 33, 89, 142, 24, 16, 7, 133, 21, 182, 74, 108, 5, 53, 186, 180, 124, 150, 64, 30, 46, 119, 41, 134, 19, 159, 176, 12, 78, 14, 122, 131, 52, 110, 28, 183, 36, 137, 123, 50, 193, 121, 115, 187, 43, 152, 65, 47, 169, 83, 10, 51, 165, 95, 86, 125, 164, 103, 96, 80, 32, 107, 59, 127, 192, 157, 166]
[191, 13, 174, 98, 18, 189, 48, 17, 109, 178, 62, 15, 117, 8, 77, 81, 6, 198, 25, 60, 135, 31, 23, 171, 45, 120, 173, 158, 116, 114, 0, 84, 144, 190, 197, 26, 39, 146, 11, 162, 92, 148, 105, 3, 100, 76, 79, 160, 1, 34, 167, 184, 71, 129, 82, 61, 106, 156, 66, 161, 63, 54, 185, 126, 111, 154, 128, 145, 57, 140, 170, 55, 151, 177, 195, 85, 138, 49, 149, 143, 69, 75, 101, 72, 2, 68, 141, 188, 130, 179, 155, 99, 73, 56, 35, 44, 196, 118, 91, 9]
38692

[167, 184, 61, 82, 49, 94, 93, 181, 194, 136, 177, 151, 55, 37, 27, 147, 87, 113, 97, 199, 170, 140, 57, 33, 89, 142, 24, 16, 133, 21, 182, 74, 5, 108, 106, 111, 119, 66, 159, 78, 14, 122, 39, 45, 171, 109, 17, 28, 183, 158, 23, 31, 6, 81, 77, 8, 123, 178, 65, 152, 43, 62, 187, 115, 121, 169, 83, 51, 10, 103, 44, 196, 118, 18, 98, 91, 9, 174, 73, 179, 130, 188, 141, 68, 2, 72, 58, 127, 192, 157, 76, 79, 160, 124, 180, 29, 67, 168, 163, 22]
[85, 112, 175, 132, 42, 104, 4, 195, 70, 129, 38, 128, 102, 145, 7, 154, 126, 185, 134, 41, 54, 19, 63, 161, 12, 197, 26, 190, 144, 84, 131, 0, 52, 114, 116, 110, 173, 120, 11, 146, 59, 100, 3, 162, 92, 105, 148, 189, 48, 36, 60, 135, 25, 198, 137, 117, 15, 50, 193, 47, 165, 86, 125, 95, 164, 96, 80, 32, 155, 99, 56, 35, 13, 191, 107, 166, 40, 88, 153, 139, 20, 101, 75, 69, 143, 90, 149, 172, 34, 1, 150, 64, 176, 30, 46, 156, 186, 53, 71, 138]
38768

[184, 49, 138, 85, 195, 55, 151, 177, 4, 104, 42, 136, 132, 175, 112, 194, 181, 93, 75, 69, 101, 153, 20, 139, 163, 22, 172, 168, 67, 29, 88, 40, 58, 188, 130, 179, 155, 99, 44, 196, 103, 125, 86, 95, 118, 65, 152, 43, 193, 50, 123, 137, 36, 183, 28, 109, 17, 48, 171, 45, 120, 158, 173, 11, 146, 26, 19, 63, 161, 66, 30, 46, 119, 111, 154, 7, 16, 24, 33, 89, 142, 145, 128, 82, 61, 71, 129, 70, 37, 38, 27, 147, 87, 199, 170, 140, 57, 102, 97, 113]
[162, 3, 100, 59, 192, 127, 166, 157, 76, 79, 64, 176, 150, 160, 124, 180, 1, 34, 143, 149, 90, 94, 167, 133, 21, 182, 74, 53, 186, 5, 108, 106, 156, 126, 185, 134, 41, 54, 159, 78, 12, 14, 122, 197, 190, 144, 84, 131, 39, 110, 52, 0, 114, 116, 23, 31, 135, 60, 25, 198, 6, 81, 77, 8, 117, 15, 178, 62, 187, 115, 121, 169, 51, 10, 83, 47, 165, 164, 96, 80, 32, 56, 35, 174, 9, 91, 18, 189, 148, 92, 105, 98, 13, 191, 107, 73, 141, 72, 2, 68]
37720

[48, 17, 109, 28, 183, 36, 117, 178, 15, 50, 62, 187, 193, 121, 169, 115, 43, 152, 65, 91, 9, 174, 196, 44, 32, 99, 179, 130, 68, 141, 73, 56, 35, 13, 107, 166, 127, 192, 157, 76, 79, 160, 124, 180, 1, 194, 112, 175, 132, 195, 37, 70, 138, 61, 82, 71, 129, 38, 27, 97, 113, 102, 145, 128, 154, 111, 119, 46, 156, 106, 108, 5, 53, 186, 30, 66, 161, 54, 185, 126, 41, 134, 19, 63, 159, 78, 14, 190, 110, 31, 135, 60, 25, 198, 6, 81, 77, 8, 137, 123]
[69, 75, 181, 93, 94, 90, 149, 172, 22, 143, 101, 163, 139, 20, 153, 88, 40, 58, 2, 72, 188, 155, 80, 96, 164, 95, 125, 86, 51, 10, 83, 47, 165, 103, 118, 18, 98, 191, 162, 92, 105, 148, 189, 171, 45, 120, 173, 23, 158, 116, 114, 52, 0, 144, 84, 131, 39, 146, 11, 3, 100, 59, 26, 197, 122, 12, 176, 64, 150, 74, 182, 21, 133, 7, 16, 24, 142, 89, 33, 57, 140, 170, 199, 87, 147, 55, 151, 177, 4, 104, 42, 136, 85, 49, 184, 167, 34, 168, 29, 67]
38720

[19, 63, 161, 66, 46, 30, 64, 176, 12, 122, 197, 26, 131, 0, 52, 114, 116, 110, 173, 120, 45, 171, 28, 183, 60, 135, 137, 8, 123, 36, 178, 15, 62, 115, 121, 169, 47, 83, 10, 51, 86, 125, 95, 165, 164, 103, 118, 91, 98, 18, 189, 48, 17, 109, 11, 39, 146, 192, 127, 68, 188, 72, 2, 58, 153, 20, 101, 75, 181, 194, 112, 175, 132, 136, 42, 104, 177, 151, 55, 27, 147, 87, 199, 170, 140, 57, 33, 89, 102, 128, 38, 37, 70, 138, 49, 184, 167, 172, 168, 67]
[156, 106, 108, 5, 186, 53, 61, 82, 71, 129, 195, 4, 85, 94, 93, 90, 149, 69, 143, 22, 34, 1, 180, 124, 160, 150, 79, 76, 157, 29, 163, 139, 88, 40, 166, 59, 100, 3, 162, 92, 105, 148, 191, 107, 13, 9, 174, 35, 56, 73, 141, 130, 179, 155, 99, 32, 80, 96, 44, 196, 65, 152, 43, 187, 193, 50, 117, 77, 81, 6, 198, 25, 31, 23, 158, 84, 144, 190, 14, 78, 159, 54, 41, 134, 185, 126, 119, 111, 154, 182, 74, 133, 21, 7, 16, 24, 142, 97, 113, 145]
38574

[192, 127, 157, 76, 124, 180, 53, 74, 133, 128, 145, 102, 57, 140, 170, 199, 38, 129, 71, 138, 4, 136, 112, 194, 181, 75, 93, 94, 172, 22, 88, 72, 2, 188, 130, 179, 155, 80, 96, 125, 86, 164, 196, 44, 32, 99, 73, 56, 35, 174, 9, 18, 65, 152, 43, 115, 121, 193, 123, 8, 137, 60, 135, 31, 23, 158, 116, 114, 52, 0, 84, 131, 120, 45, 171, 28, 183, 36, 109, 17, 3, 191, 13, 107, 141, 68, 59, 100, 146, 11, 39, 26, 78, 159, 161, 54, 185, 119, 46, 30]
[118, 47, 169, 83, 10, 51, 95, 165, 103, 91, 98, 148, 105, 92, 162, 48, 189, 178, 62, 187, 50, 15, 117, 77, 81, 6, 198, 25, 173, 110, 144, 190, 197, 122, 14, 12, 176, 64, 79, 160, 150, 186, 5, 108, 106, 156, 66, 63, 19, 134, 41, 126, 111, 154, 182, 21, 7, 16, 24, 142, 89, 33, 113, 97, 87, 147, 27, 37, 70, 55, 151, 177, 195, 104, 42, 132, 175, 85, 49, 82, 61, 184, 167, 149, 90, 143, 69, 101, 153, 20, 139, 163, 168, 34, 1, 67, 29, 166, 40, 58]
41738

[174, 9, 98, 18, 91, 118, 152, 65, 189, 17, 183, 36, 137, 123, 117, 178, 43, 187, 115, 121, 47, 165, 164, 103, 96, 80, 196, 44, 32, 99, 73, 141, 188, 72, 2, 58, 40, 88, 153, 20, 139, 163, 90, 93, 181, 194, 112, 175, 132, 4, 177, 151, 55, 70, 129, 71, 184, 167, 61, 82, 128, 113, 102, 145, 133, 74, 106, 108, 53, 180, 124, 160, 76, 30, 46, 66, 176, 161, 54, 63, 19, 159, 78, 14, 144, 84, 0, 52, 114, 116, 110, 131, 39, 11, 120, 173, 158, 171, 45, 148]
[162, 92, 105, 48, 109, 28, 60, 135, 23, 31, 25, 198, 6, 81, 77, 8, 15, 62, 50, 193, 169, 83, 10, 51, 95, 86, 125, 155, 179, 130, 68, 107, 56, 35, 13, 191, 3, 100, 59, 192, 127, 166, 157, 29, 67, 168, 34, 1, 22, 172, 149, 143, 101, 69, 75, 94, 49, 138, 85, 136, 42, 104, 195, 37, 38, 27, 147, 87, 97, 199, 170, 140, 57, 33, 89, 142, 24, 16, 7, 21, 182, 154, 111, 126, 134, 41, 185, 119, 156, 5, 186, 150, 79, 64, 12, 122, 197, 190, 26, 146]
37637

[139, 163, 20, 153, 88, 67, 168, 172, 22, 101, 181, 194, 112, 175, 132, 136, 42, 104, 177, 151, 55, 129, 128, 102, 145, 182, 154, 111, 119, 66, 30, 46, 156, 186, 150, 64, 79, 160, 76, 157, 192, 127, 59, 107, 56, 35, 174, 9, 91, 18, 105, 148, 189, 48, 109, 171, 45, 120, 11, 39, 131, 0, 52, 114, 116, 110, 173, 158, 23, 31, 25, 198, 6, 81, 77, 8, 137, 123, 117, 15, 62, 43, 187, 115, 121, 169, 47, 95, 86, 125, 164, 103, 196, 44, 32, 73, 141, 68, 72, 2]
[57, 97, 113, 33, 89, 142, 24, 16, 7, 21, 133, 74, 53, 5, 108, 106, 126, 185, 134, 41, 54, 19, 63, 161, 159, 78, 176, 12, 14, 122, 197, 144, 84, 190, 26, 146, 92, 162, 3, 100, 191, 13, 98, 118, 65, 152, 17, 28, 183, 135, 60, 36, 178, 50, 193, 83, 10, 51, 165, 96, 80, 99, 155, 179, 130, 188, 58, 40, 166, 29, 34, 1, 180, 124, 61, 82, 71, 138, 49, 184, 167, 149, 143, 69, 75, 90, 93, 94, 85, 4, 195, 70, 37, 38, 27, 147, 87, 199, 140, 170]
37416

[181, 90, 149, 172, 22, 29, 40, 58, 2, 72, 188, 68, 141, 73, 56, 35, 32, 80, 96, 103, 164, 125, 86, 95, 165, 10, 51, 121, 193, 50, 62, 15, 117, 123, 8, 77, 81, 6, 198, 25, 137, 60, 135, 31, 23, 158, 173, 120, 171, 109, 17, 48, 189, 98, 13, 107, 191, 100, 59, 127, 192, 26, 190, 197, 122, 14, 12, 78, 159, 161, 63, 19, 54, 41, 134, 185, 126, 119, 111, 154, 182, 7, 16, 24, 102, 38, 37, 55, 151, 177, 104, 4, 195, 70, 129, 71, 138, 85, 112, 194]
[46, 156, 106, 74, 21, 133, 128, 145, 142, 89, 33, 57, 140, 170, 199, 97, 113, 87, 147, 27, 42, 136, 132, 175, 93, 94, 49, 82, 61, 184, 167, 124, 150, 53, 108, 5, 186, 64, 30, 66, 176, 144, 84, 131, 39, 146, 11, 92, 148, 105, 162, 3, 166, 157, 76, 79, 160, 180, 1, 34, 67, 168, 163, 143, 69, 75, 101, 20, 139, 153, 88, 130, 179, 155, 99, 44, 196, 174, 9, 91, 18, 118, 47, 83, 169, 115, 187, 43, 152, 65, 178, 36, 183, 28, 45, 116, 114, 0, 52, 110]
38914

[161, 63, 19, 159, 78, 176, 12, 14, 122, 197, 190, 26, 11, 48, 17, 109, 28, 183, 60, 135, 137, 36, 15, 50, 193, 187, 43, 152, 118, 196, 44, 80, 32, 73, 56, 107, 141, 68, 2, 72, 58, 166, 127, 192, 157, 29, 67, 34, 1, 180, 124, 184, 167, 172, 143, 149, 90, 93, 181, 194, 112, 175, 132, 136, 42, 104, 4, 85, 138, 71, 129, 70, 37, 195, 177, 151, 55, 199, 170, 140, 57, 113, 102, 145, 133, 21, 74, 53, 5, 156, 46, 30, 66, 54, 119, 111, 126, 185, 41, 134]
[160, 150, 186, 108, 106, 154, 182, 7, 16, 24, 142, 89, 33, 97, 87, 147, 27, 38, 128, 82, 61, 49, 94, 75, 69, 101, 22, 168, 163, 139, 20, 153, 88, 40, 188, 130, 179, 99, 155, 96, 103, 164, 165, 95, 125, 86, 51, 10, 83, 47, 169, 121, 115, 62, 117, 123, 8, 77, 81, 6, 198, 25, 31, 23, 158, 173, 120, 171, 45, 110, 116, 114, 52, 0, 144, 84, 131, 39, 146, 162, 92, 105, 148, 98, 189, 178, 65, 18, 91, 9, 174, 35, 13, 191, 3, 100, 59, 76, 79, 64]
36784

[186, 150, 64, 79, 160, 29, 40, 58, 2, 72, 188, 68, 59, 100, 141, 130, 179, 155, 99, 32, 44, 196, 80, 96, 103, 164, 165, 95, 125, 86, 51, 15, 117, 36, 123, 8, 81, 77, 137, 135, 60, 28, 109, 17, 48, 148, 105, 92, 11, 39, 110, 116, 114, 52, 0, 144, 14, 19, 63, 30, 46, 156, 106, 21, 133, 128, 142, 16, 24, 89, 33, 27, 38, 129, 70, 37, 55, 151, 177, 195, 4, 136, 132, 175, 112, 194, 181, 75, 93, 94, 49, 184, 167, 90, 149, 168, 67, 34, 180, 124]
[197, 26, 146, 162, 3, 191, 13, 107, 73, 56, 35, 174, 9, 91, 98, 18, 118, 65, 152, 47, 83, 10, 169, 121, 193, 50, 62, 187, 115, 43, 178, 189, 183, 25, 198, 6, 31, 23, 158, 173, 120, 171, 45, 131, 84, 190, 122, 12, 78, 159, 161, 176, 66, 119, 54, 41, 134, 185, 126, 111, 154, 182, 7, 145, 102, 113, 97, 57, 140, 170, 199, 87, 147, 42, 104, 85, 138, 71, 82, 61, 74, 108, 5, 53, 1, 172, 22, 143, 69, 101, 163, 139, 20, 153, 88, 166, 76, 157, 127, 192]
39635

[171, 45, 11, 48, 109, 28, 183, 23, 31, 135, 60, 25, 198, 6, 81, 15, 62, 50, 193, 121, 115, 187, 43, 152, 65, 118, 47, 165, 103, 44, 196, 174, 9, 98, 148, 105, 92, 162, 3, 100, 59, 26, 64, 150, 160, 124, 180, 67, 168, 34, 1, 167, 184, 61, 82, 70, 195, 4, 136, 42, 104, 177, 151, 55, 37, 27, 87, 97, 113, 102, 142, 145, 128, 133, 21, 182, 74, 53, 108, 106, 156, 119, 111, 126, 185, 134, 41, 54, 161, 159, 78, 197, 190, 84, 110, 114, 116, 158, 173, 120]
[83, 169, 178, 117, 123, 8, 77, 137, 36, 17, 189, 18, 91, 35, 56, 107, 13, 191, 146, 39, 131, 52, 0, 144, 122, 14, 12, 176, 19, 63, 66, 30, 46, 186, 5, 154, 7, 16, 24, 89, 33, 57, 140, 170, 199, 147, 38, 129, 71, 49, 138, 85, 132, 175, 112, 194, 181, 93, 94, 90, 149, 172, 22, 143, 69, 75, 101, 163, 139, 20, 153, 88, 29, 79, 76, 157, 192, 127, 166, 40, 58, 72, 2, 68, 141, 188, 130, 179, 73, 99, 155, 32, 80, 96, 164, 95, 125, 86, 51, 10]
37125

[64, 176, 12, 78, 159, 19, 63, 161, 66, 30, 46, 119, 54, 41, 134, 185, 126, 111, 16, 24, 102, 113, 97, 87, 27, 38, 129, 53, 150, 79, 76, 160, 124, 180, 168, 163, 88, 40, 58, 2, 72, 188, 68, 141, 130, 179, 155, 32, 99, 73, 56, 35, 13, 191, 98, 80, 96, 103, 164, 165, 95, 125, 86, 51, 10, 83, 169, 47, 65, 152, 115, 121, 193, 50, 62, 178, 36, 123, 137, 198, 25, 135, 23, 158, 116, 114, 0, 52, 110, 120, 171, 109, 48, 92, 162, 3, 100, 11, 146, 26]
[139, 20, 153, 101, 69, 75, 181, 194, 112, 175, 132, 136, 42, 104, 4, 85, 138, 49, 94, 93, 90, 143, 22, 172, 149, 167, 184, 61, 82, 71, 70, 37, 195, 177, 151, 55, 147, 199, 170, 140, 57, 33, 89, 142, 145, 128, 133, 21, 7, 154, 182, 74, 106, 156, 108, 5, 186, 1, 34, 67, 29, 157, 192, 127, 166, 107, 44, 196, 174, 9, 91, 18, 118, 43, 187, 15, 117, 8, 77, 81, 6, 31, 173, 131, 84, 144, 14, 122, 197, 190, 39, 45, 60, 183, 28, 17, 189, 148, 105, 59]
39647

[47, 165, 95, 86, 125, 164, 103, 96, 196, 174, 9, 13, 107, 141, 179, 130, 188, 40, 88, 153, 20, 139, 168, 1, 180, 124, 53, 5, 108, 106, 74, 129, 70, 138, 149, 90, 94, 85, 136, 104, 4, 177, 151, 55, 37, 27, 87, 113, 133, 21, 182, 126, 185, 134, 41, 54, 19, 63, 161, 159, 78, 14, 144, 0, 52, 114, 116, 158, 173, 120, 171, 45, 11, 146, 26, 197, 122, 64, 79, 76, 157, 59, 100, 3, 162, 48, 28, 60, 135, 25, 198, 123, 117, 15, 115, 121, 169, 83, 51, 10]
[119, 111, 154, 7, 16, 24, 142, 89, 33, 102, 145, 128, 82, 61, 49, 71, 38, 97, 57, 140, 170, 199, 147, 195, 42, 132, 175, 112, 194, 181, 93, 75, 69, 143, 101, 163, 22, 172, 167, 184, 34, 67, 29, 160, 150, 186, 156, 46, 30, 66, 176, 12, 190, 84, 131, 39, 192, 127, 166, 58, 72, 2, 68, 155, 99, 32, 80, 44, 73, 56, 35, 191, 92, 105, 148, 98, 18, 91, 118, 65, 152, 43, 187, 193, 50, 62, 178, 189, 17, 109, 183, 36, 137, 8, 77, 81, 6, 31, 23, 110]
41438

[151, 55, 199, 170, 140, 57, 33, 89, 145, 128, 133, 21, 74, 53, 5, 108, 106, 156, 30, 46, 119, 41, 134, 19, 63, 161, 159, 78, 12, 14, 122, 197, 190, 144, 84, 131, 0, 52, 114, 116, 110, 39, 146, 162, 92, 105, 148, 48, 17, 109, 28, 183, 36, 60, 135, 198, 6, 81, 15, 50, 193, 51, 86, 125, 95, 164, 44, 196, 91, 18, 98, 9, 174, 35, 56, 73, 166, 127, 192, 157, 64, 79, 76, 29, 67, 139, 163, 143, 69, 93, 138, 71, 129, 70, 195, 177, 112, 175, 132, 42]
[150, 186, 160, 124, 180, 1, 34, 168, 172, 22, 20, 153, 101, 75, 181, 194, 136, 104, 4, 85, 94, 90, 149, 167, 184, 49, 61, 82, 38, 37, 27, 147, 87, 97, 113, 102, 142, 24, 16, 7, 182, 154, 111, 126, 185, 54, 66, 176, 26, 11, 45, 171, 120, 173, 158, 23, 31, 25, 77, 8, 137, 123, 117, 178, 189, 118, 47, 65, 152, 43, 62, 187, 115, 121, 169, 83, 10, 165, 103, 96, 80, 32, 155, 99, 13, 191, 3, 100, 59, 107, 68, 141, 179, 130, 188, 72, 2, 58, 40, 88]
39410

[9, 174, 91, 118, 65, 152, 178, 117, 15, 62, 50, 193, 187, 43, 115, 121, 169, 51, 10, 83, 47, 165, 86, 125, 95, 164, 103, 96, 80, 32, 99, 141, 68, 107, 166, 40, 29, 67, 168, 34, 124, 180, 1, 172, 149, 90, 93, 181, 194, 112, 175, 132, 136, 42, 177, 151, 55, 128, 102, 145, 133, 21, 74, 106, 156, 111, 126, 134, 41, 185, 119, 46, 30, 66, 54, 19, 63, 161, 159, 78, 122, 197, 190, 131, 110, 158, 135, 60, 28, 109, 17, 48, 105, 92, 162, 3, 191, 13, 98, 18]
[39, 11, 146, 100, 59, 127, 192, 157, 76, 79, 160, 150, 186, 53, 5, 108, 154, 182, 7, 16, 24, 142, 89, 33, 57, 140, 170, 199, 97, 113, 87, 147, 27, 38, 37, 70, 195, 4, 104, 85, 138, 94, 49, 129, 71, 82, 61, 184, 167, 143, 69, 75, 101, 22, 163, 139, 20, 153, 88, 58, 2, 72, 188, 130, 179, 155, 44, 196, 73, 56, 35, 148, 189, 183, 36, 123, 137, 8, 77, 81, 6, 198, 25, 31, 23, 171, 45, 120, 173, 116, 114, 52, 0, 84, 144, 14, 12, 176, 64, 26]
36153

[33, 57, 140, 170, 199, 147, 55, 177, 85, 90, 143, 69, 101, 20, 139, 153, 58, 68, 73, 99, 155, 80, 96, 164, 95, 165, 103, 196, 44, 32, 56, 35, 174, 9, 91, 98, 18, 189, 65, 152, 43, 187, 115, 121, 62, 178, 15, 117, 36, 123, 8, 77, 137, 60, 183, 28, 171, 45, 109, 17, 48, 148, 105, 92, 162, 3, 100, 59, 127, 192, 146, 11, 39, 131, 12, 64, 180, 1, 34, 67, 168, 22, 172, 149, 138, 87, 97, 113, 102, 142, 89, 24, 16, 7, 154, 111, 126, 185, 41, 134]
[186, 53, 61, 82, 71, 129, 38, 37, 70, 195, 4, 104, 136, 112, 175, 132, 42, 151, 27, 128, 145, 133, 21, 182, 74, 106, 108, 5, 156, 30, 46, 119, 54, 19, 63, 161, 66, 176, 159, 78, 14, 122, 197, 26, 190, 144, 84, 0, 52, 114, 116, 110, 120, 173, 158, 23, 31, 135, 25, 198, 6, 81, 50, 193, 169, 10, 51, 86, 125, 83, 47, 118, 13, 191, 107, 141, 179, 130, 188, 2, 72, 88, 163, 75, 181, 194, 93, 94, 49, 184, 167, 29, 40, 166, 157, 76, 79, 160, 124, 150]
40904

[176, 12, 122, 197, 26, 45, 171, 23, 135, 60, 123, 117, 36, 189, 148, 105, 92, 191, 13, 98, 18, 91, 9, 174, 196, 118, 115, 187, 43, 178, 15, 62, 50, 193, 121, 169, 51, 86, 125, 95, 164, 96, 80, 155, 99, 56, 73, 141, 179, 130, 188, 88, 22, 172, 149, 167, 34, 1, 180, 124, 79, 157, 127, 192, 64, 30, 46, 156, 108, 106, 7, 16, 24, 142, 89, 33, 140, 170, 87, 27, 37, 104, 42, 136, 132, 175, 112, 194, 85, 70, 129, 38, 97, 113, 102, 145, 133, 74, 5, 186]
[68, 2, 72, 58, 40, 166, 76, 29, 163, 139, 20, 153, 101, 69, 75, 181, 93, 94, 90, 143, 168, 67, 160, 150, 53, 184, 61, 82, 71, 49, 138, 4, 195, 177, 151, 55, 147, 199, 57, 128, 21, 182, 154, 111, 126, 185, 134, 41, 54, 119, 66, 161, 63, 19, 159, 78, 14, 190, 144, 84, 131, 39, 146, 59, 100, 3, 162, 11, 48, 17, 109, 120, 173, 110, 52, 0, 114, 116, 158, 31, 25, 198, 6, 81, 77, 8, 137, 183, 28, 65, 152, 47, 83, 10, 165, 103, 44, 32, 35, 107]
42118

[15, 86, 125, 47, 152, 178, 36, 183, 28, 109, 17, 189, 18, 91, 196, 44, 56, 35, 148, 105, 92, 162, 3, 100, 107, 68, 141, 179, 130, 188, 40, 29, 67, 168, 34, 1, 172, 22, 143, 69, 149, 90, 93, 94, 167, 184, 61, 82, 71, 129, 38, 199, 170, 140, 57, 113, 102, 24, 16, 53, 180, 124, 186, 5, 108, 106, 156, 46, 119, 185, 54, 176, 159, 78, 12, 14, 122, 144, 84, 0, 52, 114, 116, 110, 120, 173, 158, 23, 31, 135, 60, 25, 198, 6, 81, 77, 8, 137, 123, 117]
[33, 89, 142, 145, 128, 133, 21, 7, 154, 182, 74, 111, 126, 41, 134, 19, 63, 161, 66, 30, 64, 79, 150, 160, 76, 157, 127, 192, 26, 197, 190, 131, 39, 146, 11, 45, 171, 48, 98, 9, 174, 118, 65, 43, 187, 62, 50, 193, 115, 121, 169, 83, 10, 51, 165, 95, 164, 103, 96, 80, 32, 155, 99, 73, 13, 191, 59, 166, 2, 72, 58, 88, 153, 20, 139, 163, 101, 75, 181, 194, 112, 175, 132, 136, 42, 104, 4, 85, 49, 138, 70, 195, 177, 151, 55, 37, 27, 147, 87, 97]
37258

[11, 28, 183, 36, 109, 17, 48, 189, 18, 98, 148, 105, 92, 162, 3, 146, 197, 122, 14, 12, 78, 159, 161, 63, 19, 134, 41, 54, 64, 157, 76, 79, 150, 186, 5, 53, 180, 1, 167, 49, 138, 70, 37, 27, 87, 199, 147, 55, 151, 177, 195, 4, 104, 42, 136, 132, 175, 112, 194, 181, 93, 90, 149, 69, 143, 22, 172, 34, 67, 168, 163, 139, 20, 153, 88, 40, 29, 166, 59, 100, 191, 13, 73, 56, 35, 9, 91, 47, 83, 10, 51, 193, 81, 6, 198, 158, 173, 110, 131, 39]
[182, 154, 21, 133, 7, 16, 24, 89, 142, 145, 128, 102, 33, 57, 140, 170, 97, 113, 38, 129, 85, 94, 75, 101, 58, 72, 2, 68, 107, 141, 188, 130, 179, 155, 99, 32, 80, 96, 44, 196, 174, 103, 164, 125, 86, 95, 165, 169, 121, 115, 187, 43, 152, 65, 118, 178, 62, 50, 15, 117, 123, 137, 8, 77, 25, 60, 135, 31, 23, 171, 45, 120, 116, 114, 52, 0, 84, 144, 190, 26, 192, 127, 160, 124, 184, 71, 82, 61, 74, 108, 106, 156, 46, 30, 176, 66, 119, 111, 185, 126]
40008

[58, 40, 88, 153, 20, 139, 163, 101, 143, 69, 75, 93, 181, 194, 112, 136, 104, 4, 85, 138, 70, 37, 27, 147, 87, 97, 199, 170, 140, 57, 33, 89, 142, 24, 16, 7, 111, 126, 185, 54, 161, 78, 14, 144, 84, 131, 110, 158, 173, 120, 45, 171, 109, 11, 146, 39, 26, 12, 176, 66, 156, 108, 53, 67, 29, 166, 59, 100, 3, 191, 13, 162, 92, 105, 189, 178, 152, 43, 62, 50, 193, 121, 10, 51, 86, 125, 95, 164, 196, 44, 80, 32, 9, 174, 35, 141, 68, 188, 72, 2]
[28, 183, 36, 15, 117, 123, 8, 77, 81, 6, 198, 25, 137, 60, 135, 31, 23, 116, 114, 52, 0, 190, 197, 122, 159, 63, 19, 134, 41, 119, 46, 30, 64, 79, 160, 150, 186, 5, 124, 180, 1, 34, 167, 184, 49, 129, 71, 82, 61, 74, 106, 154, 182, 21, 133, 128, 145, 102, 113, 38, 55, 151, 177, 195, 42, 132, 175, 94, 90, 149, 172, 22, 168, 76, 157, 192, 127, 107, 56, 73, 130, 179, 99, 155, 96, 103, 165, 83, 169, 115, 187, 47, 65, 118, 91, 18, 98, 148, 48, 17]
39823

[24, 89, 33, 102, 113, 97, 87, 147, 55, 151, 177, 195, 4, 136, 112, 194, 181, 90, 149, 172, 22, 163, 139, 168, 34, 67, 29, 166, 127, 59, 107, 32, 80, 44, 196, 18, 105, 148, 189, 65, 47, 103, 96, 164, 95, 165, 10, 83, 115, 187, 62, 15, 117, 8, 77, 81, 6, 198, 25, 60, 36, 183, 28, 171, 45, 120, 173, 116, 114, 52, 0, 84, 144, 190, 26, 197, 122, 14, 12, 176, 78, 159, 161, 54, 185, 119, 156, 5, 53, 108, 106, 74, 21, 133, 167, 184, 128, 145, 142, 16]
[191, 13, 98, 174, 9, 91, 118, 125, 86, 51, 169, 121, 193, 50, 43, 152, 178, 17, 109, 123, 137, 135, 31, 23, 158, 110, 131, 39, 146, 11, 48, 92, 162, 3, 100, 192, 157, 76, 160, 1, 180, 124, 150, 79, 64, 186, 46, 30, 66, 63, 19, 134, 41, 126, 111, 154, 182, 7, 57, 140, 170, 199, 27, 38, 37, 104, 42, 132, 175, 85, 70, 129, 71, 82, 61, 49, 138, 94, 93, 75, 69, 143, 101, 20, 153, 88, 40, 58, 2, 72, 188, 68, 141, 130, 179, 155, 99, 73, 56, 35]
39771

[22, 172, 94, 49, 138, 85, 70, 129, 71, 82, 128, 145, 102, 113, 97, 199, 170, 140, 57, 33, 89, 142, 24, 16, 7, 21, 133, 74, 182, 154, 111, 156, 106, 108, 5, 186, 150, 79, 64, 30, 46, 119, 185, 41, 54, 161, 146, 39, 131, 0, 52, 114, 116, 110, 173, 158, 23, 31, 6, 198, 25, 135, 60, 183, 28, 109, 17, 48, 189, 178, 50, 193, 187, 43, 115, 121, 169, 51, 10, 83, 118, 32, 155, 99, 35, 56, 73, 141, 68, 107, 191, 3, 100, 59, 166, 40, 29, 67, 163, 139]
[162, 13, 179, 130, 188, 72, 2, 58, 88, 153, 20, 101, 143, 149, 90, 93, 69, 75, 181, 194, 112, 175, 132, 136, 42, 104, 4, 177, 151, 55, 195, 37, 38, 27, 147, 87, 126, 134, 19, 63, 159, 78, 12, 176, 66, 53, 61, 184, 167, 168, 34, 1, 180, 124, 160, 76, 157, 127, 192, 26, 197, 122, 14, 190, 144, 84, 11, 120, 45, 171, 36, 123, 137, 8, 77, 81, 117, 15, 62, 65, 152, 47, 165, 86, 125, 95, 164, 103, 96, 80, 44, 196, 174, 9, 91, 18, 98, 148, 105, 92]
37976

[150, 186, 53, 5, 108, 106, 156, 66, 161, 63, 19, 54, 41, 134, 185, 126, 111, 154, 182, 74, 21, 133, 128, 145, 89, 33, 57, 140, 170, 199, 147, 38, 129, 138, 195, 4, 132, 175, 112, 194, 181, 93, 90, 149, 143, 180, 124, 160, 29, 88, 40, 58, 2, 72, 188, 68, 166, 127, 192, 59, 146, 26, 197, 122, 14, 144, 84, 131, 0, 52, 114, 116, 158, 31, 198, 6, 81, 77, 123, 117, 50, 193, 121, 169, 10, 51, 86, 125, 95, 164, 103, 9, 174, 35, 56, 73, 99, 32, 80, 155]
[115, 187, 43, 62, 15, 178, 65, 152, 47, 83, 165, 96, 196, 44, 179, 130, 141, 107, 13, 191, 100, 3, 162, 105, 148, 92, 11, 39, 64, 79, 157, 76, 67, 168, 34, 1, 61, 82, 71, 49, 184, 167, 172, 22, 163, 139, 20, 153, 101, 69, 75, 94, 85, 136, 42, 104, 177, 151, 55, 70, 37, 27, 87, 97, 113, 102, 142, 24, 16, 7, 119, 46, 30, 176, 159, 78, 12, 190, 110, 173, 120, 45, 171, 23, 135, 60, 25, 8, 137, 36, 183, 28, 109, 17, 48, 189, 18, 98, 91, 118]
39887

[11, 162, 92, 105, 148, 98, 174, 9, 91, 18, 189, 25, 198, 6, 117, 15, 43, 187, 115, 121, 47, 95, 86, 125, 164, 96, 80, 196, 44, 32, 99, 35, 56, 73, 72, 2, 166, 59, 100, 3, 192, 127, 157, 76, 150, 186, 5, 108, 53, 61, 82, 138, 49, 184, 167, 172, 22, 149, 90, 181, 194, 112, 175, 132, 136, 42, 104, 4, 70, 37, 27, 38, 129, 71, 128, 145, 142, 89, 33, 24, 16, 7, 21, 182, 154, 111, 126, 41, 134, 19, 63, 161, 66, 176, 114, 116, 171, 45, 39, 146]
[85, 94, 93, 75, 69, 143, 101, 163, 139, 20, 153, 88, 58, 188, 130, 179, 155, 103, 165, 51, 10, 83, 169, 193, 50, 62, 178, 152, 65, 118, 13, 191, 107, 141, 68, 40, 29, 67, 168, 34, 1, 180, 124, 160, 79, 64, 12, 197, 26, 48, 17, 109, 28, 183, 36, 123, 8, 81, 77, 137, 60, 135, 31, 23, 158, 173, 120, 110, 52, 0, 131, 84, 144, 190, 122, 14, 78, 159, 54, 185, 119, 46, 30, 156, 106, 74, 133, 102, 113, 97, 57, 140, 170, 199, 87, 147, 55, 151, 177, 195]
39205

[88, 153, 20, 139, 163, 101, 143, 22, 172, 34, 167, 149, 90, 94, 112, 175, 132, 85, 138, 49, 184, 61, 82, 27, 147, 87, 199, 170, 140, 57, 97, 113, 102, 145, 128, 133, 182, 154, 111, 126, 185, 134, 41, 54, 161, 159, 78, 12, 176, 66, 30, 186, 150, 160, 79, 76, 157, 127, 192, 100, 3, 17, 109, 28, 171, 45, 52, 0, 114, 116, 158, 23, 31, 135, 60, 137, 8, 123, 183, 36, 50, 193, 187, 115, 121, 169, 83, 10, 51, 95, 86, 125, 13, 107, 59, 166, 40, 2, 72, 58]
[43, 152, 65, 118, 47, 165, 164, 103, 96, 80, 196, 44, 32, 99, 155, 179, 130, 188, 68, 141, 73, 56, 35, 174, 9, 91, 18, 98, 191, 162, 92, 105, 148, 189, 48, 11, 146, 39, 26, 64, 124, 180, 1, 67, 29, 168, 69, 75, 93, 181, 194, 136, 42, 104, 4, 195, 177, 151, 55, 70, 37, 38, 129, 71, 142, 89, 33, 24, 16, 7, 21, 74, 53, 5, 108, 106, 156, 46, 119, 63, 19, 14, 122, 197, 190, 144, 84, 131, 110, 173, 120, 25, 198, 6, 81, 77, 117, 15, 178, 62]
38958

[41, 134, 19, 63, 54, 185, 126, 119, 111, 154, 182, 74, 106, 156, 108, 5, 53, 186, 34, 172, 167, 49, 138, 104, 42, 85, 94, 93, 75, 69, 143, 101, 153, 20, 139, 163, 168, 67, 29, 79, 76, 157, 146, 11, 162, 191, 13, 107, 130, 179, 73, 99, 155, 32, 44, 196, 80, 96, 95, 125, 86, 83, 47, 65, 152, 43, 62, 187, 115, 121, 193, 50, 15, 117, 137, 25, 198, 6, 31, 23, 135, 60, 183, 28, 109, 171, 45, 120, 173, 158, 116, 114, 110, 39, 197, 122, 12, 176, 30, 46]
[48, 189, 148, 105, 92, 3, 100, 59, 166, 127, 192, 26, 190, 84, 131, 52, 0, 144, 14, 78, 159, 161, 66, 64, 150, 160, 124, 180, 1, 184, 61, 82, 71, 129, 38, 128, 133, 21, 7, 145, 16, 24, 142, 89, 33, 102, 113, 97, 57, 140, 170, 199, 87, 147, 27, 37, 70, 55, 151, 177, 195, 4, 136, 132, 175, 112, 194, 181, 90, 149, 22, 88, 40, 58, 2, 72, 188, 68, 141, 56, 35, 174, 9, 98, 18, 91, 118, 103, 164, 165, 10, 51, 169, 178, 123, 8, 81, 77, 36, 17]
38162

[157, 76, 67, 29, 40, 58, 2, 72, 188, 141, 73, 56, 35, 148, 48, 109, 17, 189, 152, 83, 10, 51, 169, 121, 193, 50, 77, 81, 6, 198, 60, 183, 28, 171, 110, 84, 144, 14, 78, 159, 161, 63, 19, 54, 41, 134, 185, 126, 111, 154, 182, 21, 133, 7, 145, 142, 16, 24, 89, 33, 57, 140, 170, 199, 87, 147, 27, 37, 70, 38, 97, 113, 102, 128, 82, 49, 112, 132, 175, 194, 181, 75, 69, 101, 143, 61, 74, 106, 156, 46, 119, 66, 30, 64, 176, 12, 26, 39, 146, 192]
[123, 117, 15, 62, 43, 187, 115, 47, 165, 95, 86, 125, 164, 103, 96, 80, 196, 44, 32, 99, 155, 179, 130, 68, 107, 13, 191, 3, 100, 59, 127, 166, 88, 153, 20, 139, 163, 168, 34, 22, 172, 149, 90, 93, 94, 138, 85, 136, 42, 104, 4, 151, 55, 177, 195, 129, 71, 184, 167, 1, 180, 124, 160, 79, 150, 186, 53, 5, 108, 122, 197, 190, 131, 0, 52, 114, 116, 158, 173, 120, 45, 11, 162, 92, 105, 98, 174, 9, 91, 18, 118, 65, 178, 36, 135, 23, 31, 25, 8, 137]
39195

[148, 105, 92, 162, 3, 100, 59, 127, 192, 64, 176, 12, 197, 190, 26, 146, 11, 39, 0, 52, 114, 116, 120, 45, 171, 28, 183, 36, 60, 135, 25, 198, 6, 81, 77, 8, 123, 178, 43, 83, 86, 125, 80, 196, 44, 32, 99, 155, 179, 130, 141, 68, 188, 72, 2, 58, 40, 88, 153, 20, 139, 163, 101, 69, 75, 181, 194, 175, 132, 112, 93, 90, 149, 167, 61, 82, 71, 195, 4, 104, 136, 42, 177, 151, 55, 87, 97, 128, 133, 74, 5, 186, 150, 124, 180, 1, 67, 29, 168, 34]
[134, 41, 185, 54, 63, 19, 159, 78, 161, 66, 30, 46, 119, 126, 16, 24, 89, 33, 57, 140, 170, 199, 147, 27, 37, 70, 85, 138, 129, 38, 113, 102, 142, 145, 7, 21, 182, 154, 111, 156, 106, 108, 53, 184, 49, 94, 143, 22, 172, 160, 79, 76, 157, 166, 107, 191, 13, 73, 56, 35, 174, 9, 91, 98, 18, 48, 109, 17, 189, 118, 65, 152, 47, 103, 96, 164, 95, 165, 10, 51, 169, 121, 115, 187, 62, 193, 50, 15, 117, 137, 31, 23, 158, 173, 110, 131, 84, 144, 122, 14]
40414

[17, 109, 28, 183, 36, 137, 8, 77, 81, 6, 198, 25, 31, 158, 116, 114, 110, 52, 0, 84, 131, 11, 48, 189, 92, 105, 191, 107, 29, 67, 139, 163, 22, 168, 34, 1, 180, 124, 160, 76, 157, 79, 150, 74, 7, 16, 24, 142, 102, 113, 97, 87, 27, 38, 37, 177, 195, 70, 129, 71, 138, 85, 49, 167, 172, 149, 90, 143, 69, 75, 101, 20, 153, 88, 72, 2, 188, 130, 179, 155, 32, 44, 196, 80, 96, 103, 164, 125, 86, 95, 165, 51, 10, 65, 152, 43, 187, 193, 50, 178]
[162, 3, 100, 59, 192, 127, 166, 40, 58, 68, 141, 73, 99, 56, 35, 13, 148, 18, 98, 174, 9, 91, 118, 47, 83, 169, 121, 115, 62, 15, 117, 123, 60, 135, 23, 173, 120, 171, 45, 144, 78, 159, 19, 63, 161, 66, 54, 41, 134, 185, 126, 111, 154, 182, 21, 133, 128, 145, 89, 33, 57, 140, 170, 199, 147, 55, 151, 4, 104, 42, 136, 132, 175, 112, 194, 181, 93, 94, 184, 61, 82, 53, 186, 5, 108, 106, 156, 119, 46, 30, 64, 176, 12, 14, 122, 197, 26, 190, 39, 146]
37803

[192, 127, 59, 100, 3, 162, 92, 105, 148, 13, 191, 107, 56, 35, 98, 189, 178, 62, 50, 15, 117, 8, 77, 81, 6, 198, 25, 135, 60, 36, 183, 116, 114, 131, 39, 11, 146, 26, 197, 12, 176, 161, 63, 19, 134, 126, 119, 46, 156, 106, 108, 5, 53, 74, 182, 21, 133, 7, 16, 24, 33, 89, 142, 145, 102, 97, 57, 140, 170, 199, 147, 27, 38, 37, 70, 195, 42, 104, 4, 138, 82, 61, 167, 149, 90, 143, 69, 75, 101, 22, 172, 168, 67, 29, 40, 166, 157, 76, 79, 64]
[152, 47, 165, 95, 164, 103, 96, 125, 86, 51, 10, 83, 169, 121, 115, 43, 187, 193, 123, 137, 31, 23, 28, 109, 17, 48, 171, 45, 120, 173, 158, 110, 52, 0, 84, 144, 190, 122, 14, 78, 159, 54, 41, 185, 66, 30, 111, 154, 128, 113, 87, 55, 151, 177, 129, 71, 184, 49, 94, 93, 85, 136, 132, 175, 112, 194, 181, 20, 153, 139, 163, 34, 1, 180, 124, 186, 150, 160, 88, 58, 2, 72, 188, 68, 141, 130, 179, 73, 99, 155, 32, 80, 44, 196, 174, 9, 91, 18, 118, 65]
38780

[196, 174, 9, 91, 65, 152, 43, 193, 50, 15, 117, 123, 8, 77, 81, 6, 198, 25, 171, 45, 109, 17, 28, 183, 36, 178, 189, 98, 13, 191, 100, 3, 162, 92, 11, 146, 14, 78, 159, 161, 63, 19, 134, 41, 54, 119, 30, 64, 186, 5, 53, 184, 61, 82, 133, 21, 7, 16, 102, 113, 97, 87, 4, 104, 42, 136, 132, 175, 112, 194, 181, 75, 69, 93, 90, 149, 172, 22, 143, 101, 153, 20, 139, 163, 29, 79, 76, 157, 40, 58, 2, 72, 188, 130, 179, 155, 32, 80, 96, 44]
[46, 156, 108, 106, 111, 185, 126, 154, 182, 74, 71, 49, 138, 129, 128, 145, 142, 24, 89, 33, 57, 140, 170, 199, 147, 27, 38, 37, 70, 55, 151, 177, 195, 85, 94, 167, 180, 124, 150, 160, 1, 34, 168, 67, 88, 68, 141, 73, 99, 35, 56, 107, 59, 166, 127, 192, 26, 131, 39, 48, 105, 148, 18, 118, 47, 165, 103, 164, 95, 125, 86, 51, 10, 83, 169, 121, 115, 187, 62, 137, 60, 135, 31, 23, 158, 173, 120, 110, 116, 114, 52, 0, 84, 144, 190, 197, 122, 12, 176, 66]
39771

[193, 187, 115, 121, 169, 83, 165, 103, 118, 196, 44, 179, 73, 56, 35, 13, 191, 107, 166, 160, 79, 30, 46, 106, 74, 21, 133, 61, 82, 71, 129, 70, 138, 85, 94, 90, 149, 143, 101, 69, 75, 93, 181, 194, 112, 175, 132, 136, 42, 104, 4, 195, 177, 151, 55, 37, 38, 27, 147, 87, 199, 170, 140, 57, 142, 134, 19, 63, 161, 176, 64, 76, 157, 192, 127, 59, 162, 92, 11, 131, 0, 52, 114, 116, 110, 120, 173, 158, 23, 31, 135, 60, 25, 198, 6, 81, 77, 8, 117, 50]
[14, 122, 144, 84, 45, 171, 28, 183, 36, 137, 123, 15, 62, 43, 152, 65, 47, 10, 51, 86, 125, 95, 164, 96, 80, 155, 99, 32, 174, 9, 91, 98, 18, 189, 178, 109, 17, 48, 148, 105, 3, 100, 146, 39, 190, 26, 197, 12, 78, 159, 54, 41, 185, 66, 150, 124, 180, 186, 53, 5, 108, 156, 119, 126, 111, 154, 182, 7, 16, 24, 89, 33, 97, 113, 102, 145, 128, 49, 184, 167, 1, 34, 172, 22, 163, 20, 153, 139, 168, 67, 29, 88, 40, 58, 2, 72, 188, 130, 68, 141]
40280

[127, 192, 59, 100, 3, 191, 107, 73, 99, 155, 32, 80, 44, 196, 174, 9, 91, 98, 18, 118, 65, 152, 43, 187, 115, 193, 50, 62, 178, 36, 183, 28, 109, 17, 48, 92, 162, 11, 146, 39, 110, 52, 0, 84, 190, 197, 122, 14, 12, 78, 159, 161, 63, 19, 54, 41, 134, 185, 126, 119, 46, 30, 156, 106, 154, 182, 7, 16, 24, 142, 89, 33, 57, 140, 170, 199, 97, 21, 133, 61, 82, 71, 195, 4, 104, 42, 132, 175, 85, 49, 184, 167, 34, 168, 67, 88, 2, 58, 40, 29]
[166, 68, 141, 56, 35, 13, 105, 148, 189, 171, 45, 120, 173, 158, 23, 31, 135, 60, 137, 25, 198, 6, 81, 77, 8, 123, 117, 15, 121, 169, 51, 10, 83, 47, 165, 86, 125, 95, 164, 103, 96, 179, 130, 188, 72, 153, 20, 139, 163, 101, 143, 69, 75, 181, 194, 112, 136, 177, 151, 55, 70, 37, 27, 38, 129, 138, 94, 93, 90, 149, 172, 22, 1, 180, 124, 160, 150, 186, 5, 108, 53, 74, 128, 147, 87, 113, 102, 145, 111, 66, 176, 144, 114, 116, 131, 26, 64, 79, 76, 157]
39099

[172, 143, 75, 194, 175, 132, 42, 147, 199, 170, 140, 57, 102, 145, 128, 133, 182, 154, 111, 126, 185, 134, 41, 54, 63, 19, 159, 14, 122, 144, 114, 116, 173, 120, 171, 45, 11, 92, 18, 98, 174, 9, 91, 118, 152, 65, 189, 48, 17, 109, 28, 183, 135, 60, 36, 117, 15, 50, 193, 62, 187, 115, 121, 169, 10, 51, 86, 125, 95, 164, 196, 44, 32, 155, 179, 130, 188, 72, 2, 58, 40, 166, 59, 100, 3, 12, 176, 119, 46, 64, 150, 79, 76, 160, 124, 180, 1, 34, 168, 22]
[39, 146, 162, 105, 148, 178, 43, 47, 83, 165, 103, 96, 80, 99, 73, 56, 35, 13, 191, 107, 141, 68, 127, 192, 157, 29, 67, 88, 153, 20, 139, 163, 101, 69, 90, 149, 167, 184, 49, 94, 93, 181, 112, 136, 104, 4, 177, 151, 55, 195, 85, 138, 61, 82, 71, 129, 70, 37, 38, 27, 87, 97, 113, 33, 89, 142, 24, 16, 7, 21, 74, 106, 156, 108, 5, 53, 186, 30, 66, 161, 78, 197, 26, 190, 84, 131, 0, 52, 110, 158, 23, 31, 25, 137, 123, 8, 77, 81, 6, 198]
39626

[73, 141, 68, 188, 130, 179, 96, 125, 86, 95, 47, 43, 15, 178, 36, 48, 148, 105, 92, 45, 171, 120, 173, 110, 116, 114, 0, 144, 14, 12, 176, 159, 161, 54, 41, 134, 185, 126, 119, 111, 154, 7, 16, 24, 33, 89, 142, 145, 128, 102, 113, 97, 57, 140, 170, 199, 87, 147, 27, 38, 129, 71, 82, 61, 184, 167, 172, 149, 90, 136, 104, 42, 132, 175, 112, 194, 181, 101, 163, 139, 20, 153, 88, 72, 2, 58, 40, 29, 67, 160, 150, 79, 76, 157, 166, 59, 191, 13, 35, 56]
[81, 77, 6, 198, 25, 31, 23, 158, 52, 84, 197, 122, 78, 19, 63, 66, 30, 46, 156, 106, 108, 74, 182, 21, 133, 70, 37, 55, 151, 177, 195, 4, 85, 138, 49, 94, 93, 75, 69, 143, 22, 168, 34, 1, 180, 124, 53, 5, 186, 64, 26, 190, 131, 39, 146, 11, 162, 3, 100, 192, 127, 107, 99, 155, 32, 80, 44, 196, 174, 9, 91, 98, 18, 189, 65, 152, 118, 103, 164, 165, 51, 10, 83, 169, 121, 115, 187, 62, 193, 50, 117, 123, 8, 137, 183, 17, 109, 28, 135, 60]
38502

[74, 182, 154, 7, 89, 33, 102, 113, 97, 57, 140, 170, 199, 87, 147, 27, 38, 37, 195, 4, 104, 42, 136, 85, 138, 49, 184, 167, 94, 93, 90, 69, 101, 163, 139, 20, 153, 88, 40, 130, 179, 73, 56, 99, 155, 32, 80, 96, 44, 196, 9, 174, 35, 13, 191, 107, 59, 100, 3, 162, 92, 48, 17, 109, 45, 171, 135, 31, 23, 158, 116, 114, 131, 190, 12, 78, 159, 19, 63, 161, 66, 176, 64, 79, 76, 157, 29, 67, 34, 1, 180, 124, 186, 53, 5, 108, 106, 156, 119, 46]
[70, 129, 71, 82, 61, 133, 21, 128, 145, 142, 24, 16, 111, 126, 185, 134, 41, 54, 30, 150, 160, 127, 192, 26, 197, 122, 14, 144, 84, 0, 52, 110, 173, 120, 39, 146, 11, 28, 183, 36, 123, 137, 60, 25, 198, 6, 81, 77, 8, 117, 15, 178, 43, 115, 187, 62, 50, 193, 121, 169, 83, 10, 51, 86, 125, 95, 164, 103, 165, 47, 152, 65, 118, 91, 98, 18, 189, 148, 105, 141, 68, 188, 72, 2, 58, 166, 168, 22, 172, 149, 143, 75, 181, 194, 112, 175, 132, 151, 55, 177]
37833

[41, 185, 126, 16, 24, 57, 140, 170, 199, 128, 7, 111, 119, 66, 30, 46, 156, 5, 53, 82, 61, 184, 49, 94, 93, 90, 75, 69, 143, 167, 124, 180, 1, 34, 67, 29, 58, 72, 2, 68, 188, 130, 179, 155, 80, 96, 164, 95, 125, 86, 165, 103, 196, 44, 32, 99, 73, 56, 35, 174, 9, 98, 91, 118, 18, 189, 178, 62, 187, 43, 152, 65, 47, 83, 10, 51, 169, 121, 115, 193, 50, 15, 117, 8, 81, 77, 137, 123, 36, 183, 28, 171, 45, 92, 162, 146, 26, 63, 19, 134]
[154, 54, 161, 159, 78, 14, 122, 197, 190, 144, 84, 0, 52, 114, 116, 110, 131, 39, 11, 120, 173, 158, 23, 31, 6, 198, 25, 135, 60, 109, 17, 48, 148, 105, 3, 100, 191, 13, 107, 141, 59, 127, 192, 12, 176, 64, 79, 76, 157, 166, 40, 88, 153, 20, 139, 163, 101, 194, 175, 132, 112, 181, 149, 172, 22, 168, 160, 150, 186, 108, 106, 74, 182, 21, 133, 145, 142, 89, 33, 102, 113, 97, 87, 147, 27, 37, 70, 195, 55, 151, 177, 4, 104, 42, 136, 85, 138, 71, 129, 38]
39397

[162, 92, 105, 148, 189, 18, 98, 91, 9, 174, 35, 56, 73, 13, 107, 141, 68, 188, 72, 2, 58, 40, 166, 29, 67, 168, 34, 1, 172, 22, 143, 149, 90, 93, 181, 194, 112, 94, 49, 138, 85, 4, 195, 70, 37, 38, 129, 71, 61, 82, 128, 113, 87, 97, 102, 142, 24, 16, 154, 111, 126, 41, 134, 19, 63, 161, 159, 78, 66, 30, 46, 156, 106, 108, 5, 64, 157, 127, 192, 146, 11, 48, 17, 109, 28, 183, 135, 60, 36, 15, 50, 193, 121, 83, 86, 125, 95, 165, 47, 118]
[79, 76, 160, 124, 180, 167, 184, 53, 74, 182, 21, 133, 7, 145, 89, 33, 57, 140, 170, 199, 147, 27, 55, 151, 177, 104, 42, 136, 132, 175, 75, 69, 101, 163, 139, 20, 153, 88, 130, 179, 155, 99, 32, 44, 196, 80, 96, 103, 164, 10, 51, 169, 115, 187, 62, 43, 152, 65, 178, 117, 123, 137, 8, 77, 81, 6, 198, 25, 31, 23, 158, 173, 120, 171, 45, 110, 116, 114, 52, 0, 84, 131, 39, 3, 191, 100, 59, 26, 190, 144, 197, 122, 14, 12, 176, 54, 185, 119, 186, 150]
38928

[25, 6, 198, 60, 183, 28, 171, 120, 173, 11, 146, 186, 53, 5, 156, 119, 66, 63, 19, 134, 41, 154, 182, 74, 133, 21, 7, 145, 16, 24, 142, 102, 128, 38, 4, 104, 42, 136, 132, 175, 112, 194, 181, 85, 94, 93, 90, 149, 143, 69, 75, 101, 163, 139, 20, 153, 88, 29, 67, 168, 34, 22, 172, 167, 1, 180, 124, 160, 166, 127, 192, 59, 100, 105, 148, 191, 13, 98, 9, 174, 196, 44, 32, 80, 103, 164, 165, 51, 10, 83, 169, 121, 62, 178, 189, 36, 137, 8, 77, 81]
[197, 12, 176, 64, 30, 46, 106, 108, 150, 79, 157, 76, 61, 82, 184, 49, 138, 71, 129, 70, 195, 177, 151, 55, 37, 27, 147, 87, 113, 97, 199, 170, 140, 57, 33, 89, 111, 126, 185, 54, 161, 159, 78, 14, 122, 144, 0, 131, 84, 190, 26, 39, 45, 109, 17, 48, 92, 162, 3, 107, 40, 58, 2, 72, 188, 68, 141, 130, 179, 73, 56, 35, 99, 155, 96, 125, 86, 95, 47, 118, 91, 18, 65, 152, 43, 187, 115, 193, 50, 15, 117, 123, 135, 31, 23, 158, 110, 116, 114, 52]
40670

[162, 3, 191, 13, 35, 56, 32, 155, 99, 73, 141, 179, 130, 188, 58, 88, 163, 22, 34, 1, 180, 160, 124, 167, 172, 149, 90, 143, 69, 75, 93, 94, 85, 4, 195, 177, 151, 55, 70, 129, 38, 113, 102, 142, 24, 16, 106, 156, 119, 54, 161, 159, 78, 176, 64, 157, 166, 127, 192, 59, 100, 146, 11, 92, 105, 148, 98, 9, 174, 118, 65, 152, 43, 187, 115, 47, 83, 10, 51, 169, 121, 193, 50, 62, 15, 117, 137, 25, 135, 60, 36, 183, 28, 17, 109, 171, 45, 120, 173, 158]
[40, 72, 2, 68, 107, 44, 80, 96, 125, 86, 95, 165, 164, 103, 196, 91, 18, 189, 48, 178, 123, 8, 77, 81, 6, 198, 31, 23, 110, 116, 114, 52, 0, 131, 39, 84, 144, 190, 26, 197, 122, 14, 12, 66, 30, 46, 185, 41, 63, 19, 134, 126, 111, 154, 182, 7, 21, 133, 128, 71, 138, 49, 184, 61, 82, 74, 108, 5, 53, 186, 150, 79, 76, 29, 67, 168, 139, 20, 153, 101, 181, 194, 112, 175, 132, 136, 42, 104, 37, 27, 147, 87, 97, 199, 170, 140, 57, 33, 89, 145]
40510

[112, 194, 181, 101, 153, 20, 139, 163, 67, 29, 88, 40, 166, 141, 155, 99, 32, 174, 9, 91, 196, 44, 80, 96, 103, 47, 165, 164, 95, 125, 86, 51, 10, 83, 169, 193, 50, 117, 123, 8, 81, 77, 25, 135, 60, 36, 183, 28, 109, 17, 48, 171, 45, 131, 84, 144, 122, 14, 12, 78, 159, 161, 63, 19, 134, 41, 119, 46, 30, 64, 160, 1, 180, 124, 186, 5, 108, 74, 133, 21, 7, 128, 145, 89, 33, 57, 140, 170, 199, 97, 87, 147, 38, 129, 70, 104, 42, 136, 132, 175]
[130, 179, 73, 56, 35, 118, 65, 152, 178, 43, 187, 115, 121, 62, 15, 137, 198, 6, 31, 23, 158, 173, 120, 116, 114, 0, 52, 110, 39, 11, 146, 26, 190, 197, 176, 66, 54, 185, 126, 111, 154, 182, 16, 24, 142, 102, 113, 27, 37, 55, 151, 177, 195, 4, 85, 138, 49, 71, 82, 61, 184, 167, 94, 93, 75, 69, 143, 90, 149, 172, 22, 168, 34, 53, 106, 156, 150, 79, 76, 157, 192, 127, 59, 100, 3, 162, 92, 105, 148, 189, 18, 98, 13, 191, 107, 68, 188, 58, 72, 2]
37153

[2, 72, 188, 68, 141, 130, 179, 155, 99, 32, 9, 174, 35, 56, 73, 107, 191, 100, 3, 162, 92, 105, 148, 189, 65, 152, 47, 83, 95, 125, 86, 51, 10, 169, 121, 115, 187, 193, 50, 123, 137, 8, 77, 25, 135, 60, 36, 183, 28, 11, 146, 39, 131, 26, 66, 30, 46, 119, 24, 89, 33, 57, 140, 170, 199, 147, 87, 97, 128, 74, 53, 108, 106, 156, 5, 186, 150, 79, 160, 124, 180, 61, 82, 71, 42, 136, 132, 175, 112, 194, 181, 163, 168, 34, 1, 67, 29, 76, 166, 58]
[103, 165, 164, 96, 80, 44, 196, 118, 43, 62, 178, 15, 117, 81, 6, 198, 31, 23, 158, 116, 114, 0, 52, 110, 173, 120, 45, 171, 109, 17, 48, 18, 91, 98, 13, 59, 127, 192, 157, 64, 176, 12, 14, 122, 197, 190, 84, 144, 78, 159, 161, 63, 19, 54, 41, 134, 185, 126, 111, 154, 182, 21, 133, 7, 16, 142, 145, 102, 113, 27, 37, 38, 129, 70, 55, 151, 177, 195, 4, 104, 85, 138, 49, 184, 167, 172, 22, 143, 149, 90, 94, 93, 75, 69, 101, 153, 20, 139, 88, 40]
39771

[44, 32, 99, 155, 179, 130, 13, 92, 162, 100, 59, 127, 166, 40, 88, 29, 163, 139, 20, 153, 101, 143, 149, 90, 69, 75, 181, 194, 112, 175, 132, 136, 42, 104, 151, 147, 87, 97, 113, 102, 142, 24, 16, 7, 74, 53, 61, 82, 71, 184, 124, 160, 150, 79, 64, 186, 5, 108, 106, 54, 41, 134, 19, 63, 161, 159, 78, 176, 12, 14, 122, 197, 190, 0, 114, 116, 52, 131, 39, 146, 11, 48, 183, 36, 178, 62, 50, 193, 152, 65, 118, 91, 9, 196, 47, 83, 86, 125, 96, 80]
[188, 141, 73, 56, 35, 174, 98, 105, 148, 189, 18, 103, 164, 95, 165, 10, 51, 169, 121, 115, 187, 43, 15, 117, 123, 137, 8, 77, 81, 6, 198, 25, 60, 135, 31, 23, 28, 17, 109, 171, 45, 120, 173, 158, 110, 84, 144, 66, 30, 46, 156, 119, 185, 126, 111, 154, 182, 21, 133, 128, 145, 89, 33, 57, 140, 170, 199, 27, 38, 129, 70, 37, 55, 177, 195, 4, 85, 138, 49, 94, 93, 167, 172, 22, 168, 67, 34, 1, 180, 76, 157, 192, 26, 3, 191, 107, 68, 58, 2, 72]
39448

[140, 57, 170, 199, 97, 33, 89, 24, 16, 142, 102, 145, 7, 133, 128, 37, 55, 151, 177, 195, 85, 4, 104, 42, 136, 132, 175, 112, 194, 181, 93, 75, 69, 143, 172, 167, 184, 53, 5, 186, 150, 160, 29, 67, 163, 139, 20, 101, 153, 88, 40, 166, 76, 79, 64, 66, 30, 46, 119, 185, 41, 54, 161, 176, 12, 14, 122, 197, 190, 144, 84, 131, 0, 52, 114, 116, 110, 173, 158, 23, 31, 120, 45, 171, 48, 65, 47, 83, 10, 165, 174, 9, 98, 148, 105, 92, 162, 11, 146, 192]
[152, 43, 62, 15, 178, 36, 183, 28, 109, 17, 189, 18, 91, 35, 56, 73, 179, 130, 188, 72, 2, 58, 68, 141, 107, 13, 191, 3, 100, 59, 127, 157, 124, 180, 1, 34, 168, 22, 149, 90, 94, 49, 138, 70, 27, 147, 87, 113, 38, 129, 71, 82, 61, 74, 21, 182, 154, 106, 108, 156, 111, 126, 134, 19, 63, 159, 78, 26, 39, 135, 60, 137, 25, 198, 6, 81, 77, 8, 123, 117, 50, 193, 187, 115, 121, 169, 51, 86, 125, 95, 164, 103, 96, 80, 155, 99, 32, 44, 196, 118]
40196

[184, 167, 172, 34, 168, 67, 29, 166, 2, 72, 68, 141, 107, 56, 73, 99, 155, 32, 80, 96, 164, 165, 103, 44, 196, 91, 18, 189, 65, 152, 178, 15, 117, 81, 6, 198, 25, 36, 183, 28, 109, 17, 48, 148, 98, 13, 191, 105, 92, 120, 173, 131, 84, 144, 190, 122, 14, 12, 197, 26, 39, 146, 192, 157, 76, 150, 186, 5, 156, 30, 66, 46, 106, 108, 53, 74, 182, 154, 7, 16, 145, 102, 113, 97, 87, 147, 27, 38, 70, 129, 49, 138, 85, 94, 93, 90, 75, 69, 143, 149]
[188, 58, 40, 88, 153, 20, 139, 163, 22, 101, 181, 194, 112, 175, 132, 136, 42, 104, 4, 195, 177, 151, 55, 37, 199, 170, 140, 57, 33, 89, 142, 24, 126, 41, 134, 19, 63, 161, 54, 185, 119, 111, 21, 133, 128, 71, 82, 61, 1, 180, 124, 160, 79, 64, 176, 159, 78, 127, 59, 100, 3, 162, 11, 45, 171, 110, 52, 0, 114, 116, 158, 23, 31, 135, 60, 137, 77, 8, 123, 50, 193, 62, 43, 187, 115, 121, 169, 83, 10, 51, 86, 125, 95, 47, 118, 9, 174, 35, 130, 179]
40078

[152, 43, 187, 115, 10, 51, 86, 125, 95, 165, 164, 103, 96, 80, 44, 32, 99, 73, 56, 35, 13, 191, 107, 68, 188, 72, 2, 58, 166, 40, 88, 153, 139, 29, 67, 22, 172, 184, 71, 97, 113, 7, 182, 154, 106, 156, 108, 5, 186, 150, 124, 180, 160, 79, 64, 161, 63, 19, 159, 197, 26, 190, 84, 131, 39, 146, 11, 162, 92, 105, 148, 98, 174, 9, 91, 18, 189, 48, 17, 109, 171, 45, 120, 23, 31, 135, 60, 25, 198, 6, 81, 77, 8, 137, 123, 183, 36, 117, 178, 65]
[119, 111, 126, 185, 134, 41, 54, 66, 46, 30, 176, 12, 78, 14, 122, 144, 0, 52, 114, 116, 110, 158, 173, 28, 15, 62, 50, 193, 121, 169, 83, 47, 118, 196, 155, 179, 130, 141, 3, 100, 59, 127, 192, 157, 76, 53, 74, 21, 133, 61, 82, 128, 145, 102, 142, 16, 24, 89, 33, 57, 140, 170, 199, 87, 147, 27, 38, 129, 37, 70, 138, 49, 167, 1, 34, 168, 163, 20, 101, 75, 69, 143, 149, 90, 93, 94, 85, 195, 55, 151, 177, 4, 104, 42, 136, 181, 194, 175, 132, 112]
38725

[139, 163, 20, 153, 58, 72, 2, 107, 13, 174, 9, 118, 164, 95, 125, 86, 51, 10, 83, 169, 193, 50, 65, 148, 105, 92, 162, 3, 146, 39, 110, 52, 0, 131, 84, 144, 14, 122, 197, 26, 192, 157, 76, 29, 67, 168, 34, 1, 180, 124, 160, 79, 150, 186, 5, 64, 30, 66, 54, 41, 134, 185, 126, 111, 119, 106, 128, 145, 89, 33, 57, 140, 170, 199, 147, 27, 37, 70, 55, 151, 177, 195, 4, 85, 138, 94, 93, 90, 149, 143, 69, 75, 101, 22, 172, 167, 49, 71, 129, 38]
[158, 23, 31, 171, 45, 11, 48, 189, 17, 109, 28, 183, 36, 123, 137, 60, 135, 25, 198, 6, 81, 77, 8, 117, 15, 178, 62, 121, 115, 187, 43, 152, 47, 165, 103, 96, 80, 44, 32, 99, 155, 179, 130, 188, 68, 141, 73, 56, 35, 196, 91, 18, 98, 191, 100, 59, 127, 166, 40, 88, 181, 194, 112, 175, 132, 136, 42, 104, 87, 97, 113, 102, 142, 24, 16, 7, 133, 21, 182, 154, 74, 82, 61, 184, 53, 108, 156, 46, 161, 63, 19, 159, 78, 176, 12, 190, 114, 116, 120, 173]
39844

[29, 163, 69, 143, 168, 34, 1, 167, 49, 94, 181, 194, 112, 175, 132, 136, 42, 104, 4, 177, 151, 55, 195, 85, 138, 70, 37, 147, 199, 170, 140, 57, 33, 89, 145, 128, 82, 61, 186, 150, 64, 66, 30, 46, 156, 106, 119, 185, 54, 63, 19, 159, 78, 176, 12, 26, 146, 11, 162, 92, 105, 148, 189, 171, 45, 120, 173, 110, 52, 0, 114, 116, 158, 23, 31, 36, 178, 62, 43, 187, 115, 51, 10, 47, 152, 65, 18, 98, 9, 13, 3, 100, 192, 157, 76, 79, 160, 124, 180, 67]
[74, 53, 5, 108, 111, 126, 134, 41, 161, 14, 122, 197, 190, 144, 84, 131, 39, 48, 17, 109, 28, 183, 60, 135, 137, 25, 198, 6, 81, 77, 8, 123, 117, 15, 50, 193, 121, 169, 83, 165, 95, 86, 125, 164, 103, 118, 91, 174, 196, 44, 96, 80, 32, 155, 99, 35, 56, 73, 179, 130, 188, 68, 141, 107, 191, 59, 127, 166, 40, 58, 2, 72, 88, 139, 20, 153, 101, 75, 93, 90, 149, 22, 172, 184, 71, 129, 38, 27, 87, 97, 113, 102, 142, 24, 16, 7, 154, 182, 21, 133]
37539

[171, 120, 45, 109, 48, 11, 127, 192, 146, 39, 131, 84, 144, 122, 14, 12, 78, 159, 63, 19, 134, 41, 119, 156, 106, 108, 74, 182, 21, 133, 128, 145, 57, 140, 170, 199, 147, 55, 151, 177, 195, 85, 138, 70, 129, 71, 82, 61, 49, 90, 149, 167, 184, 53, 5, 176, 64, 79, 160, 124, 180, 1, 34, 172, 22, 143, 101, 20, 139, 163, 168, 67, 29, 76, 166, 58, 72, 2, 68, 141, 73, 99, 56, 35, 174, 91, 118, 43, 187, 15, 117, 123, 137, 8, 77, 81, 6, 198, 36, 183]
[157, 150, 186, 46, 30, 66, 161, 54, 185, 126, 111, 154, 7, 16, 24, 142, 89, 33, 102, 113, 97, 87, 27, 38, 37, 4, 104, 42, 136, 132, 175, 112, 194, 181, 94, 93, 75, 69, 153, 88, 40, 188, 130, 179, 107, 191, 13, 98, 9, 196, 44, 32, 155, 80, 96, 125, 86, 51, 10, 83, 169, 121, 115, 193, 50, 62, 178, 65, 152, 47, 165, 95, 164, 103, 18, 189, 17, 28, 60, 135, 25, 31, 23, 158, 173, 110, 116, 114, 52, 0, 190, 197, 26, 59, 100, 3, 162, 92, 105, 148]
39883

[176, 12, 14, 144, 84, 0, 52, 114, 116, 158, 23, 31, 183, 28, 48, 92, 105, 148, 152, 115, 121, 169, 83, 10, 51, 86, 125, 95, 164, 103, 96, 80, 32, 155, 99, 73, 141, 188, 72, 2, 58, 153, 88, 40, 166, 59, 100, 3, 192, 127, 157, 76, 29, 67, 168, 34, 1, 180, 124, 184, 167, 172, 22, 143, 69, 149, 90, 93, 94, 85, 136, 42, 104, 4, 195, 138, 49, 61, 82, 71, 129, 38, 27, 87, 33, 89, 142, 24, 16, 145, 7, 111, 185, 119, 46, 30, 156, 186, 64, 79]
[140, 57, 97, 113, 102, 128, 133, 21, 74, 53, 182, 154, 126, 134, 41, 54, 63, 19, 159, 122, 197, 190, 131, 110, 173, 120, 45, 171, 109, 17, 189, 18, 118, 65, 178, 36, 60, 135, 25, 198, 6, 81, 77, 8, 137, 123, 117, 15, 50, 193, 62, 187, 43, 47, 165, 196, 44, 35, 56, 179, 130, 68, 107, 191, 13, 174, 9, 91, 98, 162, 11, 146, 39, 26, 78, 161, 66, 106, 108, 5, 150, 160, 163, 139, 20, 101, 75, 181, 194, 112, 175, 132, 177, 151, 55, 70, 37, 147, 199, 170]
39248

[183, 36, 178, 152, 65, 18, 13, 191, 107, 166, 157, 76, 40, 141, 32, 96, 125, 86, 95, 83, 121, 193, 50, 62, 15, 117, 123, 8, 81, 6, 158, 110, 116, 114, 52, 0, 84, 144, 190, 26, 197, 122, 14, 159, 63, 19, 134, 41, 119, 46, 30, 64, 79, 160, 124, 180, 1, 172, 167, 184, 49, 138, 85, 94, 93, 69, 101, 75, 194, 175, 132, 42, 104, 4, 195, 177, 151, 55, 37, 38, 129, 71, 82, 61, 74, 133, 21, 7, 145, 16, 24, 142, 89, 33, 57, 140, 170, 199, 97, 128]
[2, 72, 68, 188, 130, 179, 155, 99, 73, 56, 35, 196, 44, 80, 103, 164, 165, 10, 51, 169, 115, 187, 43, 47, 118, 91, 9, 174, 98, 105, 148, 189, 48, 17, 109, 28, 60, 137, 77, 198, 25, 135, 31, 23, 173, 120, 171, 45, 131, 39, 146, 11, 92, 162, 3, 100, 59, 192, 127, 29, 67, 168, 34, 150, 186, 53, 5, 108, 106, 156, 66, 176, 12, 78, 161, 54, 185, 126, 111, 154, 182, 102, 113, 87, 147, 27, 70, 136, 112, 181, 90, 149, 143, 22, 163, 139, 20, 153, 88, 58]
41879

[121, 169, 51, 10, 43, 62, 178, 189, 148, 105, 92, 162, 11, 39, 146, 192, 127, 107, 56, 35, 32, 99, 73, 141, 68, 40, 34, 1, 180, 124, 53, 184, 167, 90, 93, 69, 101, 75, 181, 194, 112, 175, 132, 136, 42, 104, 4, 85, 195, 177, 151, 55, 70, 37, 27, 87, 97, 113, 33, 89, 24, 16, 142, 38, 129, 71, 49, 61, 82, 74, 111, 119, 156, 106, 108, 5, 186, 64, 30, 46, 66, 161, 159, 78, 12, 14, 122, 197, 144, 0, 52, 114, 116, 173, 120, 23, 135, 60, 123, 193]
[157, 76, 79, 150, 160, 168, 67, 29, 166, 59, 100, 3, 191, 13, 98, 174, 9, 91, 18, 48, 17, 109, 28, 171, 45, 131, 26, 190, 84, 110, 158, 31, 25, 198, 6, 81, 77, 8, 137, 183, 36, 117, 15, 50, 187, 115, 83, 165, 86, 125, 95, 164, 103, 47, 152, 65, 118, 196, 44, 80, 96, 155, 179, 130, 188, 72, 2, 58, 88, 153, 20, 139, 163, 143, 22, 172, 149, 94, 138, 147, 199, 170, 140, 57, 102, 145, 128, 133, 21, 7, 182, 154, 126, 185, 134, 41, 54, 19, 63, 176]
40348

[16, 24, 33, 89, 142, 7, 74, 108, 106, 156, 30, 46, 119, 54, 66, 176, 84, 0, 114, 116, 110, 173, 120, 45, 171, 48, 189, 17, 109, 28, 183, 36, 60, 135, 25, 198, 6, 81, 77, 8, 50, 62, 178, 65, 152, 47, 96, 73, 141, 107, 56, 35, 174, 9, 98, 13, 191, 3, 162, 11, 39, 197, 64, 79, 150, 160, 76, 157, 166, 58, 2, 72, 88, 153, 20, 139, 163, 101, 69, 90, 93, 94, 49, 138, 85, 195, 37, 38, 27, 147, 87, 128, 145, 102, 113, 97, 57, 140, 170, 199]
[146, 131, 52, 158, 23, 31, 137, 123, 117, 15, 43, 187, 115, 193, 121, 169, 83, 10, 51, 165, 95, 86, 125, 164, 103, 118, 18, 148, 92, 105, 91, 196, 44, 80, 32, 99, 155, 179, 130, 188, 68, 40, 29, 67, 168, 22, 172, 149, 143, 75, 181, 194, 112, 175, 132, 136, 42, 104, 4, 177, 151, 55, 70, 129, 71, 82, 61, 184, 167, 34, 1, 180, 124, 186, 5, 53, 133, 21, 182, 154, 111, 126, 185, 41, 134, 19, 63, 161, 159, 78, 12, 14, 122, 144, 190, 26, 192, 127, 59, 100]
38158

[51, 86, 125, 95, 164, 165, 47, 152, 183, 28, 109, 17, 48, 189, 92, 162, 105, 148, 9, 174, 196, 44, 80, 32, 155, 99, 73, 56, 35, 107, 188, 72, 2, 58, 127, 192, 157, 29, 67, 34, 168, 163, 22, 143, 181, 194, 112, 175, 132, 177, 151, 55, 70, 71, 129, 38, 37, 27, 147, 87, 199, 170, 140, 33, 89, 142, 24, 16, 134, 41, 54, 64, 176, 78, 12, 190, 144, 84, 131, 0, 52, 110, 114, 116, 158, 173, 120, 45, 171, 23, 31, 137, 123, 117, 15, 62, 43, 187, 115, 10]
[7, 182, 154, 111, 126, 185, 119, 46, 30, 66, 161, 63, 19, 159, 14, 122, 197, 26, 39, 146, 11, 3, 100, 59, 191, 13, 98, 18, 91, 118, 65, 178, 36, 60, 135, 25, 198, 6, 81, 77, 8, 50, 193, 121, 169, 83, 103, 96, 179, 130, 141, 68, 166, 76, 79, 160, 124, 180, 1, 40, 88, 153, 139, 20, 101, 69, 75, 93, 94, 90, 149, 172, 167, 184, 49, 85, 136, 42, 104, 4, 195, 138, 82, 61, 53, 5, 186, 150, 156, 106, 108, 74, 21, 133, 128, 113, 97, 57, 102, 145]
38619

[119, 185, 134, 41, 54, 46, 30, 66, 176, 14, 144, 110, 158, 135, 60, 117, 50, 193, 187, 43, 178, 65, 152, 10, 51, 165, 86, 125, 95, 164, 96, 80, 44, 32, 99, 155, 179, 130, 188, 68, 2, 72, 58, 59, 191, 13, 174, 9, 91, 118, 189, 17, 28, 109, 48, 162, 3, 100, 192, 127, 157, 76, 79, 150, 186, 156, 154, 7, 16, 24, 142, 89, 33, 57, 140, 170, 199, 97, 128, 82, 61, 167, 184, 70, 55, 151, 177, 195, 85, 94, 90, 149, 75, 69, 101, 143, 22, 172, 180, 124]
[148, 105, 92, 11, 146, 39, 190, 26, 197, 12, 64, 160, 67, 29, 166, 40, 88, 153, 20, 139, 163, 168, 34, 1, 53, 5, 108, 106, 74, 71, 129, 138, 49, 93, 181, 194, 112, 175, 132, 136, 42, 104, 4, 37, 38, 27, 147, 87, 113, 102, 145, 133, 21, 182, 111, 126, 19, 63, 161, 159, 78, 122, 84, 131, 0, 52, 114, 116, 173, 120, 45, 171, 23, 31, 198, 6, 81, 77, 8, 25, 137, 123, 183, 36, 15, 62, 115, 121, 169, 83, 47, 103, 196, 35, 56, 73, 141, 107, 98, 18]
40510

[150, 124, 180, 1, 34, 67, 29, 160, 79, 64, 176, 63, 19, 54, 41, 134, 185, 126, 111, 108, 5, 186, 53, 154, 182, 133, 128, 145, 102, 113, 57, 140, 170, 199, 147, 38, 167, 172, 143, 69, 75, 101, 163, 139, 20, 153, 88, 72, 2, 58, 40, 166, 127, 192, 59, 100, 3, 191, 107, 141, 68, 188, 130, 179, 73, 56, 99, 155, 32, 44, 80, 96, 103, 164, 165, 83, 47, 196, 18, 189, 109, 45, 171, 28, 183, 8, 77, 81, 6, 198, 25, 31, 158, 110, 52, 0, 131, 39, 146, 12]
[26, 190, 144, 197, 122, 14, 78, 159, 161, 66, 30, 46, 119, 156, 106, 74, 21, 7, 16, 24, 142, 89, 33, 97, 87, 27, 37, 55, 151, 177, 195, 70, 129, 71, 82, 61, 184, 49, 138, 85, 4, 104, 42, 136, 132, 175, 112, 194, 181, 93, 94, 90, 149, 22, 168, 76, 157, 11, 17, 48, 162, 92, 105, 148, 13, 35, 174, 9, 98, 91, 118, 65, 152, 43, 187, 115, 10, 95, 125, 86, 51, 169, 121, 193, 50, 62, 178, 15, 117, 36, 123, 137, 60, 135, 23, 120, 173, 116, 114, 84]
38551

[110, 120, 171, 45, 11, 146, 26, 197, 12, 176, 161, 54, 185, 111, 5, 53, 186, 124, 180, 67, 29, 192, 100, 3, 191, 13, 35, 174, 9, 91, 118, 65, 152, 178, 137, 25, 198, 6, 81, 77, 8, 15, 62, 43, 187, 115, 83, 47, 103, 96, 155, 141, 68, 107, 59, 40, 88, 153, 20, 139, 163, 101, 143, 22, 168, 172, 149, 90, 93, 94, 136, 42, 104, 4, 177, 195, 49, 184, 167, 74, 133, 21, 7, 24, 16, 126, 41, 134, 19, 63, 159, 78, 14, 122, 144, 84, 0, 52, 114, 116]
[48, 17, 109, 28, 183, 60, 135, 31, 23, 158, 173, 39, 131, 190, 64, 30, 66, 119, 46, 156, 108, 106, 154, 182, 142, 89, 33, 57, 140, 170, 199, 147, 151, 55, 37, 38, 27, 87, 97, 113, 102, 145, 128, 82, 61, 71, 129, 70, 138, 85, 132, 175, 112, 194, 181, 75, 69, 34, 1, 160, 150, 79, 76, 157, 127, 166, 58, 2, 72, 188, 130, 179, 73, 56, 99, 32, 80, 44, 196, 164, 125, 86, 95, 165, 10, 51, 169, 121, 193, 50, 117, 123, 36, 189, 18, 98, 148, 105, 92, 162]
40280

[128, 145, 102, 142, 24, 16, 7, 182, 53, 186, 150, 64, 176, 12, 144, 84, 0, 52, 114, 116, 110, 131, 39, 146, 11, 120, 173, 158, 23, 31, 25, 77, 8, 137, 60, 135, 171, 45, 109, 17, 189, 18, 98, 91, 118, 65, 152, 47, 86, 125, 164, 96, 80, 44, 196, 35, 13, 191, 92, 162, 3, 100, 192, 127, 157, 76, 79, 1, 34, 168, 172, 149, 90, 143, 101, 69, 75, 181, 194, 175, 132, 112, 93, 94, 195, 177, 151, 55, 37, 27, 147, 87, 113, 97, 199, 170, 140, 57, 33, 89]
[40, 166, 59, 107, 68, 141, 73, 56, 174, 9, 148, 105, 26, 197, 122, 14, 190, 48, 28, 183, 36, 198, 6, 81, 123, 117, 178, 15, 50, 193, 62, 43, 187, 115, 121, 169, 83, 10, 51, 95, 165, 103, 32, 99, 155, 179, 130, 188, 72, 2, 58, 88, 153, 20, 139, 163, 22, 167, 184, 49, 138, 85, 136, 42, 104, 4, 70, 38, 129, 71, 82, 61, 74, 133, 21, 154, 111, 126, 41, 134, 19, 63, 159, 78, 161, 54, 185, 119, 46, 66, 30, 156, 106, 108, 5, 160, 124, 180, 67, 29]
38529

[120, 173, 171, 45, 146, 26, 190, 197, 122, 14, 78, 12, 176, 63, 19, 54, 41, 134, 185, 126, 156, 106, 108, 74, 154, 182, 21, 133, 7, 145, 128, 113, 97, 87, 70, 4, 104, 42, 136, 132, 175, 112, 194, 181, 75, 69, 138, 129, 71, 82, 61, 49, 184, 167, 168, 34, 1, 160, 79, 76, 157, 192, 127, 166, 58, 2, 72, 188, 141, 68, 59, 100, 3, 162, 92, 191, 13, 125, 86, 103, 18, 148, 105, 48, 189, 178, 15, 117, 123, 137, 135, 31, 23, 158, 116, 114, 110, 131, 0, 52]
[130, 179, 73, 56, 35, 107, 40, 88, 29, 67, 180, 124, 150, 186, 5, 53, 172, 22, 163, 139, 20, 153, 101, 143, 149, 90, 93, 94, 85, 195, 177, 151, 55, 37, 38, 27, 147, 199, 170, 140, 57, 33, 89, 102, 142, 24, 16, 111, 119, 46, 30, 64, 66, 161, 159, 144, 84, 39, 11, 17, 109, 28, 183, 60, 25, 198, 6, 81, 77, 8, 36, 62, 43, 187, 50, 193, 115, 121, 169, 83, 10, 51, 95, 164, 165, 47, 152, 65, 118, 91, 98, 9, 174, 196, 44, 96, 80, 32, 99, 155]
39215

[77, 81, 6, 198, 25, 183, 28, 17, 109, 171, 45, 120, 173, 110, 116, 114, 52, 0, 131, 84, 144, 197, 26, 190, 39, 146, 59, 157, 76, 34, 1, 167, 184, 180, 124, 64, 12, 176, 66, 30, 46, 119, 185, 41, 134, 126, 111, 106, 108, 74, 154, 182, 21, 133, 128, 145, 89, 33, 57, 140, 170, 199, 147, 55, 151, 177, 195, 75, 69, 143, 163, 20, 139, 88, 130, 179, 73, 99, 155, 80, 96, 164, 125, 86, 95, 165, 47, 152, 65, 178, 117, 15, 50, 193, 121, 169, 115, 187, 43, 62]
[137, 60, 135, 31, 23, 158, 122, 14, 192, 127, 166, 40, 29, 168, 67, 160, 79, 150, 186, 53, 5, 156, 161, 78, 159, 19, 63, 54, 7, 16, 24, 142, 102, 113, 97, 87, 27, 37, 38, 129, 71, 82, 61, 49, 172, 22, 149, 90, 93, 94, 85, 138, 70, 4, 104, 42, 136, 132, 175, 112, 194, 181, 101, 153, 58, 2, 72, 188, 68, 141, 107, 191, 13, 35, 56, 32, 44, 196, 103, 51, 10, 83, 118, 91, 9, 174, 98, 18, 189, 148, 105, 92, 162, 3, 100, 11, 48, 36, 123, 8]
40689

[145, 89, 33, 57, 140, 170, 199, 87, 147, 27, 37, 55, 151, 177, 4, 104, 42, 136, 132, 175, 112, 194, 181, 75, 49, 71, 82, 61, 53, 5, 1, 34, 172, 22, 168, 67, 76, 157, 64, 192, 127, 166, 59, 100, 191, 13, 105, 148, 18, 98, 35, 56, 73, 107, 68, 2, 72, 141, 99, 32, 80, 96, 125, 86, 95, 164, 165, 51, 10, 83, 169, 115, 187, 43, 62, 50, 15, 178, 117, 123, 8, 137, 183, 28, 17, 109, 171, 120, 173, 116, 114, 190, 26, 12, 176, 66, 30, 156, 108, 106]
[52, 0, 84, 144, 197, 122, 14, 78, 159, 161, 63, 19, 54, 41, 134, 185, 126, 111, 119, 46, 186, 150, 79, 160, 124, 180, 167, 184, 74, 154, 182, 21, 133, 7, 16, 24, 142, 102, 128, 113, 97, 38, 129, 70, 195, 138, 85, 94, 93, 90, 149, 143, 69, 101, 163, 139, 20, 153, 88, 29, 40, 58, 188, 130, 179, 155, 44, 196, 174, 9, 91, 118, 103, 47, 121, 193, 77, 81, 6, 198, 25, 135, 60, 36, 152, 65, 189, 48, 92, 162, 3, 146, 39, 131, 11, 45, 31, 23, 158, 110]
40005

[79, 64, 30, 66, 161, 63, 19, 159, 78, 12, 192, 127, 166, 59, 189, 48, 17, 109, 171, 45, 11, 146, 39, 131, 0, 52, 114, 116, 110, 120, 173, 158, 23, 31, 135, 137, 50, 193, 47, 118, 196, 44, 96, 80, 32, 99, 155, 179, 130, 188, 40, 88, 139, 163, 143, 90, 93, 94, 85, 181, 194, 112, 175, 132, 136, 42, 104, 4, 177, 151, 55, 195, 70, 37, 27, 147, 199, 170, 140, 57, 33, 89, 24, 16, 142, 102, 145, 7, 21, 133, 74, 5, 186, 150, 124, 180, 67, 29, 76, 157]
[100, 3, 191, 13, 107, 35, 56, 73, 141, 68, 2, 72, 58, 153, 20, 101, 69, 75, 149, 49, 138, 71, 129, 38, 87, 97, 113, 128, 182, 154, 111, 126, 134, 41, 54, 185, 119, 46, 156, 106, 108, 53, 82, 61, 184, 167, 172, 22, 168, 34, 1, 160, 176, 14, 122, 197, 144, 84, 190, 26, 162, 92, 105, 148, 98, 18, 65, 152, 178, 36, 183, 28, 60, 25, 198, 6, 81, 77, 8, 123, 117, 15, 62, 43, 187, 115, 121, 169, 83, 10, 51, 165, 95, 86, 125, 164, 103, 91, 174, 9]
38203

[183, 28, 171, 45, 48, 189, 148, 105, 92, 162, 11, 146, 39, 110, 116, 114, 52, 0, 131, 12, 64, 79, 5, 108, 74, 128, 145, 57, 140, 170, 199, 27, 38, 37, 70, 55, 177, 195, 4, 136, 132, 175, 112, 194, 181, 75, 69, 101, 153, 20, 139, 163, 168, 34, 1, 67, 88, 58, 72, 2, 166, 76, 157, 192, 127, 59, 13, 174, 9, 98, 18, 91, 196, 44, 32, 99, 155, 80, 96, 103, 164, 125, 86, 95, 165, 47, 115, 187, 43, 15, 117, 123, 137, 8, 77, 81, 6, 198, 25, 60]
[133, 7, 16, 24, 142, 89, 33, 102, 113, 97, 87, 147, 151, 42, 104, 85, 138, 49, 94, 93, 90, 149, 143, 22, 172, 167, 184, 71, 129, 82, 61, 53, 186, 150, 160, 124, 180, 29, 40, 68, 141, 188, 130, 179, 73, 56, 35, 118, 65, 152, 83, 10, 51, 169, 121, 193, 50, 62, 178, 36, 135, 31, 23, 158, 173, 120, 109, 17, 191, 107, 100, 3, 26, 197, 190, 84, 144, 122, 14, 78, 159, 176, 30, 66, 161, 63, 19, 54, 41, 134, 185, 126, 111, 119, 46, 156, 106, 154, 182, 21]
37809

[83, 10, 51, 169, 115, 187, 43, 152, 65, 47, 165, 86, 125, 95, 164, 103, 96, 80, 32, 44, 196, 118, 91, 9, 174, 13, 35, 56, 73, 99, 155, 179, 130, 188, 141, 68, 2, 72, 58, 40, 88, 153, 69, 75, 93, 181, 194, 112, 175, 132, 136, 42, 104, 4, 85, 138, 195, 177, 151, 55, 27, 147, 87, 21, 133, 82, 61, 184, 167, 124, 150, 186, 53, 5, 108, 106, 156, 111, 185, 63, 19, 159, 78, 192, 127, 59, 190, 144, 84, 131, 45, 171, 109, 28, 183, 137, 8, 123, 117, 15]
[198, 6, 81, 77, 50, 193, 121, 62, 178, 36, 17, 48, 189, 18, 98, 148, 105, 92, 162, 3, 100, 191, 107, 166, 157, 76, 79, 160, 180, 1, 34, 168, 67, 29, 163, 139, 20, 101, 143, 22, 172, 149, 90, 94, 49, 71, 129, 70, 37, 38, 128, 145, 102, 113, 97, 199, 170, 140, 57, 33, 89, 142, 24, 16, 7, 74, 182, 154, 126, 134, 41, 54, 161, 66, 119, 46, 30, 64, 176, 12, 14, 122, 197, 26, 146, 11, 39, 110, 52, 0, 114, 116, 120, 173, 158, 23, 31, 25, 135, 60]
37406

[43, 62, 178, 15, 117, 77, 81, 6, 198, 25, 60, 28, 109, 171, 45, 120, 173, 158, 131, 39, 146, 3, 100, 59, 127, 192, 64, 5, 53, 108, 119, 185, 41, 134, 126, 111, 74, 82, 128, 145, 102, 113, 57, 140, 170, 199, 147, 27, 38, 37, 70, 55, 151, 177, 195, 4, 104, 42, 136, 85, 181, 75, 69, 143, 149, 90, 93, 94, 49, 61, 184, 167, 172, 22, 168, 67, 29, 88, 130, 179, 99, 9, 91, 18, 148, 105, 48, 189, 118, 165, 164, 95, 125, 86, 51, 10, 83, 169, 115, 187]
[150, 186, 79, 76, 157, 166, 40, 58, 2, 72, 188, 68, 141, 107, 191, 13, 73, 56, 35, 174, 98, 92, 162, 11, 17, 183, 36, 152, 65, 196, 44, 32, 155, 80, 96, 103, 47, 121, 193, 50, 123, 8, 137, 135, 31, 23, 116, 114, 110, 52, 0, 84, 144, 190, 26, 197, 122, 14, 12, 176, 78, 159, 161, 63, 19, 54, 66, 30, 46, 156, 106, 154, 182, 21, 133, 7, 16, 24, 142, 89, 33, 97, 87, 129, 71, 138, 132, 175, 112, 194, 101, 153, 20, 139, 163, 34, 1, 180, 124, 160]
39101

[30, 66, 161, 63, 19, 159, 78, 122, 197, 26, 190, 84, 0, 52, 114, 116, 110, 120, 45, 171, 109, 28, 183, 36, 123, 137, 198, 6, 81, 117, 15, 62, 43, 187, 169, 51, 10, 83, 47, 165, 86, 125, 95, 164, 103, 96, 80, 99, 155, 179, 130, 188, 72, 2, 68, 141, 107, 13, 191, 59, 192, 127, 166, 40, 29, 67, 180, 1, 167, 34, 168, 139, 163, 22, 172, 149, 90, 94, 184, 49, 138, 85, 70, 37, 129, 71, 82, 61, 53, 108, 106, 156, 46, 119, 111, 126, 185, 54, 41, 134]
[57, 140, 170, 199, 87, 147, 55, 151, 177, 195, 4, 104, 42, 136, 132, 175, 112, 194, 181, 93, 75, 69, 143, 101, 20, 153, 88, 58, 73, 56, 35, 32, 44, 196, 174, 9, 91, 98, 18, 118, 65, 152, 115, 121, 193, 50, 178, 189, 48, 17, 60, 8, 77, 25, 135, 31, 23, 158, 173, 11, 162, 92, 148, 105, 3, 100, 146, 39, 131, 144, 14, 12, 176, 64, 79, 157, 76, 160, 124, 150, 186, 5, 74, 182, 154, 7, 21, 133, 128, 38, 27, 97, 113, 102, 145, 16, 24, 142, 89, 33]
36659

[96, 80, 44, 95, 125, 86, 51, 10, 83, 47, 169, 121, 115, 187, 43, 118, 18, 189, 109, 28, 183, 171, 60, 135, 25, 198, 6, 31, 23, 158, 173, 39, 190, 14, 122, 197, 26, 146, 3, 105, 148, 98, 91, 9, 174, 56, 73, 99, 32, 155, 179, 130, 188, 68, 141, 107, 59, 127, 192, 157, 76, 79, 150, 53, 5, 186, 64, 30, 46, 161, 63, 19, 134, 41, 119, 156, 108, 106, 128, 37, 55, 151, 177, 94, 90, 149, 167, 172, 168, 67, 29, 40, 58, 2, 72, 88, 153, 20, 139, 163]
[180, 124, 160, 1, 34, 22, 143, 101, 69, 75, 93, 181, 194, 112, 175, 132, 136, 42, 104, 4, 195, 70, 85, 138, 49, 184, 71, 129, 38, 27, 147, 87, 199, 170, 140, 57, 97, 113, 102, 145, 142, 89, 33, 24, 16, 7, 21, 133, 82, 61, 74, 182, 154, 111, 126, 185, 54, 66, 176, 12, 78, 159, 144, 84, 131, 0, 52, 114, 116, 110, 120, 45, 11, 162, 92, 48, 17, 36, 137, 8, 77, 81, 123, 117, 50, 193, 62, 15, 178, 65, 152, 165, 164, 103, 196, 35, 13, 191, 100, 166]
40844

[168, 67, 29, 76, 157, 166, 40, 88, 58, 2, 72, 188, 68, 141, 130, 179, 96, 125, 86, 51, 10, 83, 169, 187, 43, 152, 65, 178, 15, 8, 77, 25, 135, 60, 137, 36, 183, 28, 45, 116, 114, 52, 0, 190, 26, 19, 63, 54, 185, 126, 119, 46, 30, 66, 176, 64, 79, 150, 160, 167, 184, 182, 154, 7, 16, 24, 89, 142, 145, 102, 33, 57, 140, 170, 199, 97, 113, 27, 37, 55, 151, 177, 104, 42, 136, 132, 175, 112, 194, 181, 93, 94, 90, 75, 69, 143, 149, 172, 22, 34]
[108, 5, 53, 186, 124, 180, 1, 163, 139, 20, 153, 101, 49, 61, 82, 71, 138, 85, 4, 195, 70, 129, 38, 147, 87, 128, 133, 21, 74, 106, 111, 134, 41, 161, 159, 78, 12, 14, 122, 197, 144, 84, 131, 110, 39, 146, 100, 3, 11, 17, 109, 171, 120, 173, 158, 23, 31, 198, 6, 81, 123, 117, 189, 48, 162, 92, 105, 148, 98, 174, 9, 91, 18, 118, 62, 50, 193, 121, 115, 47, 165, 95, 164, 103, 196, 44, 80, 32, 155, 99, 73, 56, 35, 13, 191, 107, 59, 127, 192, 156]
39180

[4, 177, 151, 55, 195, 37, 70, 129, 38, 27, 147, 87, 113, 97, 199, 170, 140, 57, 33, 89, 24, 16, 142, 102, 145, 106, 156, 119, 111, 126, 185, 134, 41, 54, 19, 63, 161, 66, 64, 150, 124, 160, 79, 76, 157, 127, 192, 78, 159, 14, 144, 0, 114, 116, 110, 52, 84, 190, 26, 39, 146, 11, 17, 109, 45, 171, 23, 31, 77, 8, 137, 123, 117, 152, 65, 18, 98, 189, 148, 105, 13, 191, 107, 2, 72, 153, 20, 101, 75, 69, 143, 90, 94, 93, 181, 194, 112, 136, 104, 42]
[83, 10, 51, 169, 121, 193, 50, 15, 81, 6, 198, 25, 135, 60, 36, 183, 28, 120, 173, 158, 131, 197, 122, 12, 176, 30, 46, 186, 53, 5, 108, 154, 182, 7, 128, 133, 21, 74, 167, 184, 49, 61, 82, 71, 138, 85, 132, 175, 149, 172, 22, 163, 139, 168, 34, 1, 180, 67, 29, 166, 40, 88, 58, 188, 130, 179, 141, 68, 59, 100, 3, 162, 92, 48, 178, 62, 187, 115, 43, 118, 91, 9, 174, 196, 44, 35, 56, 73, 99, 155, 32, 80, 96, 103, 47, 165, 164, 95, 86, 125]
39944

[78, 122, 197, 26, 190, 84, 131, 39, 146, 162, 92, 105, 148, 98, 18, 189, 48, 17, 25, 198, 6, 81, 77, 8, 117, 15, 178, 152, 65, 196, 80, 44, 91, 9, 174, 13, 107, 141, 179, 130, 188, 2, 72, 88, 75, 181, 194, 112, 175, 132, 136, 4, 195, 70, 129, 38, 37, 27, 147, 87, 199, 170, 140, 57, 33, 89, 142, 24, 16, 7, 21, 133, 82, 49, 94, 93, 90, 149, 180, 124, 186, 64, 30, 46, 156, 5, 53, 108, 106, 111, 126, 185, 119, 54, 41, 134, 19, 63, 161, 159]
[110, 116, 114, 52, 0, 144, 14, 12, 176, 66, 74, 154, 182, 128, 145, 102, 113, 97, 55, 151, 177, 42, 104, 85, 138, 71, 61, 184, 167, 172, 22, 143, 69, 101, 153, 20, 139, 163, 29, 67, 168, 34, 1, 160, 150, 79, 76, 157, 192, 127, 59, 166, 40, 58, 68, 73, 56, 35, 32, 99, 155, 96, 103, 164, 165, 95, 125, 86, 51, 10, 83, 169, 121, 115, 193, 50, 62, 187, 43, 47, 118, 191, 100, 3, 11, 173, 158, 120, 45, 171, 109, 28, 183, 36, 123, 137, 60, 135, 31, 23]
38250

[145, 102, 142, 89, 33, 140, 199, 87, 147, 27, 37, 70, 4, 104, 42, 136, 132, 175, 112, 194, 181, 90, 149, 143, 172, 22, 67, 29, 40, 58, 73, 99, 155, 32, 103, 164, 51, 10, 83, 169, 121, 115, 187, 43, 62, 15, 117, 123, 137, 60, 171, 45, 110, 116, 114, 52, 0, 84, 144, 14, 176, 66, 119, 54, 41, 185, 126, 111, 156, 46, 30, 12, 197, 26, 146, 162, 92, 105, 13, 191, 3, 100, 192, 127, 157, 76, 160, 79, 64, 150, 184, 61, 82, 71, 129, 38, 21, 182, 154, 7]
[133, 128, 113, 97, 170, 57, 24, 16, 134, 19, 63, 161, 159, 78, 122, 190, 131, 39, 11, 120, 173, 158, 23, 31, 25, 135, 183, 28, 109, 17, 48, 189, 148, 98, 18, 91, 118, 65, 152, 178, 36, 8, 77, 198, 6, 81, 50, 193, 47, 165, 95, 86, 125, 96, 80, 44, 196, 9, 174, 35, 56, 107, 59, 166, 68, 141, 179, 130, 188, 2, 72, 88, 153, 20, 139, 163, 101, 69, 75, 93, 94, 85, 195, 177, 151, 55, 138, 49, 167, 168, 34, 1, 180, 124, 186, 53, 5, 108, 106, 74]
40327

[120, 45, 171, 48, 189, 18, 91, 98, 13, 107, 191, 3, 100, 146, 26, 197, 122, 14, 159, 63, 19, 134, 41, 111, 154, 182, 21, 133, 74, 108, 5, 186, 150, 79, 157, 76, 160, 124, 53, 184, 167, 149, 143, 69, 90, 94, 49, 61, 82, 71, 129, 38, 128, 145, 16, 24, 142, 89, 33, 87, 147, 27, 55, 151, 177, 4, 104, 42, 136, 132, 175, 112, 194, 181, 93, 75, 101, 163, 139, 20, 153, 88, 188, 130, 179, 155, 99, 164, 125, 86, 95, 47, 115, 187, 62, 15, 117, 183, 28, 173]
[52, 114, 116, 158, 110, 131, 39, 11, 162, 92, 105, 148, 17, 109, 23, 31, 135, 25, 198, 6, 81, 77, 8, 123, 137, 60, 36, 178, 65, 152, 43, 50, 193, 121, 169, 83, 10, 51, 165, 103, 96, 80, 32, 44, 196, 118, 9, 174, 35, 56, 73, 141, 68, 2, 72, 58, 40, 166, 29, 67, 168, 180, 1, 34, 22, 172, 138, 85, 195, 70, 37, 199, 170, 140, 57, 97, 113, 102, 7, 106, 156, 30, 66, 46, 119, 126, 185, 54, 161, 78, 12, 176, 64, 192, 127, 59, 190, 144, 84, 0]
39629

[110, 131, 84, 144, 78, 161, 54, 41, 134, 185, 126, 119, 156, 108, 106, 111, 154, 182, 74, 133, 21, 7, 128, 145, 16, 24, 142, 89, 33, 102, 57, 140, 147, 27, 55, 151, 177, 112, 194, 181, 93, 149, 163, 139, 67, 29, 79, 64, 176, 12, 26, 39, 11, 17, 48, 92, 162, 3, 100, 107, 68, 141, 73, 56, 35, 196, 103, 91, 9, 174, 98, 189, 178, 65, 152, 47, 165, 164, 95, 125, 86, 51, 10, 83, 169, 121, 115, 62, 15, 117, 36, 123, 137, 8, 77, 25, 135, 31, 23, 158]
[166, 59, 191, 13, 44, 96, 80, 32, 99, 155, 179, 130, 188, 72, 2, 58, 40, 88, 153, 20, 101, 75, 69, 143, 90, 94, 175, 132, 136, 42, 104, 4, 195, 85, 138, 49, 129, 70, 37, 38, 87, 199, 170, 97, 113, 71, 82, 61, 184, 167, 172, 22, 168, 34, 1, 180, 124, 160, 150, 186, 53, 5, 46, 30, 66, 63, 19, 159, 14, 122, 197, 190, 0, 52, 114, 116, 173, 120, 45, 171, 109, 28, 183, 60, 198, 6, 81, 50, 193, 187, 43, 118, 18, 148, 105, 146, 192, 127, 157, 76]
39617

[76, 157, 29, 67, 168, 49, 138, 85, 70, 195, 42, 136, 132, 175, 112, 194, 181, 101, 20, 153, 88, 40, 166, 68, 73, 99, 155, 32, 96, 164, 95, 125, 86, 165, 51, 10, 83, 169, 187, 43, 178, 123, 137, 8, 77, 81, 6, 198, 25, 60, 135, 31, 23, 116, 114, 173, 120, 45, 171, 109, 28, 183, 152, 65, 118, 98, 105, 92, 162, 11, 146, 39, 131, 144, 159, 161, 63, 19, 54, 41, 134, 185, 126, 154, 182, 7, 16, 24, 33, 89, 142, 21, 133, 74, 111, 119, 64, 150, 160, 79]
[163, 139, 58, 2, 72, 188, 141, 130, 179, 56, 35, 107, 59, 127, 192, 100, 3, 191, 13, 148, 48, 17, 189, 18, 91, 9, 174, 196, 44, 80, 103, 47, 115, 121, 193, 50, 62, 15, 117, 36, 158, 110, 52, 0, 84, 190, 26, 197, 122, 14, 78, 12, 176, 66, 30, 46, 156, 106, 108, 5, 53, 186, 124, 180, 1, 34, 22, 172, 149, 143, 69, 75, 90, 93, 94, 104, 4, 177, 151, 55, 37, 147, 87, 199, 170, 140, 57, 102, 145, 128, 113, 97, 27, 38, 129, 71, 82, 61, 184, 167]
39224

[178, 62, 43, 187, 115, 51, 10, 103, 96, 80, 32, 155, 99, 73, 56, 35, 13, 107, 141, 68, 2, 72, 58, 168, 34, 1, 180, 124, 184, 61, 82, 138, 85, 49, 167, 172, 22, 149, 90, 181, 194, 136, 104, 177, 151, 55, 37, 27, 147, 87, 97, 113, 33, 89, 142, 24, 16, 7, 182, 154, 106, 108, 156, 111, 126, 185, 41, 134, 19, 63, 161, 66, 176, 12, 14, 122, 197, 26, 190, 131, 110, 158, 173, 120, 45, 171, 28, 183, 137, 123, 36, 189, 148, 105, 92, 191, 18, 118, 152, 65]
[145, 102, 57, 140, 170, 199, 128, 133, 21, 74, 53, 5, 186, 150, 79, 64, 30, 46, 119, 54, 159, 78, 144, 84, 0, 52, 114, 116, 39, 11, 146, 192, 127, 59, 100, 3, 162, 48, 17, 109, 23, 31, 135, 60, 25, 198, 6, 81, 77, 8, 117, 15, 50, 193, 121, 169, 83, 47, 165, 95, 86, 125, 164, 91, 98, 9, 174, 196, 44, 179, 130, 188, 166, 157, 76, 160, 67, 29, 40, 88, 153, 20, 139, 163, 101, 143, 69, 75, 93, 94, 112, 175, 132, 42, 4, 195, 70, 38, 71, 129]
38871

[193, 50, 15, 36, 60, 135, 158, 116, 114, 110, 146, 127, 192, 12, 78, 159, 176, 66, 119, 111, 106, 7, 16, 24, 142, 89, 33, 57, 140, 170, 199, 97, 113, 102, 145, 128, 71, 138, 195, 4, 104, 42, 136, 112, 194, 181, 85, 49, 167, 184, 61, 82, 53, 5, 124, 180, 172, 22, 163, 20, 139, 168, 29, 40, 166, 59, 100, 3, 162, 92, 191, 13, 107, 68, 2, 72, 188, 141, 73, 56, 35, 174, 9, 91, 196, 96, 103, 164, 125, 86, 95, 165, 51, 10, 83, 169, 121, 115, 187, 62]
[47, 118, 44, 80, 32, 99, 155, 179, 130, 58, 88, 153, 101, 75, 69, 143, 149, 90, 93, 94, 175, 132, 177, 151, 55, 147, 87, 27, 38, 37, 70, 129, 133, 21, 74, 182, 154, 126, 185, 134, 41, 54, 19, 63, 161, 30, 46, 156, 108, 186, 150, 160, 1, 34, 67, 76, 157, 79, 64, 14, 122, 197, 26, 190, 144, 84, 0, 52, 131, 39, 11, 105, 148, 98, 18, 189, 48, 17, 109, 28, 183, 171, 45, 120, 173, 23, 31, 25, 198, 6, 81, 77, 8, 137, 123, 117, 178, 65, 152, 43]
39641

[152, 65, 178, 50, 193, 121, 169, 83, 10, 51, 165, 95, 86, 125, 164, 103, 96, 155, 68, 2, 72, 58, 166, 157, 76, 29, 163, 139, 20, 153, 101, 22, 172, 34, 1, 180, 124, 160, 61, 82, 129, 71, 184, 49, 138, 85, 195, 177, 151, 55, 147, 87, 199, 170, 140, 57, 102, 145, 142, 89, 33, 24, 16, 7, 182, 154, 119, 161, 176, 12, 78, 14, 122, 144, 84, 190, 26, 146, 162, 48, 17, 131, 0, 52, 110, 114, 116, 158, 135, 137, 77, 8, 123, 36, 189, 98, 174, 9, 91, 18]
[126, 111, 106, 156, 46, 30, 66, 64, 3, 100, 59, 127, 192, 79, 150, 186, 5, 108, 53, 74, 21, 133, 128, 113, 97, 27, 38, 37, 70, 4, 104, 42, 136, 132, 175, 112, 194, 181, 75, 69, 143, 149, 90, 93, 94, 167, 168, 67, 88, 40, 188, 130, 179, 141, 107, 191, 92, 105, 148, 13, 35, 56, 73, 99, 32, 80, 44, 196, 118, 47, 115, 187, 43, 62, 15, 117, 81, 6, 198, 25, 60, 183, 109, 28, 31, 23, 173, 120, 171, 45, 11, 39, 197, 159, 19, 63, 54, 41, 134, 185]
40094

[184, 167, 180, 1, 34, 168, 67, 29, 157, 76, 79, 150, 46, 119, 185, 54, 19, 63, 161, 159, 78, 122, 197, 26, 92, 105, 148, 48, 17, 25, 198, 6, 81, 77, 8, 137, 123, 117, 15, 43, 83, 10, 47, 152, 65, 189, 18, 91, 9, 174, 98, 13, 35, 56, 73, 179, 130, 141, 68, 188, 72, 2, 58, 40, 88, 139, 163, 22, 172, 149, 143, 69, 90, 93, 42, 104, 4, 177, 151, 55, 27, 147, 87, 199, 170, 140, 57, 97, 113, 102, 142, 24, 16, 7, 111, 154, 182, 71, 82, 61]
[186, 5, 108, 106, 156, 126, 134, 41, 66, 30, 64, 176, 12, 14, 144, 190, 146, 11, 39, 131, 84, 0, 52, 114, 116, 110, 158, 173, 120, 45, 171, 109, 28, 183, 23, 31, 135, 60, 36, 178, 62, 50, 193, 187, 115, 121, 169, 51, 86, 125, 95, 165, 164, 103, 118, 196, 44, 96, 80, 32, 155, 99, 107, 191, 162, 3, 100, 59, 192, 127, 166, 160, 124, 20, 153, 101, 75, 181, 194, 112, 175, 132, 136, 85, 94, 49, 138, 195, 37, 70, 129, 38, 128, 33, 89, 145, 133, 21, 74, 53]
38804

[61, 82, 49, 138, 71, 129, 70, 37, 38, 27, 113, 97, 87, 147, 55, 151, 177, 195, 104, 42, 136, 132, 175, 112, 194, 181, 75, 69, 101, 153, 20, 139, 163, 67, 29, 88, 40, 68, 141, 73, 99, 44, 196, 164, 95, 125, 86, 165, 51, 10, 83, 169, 187, 43, 178, 189, 36, 123, 137, 8, 77, 81, 6, 198, 25, 31, 23, 135, 60, 183, 11, 39, 146, 3, 162, 92, 18, 9, 174, 35, 56, 107, 157, 76, 79, 150, 186, 53, 5, 108, 111, 185, 41, 134, 126, 154, 182, 7, 21, 133]
[4, 85, 94, 149, 172, 167, 184, 128, 102, 57, 170, 199, 140, 33, 89, 142, 24, 16, 145, 74, 106, 156, 30, 46, 119, 54, 19, 63, 161, 66, 176, 159, 78, 14, 122, 190, 144, 84, 131, 0, 52, 110, 114, 116, 158, 173, 120, 45, 171, 28, 109, 17, 48, 148, 105, 191, 13, 98, 91, 118, 65, 152, 62, 15, 117, 50, 193, 121, 115, 47, 103, 96, 80, 32, 155, 179, 130, 188, 72, 2, 58, 166, 127, 192, 59, 100, 26, 197, 12, 64, 160, 124, 180, 1, 34, 168, 22, 143, 90, 93]
38683

[88, 40, 58, 2, 72, 188, 68, 141, 73, 32, 44, 196, 118, 65, 152, 178, 189, 28, 183, 36, 60, 135, 31, 23, 158, 173, 120, 171, 45, 110, 116, 114, 52, 0, 144, 14, 122, 26, 39, 146, 92, 162, 3, 100, 191, 107, 166, 29, 67, 180, 124, 150, 30, 66, 161, 63, 19, 54, 41, 134, 185, 126, 154, 182, 7, 21, 133, 74, 71, 129, 128, 145, 102, 142, 16, 24, 89, 33, 57, 140, 170, 199, 97, 113, 87, 147, 27, 37, 70, 195, 177, 4, 104, 85, 167, 172, 20, 153, 139, 163]
[151, 55, 38, 82, 61, 53, 186, 5, 108, 106, 156, 46, 111, 119, 159, 78, 176, 64, 79, 160, 76, 157, 127, 59, 192, 12, 197, 190, 84, 131, 11, 109, 17, 48, 148, 105, 13, 56, 35, 174, 9, 91, 98, 18, 43, 115, 187, 62, 15, 117, 123, 137, 25, 198, 6, 81, 77, 8, 50, 193, 121, 169, 47, 83, 10, 51, 86, 125, 95, 165, 164, 103, 96, 80, 99, 155, 179, 130, 101, 69, 75, 90, 149, 143, 22, 168, 34, 1, 184, 49, 138, 94, 93, 181, 194, 112, 175, 132, 136, 42]
39604

[40, 107, 56, 73, 99, 155, 32, 80, 96, 103, 164, 125, 86, 95, 165, 47, 83, 169, 121, 193, 81, 6, 198, 25, 77, 8, 137, 123, 36, 183, 28, 109, 17, 48, 189, 18, 98, 148, 105, 92, 162, 11, 110, 131, 84, 144, 122, 14, 12, 78, 159, 19, 63, 161, 186, 5, 53, 133, 113, 97, 57, 140, 170, 199, 87, 147, 27, 37, 38, 129, 70, 55, 151, 177, 195, 85, 94, 93, 112, 132, 175, 194, 181, 75, 90, 149, 172, 22, 143, 69, 101, 153, 20, 139, 163, 29, 76, 157, 127, 166]
[42, 136, 138, 49, 184, 167, 180, 1, 34, 168, 67, 88, 58, 72, 2, 68, 188, 130, 179, 141, 59, 100, 3, 191, 13, 35, 44, 196, 174, 9, 91, 118, 65, 152, 43, 10, 51, 115, 187, 62, 50, 15, 178, 117, 60, 135, 31, 23, 171, 45, 120, 173, 158, 116, 114, 52, 0, 190, 197, 26, 39, 146, 192, 160, 124, 150, 79, 64, 176, 66, 30, 46, 119, 54, 41, 134, 185, 126, 111, 156, 106, 108, 74, 154, 182, 21, 7, 16, 24, 142, 89, 33, 102, 145, 128, 82, 61, 71, 4, 104]
37773

[140, 170, 57, 97, 113, 38, 37, 70, 129, 71, 82, 61, 49, 184, 167, 53, 108, 106, 74, 21, 133, 128, 145, 7, 126, 185, 63, 19, 144, 190, 197, 26, 146, 192, 127, 100, 3, 162, 92, 48, 0, 52, 110, 45, 171, 109, 28, 183, 36, 137, 123, 50, 193, 121, 169, 115, 187, 43, 152, 65, 178, 17, 189, 18, 91, 9, 174, 73, 141, 68, 2, 72, 58, 88, 40, 157, 76, 1, 34, 67, 168, 163, 20, 101, 69, 143, 149, 90, 75, 181, 194, 112, 175, 132, 42, 104, 177, 151, 55, 199]
[156, 5, 124, 180, 29, 166, 59, 107, 191, 13, 56, 35, 44, 196, 98, 148, 105, 11, 39, 131, 84, 114, 116, 120, 173, 158, 23, 31, 135, 60, 25, 198, 6, 81, 77, 8, 117, 15, 62, 118, 47, 83, 10, 51, 165, 86, 125, 95, 164, 103, 96, 80, 32, 99, 155, 179, 130, 188, 153, 139, 22, 172, 93, 94, 85, 136, 4, 195, 138, 27, 147, 87, 102, 33, 89, 142, 24, 16, 182, 154, 111, 119, 46, 30, 66, 54, 41, 134, 161, 159, 78, 14, 122, 12, 176, 64, 79, 160, 150, 186]
41138

[60, 183, 28, 171, 158, 173, 120, 45, 109, 48, 92, 105, 148, 189, 18, 118, 91, 98, 9, 174, 44, 32, 99, 40, 166, 127, 192, 12, 176, 66, 30, 46, 54, 63, 19, 134, 41, 185, 119, 156, 108, 5, 53, 167, 184, 61, 82, 71, 70, 104, 42, 136, 85, 138, 49, 94, 93, 90, 69, 143, 149, 172, 34, 1, 180, 124, 160, 67, 29, 88, 58, 188, 130, 179, 155, 80, 96, 125, 86, 95, 51, 10, 83, 47, 169, 121, 115, 193, 50, 62, 187, 43, 152, 65, 178, 15, 117, 123, 135, 25]
[101, 75, 181, 194, 112, 175, 132, 4, 195, 177, 151, 55, 37, 38, 129, 128, 145, 102, 113, 97, 27, 147, 87, 199, 170, 140, 57, 33, 89, 142, 24, 16, 7, 133, 21, 182, 154, 74, 106, 111, 126, 161, 159, 78, 14, 122, 144, 190, 26, 197, 64, 186, 150, 79, 76, 157, 59, 100, 3, 191, 13, 162, 11, 146, 39, 131, 84, 0, 52, 110, 114, 116, 23, 31, 198, 6, 81, 77, 8, 137, 36, 17, 165, 164, 103, 196, 35, 56, 73, 107, 141, 68, 2, 72, 153, 20, 139, 163, 168, 22]
39524

[79, 160, 76, 157, 12, 14, 122, 144, 0, 52, 110, 114, 116, 158, 173, 120, 45, 171, 23, 31, 135, 183, 28, 109, 17, 48, 189, 92, 105, 148, 98, 9, 91, 118, 164, 95, 86, 125, 96, 80, 196, 174, 35, 56, 73, 179, 130, 72, 2, 58, 166, 40, 88, 153, 20, 139, 163, 168, 67, 1, 34, 22, 172, 149, 93, 112, 175, 132, 42, 104, 177, 151, 55, 70, 129, 71, 82, 61, 133, 21, 182, 154, 74, 106, 108, 5, 53, 150, 186, 156, 119, 185, 134, 41, 54, 46, 30, 66, 176, 64]
[6, 198, 25, 60, 137, 36, 178, 62, 187, 115, 43, 152, 65, 18, 13, 191, 100, 3, 162, 11, 146, 39, 131, 84, 190, 26, 197, 78, 159, 161, 63, 19, 126, 111, 7, 128, 145, 102, 142, 16, 24, 89, 33, 57, 140, 170, 199, 97, 113, 87, 147, 27, 38, 37, 195, 4, 136, 194, 181, 75, 69, 101, 143, 90, 94, 85, 138, 49, 184, 167, 180, 124, 29, 127, 192, 59, 107, 68, 188, 141, 155, 99, 32, 44, 103, 165, 47, 83, 10, 51, 169, 121, 193, 50, 15, 117, 123, 8, 77, 81]
37199

[157, 192, 127, 59, 105, 148, 92, 11, 146, 39, 131, 114, 116, 23, 31, 198, 6, 81, 77, 8, 50, 193, 121, 169, 115, 187, 43, 118, 91, 56, 179, 130, 188, 2, 72, 88, 153, 20, 139, 163, 22, 149, 90, 143, 101, 69, 75, 194, 175, 132, 85, 138, 71, 129, 70, 195, 177, 151, 55, 37, 38, 27, 147, 87, 199, 170, 140, 57, 97, 113, 102, 33, 89, 133, 21, 182, 154, 106, 108, 74, 82, 61, 167, 172, 1, 160, 76, 79, 64, 12, 176, 63, 19, 134, 41, 185, 119, 46, 30, 66]
[165, 95, 86, 125, 164, 103, 96, 80, 44, 196, 174, 9, 98, 18, 189, 17, 109, 48, 162, 3, 100, 191, 13, 35, 32, 155, 99, 73, 107, 141, 68, 58, 40, 166, 29, 67, 168, 34, 180, 124, 150, 186, 156, 5, 53, 184, 49, 94, 93, 181, 112, 136, 42, 104, 4, 128, 145, 142, 24, 16, 7, 111, 126, 54, 161, 159, 78, 14, 122, 197, 26, 190, 144, 84, 0, 52, 110, 158, 173, 120, 45, 171, 28, 183, 36, 60, 135, 25, 137, 123, 117, 15, 62, 178, 65, 152, 47, 10, 51, 83]
38873

[137, 36, 178, 62, 43, 187, 115, 121, 169, 83, 10, 164, 103, 96, 80, 196, 44, 32, 99, 155, 179, 130, 141, 68, 107, 59, 127, 166, 40, 29, 67, 34, 168, 163, 139, 20, 153, 101, 143, 69, 75, 94, 138, 85, 175, 132, 42, 104, 177, 151, 55, 37, 38, 27, 147, 87, 102, 145, 128, 71, 82, 61, 124, 160, 150, 186, 156, 119, 54, 19, 63, 161, 159, 78, 197, 26, 190, 144, 84, 110, 173, 120, 11, 92, 162, 3, 100, 191, 13, 91, 118, 18, 189, 28, 183, 60, 135, 198, 6, 81]
[129, 70, 195, 4, 136, 112, 194, 181, 93, 90, 149, 172, 22, 88, 58, 2, 72, 188, 73, 56, 35, 174, 9, 98, 148, 105, 48, 109, 17, 65, 152, 47, 165, 95, 125, 86, 51, 193, 50, 15, 117, 123, 8, 77, 25, 31, 23, 171, 45, 158, 116, 114, 52, 0, 131, 39, 146, 192, 157, 76, 79, 64, 122, 14, 12, 176, 66, 30, 46, 41, 134, 185, 126, 111, 154, 182, 7, 16, 24, 142, 89, 33, 57, 140, 170, 199, 97, 113, 133, 21, 74, 106, 108, 5, 53, 180, 1, 167, 184, 49]
39429

[66, 119, 111, 74, 128, 113, 57, 140, 170, 199, 147, 151, 177, 195, 138, 85, 4, 104, 42, 136, 132, 175, 112, 194, 181, 94, 93, 75, 69, 101, 143, 172, 34, 1, 180, 124, 160, 79, 150, 186, 106, 156, 46, 30, 64, 176, 12, 192, 127, 59, 166, 40, 188, 68, 141, 130, 179, 103, 164, 169, 121, 115, 43, 187, 193, 50, 62, 15, 117, 178, 189, 48, 17, 109, 28, 183, 36, 123, 137, 60, 135, 25, 8, 77, 81, 6, 198, 31, 23, 171, 45, 120, 173, 158, 116, 114, 110, 78, 159, 161]
[38, 27, 87, 97, 33, 89, 24, 16, 142, 102, 145, 7, 133, 21, 182, 154, 126, 185, 134, 41, 54, 63, 19, 14, 122, 197, 26, 190, 144, 84, 0, 52, 131, 39, 11, 146, 100, 3, 162, 92, 105, 148, 18, 118, 65, 152, 47, 83, 10, 51, 165, 95, 86, 125, 96, 80, 196, 44, 32, 155, 99, 73, 56, 35, 174, 9, 91, 98, 13, 191, 107, 2, 72, 58, 88, 153, 20, 139, 163, 22, 149, 90, 49, 184, 167, 168, 67, 29, 157, 76, 5, 108, 53, 61, 82, 71, 129, 70, 55, 37]
37245

[123, 8, 77, 81, 6, 198, 25, 137, 60, 135, 31, 23, 158, 173, 120, 116, 114, 0, 52, 110, 39, 131, 84, 144, 122, 14, 78, 159, 19, 63, 54, 185, 41, 134, 16, 7, 111, 126, 119, 156, 108, 5, 53, 186, 64, 79, 76, 157, 29, 67, 168, 34, 180, 1, 172, 149, 49, 71, 129, 70, 38, 27, 147, 37, 55, 151, 177, 195, 138, 85, 132, 175, 93, 69, 20, 153, 58, 2, 72, 188, 130, 179, 107, 13, 35, 56, 80, 96, 103, 164, 95, 125, 86, 51, 10, 47, 17, 28, 183, 36]
[128, 113, 102, 145, 142, 24, 89, 33, 57, 140, 170, 199, 97, 87, 4, 104, 42, 136, 112, 194, 181, 75, 101, 139, 88, 68, 141, 73, 99, 155, 32, 44, 196, 174, 9, 91, 118, 165, 83, 169, 121, 115, 187, 193, 50, 15, 117, 178, 62, 43, 152, 65, 18, 98, 191, 162, 92, 105, 148, 189, 48, 109, 171, 45, 11, 146, 26, 190, 197, 12, 176, 161, 66, 46, 30, 192, 127, 3, 100, 59, 166, 40, 163, 22, 143, 90, 94, 82, 61, 184, 167, 124, 160, 150, 106, 154, 182, 21, 133, 74]
41350

[116, 114, 0, 84, 190, 26, 197, 122, 12, 176, 66, 30, 46, 119, 54, 41, 134, 185, 126, 111, 154, 182, 21, 133, 7, 16, 24, 102, 113, 27, 37, 38, 129, 71, 82, 61, 184, 167, 20, 153, 139, 163, 67, 29, 160, 79, 76, 157, 166, 2, 72, 188, 130, 179, 107, 191, 13, 174, 9, 91, 18, 98, 148, 189, 65, 152, 118, 196, 44, 80, 96, 103, 165, 47, 115, 187, 43, 62, 15, 117, 123, 137, 8, 77, 81, 6, 198, 25, 60, 183, 28, 109, 17, 48, 45, 11, 39, 131, 52, 110]
[124, 180, 1, 34, 168, 22, 172, 143, 101, 69, 75, 149, 90, 94, 93, 181, 194, 112, 175, 132, 136, 42, 104, 4, 85, 49, 138, 70, 195, 177, 151, 55, 147, 87, 97, 199, 170, 140, 57, 33, 89, 142, 145, 128, 74, 53, 5, 108, 106, 156, 161, 63, 19, 159, 78, 14, 144, 171, 120, 173, 158, 23, 31, 135, 36, 178, 50, 193, 121, 169, 83, 10, 51, 86, 125, 95, 164, 32, 155, 99, 35, 56, 73, 141, 68, 58, 88, 40, 127, 192, 59, 100, 3, 105, 92, 162, 146, 64, 186, 150]
37248

[115, 187, 43, 152, 65, 118, 47, 169, 121, 193, 50, 62, 15, 137, 60, 135, 23, 171, 45, 183, 36, 28, 109, 17, 48, 11, 39, 26, 197, 78, 159, 19, 63, 111, 154, 182, 21, 7, 16, 24, 33, 57, 140, 170, 199, 147, 151, 177, 4, 104, 42, 136, 85, 94, 93, 90, 143, 69, 75, 101, 20, 163, 22, 172, 49, 71, 82, 53, 30, 64, 79, 150, 124, 180, 160, 76, 157, 192, 127, 59, 166, 40, 58, 68, 141, 107, 56, 35, 32, 80, 96, 103, 164, 165, 95, 125, 86, 51, 83, 10]
[54, 161, 176, 12, 14, 122, 190, 144, 84, 131, 0, 52, 114, 116, 110, 120, 173, 158, 31, 25, 198, 6, 81, 77, 8, 123, 117, 178, 189, 18, 148, 105, 92, 162, 146, 100, 3, 191, 13, 98, 91, 9, 174, 196, 44, 155, 99, 73, 179, 130, 188, 2, 72, 88, 153, 139, 29, 67, 168, 34, 149, 181, 194, 112, 175, 132, 138, 129, 38, 70, 195, 55, 37, 27, 87, 97, 113, 102, 89, 142, 145, 128, 133, 74, 61, 184, 167, 1, 186, 5, 108, 106, 156, 46, 66, 119, 185, 41, 134, 126]
39129

[111, 154, 7, 16, 24, 142, 102, 38, 27, 37, 55, 151, 177, 195, 70, 129, 71, 138, 49, 22, 139, 153, 88, 72, 2, 188, 130, 179, 56, 35, 99, 155, 32, 44, 196, 80, 96, 125, 86, 95, 51, 10, 83, 169, 187, 43, 62, 50, 15, 117, 178, 189, 48, 171, 120, 110, 116, 114, 52, 0, 144, 84, 131, 39, 146, 11, 162, 3, 100, 59, 192, 127, 166, 40, 157, 76, 79, 160, 124, 180, 167, 184, 61, 82, 53, 5, 186, 150, 64, 30, 66, 176, 159, 161, 54, 41, 134, 185, 119, 126]
[103, 164, 165, 47, 115, 121, 193, 123, 8, 77, 81, 6, 198, 25, 137, 60, 135, 31, 23, 158, 173, 28, 183, 36, 17, 109, 45, 190, 26, 197, 122, 14, 12, 78, 19, 63, 46, 156, 106, 108, 74, 182, 21, 133, 128, 145, 89, 33, 57, 140, 170, 199, 97, 113, 87, 147, 4, 104, 42, 136, 132, 175, 112, 194, 181, 85, 94, 93, 75, 90, 149, 172, 143, 69, 101, 20, 163, 168, 34, 1, 67, 29, 58, 68, 141, 73, 107, 13, 191, 92, 105, 148, 98, 174, 9, 91, 18, 118, 152, 65]
38310

[156, 106, 30, 46, 119, 111, 126, 185, 134, 41, 54, 19, 63, 161, 159, 78, 122, 197, 190, 26, 192, 59, 100, 3, 146, 39, 131, 52, 110, 17, 109, 28, 183, 36, 178, 62, 152, 65, 118, 91, 98, 9, 174, 47, 165, 95, 86, 125, 164, 103, 96, 80, 196, 44, 32, 155, 179, 2, 72, 88, 153, 101, 69, 75, 181, 194, 112, 175, 132, 136, 42, 104, 4, 177, 151, 37, 38, 27, 199, 170, 140, 57, 33, 102, 128, 82, 61, 49, 172, 22, 168, 67, 124, 160, 76, 79, 150, 186, 5, 108]
[85, 138, 71, 129, 70, 195, 55, 147, 87, 97, 113, 142, 89, 24, 16, 145, 7, 133, 21, 182, 154, 74, 53, 184, 167, 34, 1, 180, 64, 66, 176, 12, 14, 144, 84, 0, 114, 116, 120, 173, 158, 23, 31, 135, 60, 25, 198, 6, 81, 77, 8, 137, 123, 117, 15, 50, 193, 121, 169, 51, 10, 83, 115, 187, 43, 18, 148, 189, 48, 171, 45, 11, 162, 92, 105, 191, 13, 35, 56, 99, 73, 107, 68, 141, 130, 188, 58, 40, 166, 127, 157, 29, 139, 20, 163, 143, 149, 90, 93, 94]
38427

[109, 17, 28, 171, 48, 92, 162, 3, 191, 13, 174, 9, 91, 65, 152, 178, 62, 43, 187, 115, 47, 86, 125, 95, 164, 96, 80, 196, 44, 32, 73, 107, 141, 68, 58, 40, 88, 153, 20, 139, 163, 34, 160, 79, 64, 30, 46, 156, 106, 108, 5, 186, 150, 124, 172, 22, 143, 69, 149, 90, 93, 94, 49, 37, 38, 27, 147, 87, 199, 170, 140, 57, 97, 113, 128, 126, 185, 134, 41, 54, 19, 63, 161, 176, 12, 100, 146, 39, 0, 52, 114, 116, 110, 158, 23, 135, 25, 60, 36, 183]
[18, 118, 103, 165, 51, 10, 83, 169, 121, 193, 50, 15, 117, 123, 137, 8, 77, 81, 6, 198, 31, 173, 120, 45, 11, 131, 84, 144, 190, 26, 197, 122, 14, 78, 159, 66, 119, 111, 154, 182, 7, 16, 24, 142, 89, 33, 102, 145, 133, 21, 74, 53, 180, 1, 167, 184, 61, 82, 71, 129, 70, 138, 85, 195, 55, 151, 177, 4, 104, 42, 136, 132, 175, 112, 194, 181, 75, 101, 168, 67, 29, 76, 157, 192, 127, 59, 166, 2, 72, 188, 130, 179, 155, 99, 56, 35, 98, 105, 148, 189]
38362

[168, 88, 40, 58, 2, 72, 130, 179, 73, 99, 155, 32, 80, 44, 162, 92, 105, 148, 189, 48, 17, 109, 60, 137, 123, 178, 62, 15, 117, 8, 77, 81, 6, 198, 25, 135, 31, 23, 158, 173, 120, 11, 146, 39, 190, 26, 197, 122, 14, 159, 63, 19, 134, 41, 66, 30, 186, 150, 79, 160, 124, 180, 1, 53, 5, 154, 16, 24, 142, 89, 33, 57, 140, 170, 199, 97, 113, 87, 147, 27, 38, 37, 55, 151, 177, 4, 104, 42, 136, 132, 175, 112, 194, 181, 93, 94, 90, 149, 22, 34]
[74, 108, 106, 156, 46, 119, 111, 126, 185, 54, 161, 78, 12, 176, 64, 76, 157, 192, 144, 84, 131, 0, 52, 114, 116, 110, 45, 171, 28, 183, 36, 50, 193, 121, 115, 187, 43, 152, 65, 47, 169, 83, 10, 51, 165, 95, 86, 125, 164, 103, 96, 196, 118, 91, 18, 98, 9, 174, 35, 56, 141, 188, 68, 107, 13, 191, 3, 100, 59, 127, 166, 29, 67, 163, 139, 20, 153, 101, 75, 69, 143, 172, 167, 184, 49, 138, 85, 195, 70, 129, 71, 82, 61, 133, 21, 182, 7, 145, 102, 128]
36390

[52, 110, 116, 114, 0, 161, 63, 19, 54, 41, 134, 185, 126, 119, 46, 156, 186, 160, 124, 180, 1, 53, 5, 108, 106, 74, 182, 21, 133, 7, 16, 24, 57, 140, 170, 199, 38, 82, 61, 184, 104, 136, 94, 93, 75, 69, 101, 166, 107, 141, 68, 188, 130, 179, 155, 99, 32, 80, 96, 164, 125, 86, 95, 47, 43, 187, 115, 193, 50, 15, 117, 8, 77, 81, 6, 198, 25, 137, 123, 178, 152, 65, 118, 91, 9, 174, 35, 56, 73, 148, 105, 45, 171, 120, 173, 158, 23, 31, 135, 60]
[181, 90, 167, 34, 22, 172, 149, 143, 163, 139, 20, 153, 88, 72, 2, 58, 40, 29, 168, 67, 76, 157, 192, 127, 59, 100, 3, 191, 13, 98, 18, 196, 44, 103, 165, 51, 10, 83, 169, 121, 62, 36, 183, 28, 109, 17, 48, 189, 92, 162, 11, 146, 39, 131, 84, 144, 190, 26, 197, 122, 14, 12, 78, 159, 176, 64, 79, 150, 30, 66, 111, 154, 128, 145, 102, 142, 89, 33, 113, 97, 87, 147, 27, 37, 70, 195, 138, 129, 71, 49, 85, 4, 177, 55, 151, 42, 112, 194, 175, 132]
40938

[85, 195, 37, 38, 27, 147, 87, 97, 113, 102, 142, 24, 16, 7, 21, 182, 154, 111, 126, 134, 41, 185, 119, 156, 108, 5, 53, 67, 29, 166, 127, 192, 157, 79, 64, 54, 19, 63, 161, 159, 78, 122, 197, 26, 190, 131, 52, 110, 39, 146, 11, 162, 48, 109, 28, 137, 8, 123, 117, 43, 165, 95, 86, 125, 164, 103, 96, 80, 155, 99, 32, 44, 196, 174, 9, 98, 35, 56, 73, 68, 58, 40, 88, 153, 20, 139, 163, 22, 143, 101, 69, 75, 93, 94, 167, 184, 61, 82, 49, 138]
[4, 177, 151, 55, 70, 129, 71, 128, 199, 170, 140, 57, 33, 89, 145, 133, 74, 106, 46, 30, 66, 176, 12, 14, 144, 84, 0, 114, 116, 120, 173, 158, 23, 171, 45, 92, 105, 148, 189, 17, 183, 36, 60, 135, 31, 25, 198, 6, 81, 77, 50, 193, 121, 169, 51, 10, 83, 47, 115, 187, 62, 15, 178, 152, 65, 118, 91, 18, 13, 191, 107, 141, 179, 130, 188, 72, 2, 3, 100, 59, 76, 160, 150, 186, 124, 180, 1, 34, 168, 172, 149, 90, 181, 194, 112, 175, 132, 136, 42, 104]
38524

[69, 101, 153, 20, 139, 163, 168, 67, 29, 40, 58, 2, 72, 188, 141, 130, 179, 155, 44, 196, 18, 189, 48, 17, 109, 171, 28, 183, 36, 178, 152, 47, 95, 125, 86, 51, 10, 169, 121, 193, 50, 62, 15, 117, 123, 137, 60, 135, 8, 77, 81, 6, 198, 25, 31, 23, 158, 173, 11, 162, 191, 107, 166, 157, 76, 160, 150, 79, 64, 122, 52, 0, 14, 78, 159, 46, 106, 108, 53, 74, 182, 154, 7, 21, 133, 128, 145, 142, 89, 102, 113, 42, 132, 175, 112, 194, 181, 75, 93, 90]
[12, 176, 30, 66, 161, 63, 19, 54, 41, 134, 185, 126, 111, 119, 156, 5, 186, 124, 180, 1, 34, 167, 184, 61, 82, 16, 24, 33, 57, 140, 170, 199, 97, 87, 147, 27, 37, 38, 129, 70, 195, 55, 151, 177, 4, 104, 136, 85, 138, 71, 49, 94, 149, 143, 172, 22, 88, 68, 99, 32, 80, 96, 103, 164, 165, 83, 115, 187, 43, 65, 118, 91, 98, 9, 174, 35, 56, 73, 13, 100, 3, 92, 105, 148, 45, 120, 116, 114, 110, 131, 84, 144, 197, 26, 190, 39, 146, 59, 192, 127]
40631

[127, 192, 26, 39, 146, 11, 48, 28, 183, 36, 117, 123, 137, 60, 135, 31, 23, 173, 131, 84, 144, 190, 197, 122, 14, 159, 19, 63, 66, 30, 46, 119, 21, 133, 128, 113, 97, 57, 140, 170, 199, 87, 147, 27, 38, 37, 70, 55, 151, 177, 195, 4, 104, 42, 136, 132, 175, 112, 194, 181, 75, 101, 153, 69, 93, 94, 90, 149, 143, 22, 29, 40, 68, 141, 155, 99, 32, 44, 196, 80, 96, 125, 86, 95, 83, 169, 121, 115, 193, 50, 62, 187, 43, 152, 65, 118, 18, 105, 100, 59]
[76, 157, 166, 3, 162, 92, 148, 189, 17, 109, 171, 45, 120, 110, 52, 0, 114, 116, 158, 25, 198, 6, 81, 77, 8, 15, 178, 47, 10, 51, 165, 164, 103, 91, 9, 174, 98, 13, 191, 107, 35, 56, 73, 179, 130, 188, 72, 2, 58, 88, 139, 20, 163, 172, 167, 184, 49, 85, 138, 129, 71, 82, 61, 53, 5, 186, 156, 106, 108, 74, 145, 102, 33, 89, 142, 24, 16, 7, 182, 154, 111, 126, 185, 134, 41, 54, 161, 78, 12, 176, 64, 79, 150, 160, 124, 180, 67, 168, 34, 1]
38084

[132, 175, 112, 194, 181, 75, 69, 101, 163, 139, 20, 153, 88, 58, 2, 72, 188, 68, 141, 130, 179, 73, 99, 155, 32, 44, 196, 80, 96, 103, 165, 47, 43, 152, 65, 189, 18, 98, 148, 48, 137, 8, 77, 81, 6, 198, 25, 31, 23, 116, 114, 110, 84, 190, 26, 146, 3, 191, 107, 40, 166, 127, 192, 157, 76, 160, 29, 67, 1, 180, 124, 150, 30, 46, 119, 156, 106, 108, 74, 21, 133, 82, 71, 49, 138, 70, 37, 38, 27, 113, 97, 170, 140, 199, 87, 147, 4, 104, 136, 42]
[134, 41, 126, 7, 182, 154, 111, 185, 54, 19, 63, 161, 159, 78, 176, 66, 64, 12, 14, 122, 197, 144, 0, 52, 131, 39, 11, 173, 158, 120, 45, 171, 109, 17, 28, 183, 36, 60, 135, 123, 117, 15, 178, 62, 50, 193, 187, 115, 121, 169, 83, 10, 51, 86, 125, 95, 164, 118, 91, 9, 174, 35, 56, 13, 105, 92, 162, 100, 59, 79, 186, 5, 53, 61, 184, 167, 34, 168, 22, 172, 143, 149, 90, 93, 94, 85, 195, 177, 151, 55, 129, 128, 145, 16, 24, 89, 142, 102, 57, 33]
39448

[181, 93, 94, 90, 149, 75, 69, 101, 153, 20, 139, 143, 22, 172, 34, 1, 180, 124, 160, 79, 76, 157, 29, 40, 188, 130, 179, 141, 68, 107, 18, 118, 91, 174, 35, 56, 73, 99, 155, 125, 86, 51, 10, 83, 169, 115, 187, 43, 152, 65, 178, 117, 8, 81, 77, 25, 135, 60, 109, 17, 11, 146, 39, 131, 84, 190, 26, 197, 12, 176, 64, 30, 156, 108, 5, 53, 74, 154, 182, 21, 133, 128, 113, 97, 87, 27, 38, 37, 70, 129, 184, 167, 49, 104, 42, 136, 132, 112, 194, 175]
[82, 61, 71, 138, 85, 4, 195, 177, 151, 55, 147, 199, 170, 140, 57, 33, 89, 24, 16, 142, 102, 145, 7, 106, 186, 150, 67, 168, 163, 88, 72, 2, 58, 166, 127, 192, 59, 100, 3, 191, 13, 162, 92, 105, 148, 98, 9, 196, 44, 32, 80, 96, 103, 164, 95, 165, 47, 121, 193, 50, 62, 15, 36, 189, 48, 45, 171, 28, 183, 123, 137, 198, 6, 31, 23, 158, 173, 120, 110, 116, 114, 52, 0, 144, 122, 14, 78, 159, 161, 63, 19, 54, 66, 46, 119, 111, 126, 134, 41, 185]
38815

[160, 79, 64, 197, 26, 190, 131, 84, 144, 122, 14, 78, 12, 176, 66, 54, 41, 134, 185, 119, 46, 30, 156, 5, 108, 74, 21, 7, 16, 24, 142, 89, 33, 57, 140, 170, 199, 71, 49, 138, 85, 94, 93, 90, 149, 22, 88, 40, 58, 2, 72, 188, 68, 141, 130, 179, 155, 99, 32, 103, 164, 95, 165, 51, 10, 83, 47, 115, 187, 43, 62, 15, 117, 123, 8, 137, 60, 183, 28, 109, 36, 178, 152, 65, 118, 91, 35, 56, 73, 107, 191, 59, 166, 29, 67, 168, 34, 1, 180, 124]
[4, 104, 42, 136, 132, 175, 112, 194, 181, 75, 69, 143, 101, 153, 20, 139, 163, 172, 167, 184, 61, 82, 53, 186, 150, 76, 157, 127, 192, 100, 3, 13, 148, 105, 92, 162, 146, 39, 11, 48, 17, 189, 18, 98, 9, 174, 196, 44, 80, 96, 125, 86, 169, 121, 193, 50, 77, 81, 6, 198, 25, 135, 31, 23, 171, 45, 120, 173, 158, 116, 114, 110, 52, 0, 159, 161, 63, 19, 126, 111, 106, 154, 182, 133, 128, 145, 102, 113, 97, 87, 147, 27, 37, 55, 151, 177, 195, 70, 129, 38]
37144

[173, 158, 116, 114, 0, 52, 110, 120, 45, 171, 28, 183, 60, 135, 23, 31, 25, 198, 6, 81, 77, 8, 137, 123, 36, 117, 15, 62, 178, 152, 65, 118, 98, 18, 189, 148, 105, 92, 162, 3, 100, 59, 191, 107, 73, 56, 44, 32, 99, 155, 179, 130, 188, 88, 153, 20, 139, 163, 34, 1, 180, 160, 79, 64, 186, 156, 108, 5, 53, 150, 124, 167, 49, 94, 93, 90, 143, 101, 69, 75, 181, 194, 112, 175, 132, 42, 151, 55, 147, 87, 97, 113, 102, 145, 7, 111, 126, 185, 19, 63]
[43, 187, 50, 193, 115, 121, 169, 51, 10, 83, 47, 165, 86, 125, 95, 164, 103, 96, 80, 196, 91, 9, 174, 35, 13, 48, 17, 109, 11, 146, 39, 131, 84, 144, 190, 26, 197, 122, 14, 12, 176, 78, 159, 161, 134, 41, 54, 66, 30, 46, 119, 106, 74, 154, 182, 21, 133, 129, 38, 128, 142, 16, 24, 89, 33, 57, 140, 170, 199, 27, 37, 70, 195, 177, 4, 104, 136, 85, 138, 71, 82, 61, 184, 149, 172, 22, 168, 67, 29, 76, 157, 192, 127, 166, 40, 58, 72, 2, 68, 141]
38828

[10, 51, 83, 165, 47, 169, 121, 115, 187, 62, 43, 152, 65, 178, 36, 183, 28, 109, 17, 48, 189, 148, 98, 18, 91, 9, 196, 44, 80, 32, 155, 99, 73, 107, 40, 88, 29, 67, 180, 124, 150, 79, 64, 176, 186, 5, 156, 106, 108, 53, 184, 49, 167, 172, 149, 90, 93, 94, 42, 104, 4, 195, 37, 38, 128, 145, 102, 142, 16, 7, 126, 185, 161, 12, 144, 84, 131, 0, 52, 45, 171, 120, 173, 158, 23, 31, 135, 60, 25, 198, 6, 81, 77, 8, 137, 123, 117, 15, 50, 193]
[26, 190, 197, 122, 14, 78, 159, 63, 19, 134, 41, 54, 66, 30, 46, 119, 111, 154, 182, 74, 133, 21, 24, 89, 33, 57, 140, 170, 199, 97, 113, 87, 147, 27, 55, 151, 177, 70, 129, 71, 82, 61, 138, 85, 136, 132, 175, 112, 194, 181, 75, 69, 143, 101, 153, 20, 139, 163, 22, 168, 34, 1, 160, 76, 157, 166, 58, 2, 72, 188, 68, 141, 130, 179, 96, 125, 86, 95, 164, 103, 118, 174, 35, 56, 13, 191, 3, 162, 105, 92, 11, 110, 116, 114, 39, 146, 100, 59, 127, 192]
37754

[117, 123, 137, 8, 25, 135, 60, 36, 183, 28, 109, 17, 11, 146, 26, 190, 197, 122, 14, 12, 176, 78, 159, 161, 54, 119, 46, 30, 156, 106, 108, 53, 74, 21, 133, 113, 97, 87, 38, 70, 129, 71, 82, 61, 138, 195, 177, 151, 4, 104, 42, 136, 75, 69, 143, 172, 22, 20, 139, 163, 168, 67, 157, 166, 127, 192, 59, 100, 3, 162, 92, 105, 148, 191, 13, 35, 56, 73, 32, 44, 196, 103, 164, 95, 165, 51, 10, 83, 169, 152, 65, 178, 43, 187, 115, 121, 193, 50, 62, 15]
[114, 116, 52, 0, 144, 84, 131, 39, 110, 173, 158, 23, 31, 198, 6, 81, 77, 120, 45, 171, 48, 189, 118, 47, 86, 125, 96, 80, 99, 155, 179, 130, 188, 72, 2, 58, 88, 153, 101, 181, 194, 112, 175, 132, 55, 37, 27, 147, 199, 170, 140, 57, 33, 89, 102, 128, 145, 142, 24, 16, 7, 182, 154, 111, 126, 185, 41, 134, 19, 63, 66, 64, 5, 186, 150, 79, 76, 160, 124, 180, 1, 167, 184, 49, 85, 94, 93, 90, 149, 34, 29, 40, 68, 141, 107, 98, 174, 9, 91, 18]
39436

[180, 1, 34, 168, 67, 29, 166, 127, 59, 100, 3, 162, 92, 13, 56, 73, 141, 68, 188, 130, 179, 155, 80, 96, 125, 86, 95, 164, 118, 91, 18, 189, 17, 109, 28, 183, 36, 178, 43, 115, 121, 193, 187, 62, 50, 60, 135, 31, 23, 171, 45, 120, 173, 158, 116, 114, 52, 0, 131, 39, 26, 192, 157, 76, 79, 186, 156, 119, 54, 41, 185, 111, 74, 61, 184, 167, 49, 85, 138, 71, 128, 145, 102, 113, 97, 87, 55, 151, 136, 132, 175, 112, 194, 181, 143, 22, 163, 139, 88, 40]
[11, 48, 105, 148, 98, 9, 174, 35, 99, 32, 44, 196, 103, 165, 47, 83, 10, 51, 169, 152, 65, 15, 117, 123, 137, 8, 77, 81, 6, 198, 25, 110, 84, 144, 190, 197, 122, 14, 12, 78, 159, 176, 64, 30, 46, 66, 161, 63, 19, 134, 126, 154, 182, 7, 16, 24, 142, 89, 33, 57, 140, 170, 199, 147, 27, 38, 37, 177, 42, 104, 4, 195, 70, 129, 82, 133, 21, 106, 108, 5, 53, 150, 160, 124, 172, 149, 90, 94, 93, 75, 69, 101, 20, 153, 58, 72, 2, 107, 191, 146]
40299

[64, 176, 66, 30, 46, 156, 106, 108, 5, 53, 74, 182, 154, 7, 145, 16, 24, 142, 89, 33, 102, 57, 140, 170, 199, 97, 113, 87, 147, 27, 129, 71, 82, 61, 138, 70, 195, 4, 104, 136, 112, 194, 181, 94, 184, 167, 172, 149, 90, 93, 75, 69, 101, 143, 22, 67, 192, 127, 40, 88, 58, 72, 2, 68, 107, 191, 105, 148, 189, 9, 174, 103, 164, 125, 86, 95, 10, 51, 169, 121, 115, 187, 193, 50, 15, 117, 123, 137, 25, 135, 60, 120, 171, 45, 11, 146, 39, 122, 14, 12]
[133, 128, 38, 37, 55, 151, 177, 42, 132, 175, 85, 49, 124, 186, 150, 79, 157, 76, 160, 180, 1, 34, 168, 163, 20, 153, 139, 29, 166, 59, 100, 3, 162, 92, 13, 35, 56, 73, 141, 188, 130, 179, 155, 99, 32, 44, 196, 80, 96, 165, 83, 47, 118, 91, 98, 18, 65, 152, 43, 62, 178, 48, 17, 109, 28, 183, 36, 8, 77, 81, 6, 198, 31, 23, 158, 173, 110, 116, 114, 52, 0, 131, 84, 144, 190, 26, 197, 78, 159, 161, 63, 19, 54, 41, 134, 185, 126, 119, 111, 21]
38690

[116, 114, 0, 52, 110, 158, 23, 173, 120, 45, 48, 189, 17, 109, 28, 183, 36, 198, 6, 81, 77, 8, 117, 15, 178, 62, 43, 187, 193, 121, 115, 47, 164, 103, 96, 80, 32, 155, 179, 130, 141, 68, 166, 127, 192, 157, 76, 29, 163, 139, 20, 153, 101, 69, 90, 93, 94, 42, 104, 4, 195, 37, 38, 27, 147, 87, 97, 113, 102, 89, 142, 145, 128, 133, 21, 74, 182, 154, 111, 126, 185, 41, 134, 19, 63, 54, 30, 46, 156, 106, 108, 5, 64, 12, 144, 84, 131, 190, 197, 26]
[3, 100, 59, 162, 92, 105, 148, 98, 18, 118, 65, 152, 165, 95, 125, 86, 51, 10, 83, 169, 50, 123, 137, 25, 60, 135, 31, 171, 11, 146, 39, 122, 14, 78, 159, 161, 176, 66, 119, 7, 16, 24, 33, 57, 140, 170, 199, 55, 151, 177, 70, 129, 71, 82, 61, 53, 167, 184, 49, 138, 85, 136, 132, 175, 112, 194, 181, 75, 143, 149, 172, 22, 168, 67, 34, 1, 180, 124, 160, 150, 186, 79, 40, 88, 58, 2, 72, 188, 107, 35, 56, 73, 99, 44, 196, 91, 9, 174, 191, 13]
38922

[70, 37, 55, 151, 42, 112, 194, 181, 90, 1, 160, 79, 76, 157, 88, 72, 2, 58, 40, 166, 59, 100, 3, 191, 107, 141, 68, 188, 130, 179, 73, 99, 155, 96, 164, 125, 86, 95, 169, 121, 115, 43, 187, 193, 50, 15, 117, 8, 77, 81, 6, 198, 25, 31, 135, 60, 137, 123, 36, 183, 28, 189, 18, 148, 105, 92, 11, 45, 171, 23, 158, 173, 110, 131, 84, 190, 26, 192, 127, 64, 63, 19, 134, 41, 185, 126, 119, 46, 156, 106, 108, 53, 74, 7, 16, 24, 142, 102, 128, 38]
[89, 33, 113, 97, 57, 140, 170, 199, 87, 147, 27, 129, 71, 82, 61, 49, 138, 85, 195, 177, 4, 104, 136, 132, 175, 93, 94, 184, 167, 172, 22, 149, 143, 69, 75, 101, 153, 20, 139, 163, 29, 67, 168, 34, 180, 124, 150, 186, 5, 30, 66, 176, 12, 14, 122, 197, 39, 146, 162, 98, 9, 174, 13, 35, 56, 32, 80, 44, 196, 91, 118, 103, 165, 51, 10, 83, 47, 152, 65, 62, 178, 48, 17, 109, 120, 116, 114, 52, 0, 144, 78, 159, 161, 54, 111, 154, 182, 21, 133, 145]
39791

[84, 131, 0, 52, 114, 116, 110, 39, 146, 11, 162, 92, 105, 48, 109, 171, 45, 120, 60, 135, 25, 198, 6, 81, 77, 8, 137, 123, 36, 117, 15, 62, 43, 187, 115, 83, 10, 164, 103, 96, 80, 196, 44, 32, 35, 56, 73, 141, 188, 72, 2, 58, 40, 88, 29, 67, 168, 34, 149, 112, 175, 132, 42, 4, 195, 70, 37, 27, 97, 113, 102, 89, 142, 145, 128, 133, 21, 182, 106, 156, 108, 5, 53, 186, 150, 124, 180, 160, 79, 64, 176, 161, 63, 19, 159, 78, 197, 26, 190, 144]
[30, 66, 157, 76, 1, 167, 184, 49, 90, 93, 94, 85, 138, 177, 55, 151, 104, 136, 194, 181, 75, 69, 101, 143, 172, 22, 163, 139, 20, 153, 166, 127, 192, 59, 100, 3, 148, 18, 98, 13, 191, 107, 68, 130, 179, 155, 99, 174, 9, 91, 118, 65, 152, 47, 165, 95, 125, 86, 51, 169, 121, 193, 50, 178, 189, 17, 28, 183, 31, 23, 158, 173, 122, 14, 12, 54, 41, 134, 185, 126, 111, 154, 7, 16, 24, 33, 57, 140, 170, 199, 87, 147, 38, 129, 71, 82, 61, 74, 119, 46]
39046

[42, 132, 175, 85, 49, 94, 93, 90, 149, 143, 163, 139, 88, 58, 2, 72, 188, 130, 179, 155, 99, 32, 96, 125, 86, 95, 165, 164, 174, 9, 118, 65, 152, 43, 115, 121, 193, 50, 8, 77, 81, 6, 198, 25, 135, 60, 183, 28, 109, 171, 45, 120, 173, 116, 114, 52, 0, 84, 144, 190, 122, 14, 78, 12, 176, 66, 64, 79, 76, 157, 127, 192, 3, 100, 59, 29, 67, 34, 1, 180, 124, 30, 46, 119, 185, 111, 106, 74, 133, 129, 38, 27, 147, 87, 113, 97, 57, 140, 170, 199]
[160, 168, 22, 172, 167, 184, 71, 138, 70, 37, 195, 55, 151, 177, 4, 104, 136, 112, 194, 181, 75, 69, 101, 20, 153, 40, 166, 191, 107, 68, 141, 73, 56, 35, 13, 105, 92, 162, 146, 11, 48, 17, 36, 178, 189, 148, 98, 18, 91, 196, 44, 80, 103, 47, 83, 10, 51, 169, 187, 62, 15, 117, 123, 137, 31, 23, 158, 110, 131, 39, 26, 197, 159, 161, 63, 19, 54, 41, 134, 126, 154, 182, 21, 7, 16, 24, 142, 89, 33, 102, 145, 128, 82, 61, 53, 5, 108, 156, 186, 150]
40141

[106, 154, 182, 21, 133, 82, 61, 184, 167, 172, 149, 143, 22, 1, 160, 79, 76, 157, 192, 127, 166, 88, 153, 139, 20, 101, 75, 181, 194, 4, 195, 37, 38, 27, 147, 87, 199, 170, 140, 57, 97, 113, 33, 89, 142, 24, 111, 126, 185, 134, 41, 54, 161, 14, 122, 197, 26, 190, 144, 84, 0, 52, 110, 173, 120, 39, 146, 59, 100, 3, 162, 92, 105, 48, 109, 28, 183, 36, 17, 189, 18, 44, 196, 65, 152, 50, 193, 47, 95, 86, 125, 164, 96, 80, 32, 155, 99, 35, 56, 107]
[198, 25, 6, 81, 77, 8, 137, 123, 117, 15, 178, 62, 43, 187, 115, 121, 169, 83, 10, 51, 165, 103, 118, 91, 9, 174, 98, 148, 60, 135, 31, 23, 171, 45, 11, 191, 13, 73, 179, 130, 188, 141, 68, 2, 72, 58, 40, 29, 67, 34, 168, 163, 69, 90, 93, 94, 49, 71, 138, 85, 112, 175, 132, 136, 42, 104, 177, 151, 55, 70, 129, 128, 145, 102, 16, 7, 74, 108, 5, 53, 180, 124, 150, 186, 156, 119, 46, 30, 66, 63, 19, 159, 78, 176, 64, 12, 131, 114, 116, 158]
42220

[56, 35, 73, 68, 188, 72, 2, 58, 107, 59, 192, 64, 30, 186, 150, 79, 160, 124, 180, 67, 34, 1, 167, 184, 49, 94, 181, 194, 112, 175, 132, 136, 42, 104, 4, 177, 151, 55, 195, 70, 37, 27, 147, 199, 170, 140, 57, 33, 89, 24, 16, 142, 145, 128, 71, 82, 61, 182, 154, 111, 119, 126, 185, 134, 41, 54, 19, 63, 161, 159, 78, 190, 144, 84, 158, 23, 31, 135, 48, 92, 105, 148, 189, 18, 65, 152, 178, 117, 15, 62, 50, 193, 121, 115, 187, 47, 118, 91, 9, 174]
[164, 165, 103, 96, 80, 196, 44, 32, 99, 155, 179, 130, 141, 191, 13, 98, 162, 3, 100, 127, 157, 76, 166, 40, 88, 139, 20, 153, 101, 143, 163, 29, 168, 22, 172, 149, 90, 69, 75, 93, 85, 138, 129, 38, 87, 97, 113, 102, 7, 21, 133, 74, 53, 5, 108, 106, 156, 46, 66, 176, 12, 14, 122, 197, 26, 146, 11, 39, 131, 0, 52, 114, 116, 110, 173, 120, 45, 171, 109, 17, 28, 183, 36, 60, 25, 198, 6, 81, 77, 8, 137, 123, 43, 169, 83, 10, 51, 86, 125, 95]
37743

[58, 40, 29, 166, 157, 76, 160, 124, 180, 1, 34, 22, 172, 167, 184, 49, 4, 104, 136, 132, 42, 177, 151, 55, 27, 147, 87, 113, 97, 199, 170, 140, 57, 33, 24, 16, 7, 133, 21, 182, 154, 54, 63, 161, 64, 79, 26, 190, 144, 84, 0, 52, 114, 116, 110, 131, 39, 146, 3, 191, 107, 141, 68, 188, 130, 179, 73, 56, 99, 155, 32, 80, 96, 125, 86, 47, 152, 178, 36, 137, 25, 198, 6, 31, 158, 173, 120, 45, 171, 183, 28, 109, 17, 48, 189, 91, 9, 174, 35, 13]
[111, 126, 185, 41, 134, 19, 159, 78, 12, 14, 122, 197, 11, 23, 135, 60, 77, 81, 8, 123, 117, 15, 62, 43, 187, 115, 50, 193, 121, 169, 83, 10, 51, 165, 95, 164, 103, 44, 196, 118, 65, 18, 98, 148, 105, 92, 162, 100, 59, 192, 127, 2, 72, 88, 153, 20, 139, 163, 101, 69, 75, 181, 194, 175, 112, 94, 93, 90, 149, 143, 168, 67, 150, 186, 5, 156, 46, 30, 176, 66, 119, 106, 108, 53, 74, 128, 145, 142, 89, 102, 38, 37, 129, 82, 61, 71, 70, 195, 85, 138]
41614

[68, 141, 100, 3, 162, 92, 105, 148, 98, 18, 91, 9, 174, 196, 44, 32, 155, 80, 96, 165, 51, 10, 83, 169, 121, 115, 193, 50, 187, 43, 62, 137, 25, 120, 39, 146, 26, 190, 84, 144, 14, 78, 159, 161, 63, 19, 54, 41, 134, 185, 126, 119, 66, 46, 111, 154, 182, 7, 145, 102, 113, 97, 38, 37, 55, 151, 177, 4, 195, 70, 129, 71, 138, 85, 93, 143, 149, 90, 94, 49, 82, 61, 53, 186, 150, 79, 157, 76, 160, 124, 180, 1, 168, 163, 139, 20, 153, 88, 72, 2]
[52, 0, 114, 116, 110, 173, 158, 23, 31, 198, 6, 81, 77, 8, 123, 117, 15, 178, 65, 152, 47, 95, 86, 125, 164, 103, 118, 189, 48, 17, 109, 28, 183, 36, 60, 135, 171, 45, 11, 192, 127, 166, 59, 191, 13, 107, 35, 56, 73, 99, 179, 130, 188, 58, 40, 29, 67, 34, 184, 167, 172, 22, 101, 69, 75, 181, 194, 112, 175, 132, 136, 42, 104, 27, 147, 87, 199, 170, 140, 57, 33, 89, 24, 16, 142, 128, 133, 21, 74, 106, 108, 5, 156, 30, 64, 176, 12, 122, 197, 131]
38154

[167, 184, 1, 34, 67, 29, 168, 139, 163, 22, 172, 149, 143, 69, 75, 90, 93, 94, 49, 138, 85, 136, 42, 104, 4, 177, 195, 70, 38, 129, 71, 82, 61, 142, 24, 16, 74, 108, 106, 111, 126, 119, 46, 30, 54, 19, 63, 176, 12, 84, 131, 0, 52, 114, 116, 110, 45, 11, 162, 3, 100, 59, 191, 107, 56, 13, 98, 18, 189, 17, 183, 60, 135, 25, 123, 117, 193, 121, 169, 47, 83, 10, 51, 86, 125, 95, 165, 164, 103, 96, 179, 130, 166, 157, 76, 79, 150, 160, 124, 180]
[68, 141, 73, 99, 155, 32, 80, 44, 196, 35, 174, 9, 91, 118, 65, 152, 43, 115, 187, 62, 50, 15, 178, 36, 137, 8, 77, 81, 6, 198, 31, 23, 158, 173, 120, 171, 28, 109, 48, 148, 105, 92, 146, 39, 26, 197, 190, 144, 122, 14, 78, 159, 161, 66, 64, 192, 127, 186, 53, 5, 156, 185, 41, 134, 154, 182, 21, 133, 7, 145, 128, 113, 97, 102, 89, 33, 57, 140, 170, 199, 87, 147, 27, 37, 55, 151, 132, 175, 112, 194, 181, 101, 20, 153, 88, 40, 58, 188, 2, 72]
39560

[163, 139, 20, 153, 88, 72, 58, 40, 29, 67, 53, 5, 30, 66, 192, 59, 100, 3, 191, 73, 155, 99, 174, 9, 91, 118, 103, 164, 165, 10, 83, 47, 65, 152, 43, 15, 117, 60, 23, 158, 173, 120, 171, 45, 11, 48, 109, 28, 17, 189, 18, 148, 105, 92, 162, 146, 26, 190, 197, 159, 161, 63, 19, 54, 41, 134, 185, 126, 7, 128, 145, 16, 24, 142, 89, 33, 102, 113, 97, 57, 140, 170, 199, 87, 147, 55, 151, 177, 71, 61, 184, 167, 172, 149, 90, 93, 75, 69, 143, 101]
[81, 6, 198, 25, 135, 31, 110, 116, 114, 52, 0, 131, 39, 84, 144, 122, 14, 78, 12, 176, 64, 79, 150, 186, 156, 46, 119, 111, 106, 108, 74, 154, 182, 21, 133, 82, 49, 94, 85, 138, 129, 38, 27, 37, 70, 195, 4, 104, 42, 136, 132, 175, 112, 194, 181, 22, 168, 34, 1, 180, 124, 160, 76, 157, 127, 166, 2, 188, 130, 179, 141, 68, 107, 56, 35, 13, 98, 196, 44, 32, 80, 96, 125, 86, 95, 51, 169, 121, 115, 187, 193, 50, 62, 178, 36, 183, 137, 77, 8, 123]
39085

[160, 124, 168, 22, 172, 149, 132, 175, 112, 194, 181, 75, 101, 163, 139, 20, 153, 88, 40, 166, 107, 141, 68, 188, 130, 179, 155, 99, 32, 44, 80, 96, 164, 125, 86, 95, 165, 51, 10, 83, 169, 121, 193, 8, 77, 81, 6, 198, 25, 137, 36, 189, 18, 91, 9, 174, 13, 162, 146, 131, 84, 190, 197, 26, 192, 127, 157, 76, 79, 64, 12, 176, 30, 46, 66, 161, 63, 54, 185, 126, 111, 106, 108, 74, 182, 154, 7, 21, 133, 71, 129, 38, 27, 87, 97, 113, 102, 142, 145, 128]
[47, 103, 196, 35, 56, 73, 191, 3, 100, 59, 2, 72, 58, 29, 67, 34, 1, 180, 167, 184, 61, 82, 49, 143, 69, 90, 93, 94, 138, 85, 136, 42, 104, 4, 177, 151, 55, 195, 70, 37, 147, 199, 170, 140, 57, 33, 89, 24, 16, 53, 5, 186, 150, 156, 119, 41, 134, 19, 159, 78, 14, 122, 144, 0, 52, 114, 116, 110, 39, 11, 45, 171, 120, 173, 158, 23, 31, 135, 60, 183, 28, 109, 17, 48, 92, 105, 148, 98, 118, 65, 178, 123, 117, 15, 50, 62, 187, 115, 43, 152]
39471

[11, 45, 171, 109, 17, 48, 189, 13, 191, 107, 141, 99, 155, 80, 96, 103, 47, 193, 50, 62, 15, 8, 77, 81, 6, 198, 25, 135, 31, 23, 158, 173, 120, 110, 116, 114, 52, 0, 144, 14, 122, 146, 192, 157, 76, 29, 67, 168, 22, 172, 149, 94, 93, 90, 143, 163, 139, 20, 153, 101, 69, 75, 181, 194, 85, 138, 129, 38, 70, 195, 37, 27, 87, 97, 33, 89, 142, 24, 16, 111, 126, 134, 19, 63, 159, 78, 12, 176, 64, 66, 30, 46, 156, 5, 53, 186, 150, 79, 160, 124]
[136, 42, 104, 4, 177, 151, 55, 147, 199, 170, 140, 57, 113, 102, 145, 7, 133, 21, 182, 154, 74, 108, 106, 119, 185, 41, 54, 161, 197, 26, 190, 84, 131, 39, 28, 183, 36, 60, 137, 123, 117, 178, 65, 152, 43, 187, 115, 121, 169, 83, 10, 51, 86, 125, 95, 164, 165, 118, 91, 9, 196, 44, 32, 73, 56, 35, 174, 98, 18, 148, 105, 92, 162, 3, 100, 59, 127, 166, 40, 68, 179, 130, 188, 72, 2, 58, 88, 34, 1, 180, 167, 184, 49, 61, 82, 128, 71, 112, 132, 175]
40110

[133, 82, 71, 138, 85, 94, 172, 1, 34, 168, 67, 29, 58, 188, 130, 179, 155, 32, 44, 196, 103, 164, 95, 165, 51, 10, 83, 47, 65, 152, 43, 187, 115, 121, 193, 50, 62, 15, 178, 36, 183, 25, 198, 31, 23, 171, 45, 28, 109, 17, 48, 189, 18, 98, 148, 105, 92, 162, 11, 146, 39, 190, 26, 197, 12, 176, 161, 63, 66, 30, 156, 186, 5, 108, 106, 74, 154, 182, 21, 7, 24, 89, 33, 57, 140, 170, 199, 147, 55, 151, 177, 4, 195, 37, 38, 27, 87, 97, 113, 102]
[73, 99, 80, 96, 125, 86, 169, 117, 123, 81, 6, 77, 8, 137, 60, 135, 158, 173, 120, 110, 116, 114, 52, 0, 131, 84, 144, 122, 14, 78, 159, 19, 41, 134, 16, 142, 145, 128, 129, 70, 104, 42, 136, 132, 175, 112, 194, 181, 75, 93, 90, 149, 143, 69, 101, 20, 153, 88, 139, 163, 22, 167, 184, 49, 61, 53, 180, 124, 160, 150, 46, 119, 111, 126, 185, 54, 64, 79, 76, 157, 40, 166, 127, 192, 59, 100, 3, 191, 13, 174, 9, 91, 118, 35, 56, 107, 141, 68, 72, 2]
40121

[49, 71, 129, 85, 136, 104, 4, 177, 151, 55, 70, 37, 27, 147, 87, 199, 170, 140, 57, 97, 113, 128, 145, 16, 7, 21, 133, 74, 182, 154, 111, 126, 185, 119, 106, 108, 5, 156, 46, 30, 66, 176, 12, 26, 146, 11, 109, 17, 48, 105, 148, 98, 91, 18, 65, 152, 43, 178, 137, 123, 117, 15, 50, 193, 62, 187, 115, 121, 169, 51, 10, 95, 165, 83, 47, 118, 196, 44, 32, 155, 179, 130, 56, 35, 13, 191, 107, 166, 40, 29, 67, 34, 1, 180, 124, 186, 53, 167, 172, 22]
[77, 81, 8, 60, 36, 183, 28, 189, 9, 174, 103, 164, 86, 125, 96, 80, 99, 73, 141, 68, 188, 72, 2, 58, 88, 168, 163, 139, 20, 153, 101, 75, 69, 143, 90, 149, 184, 61, 82, 138, 94, 93, 181, 194, 112, 175, 132, 42, 195, 38, 102, 33, 89, 142, 24, 134, 41, 54, 19, 63, 161, 159, 78, 144, 84, 131, 39, 190, 197, 122, 14, 64, 150, 160, 79, 76, 157, 192, 127, 59, 100, 3, 162, 92, 45, 171, 120, 173, 110, 52, 0, 114, 116, 158, 23, 31, 135, 25, 6, 198]
39365

[59, 192, 127, 166, 168, 149, 143, 69, 75, 90, 93, 94, 136, 104, 4, 177, 151, 55, 37, 70, 195, 85, 138, 49, 184, 180, 124, 186, 5, 53, 61, 82, 71, 129, 38, 27, 87, 97, 113, 102, 7, 182, 154, 111, 126, 134, 41, 54, 185, 119, 66, 161, 63, 19, 159, 78, 14, 144, 0, 52, 114, 116, 158, 23, 31, 25, 198, 6, 81, 77, 135, 60, 48, 162, 92, 105, 148, 178, 169, 51, 10, 83, 47, 118, 196, 44, 32, 155, 99, 73, 179, 130, 188, 72, 2, 58, 68, 141, 107, 191]
[120, 171, 45, 11, 146, 100, 3, 13, 174, 9, 91, 98, 18, 189, 17, 109, 28, 183, 36, 123, 137, 8, 117, 15, 62, 50, 193, 121, 115, 187, 43, 152, 65, 165, 95, 86, 125, 164, 103, 96, 80, 35, 56, 40, 88, 29, 67, 76, 157, 79, 150, 160, 1, 34, 167, 172, 22, 163, 139, 20, 153, 101, 181, 194, 112, 175, 132, 42, 147, 199, 170, 140, 57, 33, 89, 24, 16, 142, 145, 128, 133, 21, 74, 108, 106, 156, 46, 30, 64, 176, 12, 122, 197, 26, 190, 84, 131, 39, 110, 173]
38866

[192, 127, 157, 29, 67, 1, 180, 150, 186, 53, 5, 156, 46, 30, 66, 161, 63, 54, 119, 111, 106, 108, 74, 154, 182, 21, 133, 7, 16, 24, 142, 89, 33, 102, 113, 97, 129, 71, 49, 167, 172, 22, 58, 68, 141, 99, 32, 80, 96, 164, 125, 86, 95, 165, 51, 10, 83, 152, 65, 178, 15, 117, 123, 8, 77, 81, 6, 198, 25, 135, 60, 137, 36, 183, 189, 18, 9, 174, 35, 56, 73, 107, 13, 191, 3, 26, 190, 144, 84, 0, 52, 114, 116, 158, 23, 31, 120, 173, 110, 131]
[179, 130, 188, 2, 72, 153, 101, 75, 69, 143, 149, 90, 94, 138, 85, 93, 181, 194, 112, 175, 132, 136, 42, 104, 4, 195, 177, 151, 55, 70, 37, 38, 27, 147, 87, 199, 170, 140, 57, 128, 145, 126, 185, 41, 134, 19, 159, 78, 14, 122, 197, 12, 176, 64, 79, 76, 160, 124, 61, 82, 184, 34, 168, 163, 20, 139, 88, 40, 166, 59, 100, 146, 39, 11, 45, 171, 28, 109, 17, 48, 162, 92, 105, 148, 98, 91, 118, 43, 62, 50, 193, 187, 115, 121, 169, 47, 103, 196, 44, 155]
39546

[184, 61, 82, 128, 133, 21, 7, 16, 24, 89, 142, 102, 38, 37, 70, 195, 42, 132, 175, 85, 138, 49, 167, 180, 53, 182, 154, 106, 156, 30, 46, 119, 185, 41, 134, 19, 63, 161, 66, 64, 176, 12, 197, 26, 131, 0, 52, 114, 116, 110, 45, 171, 120, 173, 158, 23, 31, 135, 60, 36, 183, 28, 109, 17, 48, 189, 18, 98, 91, 103, 164, 96, 80, 73, 56, 35, 13, 191, 148, 105, 92, 162, 146, 192, 166, 68, 141, 188, 72, 2, 58, 40, 88, 139, 163, 168, 29, 67, 1, 34]
[15, 62, 178, 117, 123, 137, 8, 77, 81, 6, 198, 25, 11, 39, 84, 144, 190, 122, 14, 78, 159, 54, 126, 111, 108, 5, 74, 145, 33, 57, 140, 170, 199, 97, 113, 87, 147, 27, 129, 71, 55, 151, 177, 4, 104, 136, 112, 194, 181, 75, 93, 94, 90, 149, 172, 22, 143, 69, 101, 153, 20, 124, 160, 150, 186, 79, 76, 157, 127, 59, 100, 3, 107, 130, 179, 155, 99, 32, 44, 196, 174, 9, 118, 65, 152, 43, 187, 115, 50, 193, 121, 169, 83, 47, 165, 95, 125, 86, 10, 51]
39977

[52, 114, 116, 110, 39, 146, 11, 45, 171, 120, 173, 31, 135, 25, 198, 6, 81, 77, 8, 50, 193, 62, 43, 187, 115, 121, 169, 51, 10, 83, 47, 152, 65, 178, 189, 91, 9, 174, 35, 56, 13, 107, 141, 68, 2, 72, 58, 40, 88, 153, 139, 22, 172, 149, 75, 181, 194, 112, 175, 132, 136, 42, 104, 4, 85, 195, 177, 151, 55, 27, 147, 199, 170, 140, 57, 33, 16, 7, 182, 74, 5, 53, 167, 1, 34, 67, 29, 160, 79, 64, 161, 63, 19, 159, 78, 14, 122, 144, 84, 0]
[24, 89, 142, 102, 113, 97, 87, 38, 37, 70, 129, 71, 82, 61, 184, 49, 138, 94, 93, 90, 143, 69, 101, 20, 163, 168, 180, 124, 186, 108, 106, 156, 150, 76, 157, 166, 127, 192, 59, 100, 3, 191, 98, 196, 44, 32, 99, 73, 188, 130, 179, 155, 80, 96, 103, 164, 125, 86, 95, 165, 118, 18, 148, 105, 92, 162, 48, 17, 109, 28, 183, 36, 15, 117, 123, 137, 60, 23, 158, 131, 190, 26, 197, 12, 176, 66, 30, 46, 119, 54, 41, 134, 185, 126, 111, 154, 145, 128, 133, 21]
37115

[26, 12, 176, 79, 160, 29, 40, 166, 127, 59, 100, 3, 98, 18, 9, 174, 91, 118, 47, 152, 65, 178, 137, 60, 135, 23, 31, 25, 198, 6, 81, 77, 8, 123, 117, 15, 50, 193, 121, 169, 83, 165, 96, 80, 155, 99, 56, 73, 179, 130, 141, 68, 188, 72, 2, 58, 153, 20, 22, 172, 149, 143, 101, 69, 75, 181, 194, 136, 42, 104, 177, 151, 55, 87, 97, 33, 89, 24, 16, 142, 102, 145, 7, 182, 154, 111, 119, 126, 185, 41, 134, 159, 78, 14, 122, 197, 190, 39, 84, 144]
[192, 157, 76, 146, 11, 162, 92, 105, 148, 189, 48, 17, 109, 28, 171, 45, 120, 173, 110, 131, 0, 52, 114, 116, 158, 183, 36, 62, 43, 187, 115, 10, 51, 86, 125, 95, 164, 103, 196, 44, 32, 35, 13, 191, 107, 88, 139, 163, 168, 67, 34, 1, 180, 124, 150, 186, 53, 61, 82, 49, 184, 167, 90, 93, 94, 112, 175, 132, 4, 195, 85, 138, 71, 129, 38, 70, 37, 27, 147, 199, 170, 140, 57, 113, 128, 133, 21, 74, 106, 108, 5, 156, 46, 54, 19, 63, 161, 66, 30, 64]
39822

[7, 74, 108, 106, 156, 186, 150, 124, 180, 1, 34, 168, 67, 29, 160, 64, 30, 46, 119, 126, 185, 134, 41, 54, 19, 63, 161, 159, 14, 122, 197, 26, 190, 144, 84, 131, 110, 158, 23, 31, 198, 6, 81, 77, 25, 135, 171, 45, 28, 109, 17, 48, 98, 9, 174, 196, 44, 32, 99, 56, 35, 13, 3, 100, 59, 68, 58, 40, 88, 153, 90, 49, 61, 82, 71, 129, 195, 4, 136, 42, 104, 177, 151, 55, 27, 147, 87, 199, 170, 140, 57, 97, 113, 102, 145, 142, 16, 24, 33, 89]
[164, 103, 96, 80, 155, 73, 107, 191, 148, 105, 92, 162, 192, 12, 78, 176, 66, 111, 154, 182, 21, 133, 128, 38, 37, 70, 138, 85, 112, 132, 175, 194, 181, 94, 93, 75, 69, 101, 20, 139, 163, 22, 143, 149, 172, 167, 184, 53, 5, 79, 76, 157, 127, 166, 2, 72, 188, 141, 130, 179, 125, 86, 95, 165, 51, 10, 83, 169, 47, 152, 65, 178, 43, 187, 115, 121, 193, 50, 62, 15, 117, 123, 8, 137, 60, 120, 173, 116, 114, 52, 0, 39, 146, 11, 183, 36, 189, 18, 91, 118]
39775

[132, 175, 194, 112, 136, 104, 4, 70, 129, 71, 82, 61, 53, 186, 5, 108, 156, 46, 30, 66, 64, 150, 88, 40, 68, 188, 130, 179, 141, 107, 13, 191, 100, 3, 162, 92, 148, 18, 196, 44, 32, 99, 155, 80, 96, 95, 125, 86, 51, 10, 83, 169, 121, 152, 65, 43, 193, 50, 15, 117, 8, 81, 77, 137, 135, 31, 23, 158, 173, 120, 110, 116, 114, 52, 0, 131, 84, 144, 190, 197, 12, 176, 161, 63, 19, 134, 126, 111, 154, 182, 21, 133, 145, 102, 128, 38, 27, 37, 151, 42]
[165, 47, 115, 187, 62, 178, 36, 123, 6, 198, 25, 60, 183, 28, 109, 17, 189, 48, 171, 45, 11, 146, 39, 26, 122, 14, 78, 159, 54, 41, 185, 119, 106, 74, 7, 16, 24, 142, 89, 33, 57, 140, 170, 199, 97, 113, 87, 147, 55, 177, 195, 85, 138, 49, 184, 94, 181, 75, 93, 90, 149, 172, 167, 1, 34, 22, 143, 69, 101, 153, 20, 139, 163, 168, 67, 29, 180, 124, 160, 79, 76, 157, 166, 58, 72, 2, 127, 192, 59, 105, 98, 56, 73, 35, 174, 9, 91, 118, 103, 164]
38938

[29, 67, 168, 172, 22, 101, 163, 139, 20, 153, 88, 68, 107, 191, 13, 56, 35, 118, 165, 47, 65, 152, 43, 187, 178, 183, 60, 137, 8, 77, 81, 6, 198, 25, 135, 31, 23, 28, 109, 17, 48, 92, 162, 11, 146, 39, 110, 52, 0, 84, 144, 122, 14, 159, 19, 63, 161, 66, 176, 157, 76, 79, 150, 186, 46, 119, 106, 133, 21, 7, 145, 142, 89, 33, 57, 140, 170, 199, 97, 113, 87, 147, 27, 37, 70, 129, 71, 138, 104, 42, 136, 85, 49, 184, 167, 34, 1, 180, 124, 160]
[132, 4, 195, 177, 151, 55, 38, 128, 102, 24, 16, 182, 154, 111, 126, 185, 134, 41, 54, 78, 12, 197, 26, 190, 131, 114, 116, 158, 173, 120, 45, 171, 189, 148, 105, 98, 174, 9, 91, 18, 36, 123, 117, 15, 62, 50, 193, 115, 121, 169, 83, 10, 51, 86, 125, 95, 164, 103, 96, 80, 196, 44, 32, 155, 99, 73, 141, 179, 130, 188, 72, 2, 58, 40, 166, 59, 100, 3, 127, 192, 64, 30, 156, 108, 5, 53, 74, 82, 61, 94, 90, 149, 143, 69, 75, 93, 181, 194, 175, 112]
38477

[147, 27, 37, 55, 151, 104, 42, 136, 132, 175, 112, 194, 181, 93, 94, 90, 149, 75, 101, 20, 139, 153, 88, 40, 58, 2, 72, 188, 68, 141, 130, 179, 155, 32, 80, 96, 44, 196, 91, 18, 189, 178, 152, 65, 118, 165, 47, 169, 121, 115, 43, 187, 193, 50, 117, 123, 8, 77, 81, 6, 198, 183, 28, 109, 17, 45, 26, 64, 79, 157, 76, 160, 67, 34, 1, 180, 150, 30, 176, 66, 54, 41, 134, 185, 119, 46, 156, 5, 108, 106, 74, 182, 154, 7, 145, 128, 113, 97, 199, 87]
[22, 143, 69, 163, 168, 29, 166, 127, 192, 59, 100, 3, 146, 39, 11, 48, 148, 105, 92, 162, 191, 107, 56, 73, 99, 35, 13, 98, 9, 174, 103, 164, 95, 125, 86, 51, 10, 83, 62, 15, 36, 137, 60, 135, 25, 31, 23, 171, 120, 173, 158, 116, 114, 110, 52, 0, 131, 84, 144, 190, 197, 122, 14, 12, 78, 159, 161, 63, 19, 126, 111, 21, 133, 16, 24, 142, 89, 33, 102, 57, 140, 170, 38, 70, 195, 177, 4, 85, 138, 129, 71, 49, 184, 61, 82, 53, 186, 124, 167, 172]
38612

[147, 199, 170, 140, 57, 33, 89, 24, 126, 134, 41, 54, 19, 63, 161, 159, 176, 64, 12, 197, 26, 190, 144, 84, 131, 0, 52, 110, 114, 116, 158, 173, 120, 25, 198, 6, 81, 77, 8, 137, 123, 117, 15, 62, 121, 169, 47, 83, 10, 51, 86, 125, 95, 165, 164, 103, 96, 80, 32, 44, 196, 174, 9, 18, 98, 13, 166, 29, 67, 168, 34, 1, 180, 124, 160, 79, 150, 53, 82, 71, 138, 85, 90, 149, 172, 22, 163, 20, 101, 143, 69, 75, 181, 194, 112, 175, 132, 136, 42, 104]
[30, 46, 156, 186, 5, 108, 106, 119, 185, 111, 154, 182, 7, 16, 142, 102, 113, 97, 87, 27, 38, 37, 55, 151, 177, 4, 195, 70, 129, 128, 145, 133, 21, 74, 61, 184, 49, 94, 93, 167, 76, 157, 192, 127, 59, 100, 3, 162, 92, 48, 109, 28, 17, 189, 148, 105, 191, 107, 68, 58, 40, 88, 139, 153, 72, 2, 188, 141, 130, 179, 155, 99, 73, 56, 35, 91, 118, 65, 152, 43, 187, 115, 193, 50, 178, 36, 183, 60, 135, 31, 23, 171, 45, 11, 146, 39, 122, 14, 78, 66]
38385

[199, 170, 140, 57, 128, 133, 156, 66, 176, 12, 197, 190, 144, 110, 158, 23, 31, 25, 198, 6, 81, 77, 8, 137, 123, 117, 15, 50, 193, 62, 43, 187, 115, 121, 169, 51, 10, 83, 47, 165, 86, 125, 95, 164, 103, 96, 80, 32, 44, 196, 174, 9, 98, 105, 148, 18, 118, 65, 152, 178, 36, 17, 48, 92, 3, 100, 59, 127, 192, 79, 160, 76, 157, 166, 2, 72, 40, 29, 67, 168, 172, 167, 184, 149, 69, 75, 90, 93, 181, 194, 112, 136, 42, 104, 4, 177, 151, 55, 147, 87]
[163, 139, 20, 153, 88, 58, 68, 188, 130, 179, 141, 107, 191, 13, 35, 56, 73, 155, 99, 91, 189, 109, 28, 183, 60, 135, 171, 45, 120, 173, 116, 114, 52, 0, 84, 131, 39, 11, 162, 146, 26, 122, 14, 78, 159, 161, 63, 19, 54, 41, 134, 185, 126, 111, 119, 46, 30, 64, 186, 5, 108, 106, 74, 154, 182, 21, 7, 16, 24, 33, 89, 142, 145, 102, 113, 97, 27, 38, 37, 70, 195, 85, 132, 175, 94, 49, 138, 129, 71, 82, 61, 53, 150, 124, 180, 1, 34, 22, 143, 101]
38179

[98, 118, 65, 152, 47, 165, 51, 10, 83, 169, 121, 62, 15, 117, 123, 36, 183, 60, 135, 25, 31, 23, 158, 173, 116, 114, 52, 0, 131, 190, 26, 197, 159, 161, 63, 19, 134, 126, 7, 16, 145, 102, 142, 24, 89, 33, 57, 140, 170, 199, 87, 147, 55, 151, 177, 195, 4, 138, 129, 70, 37, 97, 113, 128, 74, 106, 156, 64, 79, 124, 67, 168, 34, 167, 184, 61, 82, 49, 149, 172, 22, 143, 163, 139, 88, 40, 166, 127, 192, 191, 13, 35, 56, 32, 99, 155, 179, 130, 73, 107]
[28, 17, 109, 171, 45, 11, 39, 146, 48, 189, 178, 137, 8, 77, 198, 6, 81, 50, 193, 115, 187, 43, 86, 125, 95, 164, 103, 96, 80, 44, 196, 174, 9, 91, 18, 148, 105, 92, 162, 3, 100, 59, 68, 141, 188, 72, 2, 58, 157, 76, 160, 29, 153, 20, 101, 69, 75, 93, 181, 194, 112, 175, 132, 136, 42, 104, 85, 94, 90, 1, 180, 150, 186, 5, 108, 53, 71, 38, 27, 133, 21, 182, 154, 111, 185, 41, 54, 119, 46, 30, 66, 176, 12, 78, 14, 122, 144, 84, 110, 120]
41186

[32, 80, 96, 125, 86, 95, 47, 115, 187, 117, 77, 81, 6, 198, 25, 45, 110, 52, 0, 131, 190, 26, 197, 12, 64, 79, 160, 168, 22, 172, 1, 180, 124, 186, 53, 5, 108, 106, 156, 111, 154, 182, 74, 133, 21, 7, 145, 89, 33, 57, 140, 170, 199, 97, 113, 87, 147, 27, 37, 70, 38, 129, 82, 61, 184, 49, 138, 85, 195, 55, 151, 177, 4, 104, 42, 136, 132, 175, 112, 194, 181, 75, 69, 143, 101, 163, 139, 20, 153, 88, 40, 58, 72, 2, 68, 107, 13, 56, 155, 99]
[48, 17, 109, 171, 28, 183, 36, 123, 8, 137, 60, 135, 31, 23, 158, 173, 120, 116, 114, 39, 146, 11, 162, 92, 189, 148, 105, 191, 3, 100, 59, 127, 192, 157, 76, 150, 46, 30, 66, 176, 122, 84, 144, 14, 78, 159, 161, 63, 19, 54, 41, 134, 185, 119, 126, 16, 24, 142, 102, 128, 71, 94, 93, 90, 149, 167, 34, 67, 29, 166, 188, 130, 179, 141, 73, 35, 174, 9, 91, 98, 18, 65, 118, 196, 44, 103, 164, 165, 51, 10, 83, 169, 121, 193, 50, 15, 178, 62, 43, 152]
38655

[134, 41, 19, 63, 161, 12, 176, 54, 119, 46, 156, 106, 108, 5, 53, 186, 150, 76, 157, 127, 192, 26, 190, 84, 131, 110, 120, 171, 45, 11, 162, 92, 105, 148, 118, 47, 115, 187, 62, 50, 193, 121, 169, 83, 10, 51, 165, 95, 164, 103, 196, 44, 32, 155, 99, 73, 56, 35, 107, 141, 68, 188, 72, 2, 58, 29, 67, 168, 34, 184, 49, 167, 172, 143, 69, 93, 85, 136, 104, 4, 177, 195, 70, 37, 27, 38, 129, 71, 102, 24, 16, 7, 21, 133, 74, 182, 154, 111, 126, 185]
[183, 36, 178, 65, 152, 43, 15, 117, 123, 137, 8, 77, 81, 6, 198, 25, 60, 135, 31, 23, 158, 173, 116, 114, 52, 0, 144, 197, 122, 14, 78, 159, 66, 30, 64, 79, 160, 124, 180, 1, 22, 149, 90, 94, 138, 61, 82, 128, 145, 142, 89, 33, 57, 140, 170, 199, 97, 113, 87, 147, 55, 151, 42, 132, 175, 112, 194, 181, 75, 101, 163, 139, 20, 153, 88, 40, 166, 59, 100, 146, 39, 3, 191, 13, 130, 179, 80, 96, 125, 86, 91, 9, 174, 98, 18, 189, 48, 17, 109, 28]
37900

[47, 165, 95, 86, 125, 164, 96, 80, 44, 196, 91, 9, 174, 32, 99, 155, 179, 130, 188, 141, 68, 2, 72, 58, 88, 153, 101, 69, 90, 93, 94, 149, 172, 167, 34, 1, 180, 124, 150, 160, 76, 157, 192, 79, 64, 186, 5, 53, 82, 61, 184, 49, 138, 85, 4, 195, 177, 151, 55, 70, 37, 199, 170, 140, 57, 128, 145, 111, 126, 54, 161, 159, 176, 12, 14, 144, 114, 116, 158, 23, 31, 135, 60, 25, 198, 6, 81, 77, 8, 137, 178, 65, 152, 62, 50, 193, 121, 115, 187, 43]
[148, 105, 92, 162, 146, 11, 48, 189, 17, 109, 28, 183, 36, 123, 117, 15, 169, 83, 51, 10, 103, 118, 18, 98, 13, 35, 56, 73, 107, 191, 3, 100, 59, 127, 166, 40, 29, 67, 168, 163, 139, 20, 22, 143, 75, 181, 194, 112, 175, 132, 136, 42, 104, 71, 129, 38, 27, 147, 87, 97, 113, 102, 33, 89, 142, 24, 16, 7, 133, 21, 182, 154, 74, 108, 106, 156, 46, 30, 66, 119, 185, 41, 134, 19, 63, 78, 122, 197, 26, 190, 39, 131, 84, 0, 52, 110, 173, 120, 45, 171]
37491

[125, 86, 95, 164, 103, 165, 47, 152, 178, 36, 183, 28, 48, 11, 39, 146, 3, 107, 73, 56, 35, 32, 99, 155, 179, 130, 141, 68, 188, 72, 2, 58, 88, 153, 139, 20, 101, 175, 132, 136, 42, 104, 4, 195, 177, 151, 55, 37, 147, 87, 97, 27, 38, 184, 167, 34, 67, 29, 40, 166, 150, 5, 21, 145, 102, 142, 7, 182, 106, 156, 46, 119, 66, 176, 12, 14, 144, 0, 114, 116, 173, 158, 23, 31, 135, 60, 137, 25, 198, 6, 81, 77, 8, 123, 117, 15, 62, 187, 193, 50]
[82, 71, 129, 70, 85, 138, 49, 94, 93, 112, 194, 181, 75, 69, 143, 90, 149, 172, 22, 163, 168, 1, 180, 124, 160, 79, 76, 157, 192, 127, 59, 100, 162, 92, 105, 191, 13, 196, 44, 80, 96, 51, 10, 83, 169, 121, 115, 43, 65, 118, 91, 9, 174, 98, 18, 148, 189, 17, 109, 171, 45, 120, 110, 52, 131, 84, 190, 26, 197, 122, 78, 159, 161, 63, 19, 54, 41, 134, 185, 126, 111, 154, 16, 24, 89, 33, 57, 140, 170, 199, 113, 128, 133, 74, 108, 30, 64, 186, 53, 61]
39882

[91, 118, 65, 178, 171, 120, 173, 110, 84, 190, 26, 197, 12, 176, 66, 161, 63, 19, 159, 78, 14, 122, 144, 0, 52, 114, 116, 158, 23, 31, 6, 81, 77, 8, 123, 117, 15, 187, 115, 169, 83, 10, 51, 164, 103, 196, 13, 107, 2, 72, 153, 139, 163, 20, 101, 69, 93, 94, 85, 136, 42, 104, 4, 177, 151, 55, 195, 70, 37, 38, 27, 147, 87, 113, 97, 199, 170, 140, 57, 102, 128, 145, 142, 89, 33, 24, 16, 7, 133, 21, 182, 154, 74, 53, 29, 166, 59, 100, 191, 98]
[90, 149, 172, 34, 1, 180, 124, 160, 79, 150, 186, 5, 108, 106, 156, 111, 126, 134, 41, 54, 185, 119, 46, 30, 64, 76, 157, 127, 192, 3, 162, 146, 39, 131, 11, 45, 60, 135, 25, 198, 137, 36, 183, 28, 109, 17, 48, 92, 105, 148, 189, 18, 9, 174, 152, 43, 62, 50, 193, 121, 47, 165, 95, 86, 125, 96, 80, 44, 32, 155, 99, 35, 56, 73, 179, 130, 141, 68, 188, 58, 40, 88, 67, 168, 22, 143, 75, 181, 194, 175, 132, 112, 49, 167, 184, 61, 82, 71, 129, 138]
38948

[71, 184, 74, 182, 154, 126, 134, 41, 185, 119, 111, 106, 108, 156, 46, 30, 66, 54, 19, 63, 161, 159, 78, 0, 114, 116, 158, 60, 36, 137, 123, 117, 15, 178, 62, 43, 187, 169, 83, 10, 51, 86, 125, 95, 164, 196, 44, 32, 99, 179, 130, 188, 72, 2, 58, 88, 40, 76, 160, 124, 180, 1, 34, 168, 22, 172, 94, 181, 194, 112, 175, 132, 136, 42, 104, 177, 151, 55, 70, 37, 38, 27, 147, 87, 113, 97, 199, 170, 140, 57, 33, 89, 142, 24, 16, 7, 21, 133, 82, 61]
[191, 3, 100, 59, 127, 192, 157, 79, 150, 186, 5, 53, 128, 145, 102, 129, 195, 4, 85, 138, 49, 167, 149, 90, 93, 75, 69, 143, 101, 153, 20, 139, 163, 67, 29, 166, 107, 68, 141, 155, 80, 96, 103, 165, 47, 115, 121, 193, 50, 8, 77, 81, 6, 198, 25, 135, 31, 23, 173, 120, 45, 171, 183, 28, 109, 17, 48, 11, 39, 110, 52, 131, 84, 144, 122, 14, 12, 176, 64, 197, 190, 26, 146, 162, 92, 105, 148, 189, 65, 152, 118, 18, 91, 9, 174, 98, 13, 35, 56, 73]
38101

[68, 107, 56, 73, 80, 96, 95, 165, 164, 103, 35, 13, 191, 59, 127, 192, 100, 3, 162, 92, 48, 105, 148, 98, 91, 118, 65, 152, 43, 193, 50, 15, 117, 123, 8, 137, 60, 36, 183, 28, 171, 45, 39, 131, 84, 144, 190, 26, 197, 122, 14, 78, 12, 157, 166, 29, 67, 168, 34, 1, 22, 172, 149, 90, 49, 138, 129, 71, 82, 53, 106, 156, 126, 185, 119, 46, 30, 66, 63, 19, 41, 134, 16, 24, 33, 89, 142, 145, 102, 38, 42, 132, 175, 112, 194, 181, 75, 143, 163, 40]
[178, 62, 187, 115, 169, 121, 77, 81, 6, 198, 25, 135, 31, 23, 109, 17, 189, 18, 9, 174, 47, 83, 10, 51, 86, 125, 196, 44, 32, 99, 155, 179, 130, 141, 188, 72, 2, 58, 88, 153, 139, 20, 101, 69, 93, 94, 85, 136, 104, 4, 195, 177, 151, 55, 70, 37, 27, 147, 87, 199, 170, 140, 57, 97, 113, 128, 61, 184, 167, 180, 124, 150, 186, 5, 108, 74, 133, 21, 7, 182, 154, 111, 54, 161, 159, 176, 64, 79, 160, 76, 146, 11, 120, 173, 158, 110, 116, 114, 52, 0]
42193

[185, 41, 126, 111, 154, 182, 21, 133, 128, 102, 113, 97, 57, 140, 170, 199, 87, 147, 27, 38, 82, 61, 71, 129, 70, 37, 55, 151, 177, 195, 4, 104, 42, 136, 132, 175, 112, 194, 181, 75, 101, 20, 139, 163, 168, 180, 124, 160, 76, 166, 127, 192, 59, 13, 35, 56, 73, 80, 96, 103, 165, 47, 121, 193, 50, 187, 43, 62, 178, 152, 65, 189, 48, 17, 183, 36, 60, 135, 198, 6, 23, 158, 173, 120, 171, 45, 39, 131, 84, 144, 197, 122, 14, 78, 159, 161, 66, 30, 46, 119]
[49, 184, 167, 53, 74, 7, 145, 142, 89, 33, 24, 16, 134, 54, 19, 63, 176, 64, 12, 26, 190, 0, 52, 114, 116, 110, 11, 162, 92, 109, 28, 31, 25, 77, 81, 8, 137, 123, 117, 15, 115, 169, 83, 10, 51, 86, 125, 95, 164, 196, 44, 32, 155, 99, 174, 9, 91, 118, 18, 98, 148, 105, 191, 3, 100, 146, 157, 79, 150, 186, 156, 106, 108, 5, 1, 34, 67, 29, 40, 107, 68, 141, 179, 130, 188, 72, 2, 58, 88, 153, 22, 172, 149, 143, 69, 90, 93, 94, 138, 85]
38989

[48, 28, 183, 178, 65, 152, 95, 125, 86, 51, 10, 83, 169, 121, 115, 187, 43, 62, 15, 117, 123, 137, 8, 77, 81, 6, 198, 25, 60, 135, 31, 23, 158, 173, 110, 131, 190, 197, 46, 7, 145, 128, 129, 71, 82, 61, 184, 49, 138, 85, 4, 104, 42, 136, 94, 93, 75, 69, 143, 163, 139, 29, 67, 168, 22, 172, 34, 1, 180, 124, 160, 150, 64, 79, 76, 157, 192, 127, 166, 40, 68, 141, 107, 56, 73, 99, 32, 44, 196, 174, 9, 91, 18, 98, 148, 105, 92, 39, 146, 162]
[170, 57, 140, 199, 147, 55, 151, 177, 195, 70, 37, 38, 27, 87, 97, 113, 102, 33, 89, 142, 24, 16, 133, 21, 182, 154, 111, 119, 126, 185, 134, 41, 54, 19, 63, 161, 66, 30, 176, 159, 78, 12, 14, 122, 144, 0, 114, 116, 52, 84, 26, 59, 100, 3, 191, 13, 35, 118, 189, 17, 109, 11, 120, 45, 171, 36, 50, 193, 47, 165, 164, 103, 96, 80, 155, 179, 130, 188, 72, 2, 58, 88, 153, 20, 101, 181, 194, 112, 175, 132, 90, 149, 167, 53, 186, 5, 108, 156, 106, 74]
40094

[91, 9, 174, 35, 56, 73, 179, 130, 166, 153, 20, 101, 75, 69, 143, 90, 94, 93, 181, 194, 112, 175, 132, 136, 42, 104, 4, 177, 151, 55, 147, 87, 97, 113, 102, 33, 89, 24, 16, 142, 145, 7, 21, 182, 154, 106, 108, 53, 82, 61, 184, 167, 34, 168, 67, 29, 76, 157, 127, 192, 64, 30, 46, 119, 66, 176, 12, 122, 197, 26, 190, 144, 84, 131, 39, 146, 3, 162, 17, 109, 28, 183, 198, 6, 81, 77, 62, 43, 178, 189, 65, 152, 47, 95, 86, 125, 96, 80, 44, 196]
[141, 68, 188, 72, 2, 58, 40, 88, 139, 163, 22, 1, 180, 172, 149, 49, 85, 138, 71, 129, 70, 195, 37, 38, 27, 199, 170, 140, 57, 128, 133, 74, 124, 160, 79, 150, 186, 5, 156, 111, 126, 185, 134, 41, 54, 19, 63, 161, 159, 78, 14, 0, 52, 114, 116, 110, 11, 92, 105, 148, 48, 171, 45, 120, 173, 158, 23, 31, 135, 60, 25, 8, 137, 123, 36, 117, 15, 50, 193, 187, 115, 121, 169, 83, 10, 51, 165, 164, 103, 155, 99, 32, 118, 18, 98, 13, 191, 100, 59, 107]
39057

[137, 123, 8, 81, 77, 25, 120, 45, 171, 109, 17, 48, 189, 148, 105, 92, 162, 3, 100, 192, 127, 59, 18, 118, 65, 152, 165, 164, 103, 196, 155, 179, 130, 141, 68, 40, 153, 20, 181, 194, 112, 175, 132, 138, 71, 129, 38, 27, 147, 199, 170, 140, 57, 33, 89, 24, 16, 142, 145, 128, 82, 61, 49, 184, 167, 34, 1, 180, 124, 53, 74, 133, 21, 182, 154, 111, 126, 185, 54, 119, 46, 156, 106, 108, 5, 186, 30, 66, 159, 78, 12, 144, 84, 110, 173, 158, 23, 31, 6, 198]
[0, 52, 114, 116, 131, 190, 14, 122, 197, 26, 166, 157, 76, 160, 150, 79, 64, 176, 161, 63, 19, 41, 134, 7, 102, 113, 97, 87, 37, 70, 195, 55, 151, 177, 4, 104, 42, 136, 85, 94, 93, 90, 149, 172, 168, 67, 29, 22, 143, 69, 75, 101, 163, 139, 88, 58, 2, 72, 188, 73, 107, 191, 13, 98, 91, 9, 174, 35, 56, 99, 32, 44, 80, 96, 125, 86, 95, 51, 10, 83, 47, 169, 121, 115, 193, 50, 62, 187, 43, 178, 15, 117, 36, 60, 135, 183, 28, 11, 146, 39]
39513

[48, 11, 39, 26, 79, 160, 29, 153, 20, 101, 75, 194, 112, 175, 132, 42, 104, 177, 151, 55, 37, 147, 199, 170, 140, 57, 33, 89, 142, 145, 128, 71, 138, 85, 49, 61, 82, 111, 126, 185, 54, 176, 12, 14, 122, 197, 190, 144, 84, 131, 0, 52, 110, 173, 120, 31, 198, 6, 81, 77, 50, 193, 187, 115, 121, 169, 86, 125, 103, 118, 178, 189, 148, 105, 92, 162, 3, 100, 59, 166, 40, 58, 2, 72, 188, 130, 179, 141, 73, 99, 155, 80, 32, 56, 35, 174, 9, 91, 98, 18]
[146, 17, 109, 171, 45, 114, 116, 158, 23, 135, 60, 28, 183, 36, 137, 25, 8, 123, 117, 15, 62, 43, 152, 65, 47, 83, 10, 51, 165, 95, 164, 96, 44, 196, 13, 191, 107, 68, 88, 139, 163, 168, 67, 34, 167, 1, 180, 124, 76, 157, 127, 192, 64, 30, 66, 78, 159, 161, 63, 19, 134, 41, 119, 46, 156, 186, 150, 53, 5, 108, 106, 74, 154, 182, 21, 133, 7, 16, 24, 102, 113, 97, 87, 27, 38, 129, 70, 195, 4, 136, 181, 93, 69, 143, 22, 172, 149, 90, 94, 184]
42845

[28, 183, 109, 48, 162, 92, 105, 148, 98, 9, 174, 80, 96, 155, 179, 130, 141, 68, 188, 72, 2, 58, 40, 88, 153, 101, 69, 75, 94, 85, 4, 195, 138, 49, 184, 61, 82, 71, 129, 38, 70, 37, 27, 128, 111, 46, 30, 150, 124, 180, 160, 76, 157, 127, 59, 100, 192, 79, 64, 66, 161, 63, 19, 14, 131, 120, 173, 158, 135, 60, 25, 137, 123, 117, 15, 62, 43, 187, 115, 50, 193, 121, 169, 83, 10, 51, 86, 125, 95, 165, 164, 103, 47, 152, 65, 118, 91, 18, 189, 17]
[11, 45, 171, 23, 31, 198, 6, 81, 77, 8, 36, 178, 3, 191, 13, 35, 196, 44, 32, 99, 73, 56, 107, 166, 29, 67, 1, 34, 168, 139, 20, 163, 22, 172, 167, 149, 143, 90, 93, 181, 194, 112, 175, 132, 136, 42, 104, 177, 151, 55, 147, 87, 113, 97, 199, 170, 140, 57, 33, 89, 24, 16, 142, 102, 145, 7, 133, 21, 182, 154, 74, 53, 186, 5, 108, 106, 156, 119, 126, 185, 134, 41, 54, 159, 78, 176, 12, 122, 197, 26, 190, 144, 84, 0, 52, 114, 116, 110, 39, 146]
37831

[135, 8, 77, 81, 6, 198, 25, 31, 23, 158, 116, 114, 52, 0, 131, 39, 190, 26, 197, 122, 14, 161, 66, 30, 46, 119, 185, 41, 134, 126, 156, 106, 108, 5, 186, 150, 53, 74, 21, 133, 128, 113, 97, 87, 55, 151, 42, 132, 175, 49, 124, 160, 180, 1, 34, 168, 67, 29, 40, 166, 127, 192, 100, 3, 191, 13, 9, 174, 196, 103, 165, 47, 121, 115, 187, 62, 193, 50, 15, 178, 152, 65, 118, 91, 98, 148, 105, 162, 92, 189, 48, 17, 109, 28, 183, 36, 117, 123, 137, 60]
[110, 173, 120, 171, 45, 11, 146, 12, 176, 64, 79, 76, 157, 59, 18, 43, 169, 83, 10, 51, 86, 125, 95, 164, 96, 80, 44, 32, 155, 99, 73, 56, 35, 107, 68, 141, 179, 130, 188, 72, 2, 58, 88, 153, 20, 139, 163, 22, 172, 167, 184, 61, 82, 71, 129, 138, 85, 94, 90, 149, 143, 101, 69, 75, 93, 181, 194, 112, 136, 104, 4, 177, 195, 70, 37, 38, 27, 147, 199, 170, 140, 57, 33, 89, 24, 16, 142, 102, 145, 7, 182, 154, 111, 54, 63, 19, 159, 78, 144, 84]
37848

[88, 153, 139, 20, 101, 69, 75, 181, 194, 175, 132, 112, 94, 85, 195, 70, 37, 38, 129, 71, 184, 167, 180, 124, 160, 79, 64, 150, 186, 53, 74, 182, 154, 111, 126, 185, 119, 176, 12, 122, 197, 26, 190, 0, 52, 114, 116, 110, 45, 171, 120, 173, 158, 23, 31, 25, 77, 8, 137, 36, 183, 109, 17, 48, 162, 92, 105, 18, 98, 9, 91, 118, 65, 178, 62, 50, 193, 121, 169, 83, 103, 96, 80, 44, 196, 174, 35, 179, 130, 141, 188, 72, 2, 58, 40, 29, 76, 157, 166, 127]
[168, 67, 1, 34, 22, 172, 149, 143, 163, 68, 155, 32, 99, 73, 56, 13, 107, 59, 192, 100, 3, 191, 148, 189, 152, 47, 164, 95, 125, 86, 165, 10, 51, 115, 187, 43, 15, 117, 123, 81, 6, 198, 135, 60, 28, 11, 146, 39, 131, 84, 144, 14, 78, 159, 63, 19, 134, 41, 54, 161, 66, 30, 46, 156, 5, 108, 106, 21, 133, 61, 82, 128, 145, 7, 16, 24, 142, 102, 89, 33, 57, 140, 170, 199, 97, 113, 87, 147, 27, 55, 151, 177, 104, 42, 136, 4, 138, 49, 93, 90]
40269

[13, 91, 65, 152, 43, 62, 187, 115, 121, 169, 10, 51, 86, 125, 95, 164, 130, 188, 72, 2, 58, 40, 88, 139, 20, 153, 101, 143, 22, 172, 167, 149, 90, 93, 94, 85, 4, 195, 177, 55, 37, 70, 138, 49, 184, 61, 82, 71, 129, 38, 27, 147, 199, 170, 140, 57, 33, 89, 142, 24, 16, 7, 133, 21, 182, 154, 74, 108, 106, 30, 64, 176, 12, 14, 122, 197, 190, 26, 146, 39, 131, 84, 144, 0, 52, 110, 114, 116, 158, 31, 198, 6, 81, 77, 60, 171, 11, 162, 92, 191]
[18, 189, 17, 109, 28, 183, 36, 178, 193, 50, 15, 117, 123, 137, 8, 25, 135, 23, 173, 120, 45, 48, 148, 105, 3, 100, 127, 192, 79, 150, 186, 53, 5, 156, 46, 119, 66, 78, 159, 161, 63, 19, 54, 41, 134, 185, 126, 111, 128, 145, 102, 113, 97, 87, 151, 104, 42, 136, 132, 175, 112, 194, 181, 75, 69, 163, 29, 67, 168, 34, 1, 180, 124, 160, 76, 157, 166, 59, 107, 68, 141, 179, 155, 99, 32, 44, 196, 80, 96, 103, 165, 83, 47, 118, 9, 174, 73, 56, 35, 98]
37537

[156, 46, 30, 64, 79, 192, 127, 59, 100, 3, 146, 39, 11, 162, 92, 105, 148, 13, 107, 141, 68, 2, 72, 188, 155, 32, 44, 196, 125, 86, 95, 118, 189, 48, 17, 109, 28, 135, 60, 137, 123, 117, 15, 62, 187, 193, 50, 8, 77, 81, 6, 198, 25, 31, 23, 158, 173, 110, 52, 0, 131, 84, 144, 190, 78, 159, 161, 54, 119, 7, 57, 140, 170, 199, 87, 147, 27, 37, 55, 177, 138, 85, 132, 175, 112, 194, 181, 49, 184, 167, 172, 163, 139, 20, 153, 29, 67, 160, 150, 186]
[34, 168, 22, 143, 149, 90, 94, 93, 75, 69, 101, 88, 40, 58, 130, 179, 96, 80, 99, 73, 56, 35, 174, 9, 91, 103, 164, 165, 47, 83, 10, 51, 169, 121, 115, 43, 152, 65, 178, 36, 183, 120, 116, 114, 45, 171, 18, 98, 191, 166, 76, 157, 26, 197, 122, 14, 12, 176, 66, 63, 19, 134, 41, 185, 126, 111, 106, 108, 74, 154, 182, 21, 133, 128, 145, 16, 24, 142, 89, 33, 102, 113, 97, 38, 151, 42, 136, 104, 4, 195, 70, 129, 71, 82, 61, 53, 5, 124, 180, 1]
41131

[76, 157, 146, 39, 131, 26, 12, 176, 66, 156, 186, 5, 128, 38, 129, 71, 49, 149, 172, 22, 168, 67, 29, 166, 40, 58, 2, 72, 153, 20, 101, 69, 75, 181, 194, 112, 175, 132, 85, 138, 70, 37, 27, 87, 97, 113, 33, 89, 24, 16, 142, 145, 7, 111, 126, 185, 54, 161, 159, 144, 0, 52, 110, 171, 45, 11, 92, 105, 148, 13, 107, 130, 179, 155, 99, 32, 80, 44, 196, 48, 17, 109, 28, 183, 60, 135, 137, 36, 15, 50, 193, 121, 169, 83, 10, 51, 165, 95, 86, 125]
[134, 19, 63, 78, 14, 122, 197, 190, 84, 114, 116, 120, 173, 158, 23, 31, 25, 198, 6, 81, 77, 8, 123, 117, 62, 187, 115, 43, 152, 65, 178, 189, 162, 3, 100, 192, 127, 59, 191, 98, 174, 9, 91, 18, 118, 47, 164, 103, 96, 35, 56, 73, 141, 68, 188, 88, 139, 163, 143, 90, 93, 94, 136, 42, 104, 4, 195, 177, 151, 55, 147, 199, 170, 140, 57, 102, 133, 21, 182, 154, 74, 106, 108, 53, 82, 61, 184, 167, 34, 1, 180, 124, 160, 150, 79, 64, 30, 46, 119, 41]
42167

[151, 177, 55, 37, 70, 129, 38, 27, 97, 113, 128, 145, 102, 142, 24, 16, 7, 154, 182, 21, 82, 61, 184, 167, 49, 71, 138, 85, 94, 93, 90, 143, 22, 34, 1, 53, 5, 186, 79, 76, 157, 64, 12, 122, 197, 26, 190, 158, 135, 60, 25, 198, 137, 123, 117, 50, 193, 115, 121, 169, 83, 165, 103, 80, 99, 73, 141, 68, 107, 56, 32, 44, 65, 152, 178, 189, 148, 92, 162, 3, 100, 59, 192, 127, 166, 40, 88, 153, 20, 139, 163, 101, 69, 75, 181, 136, 42, 104, 4, 195]
[130, 188, 72, 2, 58, 29, 67, 168, 172, 149, 194, 112, 175, 132, 180, 124, 160, 150, 30, 46, 156, 106, 108, 74, 133, 87, 147, 199, 170, 140, 57, 33, 89, 111, 119, 126, 185, 134, 41, 54, 19, 63, 161, 66, 176, 159, 78, 14, 144, 84, 0, 52, 114, 116, 110, 131, 39, 146, 11, 45, 171, 120, 173, 23, 31, 6, 81, 77, 8, 15, 62, 187, 43, 36, 183, 28, 109, 17, 48, 105, 191, 13, 35, 196, 174, 9, 91, 98, 18, 118, 47, 10, 51, 86, 125, 95, 164, 96, 155, 179]
40370

[177, 151, 55, 147, 87, 97, 113, 102, 16, 7, 74, 53, 150, 186, 5, 108, 106, 156, 119, 46, 30, 66, 176, 12, 14, 144, 0, 52, 158, 23, 31, 25, 198, 6, 81, 50, 193, 121, 51, 10, 103, 96, 80, 44, 196, 9, 98, 18, 189, 36, 60, 135, 183, 28, 109, 17, 48, 3, 191, 13, 56, 73, 179, 130, 188, 72, 2, 58, 157, 76, 64, 79, 160, 124, 180, 1, 34, 67, 29, 168, 163, 139, 20, 153, 101, 69, 143, 172, 167, 184, 49, 138, 4, 104, 42, 136, 132, 175, 112, 85]
[155, 32, 99, 141, 68, 107, 100, 59, 192, 127, 166, 40, 88, 22, 149, 90, 75, 181, 194, 93, 94, 71, 129, 38, 70, 195, 37, 27, 199, 170, 140, 57, 33, 89, 24, 142, 145, 128, 82, 61, 133, 21, 182, 154, 111, 126, 185, 134, 41, 54, 19, 63, 161, 159, 78, 122, 197, 26, 190, 84, 131, 39, 110, 114, 116, 173, 120, 171, 45, 11, 146, 162, 92, 105, 148, 178, 123, 137, 77, 8, 117, 15, 62, 65, 152, 43, 187, 115, 169, 83, 47, 165, 95, 86, 125, 164, 118, 91, 174, 35]
38934

[2, 72, 188, 130, 179, 141, 73, 99, 155, 32, 44, 196, 174, 9, 103, 165, 83, 47, 118, 189, 148, 105, 92, 48, 17, 109, 28, 183, 25, 198, 6, 171, 45, 110, 52, 0, 84, 144, 197, 122, 14, 12, 78, 159, 176, 64, 79, 150, 160, 149, 90, 94, 85, 138, 49, 61, 82, 74, 53, 108, 106, 182, 21, 133, 128, 142, 16, 24, 89, 33, 113, 97, 87, 27, 37, 70, 195, 55, 151, 177, 4, 104, 42, 136, 132, 175, 112, 194, 181, 93, 75, 69, 101, 88, 40, 166, 127, 192, 59, 100]
[119, 111, 154, 7, 145, 102, 57, 140, 170, 199, 147, 38, 129, 71, 184, 167, 172, 22, 143, 20, 153, 139, 163, 168, 34, 1, 180, 124, 67, 29, 58, 68, 107, 191, 13, 35, 56, 80, 96, 164, 125, 86, 95, 10, 51, 169, 121, 115, 193, 50, 187, 43, 62, 15, 117, 123, 8, 81, 77, 137, 60, 135, 31, 23, 158, 116, 114, 173, 120, 36, 178, 152, 65, 18, 91, 98, 3, 162, 11, 146, 39, 131, 190, 26, 157, 76, 186, 5, 156, 46, 30, 66, 161, 63, 19, 54, 41, 134, 126, 185]
39693

[189, 48, 17, 109, 28, 183, 171, 45, 120, 11, 146, 105, 148, 18, 118, 35, 56, 73, 99, 32, 155, 179, 130, 188, 72, 2, 58, 88, 22, 172, 149, 90, 181, 194, 112, 175, 132, 136, 42, 147, 87, 199, 170, 140, 57, 33, 89, 145, 128, 82, 71, 138, 85, 49, 61, 53, 74, 111, 119, 156, 106, 108, 5, 186, 46, 66, 161, 63, 19, 159, 144, 114, 116, 110, 173, 158, 23, 31, 135, 25, 198, 6, 81, 77, 15, 50, 193, 62, 187, 121, 169, 83, 10, 51, 165, 164, 103, 47, 152, 65]
[97, 113, 102, 142, 24, 16, 7, 133, 21, 182, 154, 126, 185, 134, 41, 54, 30, 64, 176, 12, 78, 14, 122, 197, 84, 0, 52, 131, 39, 190, 26, 157, 192, 127, 59, 100, 3, 162, 92, 36, 60, 137, 8, 123, 117, 178, 43, 115, 95, 86, 125, 96, 80, 44, 196, 174, 9, 91, 98, 13, 191, 107, 141, 68, 166, 40, 29, 76, 79, 150, 160, 124, 180, 1, 34, 67, 168, 163, 139, 20, 153, 101, 143, 69, 75, 93, 94, 167, 184, 129, 70, 195, 4, 104, 177, 151, 55, 37, 27, 38]
39327

[178, 62, 43, 187, 193, 50, 77, 81, 6, 198, 25, 135, 45, 11, 190, 197, 122, 14, 78, 159, 66, 176, 12, 26, 192, 127, 166, 59, 100, 3, 191, 105, 148, 189, 18, 98, 174, 9, 91, 118, 65, 152, 47, 10, 51, 86, 125, 95, 164, 179, 130, 188, 2, 72, 88, 153, 20, 139, 143, 149, 1, 180, 124, 160, 76, 157, 150, 186, 53, 74, 182, 154, 7, 16, 24, 89, 113, 97, 27, 38, 70, 94, 90, 93, 136, 42, 104, 4, 195, 177, 151, 55, 37, 147, 87, 199, 170, 140, 57, 33]
[144, 84, 131, 0, 52, 110, 39, 146, 162, 92, 48, 17, 109, 28, 183, 171, 120, 173, 114, 116, 158, 23, 31, 60, 137, 8, 123, 36, 117, 15, 115, 121, 169, 83, 165, 103, 96, 80, 196, 44, 32, 155, 99, 73, 56, 35, 13, 107, 141, 68, 58, 40, 29, 163, 101, 69, 75, 181, 194, 112, 175, 132, 85, 138, 129, 128, 102, 142, 145, 21, 133, 61, 82, 71, 49, 184, 167, 172, 22, 168, 67, 34, 79, 64, 30, 46, 119, 156, 5, 108, 106, 111, 126, 185, 54, 161, 63, 19, 134, 41]
43427

[131, 0, 52, 110, 114, 116, 158, 173, 120, 45, 171, 109, 28, 183, 36, 60, 135, 25, 8, 137, 123, 117, 15, 62, 50, 193, 121, 115, 187, 43, 118, 18, 189, 148, 105, 13, 35, 56, 73, 141, 68, 107, 191, 3, 100, 59, 40, 88, 153, 139, 163, 29, 67, 168, 22, 172, 93, 136, 42, 104, 4, 177, 151, 27, 147, 87, 199, 170, 140, 57, 97, 113, 128, 145, 102, 142, 24, 16, 7, 182, 154, 111, 74, 82, 61, 184, 167, 180, 124, 160, 79, 64, 26, 190, 84, 144, 19, 63, 159, 78]
[185, 134, 41, 54, 161, 66, 46, 30, 176, 12, 14, 122, 197, 192, 127, 146, 39, 11, 162, 92, 48, 17, 23, 31, 198, 6, 81, 77, 178, 65, 152, 47, 169, 83, 10, 51, 165, 95, 86, 125, 164, 103, 96, 80, 44, 196, 174, 9, 91, 98, 32, 99, 155, 179, 130, 188, 72, 2, 58, 166, 157, 76, 150, 186, 5, 53, 1, 34, 20, 101, 143, 149, 90, 69, 75, 181, 194, 175, 132, 112, 94, 49, 71, 138, 85, 195, 55, 37, 70, 129, 38, 33, 89, 133, 21, 106, 108, 156, 119, 126]
39743

[63, 19, 161, 54, 66, 30, 46, 119, 156, 106, 74, 154, 182, 21, 133, 7, 16, 24, 142, 89, 33, 102, 145, 128, 113, 97, 57, 140, 170, 199, 87, 147, 27, 195, 112, 132, 175, 194, 181, 75, 69, 101, 143, 149, 184, 61, 167, 168, 29, 157, 127, 166, 58, 2, 72, 188, 130, 179, 155, 80, 96, 125, 86, 196, 56, 35, 91, 118, 152, 43, 187, 115, 121, 193, 50, 36, 60, 135, 31, 23, 158, 173, 120, 11, 146, 39, 110, 116, 114, 52, 0, 84, 144, 190, 26, 197, 122, 14, 12, 176]
[159, 134, 41, 185, 126, 111, 108, 5, 186, 150, 160, 124, 180, 67, 34, 1, 53, 82, 71, 129, 38, 37, 70, 55, 151, 177, 4, 104, 42, 136, 85, 138, 49, 94, 93, 90, 172, 22, 163, 139, 20, 153, 88, 40, 76, 79, 64, 192, 59, 100, 3, 162, 92, 191, 13, 107, 68, 141, 73, 99, 32, 44, 174, 9, 98, 18, 105, 148, 189, 178, 65, 103, 164, 95, 165, 47, 83, 10, 51, 169, 62, 15, 117, 123, 137, 8, 77, 81, 6, 198, 25, 183, 28, 109, 17, 48, 171, 45, 131, 78]
38290

[101, 153, 88, 40, 58, 2, 72, 188, 130, 179, 141, 68, 166, 157, 127, 107, 13, 9, 174, 196, 44, 80, 103, 164, 165, 83, 169, 121, 115, 187, 43, 62, 193, 50, 77, 81, 6, 198, 25, 178, 152, 65, 118, 148, 105, 92, 162, 171, 45, 110, 116, 114, 52, 0, 131, 84, 144, 159, 63, 19, 134, 41, 185, 119, 186, 150, 64, 79, 76, 29, 163, 139, 20, 69, 75, 93, 94, 195, 177, 151, 55, 70, 37, 38, 27, 147, 87, 199, 97, 113, 102, 142, 24, 16, 7, 154, 182, 82, 49, 143]
[133, 21, 128, 145, 89, 33, 57, 140, 170, 129, 71, 138, 85, 4, 104, 42, 136, 132, 175, 112, 194, 181, 90, 149, 172, 22, 34, 168, 67, 160, 124, 180, 1, 167, 184, 61, 74, 106, 111, 126, 54, 66, 161, 78, 14, 122, 197, 190, 39, 146, 11, 120, 173, 158, 23, 31, 135, 60, 137, 8, 123, 117, 15, 36, 183, 28, 109, 17, 48, 189, 18, 98, 91, 47, 10, 51, 86, 125, 95, 96, 32, 155, 99, 73, 56, 35, 191, 3, 100, 59, 192, 26, 12, 176, 30, 46, 156, 108, 5, 53]
40331

[80, 103, 164, 165, 51, 10, 83, 169, 121, 115, 15, 117, 123, 8, 81, 77, 137, 60, 135, 25, 198, 6, 31, 23, 158, 116, 114, 52, 0, 144, 19, 63, 134, 41, 185, 126, 119, 111, 154, 182, 74, 53, 61, 82, 71, 129, 38, 37, 55, 151, 177, 195, 85, 138, 49, 184, 167, 149, 90, 94, 93, 69, 143, 22, 172, 34, 67, 29, 160, 64, 176, 12, 84, 131, 39, 110, 173, 120, 45, 171, 109, 48, 162, 3, 100, 59, 2, 72, 188, 73, 56, 35, 174, 9, 91, 118, 196, 44, 99, 32]
[1, 180, 124, 186, 150, 79, 76, 157, 127, 192, 146, 11, 92, 105, 148, 191, 13, 98, 18, 189, 17, 28, 183, 36, 178, 62, 50, 193, 187, 43, 152, 65, 47, 95, 86, 125, 96, 155, 179, 130, 141, 68, 107, 166, 40, 58, 88, 168, 163, 139, 20, 153, 101, 75, 181, 194, 112, 175, 132, 136, 42, 104, 4, 70, 27, 147, 87, 199, 170, 140, 57, 97, 113, 128, 145, 102, 33, 89, 142, 24, 16, 7, 21, 133, 106, 108, 5, 156, 46, 30, 66, 54, 161, 159, 78, 14, 122, 197, 190, 26]
38619

[185, 119, 111, 126, 134, 41, 54, 161, 78, 144, 84, 131, 0, 52, 114, 116, 110, 120, 173, 158, 23, 135, 60, 25, 77, 8, 123, 117, 15, 178, 62, 50, 193, 187, 115, 121, 169, 83, 10, 51, 165, 196, 44, 32, 155, 179, 130, 188, 56, 35, 174, 9, 91, 98, 18, 17, 28, 109, 48, 11, 26, 197, 122, 12, 176, 76, 157, 192, 127, 166, 29, 67, 168, 34, 1, 167, 149, 94, 104, 4, 85, 49, 184, 61, 82, 199, 170, 140, 57, 97, 113, 102, 145, 128, 7, 21, 133, 74, 154, 182]
[64, 146, 162, 92, 105, 148, 13, 191, 3, 100, 59, 107, 68, 141, 73, 99, 80, 96, 103, 164, 95, 125, 86, 47, 43, 152, 65, 118, 189, 183, 36, 137, 81, 6, 198, 31, 171, 45, 39, 190, 14, 159, 19, 63, 66, 30, 46, 156, 106, 108, 5, 53, 16, 24, 142, 89, 33, 87, 147, 27, 37, 70, 38, 129, 71, 138, 195, 177, 55, 151, 42, 136, 132, 175, 112, 194, 181, 93, 90, 143, 69, 75, 101, 20, 153, 72, 2, 58, 40, 88, 139, 163, 22, 172, 180, 124, 160, 79, 150, 186]
40237

[90, 94, 93, 69, 143, 139, 163, 168, 67, 29, 166, 40, 58, 188, 68, 141, 130, 179, 155, 99, 80, 96, 103, 164, 95, 125, 86, 165, 47, 83, 10, 51, 169, 187, 62, 15, 178, 189, 148, 105, 92, 162, 11, 48, 17, 109, 28, 183, 171, 45, 120, 84, 144, 190, 26, 197, 122, 14, 78, 159, 161, 46, 30, 66, 176, 12, 64, 79, 160, 124, 180, 108, 106, 74, 7, 145, 142, 16, 24, 57, 170, 87, 129, 71, 138, 4, 104, 42, 136, 85, 49, 82, 61, 184, 167, 1, 34, 22, 172, 149]
[116, 114, 158, 173, 110, 52, 0, 131, 39, 146, 3, 100, 59, 127, 192, 157, 76, 150, 186, 53, 5, 156, 119, 54, 63, 19, 134, 41, 185, 126, 111, 154, 182, 21, 133, 128, 113, 97, 102, 89, 33, 140, 199, 147, 27, 38, 37, 70, 195, 177, 55, 151, 132, 175, 112, 194, 181, 75, 101, 20, 153, 88, 72, 2, 107, 191, 13, 35, 56, 73, 32, 44, 196, 174, 9, 98, 18, 91, 118, 65, 152, 43, 115, 121, 193, 50, 117, 36, 60, 23, 31, 135, 137, 123, 8, 77, 81, 6, 198, 25]
37921

[102, 97, 113, 128, 145, 142, 89, 33, 24, 16, 7, 21, 133, 74, 182, 154, 111, 46, 30, 66, 176, 12, 64, 127, 192, 26, 197, 122, 190, 39, 146, 11, 3, 162, 92, 105, 148, 183, 23, 31, 135, 60, 25, 198, 6, 81, 77, 8, 137, 123, 36, 117, 15, 178, 62, 50, 193, 187, 115, 121, 169, 51, 10, 83, 47, 165, 164, 103, 96, 80, 196, 44, 32, 191, 100, 59, 141, 188, 153, 139, 20, 101, 75, 69, 143, 149, 90, 85, 136, 104, 4, 195, 70, 27, 147, 87, 199, 170, 140, 57]
[158, 173, 120, 45, 171, 28, 109, 17, 48, 189, 18, 98, 174, 9, 91, 118, 65, 152, 43, 95, 86, 125, 155, 99, 179, 130, 73, 56, 35, 13, 107, 68, 2, 72, 58, 40, 88, 163, 22, 172, 167, 184, 49, 138, 94, 93, 181, 194, 112, 175, 132, 42, 177, 151, 55, 37, 38, 129, 71, 82, 61, 53, 160, 124, 180, 1, 34, 168, 67, 29, 166, 157, 76, 79, 150, 186, 5, 108, 106, 156, 119, 126, 185, 134, 41, 54, 19, 63, 161, 159, 78, 14, 144, 84, 131, 0, 52, 110, 114, 116]
37179

[8, 15, 50, 62, 189, 148, 92, 162, 105, 98, 196, 44, 155, 99, 73, 141, 179, 130, 188, 68, 2, 72, 58, 88, 40, 166, 29, 67, 1, 34, 168, 163, 139, 20, 153, 101, 181, 194, 112, 136, 104, 4, 195, 85, 138, 49, 94, 90, 149, 167, 184, 61, 82, 71, 129, 70, 37, 38, 133, 21, 182, 154, 74, 53, 156, 46, 30, 66, 54, 119, 111, 126, 185, 41, 134, 19, 63, 161, 159, 0, 114, 116, 52, 131, 39, 11, 173, 120, 45, 171, 109, 28, 183, 60, 135, 25, 198, 6, 81, 77]
[122, 14, 78, 12, 176, 64, 150, 186, 5, 108, 106, 7, 16, 24, 142, 89, 33, 102, 145, 128, 113, 97, 57, 140, 170, 199, 87, 147, 27, 55, 151, 177, 42, 132, 175, 93, 75, 69, 143, 22, 172, 180, 124, 160, 79, 76, 157, 192, 127, 59, 100, 3, 146, 26, 197, 190, 144, 84, 110, 158, 23, 31, 137, 123, 117, 178, 36, 17, 48, 13, 191, 107, 56, 35, 32, 80, 96, 103, 118, 91, 174, 9, 18, 65, 152, 43, 187, 115, 193, 121, 169, 51, 10, 83, 47, 165, 164, 95, 86, 125]
39700

[145, 128, 133, 21, 7, 182, 154, 111, 126, 41, 134, 19, 63, 161, 54, 185, 119, 5, 53, 186, 124, 180, 160, 150, 64, 176, 12, 14, 144, 84, 131, 39, 110, 52, 0, 114, 116, 120, 173, 158, 23, 31, 135, 25, 198, 6, 81, 77, 8, 137, 36, 17, 189, 148, 105, 18, 118, 165, 164, 103, 96, 80, 35, 56, 107, 58, 40, 88, 29, 67, 22, 172, 143, 69, 75, 93, 94, 181, 194, 112, 175, 132, 136, 42, 104, 4, 195, 177, 151, 55, 147, 199, 170, 140, 57, 38, 129, 82, 61, 71]
[13, 98, 91, 9, 174, 73, 141, 68, 2, 72, 188, 130, 179, 155, 99, 32, 44, 196, 95, 125, 86, 51, 10, 83, 47, 169, 121, 193, 115, 187, 62, 43, 152, 65, 178, 15, 50, 117, 123, 60, 171, 45, 183, 28, 109, 48, 92, 162, 11, 146, 26, 190, 197, 122, 78, 159, 66, 30, 46, 156, 106, 108, 74, 16, 24, 142, 89, 33, 102, 113, 97, 87, 27, 37, 70, 85, 138, 49, 184, 167, 149, 90, 101, 153, 20, 139, 163, 168, 34, 1, 79, 76, 157, 166, 127, 192, 59, 100, 3, 191]
37313

[173, 120, 23, 158, 110, 131, 78, 159, 161, 54, 16, 24, 142, 89, 33, 113, 97, 87, 147, 55, 151, 177, 42, 104, 85, 94, 93, 75, 69, 101, 20, 139, 153, 88, 40, 29, 67, 168, 34, 172, 149, 90, 138, 71, 49, 184, 167, 1, 180, 124, 5, 156, 46, 30, 66, 176, 12, 39, 146, 11, 48, 92, 162, 3, 100, 59, 166, 188, 130, 179, 73, 56, 35, 99, 155, 32, 80, 96, 44, 196, 174, 9, 91, 18, 189, 25, 198, 6, 81, 77, 50, 193, 115, 121, 169, 51, 86, 125, 95, 47]
[182, 7, 21, 133, 128, 145, 102, 57, 140, 170, 199, 27, 38, 82, 61, 129, 70, 37, 195, 4, 136, 132, 175, 112, 194, 181, 143, 22, 163, 58, 72, 2, 68, 141, 107, 191, 13, 105, 148, 98, 118, 103, 164, 165, 10, 83, 187, 43, 62, 15, 178, 152, 65, 17, 109, 45, 171, 28, 183, 36, 117, 123, 8, 137, 60, 135, 31, 116, 114, 52, 0, 84, 144, 190, 26, 197, 122, 14, 64, 192, 127, 157, 76, 79, 160, 150, 186, 53, 74, 108, 106, 119, 63, 19, 134, 41, 185, 126, 111, 154]
41776

[76, 157, 160, 124, 61, 82, 71, 129, 138, 85, 94, 93, 181, 112, 136, 42, 104, 4, 195, 177, 151, 55, 37, 27, 147, 199, 170, 140, 57, 97, 113, 102, 145, 128, 182, 154, 111, 156, 106, 108, 5, 53, 186, 79, 64, 26, 190, 144, 84, 114, 116, 158, 23, 31, 25, 198, 6, 81, 77, 8, 137, 28, 183, 36, 117, 15, 62, 43, 187, 115, 121, 169, 51, 10, 83, 47, 165, 95, 86, 125, 164, 103, 96, 80, 99, 73, 56, 35, 118, 152, 65, 189, 148, 92, 162, 192, 127, 166, 40, 29]
[184, 74, 133, 21, 7, 16, 24, 142, 89, 33, 87, 38, 70, 132, 175, 194, 75, 69, 101, 153, 20, 139, 163, 143, 22, 168, 67, 88, 58, 2, 72, 188, 68, 107, 141, 130, 179, 155, 32, 44, 196, 174, 9, 91, 18, 98, 13, 191, 105, 48, 17, 109, 178, 193, 50, 123, 60, 135, 173, 120, 171, 45, 11, 3, 100, 59, 146, 39, 110, 52, 0, 131, 197, 122, 14, 78, 12, 176, 159, 161, 63, 19, 54, 41, 134, 185, 126, 119, 46, 66, 30, 150, 180, 1, 34, 172, 167, 49, 149, 90]
39684

[103, 164, 96, 80, 44, 196, 13, 107, 191, 3, 100, 59, 127, 192, 157, 76, 166, 40, 58, 88, 153, 20, 139, 163, 29, 67, 168, 22, 172, 149, 93, 181, 194, 112, 175, 132, 42, 195, 70, 38, 27, 147, 199, 170, 140, 57, 113, 102, 7, 154, 182, 21, 133, 61, 82, 71, 129, 49, 53, 74, 106, 108, 5, 156, 119, 111, 126, 185, 54, 66, 46, 30, 64, 176, 12, 26, 146, 11, 162, 92, 105, 18, 91, 118, 152, 65, 189, 17, 183, 36, 123, 117, 50, 193, 121, 47, 165, 95, 86, 125]
[101, 72, 2, 68, 141, 188, 130, 179, 155, 32, 99, 73, 56, 35, 174, 9, 98, 148, 48, 109, 45, 171, 28, 178, 43, 83, 10, 51, 169, 115, 187, 62, 15, 8, 77, 81, 6, 198, 25, 137, 60, 135, 31, 23, 158, 173, 120, 110, 116, 114, 52, 0, 131, 39, 84, 144, 190, 197, 122, 14, 78, 159, 161, 63, 19, 134, 41, 186, 150, 79, 160, 124, 180, 1, 34, 167, 184, 128, 145, 16, 24, 142, 89, 33, 97, 87, 37, 55, 151, 177, 4, 104, 136, 85, 138, 94, 90, 143, 75, 69]
38563

[72, 2, 188, 130, 179, 155, 80, 103, 165, 51, 10, 83, 47, 65, 152, 43, 62, 187, 115, 169, 121, 193, 50, 77, 81, 6, 198, 25, 60, 28, 109, 183, 36, 178, 118, 91, 9, 174, 98, 18, 189, 148, 105, 92, 11, 45, 171, 120, 110, 131, 190, 122, 197, 26, 39, 146, 100, 3, 191, 13, 35, 56, 141, 68, 58, 88, 29, 124, 180, 1, 172, 149, 94, 181, 194, 112, 175, 132, 42, 136, 85, 49, 138, 37, 38, 97, 113, 102, 24, 16, 7, 182, 154, 119, 46, 30, 160, 76, 157, 40]
[96, 125, 86, 95, 164, 196, 44, 32, 99, 73, 107, 166, 127, 192, 59, 162, 48, 17, 15, 117, 123, 8, 137, 135, 31, 23, 158, 173, 116, 114, 52, 0, 84, 144, 14, 12, 78, 159, 176, 64, 79, 150, 186, 53, 5, 108, 156, 66, 161, 63, 19, 54, 41, 134, 185, 126, 111, 106, 74, 21, 133, 128, 145, 142, 89, 33, 57, 140, 170, 199, 87, 147, 27, 55, 151, 177, 104, 4, 195, 70, 129, 71, 82, 61, 184, 167, 34, 67, 168, 163, 139, 153, 20, 22, 143, 101, 69, 75, 93, 90]
41196

[146, 110, 116, 114, 52, 0, 84, 144, 159, 63, 19, 134, 41, 111, 154, 182, 74, 53, 5, 46, 30, 66, 64, 26, 192, 157, 76, 29, 67, 168, 34, 167, 184, 61, 82, 71, 129, 38, 87, 199, 147, 37, 70, 195, 138, 90, 149, 172, 22, 143, 69, 75, 101, 20, 153, 88, 40, 166, 58, 72, 2, 68, 141, 188, 130, 179, 155, 99, 73, 56, 35, 32, 80, 96, 44, 196, 174, 9, 91, 18, 118, 47, 165, 103, 164, 95, 125, 86, 51, 10, 83, 169, 121, 81, 6, 198, 25, 48, 92, 162]
[194, 181, 112, 175, 132, 136, 42, 104, 4, 177, 151, 55, 27, 113, 97, 57, 170, 140, 33, 89, 24, 16, 142, 102, 145, 128, 7, 21, 133, 106, 108, 156, 119, 126, 185, 54, 161, 176, 12, 78, 14, 122, 197, 190, 131, 39, 11, 45, 171, 120, 173, 158, 23, 31, 135, 60, 137, 77, 8, 123, 117, 15, 62, 50, 193, 115, 187, 43, 152, 65, 178, 36, 183, 28, 109, 17, 189, 148, 105, 98, 13, 107, 191, 3, 100, 59, 127, 79, 186, 150, 160, 124, 180, 1, 163, 139, 93, 94, 49, 85]
38462

[111, 119, 185, 41, 134, 126, 7, 145, 142, 102, 113, 87, 147, 27, 38, 129, 71, 70, 37, 55, 151, 177, 195, 4, 104, 42, 136, 132, 175, 112, 85, 138, 49, 82, 61, 184, 167, 1, 180, 124, 160, 166, 40, 88, 58, 130, 179, 141, 73, 56, 99, 155, 32, 44, 196, 80, 96, 103, 164, 165, 95, 125, 86, 51, 10, 83, 169, 121, 193, 81, 6, 198, 60, 135, 158, 116, 110, 11, 28, 109, 17, 48, 148, 105, 92, 162, 26, 190, 197, 122, 12, 176, 66, 30, 64, 79, 150, 186, 108, 106]
[23, 31, 25, 77, 8, 137, 123, 117, 15, 50, 62, 187, 115, 43, 178, 36, 183, 171, 173, 120, 45, 189, 65, 152, 47, 118, 18, 98, 91, 9, 174, 35, 13, 191, 107, 68, 188, 2, 72, 153, 139, 163, 20, 101, 143, 69, 75, 181, 194, 94, 93, 90, 149, 172, 22, 34, 168, 67, 29, 76, 157, 192, 127, 59, 100, 3, 146, 39, 131, 52, 114, 0, 84, 144, 19, 63, 54, 16, 24, 89, 33, 57, 140, 170, 199, 97, 128, 133, 21, 182, 154, 74, 53, 5, 156, 46, 161, 159, 78, 14]
39938

[181, 75, 90, 149, 1, 180, 124, 29, 163, 88, 40, 166, 58, 188, 130, 179, 155, 32, 99, 73, 56, 35, 191, 59, 127, 192, 100, 3, 162, 92, 105, 148, 18, 196, 44, 80, 96, 103, 164, 125, 86, 95, 165, 51, 10, 83, 178, 123, 8, 77, 81, 6, 198, 25, 60, 137, 189, 48, 11, 146, 39, 120, 173, 110, 116, 114, 52, 0, 84, 190, 26, 197, 78, 159, 66, 30, 46, 119, 185, 41, 134, 126, 154, 7, 16, 24, 142, 89, 33, 102, 113, 97, 87, 147, 27, 70, 138, 94, 93, 194]
[122, 144, 131, 158, 23, 31, 135, 171, 45, 109, 17, 28, 183, 36, 117, 15, 50, 193, 62, 65, 152, 43, 187, 115, 121, 169, 47, 118, 91, 9, 174, 98, 13, 107, 141, 68, 2, 72, 153, 139, 20, 101, 69, 143, 22, 172, 167, 49, 85, 112, 175, 132, 136, 42, 104, 4, 195, 177, 151, 55, 199, 170, 140, 57, 145, 128, 38, 37, 129, 71, 82, 61, 184, 34, 168, 67, 160, 150, 186, 156, 106, 108, 5, 53, 74, 133, 21, 182, 111, 54, 19, 63, 161, 176, 64, 79, 76, 157, 12, 14]
39469

[78, 159, 63, 161, 66, 30, 106, 108, 5, 53, 74, 128, 102, 33, 57, 140, 170, 199, 87, 147, 37, 55, 151, 177, 195, 85, 94, 93, 90, 149, 143, 101, 22, 172, 1, 180, 34, 67, 29, 40, 2, 72, 188, 141, 130, 179, 155, 99, 73, 56, 35, 32, 44, 80, 96, 125, 86, 95, 165, 47, 164, 103, 196, 98, 18, 148, 105, 92, 162, 48, 189, 65, 43, 187, 115, 193, 50, 62, 15, 178, 36, 183, 137, 8, 77, 81, 6, 198, 25, 31, 110, 131, 84, 144, 190, 26, 197, 12, 176, 64]
[41, 134, 19, 54, 185, 119, 46, 156, 186, 150, 79, 76, 157, 166, 127, 192, 59, 100, 3, 11, 17, 109, 28, 171, 45, 120, 173, 39, 146, 122, 14, 0, 52, 114, 116, 158, 23, 135, 60, 123, 117, 121, 169, 51, 10, 83, 152, 118, 91, 9, 174, 13, 191, 107, 68, 58, 88, 153, 20, 139, 163, 168, 160, 124, 167, 184, 49, 61, 82, 71, 138, 69, 75, 181, 194, 112, 175, 132, 136, 42, 104, 4, 70, 129, 38, 27, 97, 113, 142, 89, 24, 16, 145, 7, 133, 21, 182, 154, 111, 126]
39176

[17, 109, 28, 183, 36, 25, 198, 6, 81, 77, 117, 15, 62, 43, 152, 65, 47, 10, 51, 165, 103, 118, 18, 148, 105, 98, 91, 9, 174, 196, 44, 32, 99, 155, 179, 130, 188, 40, 22, 172, 149, 94, 136, 42, 104, 4, 151, 55, 177, 195, 70, 37, 27, 87, 113, 97, 170, 140, 57, 102, 142, 145, 128, 133, 111, 126, 185, 41, 134, 19, 63, 161, 54, 119, 156, 5, 53, 82, 61, 184, 167, 34, 1, 79, 76, 157, 127, 192, 64, 197, 190, 84, 0, 52, 131, 39, 11, 45, 171, 120]
[49, 138, 71, 129, 38, 147, 199, 33, 89, 24, 16, 7, 21, 182, 154, 74, 106, 108, 186, 150, 160, 124, 180, 168, 67, 29, 166, 59, 100, 146, 26, 122, 12, 176, 30, 46, 66, 159, 78, 14, 144, 114, 116, 110, 173, 158, 23, 31, 135, 60, 137, 8, 123, 50, 193, 121, 169, 83, 115, 187, 178, 189, 48, 92, 162, 3, 191, 13, 107, 56, 35, 164, 95, 86, 125, 96, 80, 73, 141, 68, 2, 72, 58, 88, 153, 20, 139, 163, 101, 75, 69, 143, 90, 93, 181, 194, 112, 175, 132, 85]
39982

[44, 80, 32, 155, 99, 73, 56, 107, 141, 179, 130, 188, 68, 2, 72, 58, 139, 163, 168, 29, 67, 1, 180, 124, 61, 82, 138, 94, 85, 136, 42, 104, 177, 151, 55, 147, 87, 199, 170, 140, 57, 97, 113, 33, 89, 24, 16, 142, 102, 145, 128, 133, 21, 7, 154, 182, 74, 53, 186, 5, 108, 156, 30, 46, 119, 185, 134, 41, 54, 66, 161, 78, 197, 26, 190, 144, 84, 131, 39, 146, 11, 162, 92, 48, 17, 109, 183, 36, 137, 77, 81, 8, 117, 15, 178, 43, 47, 83, 165, 96]
[114, 116, 110, 52, 0, 192, 127, 157, 76, 79, 64, 176, 12, 122, 14, 159, 19, 63, 126, 111, 106, 150, 160, 34, 172, 22, 143, 149, 167, 184, 49, 71, 129, 38, 27, 37, 70, 195, 4, 132, 175, 112, 194, 181, 93, 90, 75, 69, 101, 20, 153, 88, 40, 166, 59, 100, 3, 191, 13, 35, 174, 9, 91, 18, 98, 105, 148, 189, 65, 152, 118, 196, 103, 164, 95, 125, 86, 51, 10, 169, 121, 193, 115, 187, 62, 50, 123, 25, 198, 6, 31, 135, 60, 28, 171, 45, 120, 23, 158, 173]
37899

[18, 98, 13, 191, 107, 73, 141, 68, 188, 72, 2, 58, 153, 139, 163, 20, 101, 75, 69, 143, 149, 90, 175, 132, 136, 104, 4, 85, 138, 37, 38, 27, 147, 87, 199, 170, 97, 113, 53, 5, 108, 106, 156, 63, 19, 159, 78, 12, 14, 122, 144, 0, 52, 110, 173, 158, 23, 31, 25, 198, 6, 81, 77, 8, 28, 109, 17, 48, 171, 45, 146, 26, 197, 59, 100, 3, 105, 148, 189, 178, 50, 193, 121, 115, 43, 152, 65, 118, 103, 196, 44, 80, 32, 155, 99, 56, 35, 174, 91, 9]
[168, 67, 29, 76, 157, 127, 192, 162, 92, 11, 39, 131, 190, 84, 114, 116, 120, 135, 60, 183, 36, 137, 123, 117, 15, 62, 187, 169, 47, 83, 10, 51, 86, 125, 95, 165, 164, 96, 179, 130, 166, 40, 88, 22, 172, 34, 1, 167, 94, 93, 181, 194, 112, 42, 151, 55, 177, 195, 70, 129, 71, 49, 184, 61, 82, 128, 102, 57, 140, 33, 89, 24, 16, 142, 145, 7, 21, 133, 74, 182, 154, 111, 126, 119, 46, 30, 66, 185, 134, 41, 54, 161, 176, 64, 79, 186, 150, 160, 124, 180]
40549

[184, 49, 85, 138, 129, 71, 53, 186, 150, 160, 79, 76, 157, 40, 58, 73, 44, 196, 103, 164, 125, 86, 95, 165, 51, 10, 83, 169, 121, 193, 50, 137, 135, 31, 23, 158, 173, 28, 183, 36, 178, 152, 65, 118, 91, 18, 189, 148, 105, 92, 162, 11, 146, 26, 176, 30, 66, 161, 63, 54, 126, 111, 156, 106, 74, 182, 154, 7, 128, 145, 16, 24, 142, 89, 33, 57, 140, 170, 199, 70, 195, 112, 132, 175, 194, 181, 93, 75, 69, 101, 153, 20, 139, 163, 168, 67, 34, 1, 172, 167]
[41, 134, 19, 159, 78, 12, 14, 122, 197, 190, 144, 84, 39, 131, 0, 52, 114, 116, 110, 120, 171, 45, 3, 100, 107, 56, 35, 174, 9, 98, 13, 191, 48, 17, 109, 60, 25, 198, 6, 81, 77, 8, 123, 117, 15, 62, 43, 187, 115, 47, 96, 80, 32, 99, 155, 179, 130, 141, 68, 188, 2, 72, 88, 22, 143, 149, 90, 94, 136, 42, 104, 4, 177, 151, 55, 37, 38, 27, 147, 87, 97, 113, 102, 21, 133, 82, 61, 108, 5, 124, 180, 29, 166, 59, 127, 192, 64, 46, 119, 185]
40584

[150, 186, 160, 79, 157, 26, 39, 11, 146, 100, 3, 162, 92, 148, 189, 48, 17, 109, 178, 152, 65, 118, 13, 191, 107, 141, 68, 2, 72, 188, 130, 179, 96, 164, 165, 95, 125, 86, 51, 10, 83, 169, 121, 193, 50, 62, 15, 117, 123, 137, 6, 198, 25, 36, 183, 28, 171, 45, 120, 173, 158, 110, 116, 114, 52, 0, 12, 176, 111, 7, 102, 113, 97, 87, 129, 71, 138, 85, 136, 132, 175, 112, 194, 181, 93, 90, 184, 167, 149, 75, 69, 101, 88, 40, 29, 67, 34, 1, 124, 180]
[140, 170, 199, 147, 27, 38, 37, 70, 55, 151, 177, 195, 4, 104, 42, 94, 49, 82, 61, 53, 5, 108, 106, 156, 119, 54, 66, 46, 30, 64, 192, 127, 166, 76, 168, 22, 172, 143, 163, 139, 20, 153, 58, 59, 105, 98, 18, 91, 9, 174, 35, 56, 73, 99, 155, 32, 80, 44, 196, 103, 47, 115, 187, 43, 8, 81, 77, 60, 135, 31, 23, 131, 84, 144, 190, 197, 122, 14, 78, 159, 161, 63, 19, 134, 41, 185, 126, 154, 182, 74, 21, 133, 128, 145, 16, 24, 142, 89, 33, 57]
40658

[92, 162, 105, 148, 98, 91, 18, 189, 48, 17, 109, 28, 183, 171, 45, 39, 131, 26, 176, 66, 161, 63, 19, 134, 41, 30, 46, 156, 108, 5, 53, 74, 128, 145, 89, 33, 57, 140, 170, 199, 97, 87, 147, 38, 129, 71, 82, 61, 184, 49, 138, 85, 195, 55, 151, 177, 132, 175, 112, 94, 93, 90, 149, 143, 34, 1, 157, 166, 127, 192, 59, 100, 191, 107, 68, 2, 72, 188, 130, 179, 73, 99, 155, 32, 44, 80, 96, 164, 95, 125, 86, 51, 10, 83, 47, 169, 121, 115, 62, 178]
[116, 114, 52, 0, 84, 144, 190, 197, 122, 14, 12, 78, 159, 54, 185, 126, 111, 119, 106, 154, 182, 21, 133, 7, 16, 24, 142, 102, 113, 27, 37, 70, 4, 104, 42, 136, 194, 181, 75, 69, 101, 153, 20, 139, 163, 67, 168, 22, 172, 167, 186, 150, 64, 79, 76, 160, 124, 180, 29, 88, 40, 58, 141, 56, 35, 196, 103, 165, 65, 152, 43, 187, 193, 50, 15, 117, 8, 77, 81, 6, 198, 31, 135, 60, 25, 137, 123, 36, 118, 9, 174, 13, 3, 146, 11, 120, 173, 23, 158, 110]
39742

[77, 81, 6, 198, 123, 117, 15, 65, 152, 43, 62, 50, 193, 115, 121, 169, 47, 165, 103, 96, 80, 196, 44, 32, 155, 179, 130, 68, 107, 191, 13, 48, 17, 171, 45, 120, 116, 114, 52, 0, 144, 197, 122, 14, 78, 159, 63, 19, 134, 41, 54, 30, 150, 186, 5, 108, 106, 111, 74, 182, 154, 7, 145, 89, 33, 113, 97, 57, 140, 170, 199, 87, 147, 27, 37, 38, 129, 70, 55, 151, 177, 195, 4, 104, 42, 194, 181, 75, 69, 101, 20, 153, 88, 40, 166, 127, 192, 59, 100, 3]
[133, 21, 128, 102, 142, 24, 16, 126, 185, 119, 46, 156, 53, 82, 61, 184, 49, 71, 138, 85, 136, 132, 175, 112, 94, 93, 90, 149, 143, 22, 172, 167, 180, 124, 160, 29, 157, 76, 79, 64, 66, 161, 176, 12, 26, 190, 84, 131, 110, 173, 158, 23, 31, 135, 60, 25, 8, 137, 36, 183, 28, 109, 11, 39, 146, 162, 92, 105, 148, 189, 178, 187, 83, 10, 51, 86, 125, 95, 164, 118, 18, 98, 91, 9, 174, 35, 56, 99, 73, 141, 188, 72, 2, 58, 139, 163, 168, 67, 1, 34]
39810

[151, 55, 177, 195, 70, 37, 199, 170, 140, 57, 33, 89, 102, 142, 24, 16, 7, 106, 108, 156, 46, 30, 66, 176, 159, 78, 14, 122, 144, 0, 52, 114, 116, 110, 173, 158, 23, 31, 135, 36, 178, 50, 193, 43, 152, 65, 118, 91, 9, 174, 32, 155, 99, 73, 56, 35, 13, 191, 98, 18, 189, 17, 48, 92, 162, 39, 190, 26, 197, 12, 64, 79, 150, 186, 5, 53, 160, 124, 180, 1, 34, 168, 22, 172, 143, 101, 69, 75, 93, 138, 85, 4, 104, 42, 136, 132, 175, 112, 194, 181]
[28, 183, 109, 148, 105, 3, 100, 146, 11, 45, 171, 120, 131, 84, 161, 63, 19, 54, 41, 134, 185, 126, 119, 111, 154, 182, 74, 21, 133, 145, 128, 113, 97, 87, 147, 27, 38, 129, 71, 82, 61, 184, 49, 94, 90, 149, 167, 76, 157, 192, 127, 59, 166, 29, 67, 163, 139, 20, 153, 88, 40, 58, 2, 72, 188, 68, 107, 141, 130, 179, 96, 80, 44, 196, 103, 164, 125, 86, 95, 165, 47, 83, 10, 51, 169, 121, 115, 187, 62, 15, 117, 123, 137, 60, 25, 198, 6, 81, 8, 77]
37836

[146, 26, 39, 11, 45, 171, 109, 28, 183, 36, 137, 123, 15, 169, 83, 10, 51, 86, 125, 95, 96, 80, 196, 44, 32, 73, 141, 188, 58, 40, 88, 153, 139, 163, 22, 172, 167, 184, 149, 90, 143, 69, 75, 93, 94, 49, 61, 82, 71, 70, 138, 85, 136, 104, 4, 177, 151, 55, 27, 147, 87, 199, 170, 140, 57, 97, 113, 102, 33, 89, 142, 24, 16, 145, 7, 21, 133, 74, 53, 30, 66, 176, 64, 79, 150, 124, 180, 1, 34, 168, 67, 29, 166, 100, 3, 162, 105, 148, 189, 92]
[161, 63, 19, 54, 41, 134, 185, 126, 119, 46, 156, 186, 5, 108, 106, 111, 154, 182, 128, 129, 38, 37, 195, 42, 132, 175, 112, 194, 181, 101, 20, 160, 76, 157, 192, 127, 59, 197, 190, 84, 131, 110, 173, 120, 48, 17, 178, 62, 187, 115, 43, 152, 65, 118, 18, 98, 13, 191, 107, 68, 2, 72, 130, 179, 155, 99, 56, 35, 174, 9, 91, 103, 164, 165, 47, 121, 193, 50, 117, 8, 77, 81, 6, 198, 25, 60, 135, 31, 23, 158, 116, 114, 52, 0, 144, 122, 14, 12, 78, 159]
39019

[189, 92, 162, 11, 146, 39, 131, 84, 190, 26, 78, 66, 46, 119, 41, 134, 126, 111, 154, 7, 16, 24, 33, 89, 142, 145, 102, 113, 97, 38, 37, 70, 129, 71, 138, 85, 4, 104, 42, 136, 94, 93, 90, 143, 69, 101, 20, 139, 163, 168, 67, 34, 167, 61, 82, 133, 74, 106, 156, 108, 5, 186, 150, 79, 76, 157, 192, 3, 105, 148, 98, 18, 91, 118, 65, 152, 178, 43, 187, 115, 121, 62, 15, 117, 77, 81, 6, 198, 25, 31, 173, 120, 45, 171, 183, 36, 28, 109, 17, 48]
[140, 170, 199, 87, 147, 27, 55, 151, 177, 195, 49, 184, 53, 30, 176, 12, 64, 160, 124, 180, 1, 22, 172, 149, 112, 132, 175, 194, 181, 75, 153, 88, 40, 29, 166, 127, 59, 100, 191, 13, 107, 141, 68, 58, 2, 72, 188, 130, 179, 155, 32, 99, 73, 56, 35, 174, 9, 196, 44, 80, 96, 103, 164, 125, 86, 95, 165, 47, 83, 10, 51, 169, 193, 50, 123, 8, 137, 60, 135, 23, 158, 110, 116, 114, 52, 0, 144, 197, 122, 14, 159, 161, 63, 19, 54, 185, 182, 21, 128, 57]
38583

[124, 150, 186, 5, 30, 46, 156, 106, 108, 53, 180, 1, 34, 163, 139, 20, 101, 153, 88, 40, 58, 2, 72, 188, 130, 179, 141, 107, 3, 191, 13, 35, 56, 99, 155, 80, 96, 125, 86, 103, 174, 9, 118, 117, 123, 137, 8, 77, 81, 6, 198, 25, 60, 135, 31, 23, 158, 173, 120, 45, 171, 109, 48, 11, 146, 39, 26, 122, 78, 159, 176, 161, 63, 19, 185, 126, 119, 111, 154, 7, 145, 102, 57, 97, 113, 38, 37, 195, 4, 104, 42, 136, 132, 175, 112, 194, 181, 75, 69, 167]
[50, 193, 62, 43, 187, 115, 121, 169, 51, 10, 83, 47, 152, 65, 178, 15, 36, 183, 28, 17, 189, 18, 91, 98, 148, 105, 92, 162, 100, 59, 127, 192, 157, 76, 160, 79, 64, 197, 190, 84, 131, 110, 116, 114, 52, 0, 144, 14, 12, 66, 54, 41, 134, 16, 24, 142, 89, 33, 140, 170, 199, 87, 147, 27, 55, 151, 177, 70, 129, 71, 82, 128, 133, 21, 182, 74, 61, 184, 49, 138, 85, 94, 93, 90, 149, 143, 172, 22, 168, 67, 29, 166, 68, 73, 32, 44, 196, 164, 95, 165]
39011

[18, 118, 189, 48, 17, 183, 60, 135, 25, 198, 137, 36, 178, 50, 193, 43, 152, 65, 83, 10, 51, 86, 125, 95, 165, 164, 103, 44, 32, 99, 35, 56, 188, 40, 166, 127, 192, 157, 76, 64, 30, 46, 156, 108, 5, 53, 186, 150, 124, 180, 1, 34, 67, 29, 168, 22, 172, 167, 181, 194, 112, 175, 132, 136, 42, 104, 4, 151, 55, 177, 195, 138, 49, 184, 21, 7, 182, 154, 111, 126, 134, 41, 185, 119, 66, 176, 12, 122, 197, 26, 190, 39, 146, 59, 100, 3, 162, 92, 148, 105]
[91, 98, 13, 191, 107, 68, 141, 73, 155, 179, 130, 72, 2, 58, 88, 153, 20, 139, 163, 101, 75, 69, 143, 149, 90, 93, 94, 85, 70, 37, 147, 87, 27, 38, 129, 71, 82, 61, 160, 79, 106, 74, 133, 128, 145, 102, 113, 97, 199, 170, 140, 57, 33, 89, 142, 24, 16, 54, 19, 63, 161, 159, 78, 14, 144, 84, 0, 52, 114, 116, 110, 131, 11, 109, 28, 171, 45, 120, 173, 158, 23, 31, 6, 81, 77, 8, 123, 117, 15, 62, 187, 115, 121, 169, 47, 96, 80, 196, 174, 9]
37871

[77, 81, 6, 198, 25, 31, 23, 158, 173, 120, 171, 45, 39, 110, 116, 114, 52, 0, 131, 84, 144, 190, 26, 197, 122, 14, 12, 176, 64, 186, 53, 5, 108, 106, 119, 185, 41, 134, 126, 111, 74, 182, 154, 7, 21, 133, 128, 145, 16, 24, 142, 102, 113, 27, 37, 70, 42, 132, 175, 112, 194, 181, 93, 94, 90, 75, 69, 101, 143, 149, 22, 163, 139, 88, 58, 72, 2, 68, 141, 73, 80, 96, 103, 47, 83, 10, 51, 169, 121, 115, 62, 15, 178, 152, 65, 91, 9, 98, 189, 36]
[123, 117, 50, 193, 187, 43, 86, 125, 95, 164, 165, 118, 18, 148, 105, 92, 162, 3, 191, 13, 107, 56, 35, 174, 196, 44, 32, 99, 155, 179, 130, 188, 153, 20, 168, 172, 167, 184, 49, 138, 85, 136, 104, 4, 195, 177, 151, 55, 147, 199, 170, 140, 57, 33, 89, 97, 87, 38, 129, 71, 82, 61, 156, 46, 54, 63, 19, 159, 78, 161, 66, 30, 150, 79, 157, 76, 160, 124, 180, 1, 34, 67, 29, 40, 166, 127, 192, 59, 100, 146, 11, 48, 17, 109, 28, 183, 60, 135, 137, 8]
38002

[31, 198, 6, 81, 77, 8, 137, 123, 36, 183, 28, 109, 17, 117, 15, 62, 50, 193, 51, 86, 125, 95, 164, 165, 118, 18, 148, 98, 91, 9, 174, 196, 44, 32, 56, 35, 13, 191, 3, 107, 2, 72, 58, 88, 153, 139, 20, 101, 69, 75, 93, 90, 149, 22, 168, 67, 167, 184, 49, 138, 71, 129, 70, 37, 27, 38, 128, 102, 113, 97, 57, 140, 33, 89, 133, 74, 108, 106, 156, 46, 66, 54, 19, 63, 161, 197, 26, 192, 127, 59, 100, 146, 11, 45, 120, 110, 116, 114, 52, 0]
[166, 40, 188, 68, 141, 130, 179, 73, 99, 155, 80, 96, 103, 47, 83, 10, 169, 121, 115, 187, 43, 152, 65, 178, 189, 105, 92, 162, 48, 171, 60, 25, 135, 23, 158, 173, 39, 131, 84, 144, 190, 122, 14, 12, 78, 159, 176, 64, 30, 119, 185, 41, 134, 126, 111, 154, 182, 21, 7, 16, 24, 142, 145, 82, 61, 53, 5, 186, 150, 79, 157, 76, 160, 124, 180, 1, 34, 172, 94, 85, 195, 87, 170, 199, 147, 55, 151, 177, 4, 104, 42, 136, 132, 175, 112, 194, 181, 143, 163, 29]
40721

[149, 90, 93, 94, 175, 132, 85, 195, 55, 70, 37, 147, 87, 199, 170, 140, 57, 33, 89, 24, 16, 142, 128, 133, 21, 182, 154, 74, 106, 46, 66, 54, 19, 63, 161, 159, 78, 197, 190, 26, 192, 127, 157, 76, 79, 160, 1, 34, 172, 22, 143, 153, 88, 40, 58, 73, 118, 103, 51, 10, 83, 169, 115, 187, 62, 43, 152, 65, 178, 123, 137, 8, 77, 81, 6, 198, 25, 60, 135, 31, 23, 158, 173, 120, 45, 162, 92, 105, 148, 189, 18, 91, 98, 13, 191, 3, 100, 146, 39, 11]
[186, 150, 124, 180, 167, 184, 49, 138, 177, 151, 4, 104, 42, 136, 112, 194, 181, 75, 69, 101, 20, 139, 163, 168, 67, 29, 166, 59, 107, 141, 68, 2, 72, 188, 130, 179, 155, 99, 56, 35, 174, 9, 196, 44, 32, 80, 96, 164, 95, 125, 86, 165, 47, 121, 193, 50, 15, 117, 36, 183, 28, 109, 17, 48, 171, 110, 116, 114, 52, 0, 131, 84, 144, 122, 14, 12, 176, 64, 30, 119, 185, 41, 134, 126, 111, 7, 145, 102, 113, 97, 27, 38, 129, 71, 82, 61, 53, 5, 108, 156]
39900

[170, 97, 113, 24, 16, 82, 61, 74, 53, 108, 5, 186, 150, 160, 124, 180, 1, 34, 168, 67, 29, 79, 30, 46, 119, 185, 54, 159, 78, 26, 146, 100, 3, 191, 13, 107, 56, 35, 174, 9, 91, 18, 98, 148, 105, 92, 162, 11, 120, 45, 171, 109, 17, 28, 183, 36, 117, 15, 62, 50, 193, 121, 169, 83, 47, 152, 65, 118, 196, 44, 96, 80, 32, 155, 99, 73, 179, 130, 141, 68, 188, 72, 2, 58, 22, 172, 167, 184, 49, 138, 85, 136, 104, 4, 195, 37, 38, 27, 147, 199]
[102, 142, 89, 33, 57, 140, 87, 129, 71, 70, 55, 151, 177, 42, 132, 175, 112, 194, 181, 93, 94, 90, 149, 143, 69, 75, 101, 163, 139, 20, 153, 88, 40, 166, 59, 127, 192, 157, 76, 64, 122, 197, 190, 131, 39, 48, 189, 103, 164, 165, 95, 125, 86, 51, 10, 115, 187, 43, 178, 123, 137, 8, 77, 81, 6, 198, 25, 60, 135, 31, 23, 158, 173, 110, 116, 114, 52, 0, 84, 144, 14, 12, 176, 66, 161, 63, 19, 134, 41, 126, 111, 156, 106, 154, 182, 21, 133, 7, 145, 128]
37655

[194, 112, 175, 132, 42, 104, 136, 49, 184, 61, 82, 199, 170, 140, 57, 145, 7, 154, 111, 126, 41, 134, 19, 63, 54, 185, 119, 46, 156, 5, 53, 186, 150, 160, 79, 64, 176, 12, 14, 122, 190, 110, 173, 25, 198, 6, 81, 77, 8, 178, 187, 43, 152, 65, 47, 10, 51, 86, 125, 95, 118, 91, 9, 174, 98, 18, 189, 17, 28, 109, 48, 148, 105, 92, 162, 191, 13, 35, 68, 188, 72, 2, 58, 88, 40, 166, 29, 67, 163, 139, 20, 153, 101, 69, 75, 181, 93, 90, 149, 143]
[16, 24, 142, 89, 33, 102, 128, 133, 21, 182, 74, 108, 106, 30, 66, 161, 159, 78, 197, 26, 146, 11, 39, 131, 84, 144, 0, 52, 114, 116, 158, 23, 31, 135, 60, 120, 45, 171, 183, 36, 137, 123, 117, 15, 62, 50, 193, 115, 121, 169, 83, 165, 164, 103, 96, 80, 196, 44, 32, 155, 99, 56, 73, 179, 130, 141, 107, 3, 100, 59, 127, 192, 157, 76, 124, 180, 1, 34, 168, 22, 172, 167, 94, 85, 4, 195, 177, 151, 55, 37, 27, 147, 87, 97, 113, 38, 129, 70, 138, 71]
38606

[29, 40, 58, 68, 32, 44, 80, 96, 125, 86, 95, 65, 152, 43, 62, 187, 115, 121, 193, 50, 15, 117, 123, 137, 8, 77, 81, 6, 198, 25, 28, 109, 17, 48, 189, 18, 91, 118, 196, 174, 9, 98, 148, 105, 92, 162, 11, 110, 116, 114, 0, 144, 122, 14, 78, 159, 161, 41, 134, 24, 89, 33, 57, 140, 170, 199, 97, 102, 142, 16, 119, 176, 12, 26, 39, 146, 192, 127, 160, 150, 186, 5, 167, 184, 49, 138, 112, 132, 175, 194, 181, 93, 75, 69, 143, 90, 149, 172, 22, 67]
[104, 4, 195, 177, 151, 55, 70, 37, 27, 147, 87, 113, 145, 7, 154, 182, 21, 133, 128, 38, 129, 71, 82, 61, 53, 108, 156, 106, 74, 111, 126, 185, 54, 19, 63, 66, 46, 30, 64, 79, 76, 157, 166, 59, 100, 3, 191, 45, 171, 120, 173, 131, 190, 197, 84, 52, 158, 23, 31, 135, 60, 183, 36, 178, 169, 51, 10, 83, 47, 165, 164, 103, 35, 13, 107, 56, 73, 99, 155, 179, 130, 141, 188, 2, 72, 88, 124, 180, 1, 34, 168, 163, 139, 20, 153, 101, 94, 85, 136, 42]
41791

[169, 51, 10, 83, 47, 118, 18, 98, 91, 9, 174, 35, 56, 73, 99, 32, 44, 80, 96, 155, 179, 130, 141, 59, 127, 166, 40, 29, 67, 34, 184, 167, 172, 149, 94, 93, 90, 143, 69, 75, 181, 85, 138, 70, 38, 129, 71, 49, 61, 82, 74, 186, 150, 76, 157, 192, 26, 197, 12, 176, 66, 30, 46, 156, 119, 111, 126, 185, 63, 19, 159, 144, 84, 131, 0, 52, 114, 116, 110, 173, 158, 23, 135, 60, 36, 183, 28, 109, 17, 48, 189, 178, 15, 62, 50, 193, 121, 187, 43, 115]
[147, 87, 199, 170, 140, 57, 97, 113, 27, 37, 195, 55, 151, 177, 4, 104, 42, 136, 132, 175, 112, 194, 101, 153, 20, 139, 163, 22, 168, 88, 58, 2, 72, 188, 68, 107, 191, 100, 3, 162, 92, 105, 148, 13, 196, 103, 164, 125, 86, 95, 165, 152, 65, 117, 123, 137, 8, 77, 81, 6, 198, 25, 31, 120, 171, 45, 11, 146, 39, 190, 122, 14, 78, 161, 134, 41, 54, 64, 79, 160, 124, 180, 1, 53, 5, 108, 106, 154, 182, 7, 21, 133, 128, 145, 102, 142, 16, 24, 89, 33]
38072

[98, 148, 18, 118, 164, 95, 165, 51, 10, 83, 47, 152, 65, 28, 183, 60, 135, 25, 31, 171, 45, 11, 146, 39, 131, 84, 190, 26, 197, 122, 12, 176, 78, 159, 161, 63, 19, 134, 16, 24, 33, 57, 140, 170, 199, 87, 147, 27, 38, 37, 55, 151, 42, 132, 175, 112, 194, 181, 94, 138, 71, 82, 61, 74, 106, 108, 5, 53, 186, 150, 180, 1, 34, 67, 168, 172, 149, 22, 163, 139, 153, 88, 40, 58, 2, 72, 188, 68, 141, 130, 179, 155, 32, 99, 73, 56, 35, 174, 9, 91]
[115, 169, 121, 193, 50, 15, 117, 36, 123, 137, 8, 77, 81, 6, 198, 23, 158, 173, 120, 110, 116, 114, 52, 0, 144, 14, 64, 66, 30, 46, 156, 119, 54, 41, 185, 126, 111, 154, 182, 7, 21, 133, 128, 145, 142, 89, 102, 113, 97, 129, 70, 195, 177, 4, 104, 136, 85, 49, 184, 167, 90, 93, 75, 69, 143, 101, 20, 166, 29, 124, 160, 79, 76, 157, 192, 127, 59, 100, 3, 191, 13, 107, 80, 96, 125, 86, 103, 196, 44, 105, 92, 162, 48, 109, 17, 189, 178, 62, 43, 187]
38433

[173, 116, 114, 52, 0, 131, 84, 122, 14, 78, 12, 176, 66, 161, 63, 19, 54, 185, 126, 111, 119, 46, 30, 186, 124, 180, 1, 34, 167, 184, 61, 82, 16, 24, 142, 89, 33, 97, 87, 147, 27, 37, 38, 129, 71, 70, 55, 151, 177, 195, 4, 104, 42, 136, 85, 138, 49, 94, 93, 90, 75, 69, 143, 149, 172, 22, 20, 139, 163, 168, 67, 76, 157, 166, 59, 191, 73, 56, 35, 174, 9, 178, 15, 62, 50, 117, 123, 137, 60, 36, 183, 28, 109, 17, 48, 11, 39, 45, 171, 120]
[65, 43, 187, 152, 118, 196, 44, 80, 96, 103, 164, 125, 86, 95, 165, 47, 83, 10, 51, 169, 121, 115, 193, 8, 77, 81, 6, 198, 25, 135, 31, 23, 158, 110, 144, 159, 41, 134, 154, 182, 106, 156, 108, 5, 53, 74, 133, 21, 7, 128, 145, 102, 113, 57, 140, 170, 199, 132, 175, 112, 194, 181, 101, 153, 88, 72, 2, 58, 40, 29, 160, 150, 79, 64, 127, 192, 26, 197, 190, 146, 100, 3, 162, 92, 105, 148, 189, 18, 91, 98, 13, 107, 141, 68, 188, 130, 179, 155, 99, 32]
39537

[20, 139, 163, 88, 40, 130, 179, 80, 96, 103, 164, 125, 86, 95, 165, 10, 51, 169, 121, 115, 187, 43, 62, 193, 50, 15, 36, 183, 28, 171, 45, 120, 173, 110, 116, 114, 52, 0, 84, 144, 197, 26, 190, 39, 11, 109, 17, 48, 189, 148, 92, 105, 18, 98, 35, 56, 73, 141, 68, 157, 76, 79, 160, 180, 124, 150, 186, 5, 108, 106, 156, 119, 54, 63, 19, 134, 41, 185, 126, 111, 7, 16, 24, 102, 128, 129, 38, 37, 55, 151, 177, 4, 132, 175, 112, 194, 49, 184, 167, 22]
[172, 1, 34, 168, 67, 29, 166, 107, 13, 191, 59, 100, 3, 162, 146, 192, 127, 64, 53, 61, 82, 71, 138, 85, 136, 42, 104, 195, 70, 27, 147, 87, 199, 170, 140, 57, 97, 113, 33, 89, 142, 145, 133, 21, 182, 154, 74, 46, 30, 66, 161, 159, 78, 176, 12, 14, 122, 131, 158, 23, 31, 198, 6, 81, 77, 8, 25, 135, 60, 137, 123, 117, 178, 65, 152, 83, 47, 118, 91, 9, 174, 196, 44, 32, 99, 155, 188, 72, 2, 58, 153, 101, 75, 181, 93, 94, 90, 149, 69, 143]
39868

[178, 62, 50, 193, 121, 115, 152, 65, 47, 169, 83, 10, 51, 86, 125, 95, 165, 164, 103, 96, 80, 32, 155, 99, 56, 73, 179, 130, 141, 68, 188, 72, 2, 58, 124, 180, 1, 34, 22, 143, 69, 75, 181, 194, 112, 175, 132, 138, 71, 129, 70, 38, 182, 154, 111, 41, 134, 19, 63, 161, 66, 30, 46, 106, 108, 186, 64, 79, 150, 160, 76, 157, 100, 3, 105, 92, 162, 146, 26, 190, 131, 120, 173, 158, 23, 31, 25, 198, 6, 81, 77, 8, 137, 36, 183, 28, 109, 17, 48, 189]
[159, 54, 185, 126, 119, 156, 5, 53, 74, 133, 21, 7, 145, 16, 24, 142, 89, 33, 102, 128, 113, 97, 57, 140, 170, 199, 87, 147, 27, 37, 55, 151, 177, 195, 4, 104, 42, 136, 85, 94, 93, 90, 49, 82, 61, 184, 167, 149, 172, 168, 67, 29, 163, 139, 20, 101, 153, 88, 40, 166, 127, 192, 59, 107, 191, 13, 35, 44, 196, 174, 9, 91, 118, 43, 187, 15, 117, 123, 60, 135, 171, 45, 18, 98, 148, 11, 39, 110, 116, 114, 52, 0, 84, 144, 197, 12, 176, 78, 14, 122]
38105

[127, 192, 157, 76, 166, 40, 88, 153, 58, 2, 72, 188, 56, 35, 196, 44, 80, 96, 164, 95, 125, 86, 51, 10, 83, 169, 121, 193, 115, 187, 43, 62, 50, 15, 117, 123, 137, 135, 60, 36, 183, 28, 109, 17, 48, 45, 171, 23, 158, 173, 120, 11, 92, 148, 189, 98, 105, 162, 3, 100, 59, 146, 39, 52, 0, 144, 161, 66, 30, 46, 156, 106, 74, 21, 133, 128, 97, 57, 140, 170, 199, 87, 147, 195, 4, 194, 181, 93, 94, 90, 149, 167, 184, 61, 82, 53, 108, 5, 186, 64]
[129, 38, 27, 113, 33, 89, 24, 16, 142, 102, 145, 7, 182, 154, 111, 119, 126, 185, 134, 41, 54, 63, 19, 159, 78, 176, 12, 14, 122, 197, 26, 190, 84, 131, 110, 114, 116, 31, 25, 198, 6, 81, 77, 8, 178, 65, 152, 47, 165, 103, 118, 18, 91, 9, 174, 13, 191, 107, 73, 99, 32, 155, 179, 130, 141, 68, 79, 150, 160, 124, 180, 1, 34, 168, 67, 29, 163, 139, 20, 101, 75, 69, 143, 22, 172, 49, 138, 85, 112, 175, 132, 136, 42, 104, 177, 151, 55, 37, 70, 71]
38722

[156, 46, 30, 66, 161, 159, 78, 122, 197, 26, 190, 84, 0, 52, 131, 39, 11, 45, 171, 120, 173, 158, 23, 31, 6, 198, 25, 135, 60, 28, 109, 17, 183, 36, 117, 15, 50, 193, 62, 65, 152, 43, 187, 115, 121, 169, 83, 10, 51, 86, 125, 96, 80, 32, 99, 73, 56, 35, 44, 196, 103, 47, 118, 9, 174, 148, 105, 92, 191, 13, 107, 59, 127, 192, 157, 76, 79, 160, 40, 58, 188, 179, 130, 2, 72, 88, 153, 101, 143, 149, 94, 85, 138, 49, 184, 61, 82, 21, 182, 106]
[177, 151, 55, 37, 70, 195, 4, 104, 42, 136, 132, 175, 112, 194, 181, 93, 90, 75, 69, 22, 172, 167, 71, 129, 38, 27, 147, 87, 199, 170, 140, 57, 97, 113, 102, 128, 133, 74, 53, 186, 150, 124, 180, 1, 34, 168, 163, 20, 139, 67, 29, 166, 68, 141, 155, 164, 95, 165, 91, 98, 18, 178, 123, 8, 81, 77, 137, 48, 189, 162, 3, 100, 146, 110, 116, 114, 144, 14, 12, 176, 64, 5, 108, 111, 119, 54, 63, 19, 134, 41, 185, 126, 154, 7, 145, 142, 89, 33, 24, 16]
40735

[181, 72, 2, 188, 130, 179, 155, 99, 32, 44, 196, 73, 141, 68, 58, 40, 67, 168, 34, 1, 180, 160, 79, 76, 157, 192, 127, 191, 13, 92, 105, 148, 18, 118, 125, 86, 51, 10, 83, 169, 121, 193, 115, 187, 43, 178, 189, 48, 17, 109, 28, 123, 137, 60, 135, 25, 8, 77, 81, 6, 198, 31, 23, 158, 173, 110, 84, 144, 190, 26, 197, 122, 66, 30, 46, 119, 156, 186, 53, 5, 108, 106, 74, 182, 21, 133, 128, 102, 57, 97, 113, 82, 61, 70, 55, 177, 138, 85, 94, 194]
[154, 7, 145, 16, 24, 142, 89, 33, 140, 170, 199, 87, 147, 27, 151, 42, 132, 175, 112, 136, 104, 4, 195, 37, 38, 129, 71, 49, 93, 90, 143, 69, 75, 101, 153, 20, 139, 88, 107, 56, 35, 80, 96, 103, 164, 95, 165, 47, 152, 65, 62, 50, 15, 117, 36, 183, 171, 45, 120, 116, 114, 52, 0, 131, 39, 146, 11, 162, 98, 91, 9, 174, 3, 100, 59, 166, 29, 163, 22, 172, 149, 167, 184, 124, 150, 64, 176, 12, 14, 78, 159, 161, 63, 19, 54, 41, 134, 185, 111, 126]
41931

[37, 38, 27, 147, 87, 113, 97, 199, 170, 140, 57, 33, 89, 142, 102, 145, 128, 133, 21, 108, 5, 53, 180, 124, 76, 157, 166, 29, 67, 168, 167, 184, 71, 129, 70, 55, 151, 177, 195, 4, 104, 42, 136, 132, 175, 112, 194, 181, 101, 20, 40, 68, 107, 56, 73, 99, 35, 174, 9, 91, 18, 118, 65, 152, 169, 121, 62, 15, 117, 123, 8, 25, 135, 60, 137, 36, 109, 17, 48, 11, 110, 52, 0, 84, 144, 190, 26, 39, 146, 127, 192, 12, 176, 66, 54, 126, 111, 7, 16, 24]
[61, 82, 49, 138, 85, 94, 93, 75, 90, 149, 172, 1, 34, 22, 143, 69, 163, 139, 153, 88, 58, 2, 72, 188, 141, 130, 179, 155, 32, 44, 196, 80, 96, 103, 164, 125, 86, 95, 165, 51, 10, 83, 47, 98, 13, 191, 59, 100, 3, 162, 92, 105, 148, 189, 178, 43, 187, 115, 193, 50, 77, 81, 6, 198, 31, 23, 183, 28, 171, 45, 120, 173, 158, 116, 114, 131, 197, 122, 14, 78, 159, 161, 63, 19, 134, 41, 185, 119, 46, 30, 64, 79, 160, 150, 186, 156, 106, 154, 182, 74]
39060

[182, 154, 7, 21, 133, 74, 108, 106, 111, 126, 185, 134, 41, 54, 63, 19, 159, 78, 14, 122, 197, 26, 190, 144, 0, 52, 114, 116, 110, 158, 173, 120, 45, 171, 135, 60, 137, 123, 36, 183, 28, 48, 92, 105, 148, 191, 13, 174, 9, 91, 98, 178, 15, 65, 152, 47, 83, 165, 95, 86, 125, 164, 103, 96, 80, 196, 44, 32, 155, 179, 130, 188, 72, 2, 40, 29, 167, 184, 143, 69, 75, 93, 85, 136, 42, 104, 4, 195, 177, 151, 55, 199, 170, 140, 57, 33, 89, 102, 97, 113]
[101, 181, 194, 175, 132, 112, 138, 70, 37, 38, 27, 147, 87, 142, 24, 16, 145, 128, 129, 71, 82, 61, 49, 94, 90, 149, 172, 22, 163, 20, 153, 139, 168, 67, 34, 1, 180, 124, 150, 186, 53, 5, 156, 119, 46, 30, 66, 161, 176, 12, 64, 79, 160, 76, 157, 166, 127, 192, 59, 100, 3, 146, 39, 84, 131, 23, 31, 25, 198, 6, 81, 77, 8, 117, 50, 193, 121, 169, 51, 10, 115, 187, 62, 43, 118, 18, 189, 17, 109, 11, 162, 107, 56, 35, 99, 73, 141, 68, 58, 88]
39342

[107, 73, 56, 35, 13, 191, 105, 148, 189, 178, 15, 117, 8, 77, 183, 28, 109, 17, 48, 171, 23, 158, 173, 120, 110, 116, 114, 52, 0, 84, 144, 190, 197, 26, 59, 127, 192, 157, 76, 79, 150, 186, 64, 176, 78, 159, 156, 5, 53, 108, 106, 74, 154, 182, 21, 133, 128, 82, 61, 71, 129, 38, 37, 55, 151, 177, 4, 104, 136, 85, 138, 167, 172, 22, 168, 67, 34, 1, 180, 124, 160, 29, 166, 40, 88, 58, 188, 130, 179, 155, 99, 32, 80, 44, 196, 118, 91, 9, 174, 98]
[198, 6, 25, 31, 135, 60, 137, 123, 36, 152, 65, 18, 92, 162, 3, 100, 146, 11, 45, 39, 131, 122, 14, 12, 66, 30, 46, 119, 185, 54, 161, 63, 19, 134, 41, 126, 111, 7, 16, 24, 33, 89, 142, 145, 102, 57, 140, 170, 199, 97, 113, 87, 147, 27, 70, 195, 42, 132, 175, 112, 194, 181, 93, 94, 49, 184, 149, 90, 143, 69, 75, 101, 20, 163, 139, 153, 72, 2, 68, 141, 96, 103, 164, 95, 125, 86, 165, 47, 83, 10, 51, 169, 121, 193, 115, 187, 43, 62, 50, 81]
38663

[174, 13, 105, 148, 189, 178, 15, 62, 43, 187, 193, 50, 81, 77, 8, 137, 183, 28, 109, 171, 45, 120, 52, 0, 131, 26, 192, 127, 166, 157, 76, 160, 79, 64, 150, 186, 53, 5, 108, 156, 30, 46, 119, 185, 126, 111, 106, 74, 133, 128, 102, 113, 97, 87, 147, 27, 38, 129, 70, 37, 55, 104, 42, 136, 94, 93, 90, 149, 172, 1, 180, 124, 34, 168, 67, 29, 58, 72, 2, 68, 141, 188, 130, 179, 73, 99, 155, 32, 80, 96, 125, 86, 95, 164, 165, 118, 18, 98, 91, 9]
[60, 135, 31, 23, 158, 173, 11, 92, 162, 146, 39, 110, 116, 114, 84, 144, 190, 197, 122, 14, 12, 176, 66, 78, 159, 161, 63, 19, 54, 41, 134, 154, 182, 21, 7, 145, 16, 24, 142, 89, 33, 57, 140, 170, 199, 71, 138, 85, 195, 177, 151, 4, 132, 175, 112, 194, 181, 75, 69, 143, 49, 82, 61, 184, 167, 22, 101, 163, 139, 20, 153, 88, 40, 59, 100, 3, 191, 107, 56, 35, 44, 196, 103, 47, 83, 10, 51, 169, 121, 115, 152, 65, 48, 17, 36, 117, 123, 25, 6, 198]
38677

[64, 30, 46, 66, 176, 12, 14, 78, 159, 161, 54, 41, 185, 119, 156, 106, 108, 74, 21, 133, 61, 82, 128, 145, 16, 24, 142, 89, 33, 102, 113, 97, 87, 27, 38, 37, 195, 4, 104, 42, 136, 132, 175, 112, 194, 181, 143, 172, 22, 40, 58, 68, 141, 107, 191, 3, 162, 92, 105, 148, 18, 98, 13, 56, 35, 174, 9, 91, 118, 95, 125, 86, 51, 169, 121, 123, 8, 137, 36, 183, 28, 171, 45, 120, 11, 146, 39, 131, 190, 26, 192, 127, 29, 67, 1, 180, 53, 5, 186, 150]
[23, 31, 135, 60, 25, 198, 6, 81, 77, 117, 15, 178, 62, 50, 193, 115, 187, 43, 152, 65, 47, 83, 10, 165, 164, 103, 96, 80, 196, 44, 32, 155, 99, 73, 179, 130, 188, 72, 2, 166, 157, 76, 79, 160, 124, 34, 168, 163, 88, 153, 139, 20, 101, 69, 75, 93, 90, 149, 167, 184, 49, 94, 85, 138, 71, 129, 70, 177, 151, 55, 147, 199, 170, 140, 57, 7, 182, 154, 111, 126, 134, 19, 63, 122, 197, 144, 84, 0, 52, 114, 116, 110, 158, 173, 109, 17, 48, 189, 100, 59]
39793

[10, 83, 47, 118, 174, 9, 91, 65, 152, 43, 115, 187, 62, 178, 36, 60, 135, 183, 28, 171, 45, 120, 173, 158, 110, 116, 114, 52, 0, 12, 176, 66, 30, 46, 119, 111, 7, 145, 102, 57, 140, 170, 199, 87, 147, 27, 37, 70, 82, 61, 53, 5, 184, 167, 94, 112, 132, 175, 194, 181, 93, 90, 149, 172, 22, 34, 1, 180, 124, 160, 150, 186, 79, 64, 39, 146, 3, 100, 59, 192, 127, 40, 88, 58, 2, 72, 188, 107, 191, 13, 35, 56, 73, 99, 80, 96, 103, 164, 165, 51]
[108, 156, 106, 182, 154, 126, 185, 134, 41, 54, 19, 63, 161, 159, 78, 14, 122, 197, 26, 190, 144, 84, 131, 11, 162, 92, 105, 148, 98, 18, 189, 48, 17, 109, 23, 31, 25, 198, 6, 81, 77, 8, 137, 123, 117, 15, 50, 193, 121, 169, 95, 86, 125, 196, 44, 32, 155, 179, 130, 141, 68, 166, 157, 76, 29, 67, 168, 163, 139, 20, 153, 101, 143, 69, 75, 136, 42, 104, 4, 177, 151, 55, 195, 85, 138, 49, 71, 129, 38, 113, 97, 33, 89, 24, 16, 142, 128, 133, 21, 74]
38130

[53, 184, 167, 124, 180, 1, 34, 168, 67, 29, 40, 166, 127, 192, 59, 100, 3, 162, 92, 105, 148, 189, 48, 17, 109, 23, 31, 135, 60, 25, 198, 6, 81, 77, 8, 50, 193, 62, 178, 18, 98, 35, 32, 73, 56, 13, 191, 107, 68, 141, 179, 130, 2, 72, 153, 139, 20, 101, 69, 75, 93, 181, 194, 136, 42, 104, 37, 70, 138, 94, 49, 71, 142, 89, 33, 24, 16, 7, 133, 21, 182, 119, 66, 176, 78, 14, 122, 197, 190, 84, 0, 52, 131, 26, 12, 64, 150, 186, 5, 108]
[144, 114, 116, 110, 39, 146, 11, 173, 158, 120, 45, 171, 28, 183, 36, 137, 123, 117, 15, 43, 187, 115, 121, 169, 83, 10, 51, 165, 47, 152, 65, 118, 91, 9, 174, 196, 44, 103, 164, 95, 86, 125, 96, 80, 155, 99, 188, 58, 88, 163, 22, 143, 90, 149, 172, 160, 76, 157, 79, 30, 46, 156, 106, 74, 61, 82, 128, 113, 87, 27, 38, 129, 85, 112, 175, 132, 4, 195, 177, 151, 55, 147, 199, 170, 140, 57, 97, 102, 145, 154, 111, 126, 185, 134, 41, 54, 19, 63, 161, 159]
40810

[38, 27, 87, 97, 113, 102, 24, 16, 7, 182, 154, 126, 134, 41, 119, 46, 30, 66, 161, 63, 19, 159, 78, 144, 84, 131, 110, 173, 158, 23, 31, 25, 198, 6, 81, 77, 8, 135, 60, 17, 48, 11, 146, 162, 92, 189, 178, 187, 121, 115, 43, 65, 191, 13, 35, 196, 44, 96, 80, 32, 99, 155, 179, 130, 188, 58, 40, 29, 168, 22, 172, 149, 90, 143, 69, 75, 181, 194, 175, 132, 112, 71, 82, 61, 49, 184, 53, 150, 160, 76, 157, 79, 64, 186, 5, 108, 106, 74, 133, 21]
[107, 166, 127, 192, 59, 100, 3, 105, 148, 18, 98, 174, 9, 91, 118, 152, 47, 165, 103, 164, 95, 125, 86, 51, 10, 83, 169, 193, 50, 62, 15, 117, 123, 137, 36, 183, 28, 109, 171, 45, 120, 116, 114, 52, 0, 39, 190, 26, 197, 122, 14, 12, 176, 54, 185, 111, 156, 124, 180, 1, 67, 34, 167, 138, 195, 37, 70, 129, 128, 145, 142, 89, 33, 57, 140, 170, 199, 147, 55, 151, 177, 4, 104, 42, 136, 85, 94, 93, 101, 163, 139, 20, 153, 88, 72, 2, 68, 141, 73, 56]
39682

[149, 90, 167, 184, 49, 138, 71, 82, 61, 53, 108, 5, 186, 150, 160, 124, 180, 1, 34, 67, 29, 168, 20, 101, 75, 181, 194, 112, 136, 42, 104, 4, 177, 151, 70, 129, 38, 37, 27, 87, 113, 128, 145, 133, 21, 182, 154, 111, 119, 46, 30, 64, 79, 76, 157, 127, 68, 130, 179, 155, 99, 32, 44, 196, 35, 13, 191, 100, 3, 105, 148, 18, 189, 178, 43, 47, 165, 95, 125, 86, 51, 10, 115, 187, 62, 50, 123, 137, 36, 183, 28, 11, 146, 39, 131, 84, 144, 190, 197, 26]
[52, 0, 122, 14, 12, 176, 78, 159, 63, 19, 134, 41, 126, 185, 54, 161, 66, 156, 106, 74, 7, 16, 24, 142, 89, 33, 102, 97, 57, 140, 170, 199, 147, 55, 195, 85, 132, 175, 94, 93, 69, 143, 172, 22, 163, 139, 153, 88, 40, 166, 58, 2, 72, 188, 141, 73, 56, 107, 59, 192, 110, 114, 116, 158, 31, 23, 173, 120, 171, 45, 162, 92, 48, 17, 109, 60, 135, 25, 8, 117, 15, 152, 65, 118, 91, 98, 9, 174, 80, 96, 103, 164, 83, 169, 121, 193, 81, 77, 198, 6]
42699

[163, 139, 20, 153, 101, 75, 69, 143, 22, 172, 149, 90, 93, 181, 194, 112, 175, 132, 136, 42, 104, 70, 37, 27, 199, 170, 140, 57, 33, 89, 24, 16, 7, 133, 21, 182, 154, 74, 108, 106, 119, 134, 41, 46, 30, 150, 64, 84, 131, 0, 52, 114, 116, 110, 158, 23, 31, 198, 6, 81, 77, 8, 50, 193, 115, 121, 169, 10, 51, 86, 125, 95, 165, 47, 152, 65, 183, 28, 17, 189, 18, 98, 91, 9, 174, 196, 44, 35, 13, 3, 100, 59, 127, 166, 2, 72, 88, 168, 34, 67]
[76, 157, 192, 146, 39, 11, 173, 120, 45, 171, 109, 48, 148, 105, 92, 162, 191, 107, 68, 141, 73, 56, 99, 32, 118, 178, 36, 60, 135, 25, 137, 123, 117, 15, 62, 43, 187, 83, 164, 103, 96, 80, 155, 179, 130, 188, 58, 40, 29, 160, 79, 12, 14, 122, 197, 26, 190, 144, 78, 159, 176, 66, 161, 63, 19, 54, 185, 126, 111, 156, 186, 5, 53, 184, 61, 82, 71, 129, 38, 128, 145, 142, 102, 113, 97, 87, 147, 55, 151, 177, 195, 4, 85, 138, 49, 94, 167, 1, 180, 124]
39674

[40, 29, 124, 180, 67, 168, 88, 153, 20, 139, 163, 22, 172, 143, 101, 69, 75, 93, 94, 138, 85, 181, 194, 112, 175, 132, 136, 42, 104, 4, 177, 151, 55, 195, 70, 37, 87, 97, 113, 102, 142, 145, 128, 71, 82, 61, 133, 21, 74, 53, 108, 5, 79, 157, 192, 127, 59, 100, 3, 191, 13, 148, 105, 92, 162, 146, 26, 176, 66, 161, 63, 19, 159, 78, 14, 122, 39, 11, 109, 17, 178, 65, 152, 43, 187, 115, 193, 121, 169, 196, 44, 32, 35, 56, 73, 141, 188, 58, 72, 2]
[98, 166, 76, 160, 150, 186, 1, 34, 149, 90, 167, 184, 49, 129, 38, 27, 147, 199, 170, 140, 57, 33, 89, 24, 16, 7, 182, 154, 106, 156, 111, 126, 185, 134, 41, 54, 119, 46, 30, 64, 12, 197, 190, 144, 84, 131, 0, 52, 114, 116, 110, 173, 158, 23, 31, 135, 60, 25, 198, 6, 81, 77, 8, 137, 123, 117, 15, 50, 62, 36, 183, 28, 171, 120, 45, 48, 189, 118, 47, 83, 10, 51, 86, 125, 95, 165, 164, 103, 96, 80, 99, 155, 179, 130, 68, 107, 174, 9, 91, 18]
39020

[86, 95, 165, 47, 65, 152, 43, 187, 193, 50, 15, 117, 123, 137, 8, 77, 81, 6, 198, 25, 135, 60, 183, 28, 92, 162, 146, 39, 110, 116, 114, 52, 0, 84, 190, 64, 66, 161, 63, 19, 54, 41, 134, 185, 156, 106, 108, 5, 186, 53, 74, 21, 133, 128, 145, 102, 142, 16, 24, 89, 33, 57, 140, 170, 199, 55, 151, 177, 85, 138, 49, 94, 93, 90, 149, 143, 172, 167, 184, 34, 76, 166, 58, 2, 72, 188, 141, 130, 179, 155, 99, 73, 56, 35, 98, 18, 118, 103, 164, 125]
[107, 68, 40, 88, 153, 20, 139, 163, 29, 67, 168, 22, 101, 69, 75, 181, 194, 112, 175, 132, 136, 42, 104, 4, 195, 70, 37, 27, 147, 87, 97, 113, 38, 129, 71, 82, 61, 7, 182, 154, 111, 126, 119, 46, 30, 150, 124, 180, 1, 160, 79, 157, 192, 127, 59, 100, 3, 105, 148, 189, 17, 109, 48, 11, 26, 197, 12, 176, 159, 78, 14, 122, 144, 131, 45, 171, 120, 173, 158, 23, 31, 36, 178, 62, 115, 121, 169, 83, 10, 51, 96, 80, 32, 44, 196, 91, 9, 174, 13, 191]
37708

[124, 180, 160, 150, 79, 76, 157, 166, 127, 192, 146, 11, 191, 107, 141, 68, 58, 2, 72, 188, 130, 179, 155, 32, 44, 196, 174, 9, 118, 103, 47, 83, 169, 121, 193, 50, 62, 178, 152, 65, 189, 48, 17, 60, 137, 8, 77, 81, 6, 198, 25, 135, 31, 23, 158, 173, 39, 190, 26, 197, 12, 64, 5, 108, 106, 156, 119, 54, 41, 134, 185, 126, 111, 154, 7, 16, 145, 128, 38, 129, 71, 138, 49, 82, 61, 184, 167, 172, 149, 90, 143, 69, 75, 101, 20, 22, 168, 67, 34, 1]
[57, 170, 140, 33, 89, 24, 142, 102, 113, 97, 199, 87, 147, 27, 55, 151, 177, 4, 104, 42, 136, 132, 175, 112, 194, 181, 93, 94, 85, 195, 70, 37, 74, 53, 186, 29, 163, 139, 153, 88, 40, 59, 100, 3, 162, 92, 105, 148, 18, 91, 98, 13, 35, 56, 73, 99, 80, 96, 125, 86, 95, 164, 165, 10, 51, 115, 187, 43, 15, 117, 123, 36, 183, 28, 109, 171, 45, 120, 110, 116, 114, 52, 0, 131, 84, 144, 122, 14, 78, 159, 19, 63, 161, 176, 66, 30, 46, 182, 21, 133]
38167

[180, 1, 34, 168, 67, 29, 40, 88, 153, 20, 139, 163, 22, 172, 149, 143, 101, 69, 75, 93, 181, 194, 112, 175, 132, 136, 42, 104, 4, 177, 151, 55, 195, 70, 37, 27, 147, 199, 170, 140, 57, 102, 33, 89, 142, 24, 16, 7, 182, 154, 126, 185, 134, 41, 54, 19, 63, 161, 159, 78, 26, 146, 39, 131, 52, 110, 173, 158, 23, 31, 6, 198, 25, 60, 183, 28, 109, 17, 11, 162, 92, 48, 189, 65, 152, 118, 91, 9, 174, 35, 56, 13, 3, 100, 59, 127, 192, 64, 160, 124]
[155, 80, 96, 103, 164, 95, 125, 86, 165, 47, 83, 10, 51, 169, 121, 115, 187, 193, 50, 62, 43, 178, 15, 117, 36, 123, 137, 8, 81, 77, 135, 171, 45, 120, 116, 114, 0, 84, 144, 190, 197, 122, 14, 12, 176, 66, 30, 46, 119, 111, 156, 106, 108, 74, 21, 133, 145, 128, 113, 97, 87, 38, 129, 71, 138, 85, 94, 90, 167, 184, 49, 82, 61, 53, 5, 186, 150, 79, 76, 157, 166, 58, 2, 72, 188, 68, 141, 130, 179, 73, 107, 191, 105, 148, 18, 98, 196, 44, 32, 99]
35277

[115, 169, 10, 51, 86, 125, 95, 164, 103, 96, 80, 32, 155, 99, 73, 179, 130, 58, 139, 163, 22, 143, 149, 90, 69, 75, 181, 194, 112, 175, 132, 136, 42, 104, 27, 147, 87, 33, 89, 142, 145, 82, 61, 184, 167, 172, 1, 34, 168, 67, 29, 157, 76, 150, 186, 5, 108, 74, 133, 21, 126, 185, 41, 134, 19, 63, 159, 78, 144, 0, 52, 23, 31, 135, 60, 25, 198, 6, 81, 77, 8, 137, 123, 28, 109, 17, 48, 162, 3, 100, 59, 191, 98, 91, 9, 174, 44, 196, 43, 187]
[119, 111, 154, 182, 7, 16, 24, 57, 140, 170, 199, 97, 113, 102, 128, 71, 129, 38, 37, 70, 195, 55, 151, 177, 4, 85, 138, 49, 94, 93, 101, 20, 153, 88, 40, 166, 192, 127, 2, 72, 188, 68, 141, 107, 56, 35, 13, 92, 105, 148, 189, 18, 118, 65, 152, 47, 165, 83, 121, 193, 50, 62, 178, 15, 117, 36, 183, 171, 45, 120, 173, 158, 116, 114, 110, 11, 146, 39, 131, 84, 190, 26, 197, 122, 14, 12, 176, 64, 79, 160, 124, 180, 53, 106, 156, 46, 30, 54, 161, 66]
39044

[18, 98, 148, 105, 92, 190, 144, 84, 0, 52, 114, 116, 28, 60, 135, 25, 137, 123, 117, 178, 65, 152, 43, 187, 62, 15, 50, 193, 115, 121, 169, 10, 51, 86, 125, 96, 155, 179, 130, 188, 72, 2, 58, 88, 153, 20, 139, 163, 101, 22, 172, 49, 71, 129, 38, 70, 37, 27, 147, 87, 33, 89, 24, 7, 21, 133, 74, 182, 154, 111, 119, 54, 161, 159, 78, 12, 176, 66, 106, 108, 5, 53, 186, 150, 160, 124, 180, 1, 34, 67, 29, 40, 68, 141, 56, 35, 174, 9, 91, 118]
[157, 76, 79, 156, 46, 30, 64, 26, 197, 122, 14, 63, 19, 134, 41, 185, 126, 16, 142, 102, 145, 128, 113, 97, 57, 140, 170, 199, 55, 151, 177, 195, 4, 104, 42, 136, 132, 175, 112, 194, 181, 75, 69, 143, 149, 90, 93, 94, 85, 138, 82, 61, 184, 167, 168, 166, 127, 192, 59, 107, 73, 99, 32, 44, 80, 103, 164, 95, 165, 83, 47, 196, 13, 191, 3, 100, 146, 39, 131, 110, 11, 45, 171, 120, 173, 158, 23, 31, 198, 6, 81, 77, 8, 36, 183, 109, 17, 48, 189, 162]
39717

[191, 3, 100, 107, 68, 141, 179, 130, 188, 72, 2, 58, 40, 88, 139, 20, 153, 101, 69, 75, 181, 194, 112, 175, 132, 136, 42, 104, 4, 177, 195, 85, 138, 49, 184, 149, 94, 93, 90, 143, 22, 163, 67, 29, 64, 30, 46, 126, 185, 134, 41, 54, 19, 63, 161, 159, 78, 14, 122, 190, 144, 84, 131, 0, 52, 114, 116, 110, 120, 173, 158, 6, 198, 25, 60, 28, 109, 17, 48, 178, 43, 187, 169, 83, 10, 51, 86, 125, 95, 165, 164, 103, 196, 118, 98, 13, 35, 56, 99, 73]
[79, 186, 156, 106, 108, 5, 53, 150, 160, 124, 180, 1, 34, 168, 172, 167, 61, 82, 71, 129, 38, 27, 37, 70, 151, 55, 147, 87, 97, 113, 128, 102, 57, 170, 199, 140, 33, 89, 142, 24, 16, 145, 7, 21, 133, 74, 182, 154, 111, 119, 66, 176, 12, 197, 26, 39, 146, 11, 189, 65, 152, 62, 15, 117, 36, 183, 45, 171, 23, 31, 135, 137, 77, 81, 8, 123, 50, 193, 121, 115, 47, 96, 80, 155, 32, 44, 174, 9, 91, 18, 148, 105, 92, 162, 59, 192, 127, 166, 157, 76]
37219

[18, 98, 91, 9, 174, 44, 32, 155, 99, 73, 56, 35, 13, 191, 107, 68, 141, 179, 130, 188, 72, 2, 58, 127, 192, 157, 76, 79, 160, 124, 180, 1, 34, 163, 40, 88, 153, 139, 20, 101, 69, 90, 149, 49, 138, 128, 24, 16, 7, 133, 21, 182, 154, 74, 106, 156, 119, 46, 30, 66, 176, 161, 159, 78, 14, 122, 197, 190, 26, 146, 39, 131, 0, 52, 114, 116, 110, 17, 109, 28, 183, 60, 135, 25, 137, 123, 117, 15, 50, 193, 121, 83, 165, 164, 103, 47, 187, 62, 178, 118]
[84, 144, 12, 64, 150, 186, 185, 54, 63, 19, 134, 41, 126, 111, 108, 5, 53, 167, 184, 61, 82, 71, 129, 70, 37, 27, 38, 145, 142, 89, 33, 102, 113, 97, 57, 140, 170, 199, 87, 147, 55, 151, 177, 195, 4, 104, 42, 136, 85, 94, 93, 132, 175, 112, 194, 181, 75, 143, 172, 22, 168, 67, 29, 166, 59, 100, 3, 162, 92, 105, 148, 196, 80, 96, 95, 125, 86, 51, 10, 169, 115, 43, 152, 65, 189, 48, 36, 8, 77, 81, 6, 198, 31, 23, 158, 173, 120, 171, 45, 11]
38058

[176, 66, 64, 79, 160, 29, 40, 88, 153, 139, 20, 101, 69, 143, 149, 184, 167, 180, 124, 150, 186, 5, 156, 106, 108, 74, 128, 38, 129, 70, 37, 27, 33, 89, 142, 24, 16, 7, 182, 154, 126, 134, 19, 63, 161, 159, 78, 12, 122, 197, 26, 190, 84, 131, 39, 146, 100, 3, 191, 13, 35, 91, 118, 47, 83, 169, 121, 193, 50, 62, 187, 43, 152, 65, 148, 105, 92, 162, 11, 45, 171, 60, 135, 25, 137, 123, 8, 77, 81, 6, 198, 31, 23, 110, 116, 114, 52, 0, 144, 14]
[179, 130, 141, 188, 72, 2, 58, 68, 107, 59, 166, 67, 168, 163, 22, 75, 181, 194, 112, 175, 132, 136, 42, 104, 4, 85, 195, 177, 151, 55, 147, 87, 113, 97, 199, 170, 140, 57, 102, 145, 21, 133, 61, 82, 71, 138, 49, 94, 93, 90, 172, 34, 1, 53, 111, 185, 41, 54, 119, 46, 30, 76, 157, 127, 192, 120, 173, 158, 28, 183, 36, 117, 15, 115, 10, 51, 86, 125, 95, 165, 164, 103, 178, 109, 17, 48, 189, 18, 98, 9, 174, 196, 44, 96, 80, 32, 155, 99, 73, 56]
40599

[138, 195, 4, 104, 42, 136, 85, 93, 75, 69, 143, 149, 1, 180, 124, 160, 157, 192, 127, 59, 191, 107, 35, 56, 73, 99, 96, 125, 86, 95, 165, 47, 152, 65, 118, 18, 98, 91, 9, 174, 13, 45, 120, 171, 109, 28, 183, 36, 178, 43, 187, 115, 193, 50, 117, 123, 137, 25, 198, 6, 31, 23, 158, 116, 114, 84, 144, 190, 26, 197, 122, 14, 78, 12, 176, 64, 79, 150, 186, 108, 106, 154, 182, 21, 133, 7, 145, 128, 113, 97, 57, 140, 170, 199, 87, 147, 27, 70, 129, 71]
[148, 105, 189, 17, 48, 11, 146, 39, 131, 0, 52, 110, 173, 135, 60, 77, 81, 8, 15, 62, 121, 169, 83, 10, 51, 164, 103, 196, 44, 80, 32, 155, 179, 130, 141, 68, 188, 72, 2, 58, 88, 153, 20, 139, 163, 101, 181, 194, 112, 175, 132, 177, 151, 55, 37, 38, 102, 33, 89, 142, 24, 16, 126, 111, 119, 185, 134, 41, 54, 19, 63, 161, 159, 66, 30, 46, 156, 5, 53, 74, 82, 61, 49, 94, 90, 184, 167, 172, 22, 34, 168, 67, 29, 76, 40, 166, 100, 3, 92, 162]
38945

[61, 82, 128, 145, 142, 102, 113, 97, 87, 27, 38, 37, 55, 70, 129, 71, 49, 184, 167, 1, 180, 124, 160, 79, 119, 41, 134, 19, 63, 159, 78, 197, 26, 76, 157, 127, 192, 189, 48, 17, 109, 28, 183, 23, 31, 198, 6, 81, 77, 8, 36, 178, 15, 62, 50, 193, 115, 121, 169, 51, 10, 83, 118, 18, 98, 91, 9, 174, 196, 44, 32, 99, 155, 179, 130, 188, 68, 2, 72, 58, 40, 29, 67, 168, 34, 172, 22, 143, 149, 90, 93, 94, 138, 85, 136, 104, 4, 195, 177, 151]
[176, 161, 54, 185, 126, 111, 106, 108, 74, 154, 182, 21, 133, 7, 16, 24, 89, 33, 57, 140, 170, 199, 147, 42, 132, 175, 112, 194, 181, 75, 69, 101, 163, 139, 20, 153, 88, 166, 59, 100, 3, 162, 92, 105, 148, 13, 191, 107, 141, 73, 56, 35, 80, 96, 103, 164, 125, 86, 95, 165, 47, 65, 152, 43, 187, 117, 123, 137, 25, 135, 60, 171, 45, 120, 173, 158, 110, 116, 114, 52, 0, 131, 11, 146, 39, 190, 84, 144, 122, 14, 12, 64, 150, 186, 53, 5, 156, 46, 30, 66]
37360

[53, 74, 133, 21, 7, 16, 24, 89, 33, 57, 140, 170, 199, 147, 27, 38, 37, 70, 55, 151, 177, 195, 4, 104, 42, 136, 85, 138, 71, 82, 61, 184, 167, 172, 149, 90, 143, 101, 20, 139, 163, 22, 168, 34, 1, 180, 67, 29, 40, 58, 2, 72, 188, 130, 141, 68, 107, 13, 98, 118, 65, 152, 83, 10, 95, 125, 86, 51, 169, 121, 115, 193, 50, 15, 117, 123, 8, 77, 137, 36, 178, 189, 148, 48, 17, 11, 146, 39, 26, 197, 122, 14, 78, 159, 63, 161, 66, 46, 156, 5]
[31, 23, 158, 173, 120, 45, 171, 109, 28, 183, 60, 135, 25, 198, 6, 81, 62, 187, 43, 47, 165, 164, 103, 96, 80, 196, 44, 32, 99, 155, 179, 73, 56, 35, 174, 9, 91, 18, 105, 92, 162, 191, 3, 100, 59, 127, 192, 157, 76, 166, 88, 153, 69, 75, 181, 194, 112, 175, 132, 93, 94, 49, 129, 87, 97, 113, 102, 142, 145, 128, 182, 154, 111, 126, 185, 41, 134, 19, 54, 119, 106, 108, 186, 150, 124, 160, 79, 64, 30, 176, 12, 190, 144, 84, 131, 0, 52, 110, 116, 114]
37064

[71, 129, 70, 177, 151, 55, 199, 170, 140, 57, 102, 7, 154, 111, 126, 134, 41, 185, 119, 108, 5, 53, 186, 30, 159, 78, 12, 176, 64, 79, 76, 157, 166, 127, 192, 59, 100, 3, 92, 48, 109, 171, 45, 120, 173, 158, 23, 31, 6, 198, 25, 137, 36, 183, 17, 189, 148, 105, 13, 98, 18, 152, 43, 187, 115, 193, 121, 169, 47, 165, 86, 125, 95, 164, 96, 80, 196, 44, 32, 99, 155, 141, 68, 2, 58, 40, 88, 29, 67, 143, 101, 69, 75, 93, 90, 167, 184, 61, 82, 49]
[50, 15, 62, 83, 10, 51, 103, 174, 9, 91, 118, 65, 178, 117, 28, 11, 162, 191, 107, 35, 56, 73, 179, 130, 188, 72, 153, 20, 139, 163, 168, 34, 1, 22, 172, 149, 94, 138, 85, 181, 194, 112, 175, 132, 136, 42, 104, 4, 195, 37, 38, 27, 147, 87, 97, 113, 33, 89, 24, 16, 142, 145, 128, 133, 21, 182, 74, 106, 156, 46, 54, 19, 63, 161, 66, 150, 124, 180, 160, 26, 146, 39, 131, 190, 197, 122, 14, 144, 84, 0, 52, 114, 116, 110, 135, 60, 77, 81, 8, 123]
40505

[89, 142, 16, 24, 33, 97, 57, 140, 170, 199, 147, 55, 151, 177, 42, 132, 175, 112, 136, 104, 4, 195, 37, 70, 129, 71, 49, 184, 167, 149, 172, 22, 168, 34, 108, 156, 46, 30, 64, 100, 3, 11, 162, 92, 105, 148, 98, 91, 9, 174, 35, 130, 179, 155, 44, 196, 118, 18, 189, 65, 103, 164, 95, 165, 83, 169, 121, 193, 50, 187, 62, 15, 25, 135, 60, 28, 171, 45, 116, 114, 52, 0, 39, 146, 122, 14, 78, 159, 19, 63, 161, 66, 54, 41, 134, 185, 126, 7, 145, 102]
[178, 117, 36, 17, 48, 109, 183, 123, 137, 8, 77, 81, 6, 198, 31, 23, 158, 173, 120, 110, 131, 84, 144, 190, 26, 197, 12, 176, 119, 111, 106, 74, 154, 182, 21, 133, 128, 113, 87, 27, 38, 82, 61, 138, 85, 94, 90, 93, 194, 181, 75, 69, 143, 101, 153, 20, 139, 163, 29, 67, 1, 180, 124, 53, 5, 186, 150, 160, 79, 76, 157, 192, 127, 59, 166, 40, 88, 58, 2, 72, 188, 68, 141, 107, 191, 13, 56, 73, 99, 32, 80, 96, 125, 86, 51, 10, 47, 152, 115, 43]
39714

[101, 163, 139, 20, 153, 88, 40, 166, 58, 2, 72, 188, 130, 179, 141, 68, 107, 13, 98, 9, 174, 35, 56, 99, 32, 44, 196, 103, 164, 165, 47, 83, 169, 121, 115, 187, 193, 50, 123, 25, 198, 6, 31, 135, 60, 183, 28, 109, 17, 48, 120, 173, 23, 158, 116, 114, 0, 84, 144, 14, 78, 159, 161, 63, 19, 134, 41, 119, 46, 156, 106, 108, 74, 182, 21, 133, 128, 113, 97, 57, 140, 170, 199, 87, 147, 37, 55, 151, 177, 195, 85, 138, 49, 167, 172, 22, 149, 90, 94, 93]
[4, 70, 71, 129, 38, 27, 102, 33, 89, 142, 24, 16, 145, 7, 154, 111, 126, 185, 54, 66, 30, 79, 64, 176, 12, 122, 197, 26, 190, 131, 52, 110, 171, 45, 11, 39, 146, 100, 3, 162, 92, 105, 148, 189, 18, 91, 118, 65, 152, 178, 36, 137, 77, 81, 8, 117, 15, 62, 43, 10, 51, 86, 125, 95, 96, 80, 155, 73, 191, 59, 127, 192, 157, 76, 160, 29, 67, 168, 34, 1, 180, 124, 150, 186, 5, 53, 82, 61, 184, 143, 69, 75, 181, 194, 112, 175, 132, 136, 104, 42]
36991

[74, 82, 61, 184, 53, 5, 156, 30, 46, 119, 54, 66, 176, 12, 197, 190, 144, 84, 0, 131, 39, 109, 28, 183, 36, 60, 135, 77, 8, 137, 123, 117, 15, 62, 43, 187, 50, 193, 115, 121, 169, 83, 10, 51, 164, 103, 196, 44, 32, 99, 179, 130, 141, 68, 107, 73, 56, 35, 13, 191, 148, 105, 92, 162, 59, 127, 192, 157, 76, 166, 29, 124, 180, 1, 69, 75, 90, 93, 94, 49, 138, 85, 136, 42, 104, 151, 55, 37, 27, 87, 113, 97, 57, 102, 16, 7, 133, 21, 154, 182]
[81, 6, 198, 25, 31, 23, 158, 116, 114, 52, 110, 173, 120, 171, 45, 11, 3, 100, 146, 26, 122, 14, 78, 159, 161, 63, 19, 134, 41, 185, 126, 111, 106, 108, 186, 150, 64, 79, 160, 67, 168, 34, 167, 71, 128, 145, 142, 24, 89, 33, 140, 170, 199, 147, 38, 129, 70, 195, 177, 4, 132, 175, 112, 194, 181, 149, 172, 22, 143, 101, 163, 139, 20, 153, 88, 40, 58, 2, 72, 188, 155, 80, 96, 125, 86, 95, 165, 47, 152, 65, 118, 91, 9, 174, 98, 18, 189, 48, 17, 178]
38794

[73, 56, 35, 174, 9, 91, 18, 98, 105, 162, 92, 148, 189, 48, 17, 109, 178, 152, 65, 118, 83, 10, 51, 169, 121, 115, 62, 117, 123, 60, 158, 116, 114, 110, 52, 0, 144, 122, 14, 12, 78, 159, 176, 66, 46, 119, 111, 154, 182, 7, 16, 24, 33, 89, 142, 145, 128, 71, 138, 70, 37, 195, 55, 151, 177, 4, 104, 42, 136, 132, 175, 112, 194, 181, 75, 93, 94, 85, 49, 184, 124, 180, 1, 34, 168, 67, 29, 160, 79, 76, 157, 59, 107, 141, 155, 179, 130, 188, 2, 68]
[197, 161, 63, 19, 54, 41, 134, 185, 126, 74, 21, 133, 102, 57, 140, 170, 199, 97, 113, 87, 147, 27, 38, 129, 82, 61, 108, 106, 156, 30, 64, 150, 186, 5, 53, 167, 172, 149, 90, 143, 69, 101, 22, 163, 139, 20, 153, 88, 72, 58, 40, 166, 127, 192, 100, 3, 191, 13, 99, 32, 44, 196, 80, 96, 103, 164, 125, 86, 95, 165, 47, 43, 187, 193, 50, 15, 36, 183, 28, 171, 45, 11, 146, 26, 190, 84, 131, 39, 120, 173, 23, 31, 135, 25, 137, 8, 77, 81, 6, 198]
39681

[160, 79, 76, 157, 192, 127, 59, 100, 3, 162, 92, 48, 17, 109, 39, 131, 84, 0, 52, 114, 116, 110, 158, 23, 31, 135, 25, 198, 6, 81, 77, 8, 137, 123, 117, 15, 50, 193, 62, 178, 189, 18, 99, 155, 188, 2, 58, 40, 88, 29, 67, 34, 1, 180, 124, 53, 46, 66, 161, 63, 54, 185, 119, 111, 74, 182, 154, 7, 21, 133, 128, 57, 140, 170, 199, 147, 27, 37, 55, 151, 177, 195, 4, 104, 42, 136, 132, 175, 112, 194, 181, 93, 94, 49, 184, 167, 172, 143, 22, 168]
[138, 85, 149, 90, 75, 69, 101, 163, 139, 20, 153, 72, 130, 179, 73, 56, 35, 174, 9, 196, 44, 32, 80, 96, 103, 164, 95, 125, 86, 165, 47, 83, 10, 51, 169, 121, 115, 187, 43, 152, 65, 118, 91, 98, 148, 105, 28, 183, 36, 60, 173, 120, 171, 45, 11, 146, 190, 144, 197, 26, 191, 13, 107, 141, 68, 166, 150, 186, 5, 108, 106, 156, 30, 64, 176, 12, 122, 14, 78, 159, 19, 134, 41, 126, 145, 142, 16, 24, 89, 33, 102, 113, 97, 87, 38, 70, 129, 82, 61, 71]
38951

[22, 168, 34, 1, 172, 143, 69, 149, 90, 93, 94, 138, 85, 136, 42, 104, 4, 195, 70, 129, 49, 184, 53, 74, 133, 21, 16, 7, 182, 154, 126, 134, 19, 63, 161, 159, 78, 12, 176, 66, 30, 46, 156, 5, 186, 64, 79, 76, 157, 127, 192, 26, 197, 190, 84, 131, 39, 173, 120, 45, 171, 48, 17, 109, 28, 183, 60, 36, 65, 152, 50, 193, 121, 10, 51, 86, 125, 95, 164, 165, 47, 118, 9, 174, 98, 13, 191, 107, 35, 196, 44, 32, 56, 73, 141, 68, 166, 40, 29, 67]
[59, 100, 3, 146, 11, 162, 92, 105, 148, 189, 18, 91, 103, 96, 80, 99, 155, 179, 130, 188, 72, 2, 58, 88, 153, 20, 139, 163, 101, 75, 181, 194, 112, 175, 132, 177, 151, 55, 37, 38, 27, 147, 87, 199, 170, 140, 57, 97, 113, 33, 89, 24, 142, 102, 145, 128, 71, 82, 61, 167, 180, 124, 160, 150, 108, 106, 111, 119, 185, 41, 54, 14, 122, 144, 0, 52, 114, 116, 110, 158, 23, 31, 135, 25, 198, 6, 81, 77, 8, 137, 123, 117, 15, 178, 62, 43, 187, 115, 169, 83]
38933

[169, 187, 178, 189, 48, 11, 120, 45, 171, 36, 123, 137, 8, 25, 31, 173, 110, 52, 0, 144, 84, 131, 39, 26, 19, 63, 126, 16, 24, 142, 89, 33, 102, 113, 97, 57, 140, 170, 199, 87, 147, 27, 38, 37, 55, 151, 177, 85, 138, 49, 184, 61, 53, 5, 167, 172, 149, 90, 143, 69, 75, 101, 20, 139, 153, 88, 34, 1, 180, 124, 160, 76, 157, 127, 166, 68, 141, 188, 130, 179, 73, 56, 35, 174, 9, 91, 196, 44, 32, 99, 155, 80, 96, 164, 95, 125, 86, 51, 10, 83]
[112, 136, 42, 132, 175, 194, 181, 93, 94, 22, 163, 168, 67, 29, 40, 58, 72, 2, 107, 191, 13, 98, 103, 165, 47, 115, 121, 193, 50, 81, 6, 198, 77, 117, 15, 62, 43, 152, 65, 118, 18, 148, 105, 92, 17, 109, 28, 183, 60, 135, 23, 158, 116, 114, 146, 162, 3, 100, 59, 192, 64, 79, 150, 186, 108, 106, 156, 46, 30, 66, 176, 12, 197, 190, 122, 14, 78, 159, 161, 54, 41, 134, 185, 119, 111, 154, 182, 7, 145, 128, 133, 21, 74, 82, 71, 129, 70, 195, 4, 104]
40911

[193, 50, 15, 117, 123, 137, 8, 77, 81, 6, 198, 25, 60, 135, 31, 23, 45, 11, 39, 131, 84, 144, 190, 197, 122, 14, 12, 78, 159, 161, 63, 19, 54, 41, 134, 185, 126, 74, 21, 133, 128, 145, 102, 57, 140, 170, 199, 147, 55, 151, 104, 42, 136, 85, 49, 94, 93, 90, 149, 143, 172, 22, 168, 29, 67, 34, 1, 167, 184, 61, 53, 108, 5, 186, 150, 157, 127, 100, 3, 162, 92, 105, 148, 189, 18, 98, 13, 68, 2, 72, 141, 80, 96, 103, 10, 51, 169, 121, 115, 187]
[95, 125, 86, 83, 43, 62, 178, 36, 183, 28, 109, 17, 48, 171, 120, 173, 158, 110, 116, 114, 52, 0, 176, 64, 66, 30, 46, 156, 106, 119, 111, 154, 182, 7, 16, 24, 142, 89, 33, 113, 97, 87, 27, 38, 129, 71, 82, 138, 70, 37, 195, 177, 4, 132, 175, 112, 194, 181, 75, 69, 101, 153, 20, 139, 163, 180, 124, 160, 79, 76, 166, 40, 88, 58, 188, 130, 179, 155, 99, 32, 44, 196, 35, 56, 73, 107, 59, 192, 26, 146, 191, 174, 9, 91, 118, 65, 152, 47, 165, 164]
38571

[100, 3, 171, 31, 135, 60, 25, 198, 6, 81, 77, 36, 189, 148, 105, 98, 18, 91, 118, 65, 152, 43, 187, 62, 50, 193, 115, 121, 169, 51, 10, 83, 47, 165, 86, 125, 95, 164, 103, 96, 80, 32, 155, 99, 56, 73, 179, 130, 188, 72, 2, 58, 68, 141, 107, 166, 157, 76, 160, 150, 124, 180, 1, 194, 112, 175, 132, 136, 42, 147, 140, 57, 102, 145, 142, 89, 33, 24, 16, 7, 182, 154, 46, 30, 66, 176, 159, 78, 14, 144, 190, 26, 197, 122, 12, 64, 79, 192, 127, 59]
[0, 84, 161, 63, 19, 54, 41, 134, 185, 126, 111, 119, 156, 186, 53, 5, 108, 106, 74, 21, 133, 128, 71, 129, 38, 113, 97, 170, 199, 87, 27, 37, 70, 55, 151, 177, 195, 4, 104, 85, 138, 49, 82, 61, 184, 167, 172, 22, 149, 90, 94, 93, 181, 75, 69, 143, 101, 153, 20, 139, 163, 168, 34, 67, 29, 88, 40, 191, 13, 35, 44, 196, 174, 9, 162, 92, 48, 17, 109, 28, 183, 178, 15, 117, 123, 8, 137, 23, 158, 173, 120, 45, 11, 146, 39, 131, 110, 52, 114, 116]
38969

[154, 111, 126, 185, 134, 41, 54, 161, 159, 78, 14, 122, 197, 190, 26, 12, 176, 66, 119, 106, 108, 5, 186, 150, 160, 166, 127, 59, 100, 146, 131, 0, 52, 114, 116, 173, 120, 45, 171, 28, 183, 36, 123, 117, 15, 115, 121, 165, 95, 86, 125, 164, 103, 96, 80, 32, 99, 73, 56, 35, 174, 98, 18, 148, 105, 13, 191, 107, 68, 141, 179, 130, 88, 153, 20, 139, 163, 101, 75, 69, 143, 149, 90, 93, 94, 138, 37, 27, 38, 102, 33, 89, 142, 24, 16, 145, 7, 133, 21, 182]
[168, 67, 29, 40, 58, 2, 72, 188, 155, 44, 196, 9, 91, 118, 47, 83, 10, 51, 169, 152, 65, 43, 187, 193, 50, 62, 178, 189, 48, 17, 109, 137, 8, 77, 81, 6, 198, 25, 60, 135, 31, 23, 158, 110, 84, 144, 19, 63, 39, 11, 92, 162, 3, 192, 157, 76, 79, 64, 30, 46, 156, 53, 74, 128, 113, 97, 57, 140, 170, 199, 87, 147, 55, 151, 177, 4, 104, 42, 136, 132, 175, 112, 194, 181, 85, 195, 70, 129, 71, 82, 61, 49, 184, 167, 172, 22, 34, 1, 124, 180]
38507

[175, 132, 112, 194, 181, 75, 20, 139, 153, 88, 58, 188, 141, 32, 96, 125, 86, 95, 9, 174, 13, 191, 3, 162, 92, 105, 48, 17, 109, 28, 183, 36, 123, 8, 137, 60, 158, 173, 120, 171, 45, 11, 39, 110, 116, 114, 52, 0, 131, 84, 144, 190, 26, 197, 122, 14, 12, 176, 78, 159, 161, 63, 19, 134, 41, 126, 185, 54, 66, 46, 156, 106, 108, 5, 53, 74, 182, 154, 7, 21, 133, 82, 128, 145, 16, 24, 142, 89, 33, 102, 113, 97, 87, 147, 104, 42, 136, 85, 49, 138]
[130, 73, 56, 107, 68, 2, 72, 40, 29, 67, 163, 101, 69, 143, 90, 93, 94, 149, 167, 172, 22, 168, 34, 1, 180, 124, 160, 150, 186, 184, 61, 71, 129, 70, 195, 4, 177, 151, 55, 37, 38, 27, 199, 170, 140, 57, 111, 119, 30, 64, 79, 76, 157, 166, 127, 192, 59, 100, 146, 23, 31, 135, 25, 198, 6, 81, 77, 117, 15, 62, 50, 193, 187, 43, 115, 121, 169, 51, 10, 83, 47, 165, 164, 103, 80, 44, 196, 91, 118, 65, 152, 178, 189, 148, 18, 98, 35, 99, 155, 179]
39386

[120, 173, 110, 116, 114, 52, 0, 84, 144, 14, 78, 159, 64, 79, 160, 150, 186, 53, 61, 82, 74, 106, 111, 126, 154, 182, 21, 133, 7, 16, 24, 89, 142, 145, 102, 33, 57, 140, 170, 199, 55, 151, 177, 4, 104, 42, 136, 132, 175, 112, 194, 181, 75, 149, 172, 34, 29, 40, 166, 76, 157, 26, 39, 146, 11, 162, 3, 100, 59, 107, 191, 13, 98, 9, 91, 18, 189, 48, 17, 36, 15, 62, 83, 10, 51, 169, 121, 193, 50, 117, 60, 135, 25, 77, 81, 6, 198, 31, 23, 158]
[43, 187, 115, 47, 165, 86, 125, 95, 164, 103, 96, 80, 196, 44, 32, 155, 99, 73, 56, 35, 174, 118, 65, 152, 178, 123, 8, 137, 183, 28, 109, 171, 45, 131, 190, 197, 122, 12, 176, 30, 66, 161, 63, 19, 54, 41, 134, 185, 119, 46, 156, 108, 5, 124, 180, 1, 167, 184, 49, 71, 128, 113, 97, 87, 147, 27, 38, 37, 195, 70, 129, 138, 85, 94, 93, 90, 143, 69, 101, 153, 20, 139, 163, 22, 168, 67, 88, 58, 2, 72, 188, 130, 179, 141, 68, 127, 192, 92, 105, 148]
39087

[172, 149, 90, 143, 69, 75, 181, 194, 112, 175, 132, 136, 42, 104, 4, 195, 85, 138, 70, 177, 151, 55, 37, 27, 38, 129, 71, 49, 61, 82, 128, 113, 97, 199, 170, 140, 57, 33, 89, 142, 24, 16, 7, 74, 108, 106, 46, 30, 66, 161, 63, 19, 159, 14, 122, 197, 190, 84, 131, 0, 52, 110, 158, 23, 31, 135, 60, 25, 137, 36, 65, 152, 43, 62, 187, 115, 121, 169, 83, 47, 196, 141, 68, 72, 2, 59, 100, 3, 162, 146, 39, 26, 64, 79, 150, 186, 180, 1, 34, 22]
[107, 191, 13, 35, 174, 9, 91, 118, 18, 98, 148, 105, 92, 48, 189, 178, 15, 193, 50, 117, 123, 8, 77, 81, 6, 198, 183, 28, 109, 17, 11, 45, 171, 120, 173, 116, 114, 144, 78, 54, 41, 134, 126, 185, 176, 12, 192, 127, 166, 157, 76, 160, 124, 167, 184, 53, 5, 156, 119, 111, 154, 182, 21, 133, 145, 102, 87, 147, 94, 93, 101, 153, 20, 139, 163, 168, 67, 29, 88, 40, 58, 188, 130, 179, 155, 80, 96, 95, 125, 86, 51, 10, 165, 164, 103, 44, 32, 99, 73, 56]
40292

[60, 36, 183, 28, 109, 17, 48, 189, 118, 18, 98, 91, 9, 174, 13, 35, 56, 73, 99, 32, 80, 96, 103, 164, 187, 43, 178, 123, 137, 25, 135, 23, 158, 173, 120, 171, 45, 11, 39, 146, 100, 59, 127, 166, 40, 88, 139, 163, 22, 172, 168, 34, 1, 167, 71, 129, 70, 138, 85, 4, 195, 37, 27, 97, 113, 102, 142, 89, 24, 16, 145, 128, 133, 21, 182, 154, 74, 108, 106, 156, 111, 119, 46, 30, 66, 54, 19, 63, 161, 159, 78, 12, 14, 122, 144, 84, 131, 110, 0, 52]
[42, 151, 55, 177, 104, 136, 132, 175, 112, 194, 181, 75, 101, 20, 153, 29, 67, 180, 124, 160, 150, 53, 5, 186, 79, 76, 157, 192, 3, 162, 92, 105, 148, 191, 107, 141, 68, 58, 2, 72, 188, 130, 179, 155, 44, 196, 65, 152, 47, 83, 165, 95, 125, 86, 51, 10, 169, 121, 115, 193, 50, 62, 15, 117, 8, 77, 81, 6, 198, 31, 116, 114, 190, 26, 197, 64, 176, 41, 134, 185, 126, 7, 33, 57, 140, 170, 199, 87, 147, 38, 82, 61, 184, 49, 94, 93, 90, 149, 143, 69]
39689

[9, 174, 98, 91, 196, 164, 95, 125, 86, 51, 10, 83, 193, 50, 62, 178, 15, 117, 36, 123, 8, 77, 137, 60, 135, 31, 23, 158, 116, 114, 52, 0, 84, 144, 78, 159, 161, 30, 46, 156, 106, 128, 145, 142, 89, 33, 97, 87, 38, 70, 195, 85, 138, 129, 71, 82, 61, 49, 94, 112, 132, 175, 194, 181, 101, 88, 58, 2, 72, 188, 130, 179, 155, 99, 56, 35, 59, 166, 40, 1, 180, 150, 79, 64, 12, 14, 122, 197, 190, 131, 110, 173, 120, 45, 171, 109, 17, 48, 105, 148]
[11, 146, 39, 26, 176, 66, 119, 54, 63, 19, 134, 41, 185, 126, 111, 108, 5, 186, 53, 74, 154, 182, 21, 133, 7, 16, 24, 102, 113, 57, 140, 170, 199, 147, 27, 37, 55, 151, 177, 4, 104, 42, 136, 93, 75, 69, 143, 90, 149, 172, 22, 163, 139, 20, 153, 29, 67, 168, 34, 167, 184, 124, 160, 76, 157, 127, 192, 100, 3, 162, 92, 28, 183, 25, 198, 6, 81, 189, 18, 118, 65, 152, 43, 187, 115, 121, 169, 47, 165, 103, 96, 80, 44, 32, 73, 141, 68, 107, 13, 191]
40599

[138, 85, 49, 94, 93, 90, 149, 172, 22, 67, 29, 76, 157, 127, 192, 146, 11, 162, 3, 100, 191, 13, 35, 56, 73, 80, 96, 103, 164, 165, 51, 10, 83, 169, 121, 115, 187, 43, 152, 65, 118, 91, 98, 148, 105, 92, 48, 17, 77, 81, 6, 198, 25, 60, 135, 31, 171, 45, 120, 173, 116, 114, 190, 26, 197, 122, 78, 159, 161, 63, 19, 54, 66, 156, 106, 108, 5, 186, 53, 74, 154, 182, 21, 133, 7, 16, 24, 142, 89, 33, 102, 87, 27, 38, 129, 70, 37, 55, 177, 195]
[58, 2, 72, 153, 20, 139, 88, 40, 166, 59, 107, 141, 68, 188, 130, 179, 155, 99, 32, 44, 196, 174, 9, 18, 189, 109, 28, 183, 36, 178, 47, 95, 125, 86, 193, 50, 62, 15, 117, 123, 8, 137, 23, 158, 110, 52, 0, 131, 39, 84, 144, 14, 12, 176, 64, 79, 160, 150, 30, 46, 119, 185, 41, 134, 126, 111, 145, 128, 113, 97, 57, 140, 170, 199, 147, 151, 4, 104, 42, 136, 132, 175, 112, 194, 181, 75, 69, 101, 143, 167, 184, 71, 82, 61, 124, 180, 1, 34, 168, 163]
38350

[120, 173, 158, 116, 114, 0, 52, 110, 39, 146, 131, 84, 144, 122, 14, 12, 64, 186, 30, 66, 161, 63, 54, 185, 119, 46, 111, 106, 74, 154, 182, 21, 133, 7, 16, 142, 57, 147, 55, 151, 177, 195, 70, 37, 38, 27, 87, 97, 113, 102, 145, 128, 82, 61, 167, 34, 67, 29, 168, 22, 163, 188, 141, 130, 179, 155, 96, 80, 44, 196, 174, 9, 98, 18, 91, 118, 103, 164, 125, 86, 95, 165, 51, 10, 83, 169, 121, 115, 43, 47, 152, 65, 105, 92, 162, 48, 17, 109, 28, 171]
[59, 100, 3, 26, 197, 190, 11, 45, 23, 31, 25, 198, 6, 81, 77, 8, 137, 135, 60, 183, 36, 123, 117, 50, 193, 187, 62, 15, 178, 189, 148, 191, 13, 35, 32, 99, 73, 56, 107, 68, 2, 72, 58, 153, 20, 139, 88, 40, 166, 127, 192, 157, 76, 160, 124, 180, 1, 172, 143, 101, 69, 75, 149, 90, 94, 93, 181, 194, 112, 175, 132, 136, 42, 104, 4, 85, 138, 49, 184, 71, 129, 199, 170, 140, 33, 89, 24, 126, 41, 134, 19, 159, 78, 176, 156, 108, 5, 53, 150, 79]
39966

[93, 90, 172, 22, 1, 180, 124, 160, 79, 64, 176, 192, 59, 107, 68, 130, 179, 155, 80, 96, 196, 44, 32, 99, 73, 100, 146, 11, 48, 109, 28, 171, 45, 120, 173, 60, 135, 25, 137, 123, 15, 62, 43, 187, 115, 83, 169, 121, 193, 50, 8, 77, 81, 6, 198, 31, 23, 158, 110, 116, 114, 52, 0, 131, 39, 84, 144, 190, 26, 197, 122, 14, 12, 78, 159, 161, 63, 19, 185, 126, 111, 119, 106, 7, 16, 142, 102, 113, 87, 147, 27, 38, 129, 70, 37, 55, 151, 177, 195, 94]
[168, 67, 34, 167, 184, 49, 149, 143, 163, 139, 20, 153, 101, 69, 75, 181, 194, 112, 175, 132, 136, 42, 104, 4, 85, 138, 71, 82, 61, 74, 154, 182, 21, 133, 145, 128, 97, 199, 170, 140, 57, 33, 89, 24, 134, 41, 54, 66, 30, 46, 156, 108, 5, 53, 186, 150, 76, 157, 127, 166, 29, 88, 40, 58, 2, 72, 188, 141, 56, 35, 174, 9, 13, 191, 3, 162, 92, 105, 148, 98, 91, 118, 18, 189, 17, 183, 36, 117, 178, 65, 152, 47, 165, 103, 164, 95, 125, 86, 10, 51]
40317

[104, 42, 132, 175, 112, 194, 181, 75, 101, 22, 168, 163, 139, 20, 153, 72, 2, 68, 107, 3, 191, 13, 73, 56, 35, 91, 189, 48, 65, 152, 43, 62, 178, 117, 123, 8, 81, 77, 137, 60, 36, 183, 28, 17, 109, 171, 45, 120, 116, 114, 131, 190, 197, 12, 176, 64, 79, 76, 157, 127, 166, 40, 29, 180, 124, 186, 5, 53, 74, 108, 106, 156, 30, 66, 54, 41, 134, 185, 126, 7, 145, 142, 16, 24, 89, 33, 102, 57, 140, 170, 199, 87, 147, 37, 70, 195, 177, 55, 151, 4]
[44, 196, 174, 9, 98, 105, 162, 92, 148, 18, 118, 96, 80, 32, 99, 155, 179, 130, 141, 188, 58, 88, 67, 34, 1, 167, 172, 149, 143, 69, 90, 93, 94, 136, 85, 138, 49, 184, 61, 82, 71, 129, 38, 27, 97, 113, 128, 133, 21, 182, 154, 111, 119, 46, 150, 160, 192, 59, 100, 146, 11, 39, 26, 122, 14, 78, 159, 161, 63, 19, 144, 84, 0, 52, 110, 173, 158, 23, 31, 135, 25, 198, 6, 15, 50, 193, 187, 115, 121, 169, 51, 10, 83, 47, 165, 103, 164, 95, 86, 125]
39817

[144, 122, 14, 12, 197, 26, 190, 39, 146, 192, 127, 166, 40, 29, 67, 34, 1, 180, 160, 76, 157, 79, 64, 176, 159, 19, 63, 161, 66, 119, 185, 126, 111, 106, 74, 154, 182, 21, 133, 7, 16, 24, 142, 102, 113, 97, 87, 151, 104, 42, 132, 175, 85, 138, 71, 49, 184, 167, 149, 172, 22, 163, 139, 153, 88, 58, 2, 72, 188, 130, 179, 141, 68, 107, 98, 118, 103, 164, 125, 86, 95, 165, 47, 43, 178, 109, 28, 60, 25, 198, 6, 31, 158, 116, 114, 110, 52, 0, 131, 84]
[65, 189, 17, 48, 105, 148, 18, 91, 9, 174, 35, 56, 32, 44, 196, 96, 80, 155, 99, 73, 13, 191, 92, 162, 3, 100, 59, 30, 186, 150, 124, 168, 20, 101, 75, 69, 143, 90, 94, 93, 181, 194, 112, 136, 4, 195, 177, 55, 147, 199, 170, 140, 57, 33, 89, 145, 128, 38, 27, 37, 70, 129, 82, 61, 53, 5, 108, 156, 46, 41, 134, 54, 78, 11, 45, 171, 120, 173, 23, 135, 137, 77, 81, 8, 123, 183, 36, 117, 15, 50, 193, 62, 187, 115, 121, 169, 51, 10, 83, 152]
40169

[107, 67, 168, 34, 1, 180, 124, 186, 156, 119, 54, 161, 63, 19, 134, 41, 185, 126, 106, 108, 5, 53, 74, 21, 133, 128, 145, 142, 89, 33, 113, 97, 57, 140, 170, 199, 55, 151, 177, 195, 70, 129, 71, 82, 61, 184, 167, 149, 143, 90, 94, 93, 75, 69, 101, 20, 153, 88, 58, 2, 72, 188, 130, 179, 155, 80, 96, 125, 86, 95, 51, 10, 83, 169, 115, 178, 117, 123, 198, 6, 31, 23, 158, 183, 28, 109, 17, 48, 105, 148, 9, 174, 196, 44, 32, 99, 56, 35, 13, 191]
[131, 39, 26, 190, 144, 84, 0, 52, 114, 116, 110, 173, 120, 45, 171, 60, 135, 25, 77, 81, 8, 137, 36, 189, 18, 98, 91, 118, 65, 152, 43, 187, 62, 15, 50, 193, 121, 47, 165, 164, 103, 73, 141, 68, 40, 139, 163, 22, 172, 49, 138, 85, 181, 194, 112, 175, 132, 136, 42, 104, 4, 37, 38, 27, 147, 87, 102, 24, 16, 7, 182, 154, 111, 46, 30, 66, 176, 159, 78, 14, 122, 197, 12, 64, 79, 150, 160, 29, 76, 157, 166, 127, 192, 59, 100, 3, 146, 11, 162, 92]
39290

[92, 162, 105, 148, 98, 174, 9, 91, 18, 189, 48, 171, 45, 120, 23, 158, 173, 116, 114, 52, 0, 39, 146, 11, 3, 100, 59, 192, 127, 166, 157, 76, 160, 79, 64, 30, 111, 16, 24, 89, 33, 57, 140, 170, 199, 147, 27, 70, 195, 4, 85, 138, 94, 93, 75, 69, 49, 71, 129, 87, 97, 113, 102, 142, 7, 74, 53, 1, 34, 163, 139, 20, 101, 153, 88, 58, 72, 2, 68, 141, 107, 191, 13, 35, 80, 96, 165, 51, 10, 83, 169, 121, 193, 50, 62, 187, 43, 152, 65, 118]
[122, 14, 197, 26, 190, 144, 84, 131, 110, 31, 135, 60, 137, 25, 198, 6, 81, 77, 8, 123, 36, 183, 28, 109, 17, 178, 117, 15, 115, 47, 86, 125, 95, 164, 103, 196, 44, 32, 155, 99, 56, 73, 179, 130, 188, 40, 29, 67, 168, 22, 172, 143, 149, 90, 181, 194, 112, 175, 132, 136, 42, 104, 177, 151, 55, 37, 38, 145, 128, 82, 61, 184, 167, 180, 124, 150, 186, 5, 108, 133, 21, 182, 154, 126, 185, 134, 41, 54, 119, 106, 156, 46, 66, 161, 63, 19, 159, 176, 12, 78]
38689

[90, 149, 143, 101, 153, 20, 139, 163, 22, 172, 168, 88, 141, 73, 56, 196, 103, 164, 165, 83, 47, 152, 65, 178, 62, 193, 50, 15, 117, 36, 123, 137, 25, 60, 135, 23, 171, 148, 105, 92, 162, 3, 100, 146, 84, 144, 14, 122, 197, 26, 157, 76, 79, 64, 30, 156, 186, 150, 160, 124, 180, 1, 34, 167, 184, 61, 111, 185, 54, 19, 134, 41, 126, 154, 182, 133, 113, 97, 57, 140, 170, 199, 87, 147, 27, 37, 55, 151, 177, 4, 104, 42, 136, 85, 138, 49, 94, 93, 75, 69]
[0, 114, 116, 52, 131, 190, 12, 176, 78, 159, 63, 161, 66, 46, 119, 106, 108, 5, 53, 74, 21, 7, 16, 24, 142, 89, 33, 102, 145, 128, 82, 71, 129, 38, 70, 195, 132, 175, 112, 194, 181, 67, 29, 40, 166, 127, 192, 59, 58, 72, 2, 68, 188, 130, 179, 155, 99, 32, 44, 80, 96, 125, 86, 95, 10, 51, 169, 121, 115, 187, 43, 118, 91, 9, 174, 35, 107, 191, 13, 98, 18, 189, 48, 17, 109, 28, 183, 8, 77, 81, 6, 198, 31, 158, 173, 120, 45, 11, 39, 110]
39731

[139, 163, 20, 153, 101, 75, 69, 143, 172, 22, 168, 67, 29, 88, 40, 68, 141, 155, 96, 80, 32, 35, 56, 73, 107, 13, 191, 3, 64, 30, 186, 124, 180, 1, 167, 184, 181, 194, 112, 175, 132, 136, 42, 104, 4, 151, 147, 87, 199, 97, 27, 38, 138, 49, 71, 82, 61, 53, 5, 156, 134, 41, 54, 66, 176, 159, 78, 12, 122, 197, 26, 190, 144, 84, 131, 171, 60, 135, 25, 117, 50, 193, 187, 115, 121, 169, 83, 10, 51, 165, 47, 65, 152, 43, 62, 15, 178, 148, 105, 162]
[118, 189, 17, 109, 28, 183, 36, 123, 137, 8, 77, 81, 6, 198, 31, 23, 158, 173, 120, 45, 48, 92, 11, 146, 39, 110, 116, 114, 52, 0, 14, 19, 63, 161, 46, 119, 185, 126, 111, 106, 108, 74, 154, 182, 21, 133, 7, 145, 102, 142, 16, 24, 89, 33, 140, 170, 57, 113, 128, 129, 70, 37, 55, 177, 195, 85, 94, 93, 90, 149, 34, 160, 150, 79, 76, 157, 127, 192, 100, 59, 166, 58, 2, 72, 188, 130, 179, 99, 44, 196, 174, 9, 91, 98, 18, 103, 125, 86, 95, 164]
41596

[61, 82, 128, 145, 16, 24, 142, 89, 33, 102, 113, 97, 57, 140, 170, 199, 147, 55, 151, 177, 20, 153, 139, 180, 124, 160, 76, 166, 59, 100, 3, 191, 13, 35, 56, 73, 141, 68, 40, 58, 2, 72, 188, 130, 179, 155, 99, 32, 44, 196, 80, 96, 103, 169, 121, 193, 77, 81, 6, 31, 23, 158, 173, 11, 39, 110, 116, 114, 52, 0, 131, 84, 144, 190, 122, 14, 78, 159, 161, 63, 19, 134, 41, 126, 111, 185, 54, 66, 176, 12, 64, 79, 150, 186, 74, 182, 154, 7, 133, 21]
[171, 45, 120, 60, 135, 25, 198, 8, 137, 123, 117, 15, 50, 62, 43, 187, 115, 83, 10, 51, 165, 95, 86, 125, 164, 47, 152, 65, 178, 36, 183, 28, 109, 17, 48, 189, 148, 105, 18, 118, 91, 9, 174, 98, 107, 127, 192, 157, 1, 34, 168, 67, 29, 88, 163, 22, 143, 101, 69, 75, 181, 194, 175, 132, 112, 94, 93, 90, 149, 172, 167, 49, 138, 85, 136, 42, 104, 4, 195, 37, 27, 87, 38, 70, 129, 71, 184, 53, 5, 108, 106, 156, 119, 46, 30, 197, 26, 146, 162, 92]
39882

[48, 17, 109, 183, 36, 178, 50, 193, 121, 169, 83, 10, 51, 165, 164, 103, 80, 32, 44, 196, 174, 9, 91, 148, 105, 92, 162, 146, 3, 100, 59, 192, 127, 2, 72, 58, 153, 20, 101, 69, 75, 90, 149, 172, 22, 34, 1, 186, 53, 5, 108, 156, 106, 21, 133, 27, 37, 55, 177, 4, 104, 42, 151, 147, 87, 113, 97, 199, 170, 140, 57, 33, 89, 142, 24, 16, 126, 185, 111, 119, 46, 30, 66, 161, 159, 176, 12, 197, 84, 110, 158, 23, 31, 135, 25, 198, 6, 81, 8, 77]
[125, 86, 95, 47, 118, 65, 152, 43, 115, 187, 62, 15, 117, 123, 137, 60, 28, 171, 45, 120, 173, 116, 114, 52, 0, 144, 122, 14, 78, 63, 19, 134, 41, 54, 64, 26, 190, 131, 39, 11, 189, 18, 98, 13, 191, 107, 35, 56, 73, 141, 68, 166, 157, 76, 79, 150, 160, 124, 180, 29, 67, 168, 167, 184, 49, 85, 138, 82, 61, 74, 182, 154, 7, 145, 102, 128, 71, 129, 38, 70, 195, 136, 132, 175, 112, 194, 181, 93, 94, 143, 163, 139, 88, 40, 188, 130, 179, 99, 155, 96]
40756

[146, 39, 131, 171, 183, 28, 109, 17, 189, 118, 103, 164, 96, 80, 155, 179, 130, 188, 72, 68, 141, 107, 73, 56, 35, 91, 18, 148, 105, 92, 162, 13, 191, 100, 59, 166, 40, 88, 29, 67, 124, 160, 79, 64, 12, 122, 144, 14, 78, 159, 176, 161, 63, 19, 134, 41, 185, 126, 111, 106, 108, 156, 150, 186, 5, 53, 184, 49, 85, 175, 132, 151, 55, 147, 27, 38, 37, 70, 129, 71, 128, 113, 87, 199, 170, 140, 57, 97, 102, 33, 89, 24, 16, 142, 145, 7, 154, 182, 21, 133]
[0, 52, 114, 116, 110, 120, 173, 158, 23, 31, 135, 25, 198, 6, 81, 77, 8, 137, 60, 36, 123, 117, 50, 193, 121, 169, 10, 51, 86, 125, 95, 165, 83, 115, 187, 43, 62, 15, 178, 65, 152, 47, 196, 44, 32, 99, 174, 9, 98, 48, 45, 11, 3, 192, 127, 2, 58, 153, 20, 139, 163, 101, 69, 75, 181, 194, 112, 136, 42, 104, 4, 177, 195, 138, 94, 93, 90, 149, 143, 172, 22, 168, 34, 1, 180, 167, 61, 82, 74, 119, 54, 66, 46, 30, 76, 157, 26, 197, 190, 84]
42712

[73, 155, 179, 130, 141, 107, 68, 188, 72, 2, 58, 88, 153, 20, 139, 163, 101, 69, 75, 181, 194, 42, 104, 4, 177, 151, 55, 195, 70, 37, 27, 147, 199, 170, 140, 57, 33, 89, 87, 38, 129, 138, 71, 53, 5, 108, 106, 156, 30, 46, 119, 41, 134, 19, 63, 161, 159, 78, 176, 64, 79, 160, 180, 1, 34, 168, 67, 76, 26, 197, 190, 131, 110, 173, 158, 23, 31, 36, 178, 15, 62, 43, 187, 115, 121, 169, 83, 10, 51, 165, 95, 86, 125, 164, 103, 118, 191, 3, 100, 59]
[102, 97, 113, 128, 145, 133, 21, 74, 186, 150, 124, 167, 184, 61, 82, 49, 94, 85, 136, 132, 175, 112, 93, 90, 149, 143, 172, 22, 29, 40, 166, 157, 127, 192, 146, 39, 11, 48, 162, 92, 105, 148, 189, 18, 98, 91, 9, 174, 13, 35, 56, 99, 32, 80, 96, 44, 196, 47, 65, 152, 193, 50, 117, 123, 137, 8, 77, 81, 6, 198, 25, 135, 60, 183, 28, 17, 109, 171, 45, 120, 116, 114, 52, 0, 84, 144, 122, 14, 12, 66, 54, 185, 126, 111, 154, 182, 7, 16, 24, 142]
39060

[147, 27, 38, 167, 172, 149, 90, 69, 143, 22, 168, 29, 40, 68, 188, 130, 179, 155, 44, 196, 174, 9, 91, 18, 98, 148, 189, 118, 65, 43, 187, 115, 83, 169, 121, 193, 50, 62, 15, 117, 123, 137, 28, 109, 17, 48, 105, 92, 162, 100, 59, 127, 192, 157, 79, 160, 180, 124, 150, 186, 5, 64, 12, 14, 122, 197, 26, 190, 39, 11, 120, 173, 158, 116, 114, 52, 0, 131, 84, 144, 78, 161, 54, 185, 119, 111, 106, 74, 154, 182, 21, 133, 7, 145, 33, 57, 140, 170, 199, 87]
[51, 10, 86, 125, 95, 165, 47, 152, 178, 8, 77, 81, 6, 198, 25, 135, 60, 36, 183, 45, 171, 31, 23, 110, 159, 63, 19, 134, 41, 126, 16, 24, 89, 142, 102, 128, 113, 97, 37, 55, 151, 177, 70, 129, 71, 82, 61, 184, 49, 138, 85, 195, 4, 104, 42, 136, 132, 175, 112, 194, 181, 94, 93, 75, 101, 163, 139, 20, 153, 88, 72, 2, 58, 166, 76, 67, 34, 1, 53, 108, 156, 46, 30, 66, 176, 146, 3, 191, 13, 107, 141, 73, 56, 35, 99, 32, 80, 96, 103, 164]
40198

[93, 181, 194, 112, 175, 132, 136, 42, 104, 4, 195, 177, 151, 55, 147, 87, 27, 38, 133, 21, 182, 154, 111, 106, 156, 46, 119, 185, 12, 14, 122, 197, 26, 190, 144, 84, 0, 114, 116, 173, 158, 23, 31, 60, 137, 123, 36, 17, 189, 98, 91, 118, 65, 178, 117, 15, 50, 193, 115, 121, 169, 83, 165, 95, 164, 103, 9, 174, 35, 56, 73, 13, 191, 92, 162, 3, 100, 107, 141, 68, 166, 40, 29, 180, 1, 167, 184, 61, 82, 71, 129, 138, 49, 149, 172, 22, 143, 101, 69, 75]
[140, 57, 170, 199, 97, 37, 70, 85, 94, 90, 34, 67, 168, 163, 139, 20, 153, 88, 58, 2, 72, 188, 130, 179, 155, 99, 32, 44, 196, 80, 96, 125, 86, 51, 10, 47, 43, 187, 62, 152, 18, 148, 105, 48, 109, 28, 183, 8, 77, 81, 6, 198, 25, 135, 171, 45, 120, 110, 52, 131, 39, 11, 146, 59, 127, 192, 157, 76, 160, 124, 53, 74, 108, 5, 186, 150, 79, 64, 30, 66, 176, 78, 159, 161, 63, 19, 54, 41, 134, 126, 7, 16, 24, 142, 89, 33, 102, 145, 128, 113]
38542

[128, 102, 145, 7, 133, 21, 182, 154, 111, 119, 106, 108, 74, 61, 184, 167, 101, 20, 139, 153, 88, 40, 166, 59, 100, 191, 13, 73, 99, 155, 32, 44, 80, 96, 125, 86, 95, 164, 103, 196, 118, 178, 15, 62, 43, 152, 65, 47, 165, 51, 10, 83, 169, 121, 115, 187, 193, 50, 117, 36, 183, 28, 109, 17, 48, 120, 116, 114, 52, 0, 190, 26, 197, 122, 78, 159, 19, 63, 54, 41, 134, 185, 126, 16, 24, 142, 89, 33, 57, 140, 170, 199, 147, 38, 70, 85, 138, 49, 71, 129]
[141, 68, 107, 56, 35, 174, 9, 91, 98, 18, 189, 148, 105, 92, 162, 3, 192, 127, 157, 146, 39, 11, 45, 171, 60, 137, 123, 8, 77, 81, 6, 198, 25, 135, 31, 23, 158, 173, 110, 131, 84, 144, 14, 12, 64, 176, 161, 66, 30, 46, 156, 5, 53, 186, 150, 79, 76, 160, 124, 180, 1, 34, 82, 113, 97, 87, 27, 37, 55, 151, 177, 195, 4, 104, 42, 136, 132, 175, 112, 194, 181, 93, 94, 90, 149, 75, 69, 143, 172, 22, 163, 168, 67, 29, 58, 2, 72, 188, 130, 179]
37623

[11, 162, 92, 105, 13, 191, 107, 68, 141, 73, 56, 35, 44, 80, 96, 196, 118, 18, 98, 148, 48, 109, 17, 189, 65, 43, 187, 193, 50, 15, 117, 123, 137, 60, 171, 120, 173, 110, 116, 114, 0, 144, 78, 161, 54, 41, 134, 185, 126, 119, 46, 156, 106, 108, 5, 53, 61, 82, 74, 154, 182, 21, 7, 16, 24, 142, 89, 33, 87, 147, 55, 151, 177, 4, 132, 175, 112, 194, 181, 93, 90, 149, 22, 163, 20, 153, 139, 168, 67, 29, 79, 76, 157, 166, 127, 192, 100, 3, 146, 39]
[136, 85, 94, 75, 69, 143, 101, 88, 40, 58, 2, 72, 188, 130, 179, 155, 99, 32, 174, 9, 91, 59, 160, 124, 180, 1, 34, 172, 167, 49, 138, 129, 71, 184, 186, 150, 64, 30, 176, 12, 14, 122, 197, 26, 190, 131, 45, 28, 183, 36, 178, 152, 47, 103, 164, 95, 125, 86, 165, 51, 10, 83, 169, 121, 115, 62, 8, 77, 81, 6, 198, 25, 135, 31, 23, 158, 52, 84, 159, 19, 63, 66, 111, 133, 128, 145, 102, 113, 97, 57, 140, 170, 199, 27, 38, 37, 70, 195, 104, 42]
40674

[25, 198, 60, 135, 31, 23, 158, 173, 120, 116, 114, 11, 162, 3, 100, 59, 192, 127, 166, 157, 76, 79, 160, 150, 64, 176, 12, 197, 190, 144, 122, 14, 78, 159, 161, 119, 111, 106, 74, 21, 133, 87, 147, 38, 138, 167, 1, 34, 168, 22, 172, 149, 90, 94, 93, 181, 75, 69, 143, 101, 163, 139, 20, 153, 88, 72, 2, 68, 107, 191, 13, 98, 103, 164, 165, 95, 125, 86, 51, 10, 83, 47, 169, 187, 62, 189, 18, 148, 105, 92, 48, 183, 36, 117, 123, 137, 8, 77, 81, 6]
[146, 39, 131, 84, 0, 52, 110, 45, 171, 28, 109, 17, 178, 15, 50, 193, 121, 115, 43, 152, 65, 118, 91, 9, 174, 35, 56, 73, 99, 32, 44, 196, 96, 80, 155, 179, 130, 141, 188, 58, 40, 29, 67, 180, 124, 186, 53, 184, 49, 194, 112, 175, 132, 136, 42, 104, 4, 85, 195, 177, 151, 55, 27, 37, 70, 129, 71, 61, 82, 128, 113, 97, 199, 170, 140, 57, 102, 145, 142, 89, 33, 24, 16, 7, 182, 154, 126, 185, 41, 134, 19, 63, 54, 46, 156, 108, 5, 30, 66, 26]
38904

[138, 49, 184, 167, 180, 124, 53, 108, 5, 186, 150, 79, 76, 157, 166, 127, 192, 26, 190, 84, 131, 39, 146, 11, 162, 92, 105, 148, 48, 17, 109, 28, 183, 171, 45, 120, 23, 31, 135, 60, 25, 198, 6, 81, 77, 8, 137, 123, 36, 117, 50, 193, 121, 47, 165, 103, 118, 91, 174, 9, 18, 98, 13, 35, 196, 44, 32, 155, 179, 130, 141, 68, 40, 149, 90, 93, 94, 85, 177, 151, 55, 37, 147, 199, 170, 140, 57, 33, 89, 145, 128, 133, 21, 126, 111, 74, 61, 82, 71, 129]
[101, 22, 168, 67, 29, 160, 1, 34, 172, 143, 69, 75, 181, 194, 112, 175, 132, 136, 42, 104, 4, 195, 70, 38, 27, 87, 97, 113, 102, 142, 24, 16, 7, 182, 154, 106, 156, 46, 30, 66, 119, 185, 134, 41, 54, 19, 63, 161, 159, 78, 144, 0, 114, 116, 158, 173, 110, 52, 197, 122, 14, 12, 176, 64, 59, 100, 3, 191, 189, 178, 15, 62, 65, 152, 43, 187, 115, 169, 83, 10, 51, 86, 125, 95, 164, 96, 80, 99, 73, 56, 107, 188, 72, 2, 58, 88, 163, 139, 20, 153]
38335

[74, 21, 133, 128, 145, 182, 154, 111, 119, 46, 30, 156, 106, 108, 5, 186, 150, 160, 79, 64, 176, 159, 78, 12, 76, 157, 192, 127, 59, 191, 13, 35, 174, 9, 91, 98, 18, 189, 17, 109, 48, 148, 105, 92, 11, 0, 52, 114, 116, 158, 23, 31, 28, 183, 137, 25, 198, 6, 81, 77, 8, 123, 117, 47, 83, 165, 103, 96, 80, 179, 130, 40, 88, 139, 20, 163, 22, 172, 149, 143, 69, 75, 181, 93, 90, 94, 85, 138, 71, 82, 61, 184, 167, 168, 67, 34, 1, 180, 124, 53]
[131, 39, 146, 162, 3, 100, 166, 29, 49, 129, 38, 97, 113, 102, 142, 7, 126, 185, 54, 66, 161, 63, 19, 41, 134, 16, 24, 89, 33, 57, 140, 170, 199, 87, 147, 27, 37, 70, 195, 55, 151, 177, 4, 104, 42, 136, 132, 175, 112, 194, 101, 153, 58, 2, 72, 188, 68, 141, 107, 56, 73, 99, 155, 32, 44, 196, 118, 164, 95, 125, 86, 51, 10, 169, 121, 115, 187, 43, 62, 193, 50, 15, 152, 65, 178, 36, 60, 135, 171, 45, 120, 173, 110, 84, 144, 14, 122, 197, 26, 190]
40019

[106, 156, 111, 119, 46, 30, 64, 79, 76, 157, 127, 192, 146, 39, 26, 190, 131, 0, 52, 114, 116, 173, 120, 45, 171, 135, 60, 137, 123, 117, 178, 65, 152, 47, 83, 86, 125, 103, 196, 44, 32, 99, 155, 179, 130, 68, 141, 73, 56, 35, 91, 18, 189, 17, 109, 48, 11, 162, 166, 29, 168, 22, 143, 101, 69, 75, 93, 94, 90, 149, 172, 1, 180, 124, 160, 150, 186, 5, 108, 53, 61, 82, 49, 138, 85, 104, 4, 195, 177, 55, 27, 147, 87, 97, 113, 128, 145, 133, 21, 74]
[41, 126, 16, 24, 142, 89, 33, 102, 57, 140, 170, 199, 151, 42, 136, 132, 175, 112, 194, 181, 163, 139, 20, 153, 58, 2, 72, 188, 40, 88, 67, 34, 167, 184, 71, 129, 70, 37, 38, 7, 182, 154, 185, 54, 66, 176, 12, 59, 100, 3, 191, 107, 13, 98, 9, 174, 80, 96, 164, 95, 165, 10, 51, 169, 121, 115, 193, 50, 15, 62, 187, 43, 118, 148, 105, 92, 28, 183, 36, 8, 77, 81, 6, 198, 25, 31, 23, 158, 110, 84, 144, 197, 122, 14, 78, 159, 161, 63, 19, 134]
40717

[71, 138, 49, 34, 1, 76, 157, 166, 59, 127, 192, 26, 197, 122, 14, 144, 84, 131, 0, 52, 114, 116, 158, 23, 173, 120, 171, 109, 28, 183, 25, 198, 6, 81, 77, 8, 137, 123, 178, 65, 152, 83, 10, 165, 95, 164, 103, 18, 98, 148, 105, 191, 13, 35, 196, 44, 96, 80, 32, 155, 99, 107, 2, 72, 153, 101, 69, 75, 93, 94, 85, 4, 177, 151, 55, 195, 37, 27, 87, 97, 170, 57, 24, 16, 126, 134, 41, 54, 19, 63, 66, 46, 119, 111, 7, 128, 113, 38, 129, 70]
[176, 64, 79, 150, 160, 124, 180, 167, 184, 61, 82, 133, 21, 145, 102, 142, 89, 33, 140, 199, 147, 104, 42, 136, 132, 175, 112, 194, 181, 90, 149, 143, 172, 22, 168, 67, 29, 163, 20, 139, 88, 40, 58, 188, 68, 141, 130, 179, 73, 56, 174, 9, 91, 118, 47, 125, 86, 51, 169, 121, 193, 50, 115, 187, 43, 62, 15, 117, 36, 17, 48, 189, 92, 162, 3, 100, 146, 39, 11, 45, 60, 135, 31, 110, 190, 12, 78, 159, 161, 185, 154, 182, 74, 53, 186, 5, 108, 106, 156, 30]
41547

[107, 68, 141, 179, 130, 188, 72, 2, 58, 40, 88, 29, 138, 85, 4, 195, 129, 71, 82, 61, 124, 150, 30, 46, 156, 106, 21, 142, 89, 33, 24, 16, 7, 182, 154, 111, 119, 126, 185, 134, 41, 54, 63, 19, 159, 78, 14, 122, 144, 84, 131, 0, 52, 11, 45, 171, 120, 23, 31, 135, 25, 198, 6, 81, 77, 8, 36, 183, 28, 109, 17, 48, 189, 178, 43, 187, 115, 193, 121, 169, 83, 10, 51, 165, 86, 125, 95, 164, 103, 96, 80, 155, 73, 13, 191, 3, 162, 92, 105, 148]
[123, 117, 137, 60, 158, 173, 116, 114, 110, 39, 146, 26, 190, 197, 12, 176, 161, 66, 64, 79, 186, 53, 5, 108, 74, 133, 128, 145, 102, 57, 140, 170, 199, 97, 113, 87, 147, 27, 38, 37, 70, 55, 151, 177, 104, 42, 136, 132, 175, 112, 194, 181, 75, 69, 143, 101, 153, 20, 139, 163, 22, 172, 149, 90, 93, 94, 49, 184, 167, 1, 34, 168, 67, 180, 160, 76, 157, 166, 127, 192, 59, 100, 98, 9, 174, 35, 56, 99, 32, 44, 196, 91, 18, 118, 47, 152, 65, 62, 15, 50]
37408

[151, 177, 55, 70, 37, 38, 27, 147, 87, 199, 170, 140, 57, 33, 89, 142, 24, 16, 111, 119, 159, 78, 176, 12, 14, 122, 197, 26, 190, 144, 84, 131, 39, 146, 162, 92, 189, 17, 109, 48, 11, 110, 52, 0, 114, 116, 173, 158, 23, 31, 25, 137, 123, 8, 77, 198, 6, 81, 50, 193, 169, 47, 83, 10, 51, 86, 125, 95, 96, 80, 118, 18, 91, 9, 174, 98, 13, 191, 127, 192, 157, 76, 79, 150, 186, 61, 82, 71, 94, 93, 181, 194, 112, 175, 132, 136, 42, 104, 4, 195]
[106, 108, 53, 5, 156, 46, 30, 64, 66, 161, 63, 19, 54, 41, 134, 185, 126, 154, 182, 74, 133, 21, 7, 128, 145, 102, 113, 97, 129, 138, 85, 49, 184, 167, 1, 34, 67, 168, 172, 149, 90, 75, 69, 101, 143, 22, 163, 139, 20, 153, 88, 58, 2, 72, 188, 130, 179, 141, 68, 107, 35, 56, 73, 99, 155, 32, 44, 196, 103, 164, 165, 152, 65, 178, 43, 115, 121, 187, 62, 15, 117, 36, 183, 28, 60, 135, 120, 171, 45, 148, 105, 3, 100, 59, 166, 40, 29, 160, 124, 180]
37191

[25, 198, 6, 81, 77, 50, 62, 187, 115, 193, 121, 169, 51, 10, 83, 47, 152, 65, 178, 189, 148, 105, 196, 103, 165, 95, 86, 125, 164, 96, 80, 44, 32, 155, 179, 130, 188, 141, 68, 58, 40, 88, 153, 20, 139, 163, 101, 69, 75, 181, 93, 94, 49, 61, 82, 128, 102, 24, 16, 7, 74, 53, 1, 34, 172, 149, 90, 143, 22, 168, 67, 29, 76, 157, 127, 192, 26, 197, 190, 144, 84, 131, 39, 146, 11, 162, 92, 48, 17, 109, 171, 45, 120, 135, 60, 28, 183, 36, 137, 8]
[3, 100, 59, 107, 72, 2, 166, 79, 150, 186, 5, 160, 124, 180, 167, 184, 71, 129, 38, 37, 70, 138, 85, 194, 112, 175, 132, 136, 42, 104, 4, 195, 177, 151, 55, 27, 147, 87, 199, 170, 140, 57, 97, 113, 33, 89, 142, 145, 133, 21, 182, 154, 111, 119, 106, 108, 156, 46, 30, 66, 185, 126, 134, 41, 54, 19, 63, 161, 159, 78, 176, 64, 12, 14, 122, 0, 52, 114, 116, 110, 173, 158, 23, 31, 123, 117, 15, 43, 118, 91, 18, 98, 9, 174, 35, 99, 73, 56, 13, 191]
38393

[61, 82, 71, 49, 4, 104, 42, 136, 94, 88, 40, 29, 67, 124, 160, 150, 64, 79, 76, 157, 166, 127, 192, 59, 100, 3, 162, 92, 105, 148, 98, 9, 174, 13, 191, 107, 68, 141, 32, 196, 43, 62, 187, 121, 193, 50, 15, 117, 178, 48, 17, 109, 171, 120, 31, 23, 158, 173, 110, 116, 114, 52, 0, 144, 122, 14, 78, 159, 161, 66, 30, 46, 186, 53, 5, 108, 106, 156, 119, 185, 41, 134, 126, 111, 74, 133, 21, 7, 16, 24, 142, 89, 33, 140, 170, 199, 27, 38, 129, 37]
[137, 123, 8, 77, 81, 6, 198, 25, 135, 60, 45, 11, 146, 39, 131, 84, 190, 26, 197, 12, 176, 63, 19, 54, 154, 182, 128, 145, 102, 57, 97, 113, 87, 147, 55, 151, 177, 195, 70, 138, 85, 132, 175, 112, 194, 181, 93, 75, 69, 101, 143, 90, 149, 22, 172, 167, 184, 180, 1, 34, 168, 163, 139, 20, 153, 58, 2, 72, 188, 130, 179, 155, 99, 73, 56, 35, 91, 118, 47, 83, 165, 103, 44, 80, 96, 164, 95, 125, 86, 51, 10, 169, 115, 152, 65, 18, 189, 28, 183, 36]
39134

[113, 102, 24, 16, 7, 154, 182, 21, 133, 82, 61, 34, 1, 180, 124, 160, 150, 53, 74, 106, 156, 30, 66, 46, 119, 185, 54, 159, 78, 12, 14, 122, 197, 190, 39, 146, 11, 110, 52, 0, 114, 116, 158, 173, 120, 171, 23, 31, 137, 123, 36, 17, 48, 189, 18, 91, 118, 65, 152, 178, 62, 50, 193, 121, 169, 83, 10, 51, 86, 125, 95, 165, 164, 96, 80, 44, 32, 99, 155, 153, 139, 20, 101, 69, 75, 194, 112, 175, 132, 136, 42, 104, 4, 195, 70, 71, 129, 38, 87, 97]
[147, 199, 170, 140, 57, 33, 89, 142, 145, 128, 111, 126, 41, 134, 19, 63, 161, 176, 64, 108, 5, 186, 79, 76, 157, 166, 59, 100, 3, 127, 192, 26, 144, 84, 131, 45, 109, 28, 183, 60, 135, 25, 198, 6, 81, 77, 8, 117, 15, 43, 187, 115, 47, 103, 196, 174, 9, 98, 148, 105, 92, 162, 191, 13, 107, 35, 56, 73, 179, 130, 141, 68, 188, 72, 2, 58, 40, 88, 163, 29, 67, 168, 22, 172, 143, 90, 149, 167, 184, 49, 138, 94, 93, 181, 85, 177, 151, 55, 37, 27]
38838

[43, 187, 62, 178, 152, 65, 118, 189, 17, 28, 183, 36, 117, 123, 137, 8, 77, 25, 135, 60, 171, 45, 120, 110, 116, 114, 52, 0, 131, 84, 144, 190, 26, 197, 12, 176, 66, 161, 54, 119, 46, 156, 5, 108, 106, 74, 182, 21, 133, 128, 145, 142, 89, 102, 113, 97, 87, 70, 85, 94, 93, 90, 34, 1, 180, 124, 150, 160, 29, 88, 72, 2, 188, 130, 179, 141, 100, 3, 105, 148, 18, 98, 9, 174, 35, 80, 96, 103, 164, 95, 125, 86, 165, 47, 115, 121, 169, 83, 51, 10]
[167, 184, 53, 186, 30, 64, 79, 76, 157, 192, 127, 166, 40, 58, 68, 107, 59, 191, 13, 56, 73, 99, 155, 32, 44, 196, 91, 15, 50, 193, 81, 6, 198, 31, 23, 158, 173, 109, 48, 92, 162, 11, 146, 39, 122, 14, 78, 159, 63, 19, 134, 41, 185, 126, 111, 154, 7, 16, 24, 33, 57, 140, 170, 199, 147, 151, 177, 55, 37, 27, 38, 129, 71, 82, 61, 49, 138, 195, 4, 104, 42, 136, 132, 175, 112, 194, 181, 75, 69, 143, 101, 153, 20, 139, 163, 67, 168, 22, 149, 172]
38774

[38, 37, 70, 55, 151, 177, 195, 85, 138, 49, 129, 71, 82, 61, 53, 5, 186, 150, 79, 76, 160, 124, 180, 1, 34, 67, 168, 22, 143, 90, 75, 69, 101, 153, 20, 139, 163, 29, 88, 58, 72, 2, 68, 98, 18, 91, 9, 174, 196, 44, 32, 80, 96, 103, 164, 125, 86, 95, 165, 50, 15, 117, 178, 183, 28, 109, 17, 189, 148, 105, 48, 11, 45, 120, 110, 131, 84, 144, 122, 14, 159, 19, 63, 54, 41, 134, 185, 126, 111, 154, 182, 7, 145, 128, 113, 97, 199, 170, 140, 57]
[155, 99, 35, 56, 73, 141, 107, 191, 13, 118, 65, 152, 43, 62, 187, 115, 47, 83, 10, 51, 169, 121, 193, 8, 77, 81, 6, 198, 25, 135, 60, 137, 123, 36, 171, 31, 23, 158, 173, 116, 114, 52, 0, 190, 197, 78, 161, 119, 106, 74, 133, 21, 16, 24, 142, 89, 33, 102, 87, 147, 27, 4, 104, 42, 136, 132, 175, 112, 194, 181, 93, 94, 149, 172, 167, 184, 108, 156, 46, 30, 66, 64, 176, 12, 26, 39, 146, 92, 162, 3, 100, 59, 127, 192, 157, 166, 40, 188, 130, 179]
39036

[166, 188, 72, 2, 58, 40, 29, 67, 34, 168, 163, 139, 20, 153, 101, 69, 143, 167, 184, 49, 138, 199, 170, 140, 57, 102, 7, 133, 21, 182, 154, 74, 53, 1, 180, 124, 119, 111, 126, 185, 134, 41, 54, 19, 63, 161, 159, 78, 122, 197, 26, 190, 84, 146, 39, 131, 0, 52, 110, 173, 120, 171, 60, 137, 123, 50, 193, 169, 51, 10, 83, 47, 165, 95, 86, 125, 164, 103, 96, 80, 32, 99, 73, 56, 35, 118, 65, 152, 178, 189, 148, 105, 92, 162, 3, 100, 59, 127, 192, 157]
[82, 71, 129, 113, 128, 145, 142, 16, 24, 89, 33, 97, 87, 147, 27, 38, 37, 70, 55, 151, 177, 195, 4, 104, 42, 136, 85, 112, 132, 175, 194, 181, 75, 93, 94, 90, 149, 172, 22, 88, 68, 141, 130, 179, 155, 44, 196, 91, 9, 174, 13, 107, 191, 98, 18, 17, 48, 11, 45, 109, 28, 183, 36, 43, 187, 115, 121, 62, 15, 117, 8, 77, 81, 6, 198, 25, 135, 31, 23, 158, 116, 114, 144, 14, 12, 176, 64, 66, 30, 46, 156, 106, 108, 5, 186, 150, 79, 76, 160, 61]
39061

[26, 197, 122, 14, 12, 78, 159, 161, 63, 19, 54, 41, 134, 185, 66, 30, 46, 119, 126, 111, 154, 182, 21, 7, 16, 24, 142, 89, 33, 57, 140, 170, 199, 38, 70, 129, 71, 138, 85, 49, 94, 93, 90, 149, 172, 22, 143, 69, 75, 101, 163, 139, 20, 153, 88, 168, 34, 1, 67, 29, 59, 191, 13, 35, 56, 80, 96, 125, 86, 95, 165, 51, 10, 83, 169, 121, 115, 187, 47, 164, 103, 174, 9, 98, 18, 189, 17, 178, 15, 36, 183, 28, 171, 45, 3, 100, 127, 192, 79, 64]
[102, 145, 128, 133, 74, 108, 106, 156, 176, 190, 144, 84, 131, 39, 146, 11, 162, 92, 105, 148, 48, 109, 120, 173, 110, 52, 0, 114, 116, 158, 23, 31, 135, 60, 25, 198, 6, 81, 77, 8, 137, 123, 117, 50, 193, 62, 43, 152, 65, 118, 91, 196, 44, 32, 99, 155, 179, 130, 73, 107, 141, 68, 188, 72, 2, 58, 40, 166, 157, 76, 160, 180, 124, 150, 186, 5, 53, 82, 61, 184, 167, 181, 194, 112, 175, 132, 136, 42, 104, 4, 195, 177, 151, 55, 37, 27, 147, 87, 97, 113]
37408

[49, 85, 138, 129, 71, 82, 61, 184, 167, 101, 153, 20, 139, 163, 168, 34, 1, 180, 124, 160, 67, 29, 58, 72, 2, 68, 188, 130, 179, 155, 80, 96, 125, 86, 51, 10, 83, 169, 121, 115, 187, 43, 62, 178, 65, 18, 98, 9, 174, 35, 56, 73, 13, 191, 100, 3, 105, 148, 92, 162, 146, 11, 45, 171, 110, 116, 114, 52, 0, 144, 14, 122, 192, 127, 157, 76, 79, 150, 64, 63, 19, 54, 41, 134, 185, 126, 111, 154, 182, 16, 24, 89, 33, 57, 140, 170, 199, 87, 147, 38]
[198, 25, 6, 81, 77, 8, 137, 123, 117, 15, 50, 193, 152, 47, 165, 95, 164, 103, 118, 91, 196, 44, 32, 99, 141, 107, 59, 166, 40, 88, 22, 172, 149, 94, 93, 90, 143, 69, 75, 181, 194, 112, 175, 132, 136, 42, 104, 4, 151, 55, 177, 195, 70, 37, 27, 97, 113, 102, 142, 145, 128, 7, 21, 133, 74, 106, 156, 108, 5, 53, 186, 30, 46, 119, 66, 161, 159, 78, 176, 12, 197, 26, 190, 84, 131, 39, 158, 173, 120, 48, 189, 17, 109, 28, 183, 36, 60, 135, 23, 31]
37583

[20, 139, 163, 168, 67, 29, 160, 79, 122, 197, 26, 190, 144, 84, 131, 0, 52, 110, 114, 116, 158, 173, 120, 45, 23, 31, 137, 123, 36, 183, 28, 109, 17, 189, 100, 59, 127, 166, 68, 141, 73, 103, 47, 169, 83, 10, 51, 86, 125, 95, 165, 164, 96, 179, 130, 188, 72, 2, 58, 40, 88, 153, 101, 75, 69, 143, 22, 172, 149, 90, 93, 94, 49, 70, 129, 128, 106, 108, 156, 119, 111, 7, 16, 24, 142, 89, 33, 97, 57, 140, 170, 199, 55, 151, 177, 181, 194, 112, 175, 132]
[80, 32, 44, 196, 174, 9, 91, 118, 65, 152, 178, 43, 187, 115, 121, 193, 50, 62, 15, 117, 8, 77, 81, 6, 198, 25, 135, 60, 171, 48, 11, 146, 39, 14, 12, 64, 30, 46, 66, 176, 78, 159, 161, 63, 19, 54, 41, 134, 185, 126, 154, 182, 145, 102, 113, 87, 147, 27, 38, 37, 195, 4, 104, 42, 136, 85, 138, 71, 82, 61, 133, 21, 74, 53, 5, 186, 150, 184, 167, 34, 1, 180, 124, 76, 157, 192, 3, 162, 92, 105, 148, 18, 98, 13, 191, 107, 56, 35, 99, 155]
40138

[144, 0, 52, 114, 116, 110, 45, 171, 120, 173, 158, 23, 31, 198, 6, 81, 77, 8, 117, 15, 62, 50, 193, 115, 121, 169, 51, 86, 125, 95, 165, 47, 118, 91, 98, 9, 174, 196, 44, 32, 155, 179, 130, 188, 40, 29, 143, 101, 69, 75, 149, 90, 93, 94, 104, 42, 177, 151, 55, 37, 38, 27, 147, 87, 97, 113, 145, 133, 74, 106, 108, 186, 166, 127, 59, 100, 3, 162, 92, 11, 39, 131, 84, 190, 197, 122, 14, 12, 78, 159, 176, 66, 30, 46, 54, 41, 134, 19, 63, 161]
[80, 96, 103, 164, 10, 83, 187, 43, 152, 65, 178, 123, 137, 25, 135, 60, 36, 183, 28, 109, 17, 48, 189, 18, 148, 105, 146, 26, 192, 157, 76, 79, 64, 119, 185, 126, 111, 156, 5, 53, 61, 82, 71, 129, 128, 21, 182, 154, 7, 16, 24, 142, 89, 33, 102, 57, 140, 170, 199, 70, 195, 4, 136, 132, 175, 112, 194, 181, 85, 138, 49, 184, 167, 150, 160, 124, 180, 1, 34, 67, 168, 172, 22, 163, 139, 20, 153, 88, 58, 72, 2, 68, 141, 107, 191, 13, 35, 56, 73, 99]
38852

[12, 14, 122, 144, 190, 197, 64, 186, 150, 79, 76, 157, 68, 141, 73, 56, 35, 107, 191, 13, 148, 105, 92, 11, 48, 17, 109, 28, 171, 120, 173, 158, 23, 31, 6, 198, 25, 135, 60, 178, 62, 43, 152, 65, 118, 91, 164, 95, 86, 125, 96, 32, 99, 155, 179, 130, 188, 72, 2, 58, 88, 153, 20, 139, 163, 168, 67, 34, 22, 172, 167, 184, 61, 82, 49, 138, 71, 129, 38, 147, 199, 170, 140, 57, 33, 24, 16, 7, 74, 53, 5, 108, 156, 46, 30, 66, 63, 19, 161, 176]
[83, 10, 51, 165, 103, 80, 44, 196, 174, 9, 98, 18, 189, 162, 3, 100, 59, 192, 127, 166, 40, 29, 160, 124, 180, 1, 149, 143, 101, 69, 75, 90, 94, 93, 181, 194, 175, 132, 112, 85, 136, 42, 104, 4, 195, 177, 151, 55, 70, 37, 27, 87, 97, 113, 102, 89, 142, 145, 128, 133, 21, 182, 154, 106, 119, 111, 126, 185, 134, 41, 54, 159, 78, 26, 146, 39, 131, 84, 0, 52, 114, 116, 110, 45, 183, 36, 137, 8, 77, 81, 123, 117, 15, 50, 193, 121, 115, 187, 47, 169]
37406

[104, 42, 136, 132, 175, 112, 194, 181, 75, 69, 143, 101, 163, 139, 20, 153, 88, 40, 58, 2, 72, 188, 68, 141, 130, 179, 73, 56, 35, 174, 9, 118, 83, 10, 51, 169, 62, 15, 117, 123, 137, 60, 48, 92, 162, 146, 11, 173, 158, 110, 116, 114, 52, 0, 131, 39, 84, 144, 190, 26, 197, 122, 14, 78, 159, 19, 63, 161, 176, 12, 192, 127, 157, 76, 29, 67, 168, 186, 53, 5, 108, 106, 156, 46, 119, 154, 182, 21, 133, 7, 89, 33, 57, 140, 170, 199, 147, 82, 71, 138]
[85, 4, 195, 177, 151, 55, 70, 129, 38, 37, 27, 87, 97, 113, 102, 142, 24, 16, 145, 128, 61, 74, 111, 126, 185, 134, 41, 54, 66, 30, 64, 150, 124, 180, 1, 34, 160, 79, 45, 171, 120, 23, 31, 135, 25, 198, 6, 81, 77, 8, 50, 193, 121, 115, 187, 43, 178, 36, 183, 28, 109, 17, 189, 148, 105, 98, 91, 18, 65, 152, 47, 165, 86, 125, 95, 164, 103, 96, 80, 196, 44, 32, 155, 99, 107, 13, 191, 3, 100, 59, 166, 22, 172, 149, 90, 93, 94, 167, 184, 49]
38761

[118, 47, 121, 169, 83, 10, 51, 165, 86, 125, 95, 164, 103, 96, 80, 32, 99, 155, 179, 130, 141, 73, 56, 35, 191, 59, 127, 192, 157, 76, 166, 40, 88, 153, 20, 139, 163, 29, 67, 168, 34, 1, 167, 184, 61, 82, 138, 85, 104, 4, 195, 177, 55, 70, 37, 27, 147, 87, 102, 33, 89, 142, 145, 128, 7, 126, 41, 134, 19, 63, 161, 66, 30, 108, 5, 186, 150, 160, 79, 64, 12, 122, 197, 26, 190, 39, 45, 171, 183, 28, 109, 17, 48, 189, 18, 91, 9, 174, 196, 44]
[154, 182, 16, 24, 21, 133, 74, 53, 124, 180, 22, 172, 149, 94, 49, 71, 129, 38, 113, 97, 57, 140, 170, 199, 151, 42, 136, 132, 175, 112, 194, 181, 93, 90, 143, 69, 75, 101, 58, 2, 72, 188, 68, 107, 13, 98, 65, 152, 178, 15, 62, 43, 187, 115, 193, 50, 117, 36, 123, 137, 8, 77, 81, 6, 198, 25, 60, 135, 31, 23, 158, 173, 120, 110, 116, 114, 52, 0, 131, 11, 162, 92, 148, 105, 3, 100, 146, 84, 144, 14, 78, 159, 176, 54, 185, 119, 46, 156, 106, 111]
38180

[148, 105, 92, 162, 146, 26, 197, 122, 14, 190, 84, 131, 39, 11, 45, 171, 120, 173, 114, 116, 158, 23, 31, 25, 77, 81, 8, 137, 123, 117, 50, 193, 187, 43, 47, 152, 65, 178, 189, 18, 98, 91, 9, 174, 13, 191, 3, 100, 2, 72, 58, 139, 163, 22, 172, 143, 101, 69, 75, 149, 90, 93, 112, 175, 132, 94, 49, 138, 85, 70, 113, 97, 199, 170, 140, 57, 33, 89, 142, 102, 128, 21, 182, 154, 111, 19, 63, 161, 159, 78, 64, 30, 156, 106, 53, 1, 34, 168, 29, 67]
[59, 107, 68, 188, 130, 179, 141, 73, 56, 35, 99, 155, 32, 80, 96, 44, 196, 118, 103, 164, 95, 125, 86, 165, 51, 10, 83, 169, 121, 115, 62, 15, 36, 6, 198, 135, 60, 183, 28, 109, 17, 48, 110, 52, 0, 144, 12, 176, 66, 46, 119, 185, 54, 41, 134, 126, 7, 16, 24, 145, 133, 74, 108, 5, 186, 150, 79, 160, 124, 180, 167, 184, 61, 82, 71, 129, 38, 27, 87, 147, 37, 55, 151, 177, 195, 4, 104, 42, 136, 194, 181, 20, 153, 88, 40, 166, 76, 157, 192, 127]
40927

[97, 113, 87, 27, 147, 199, 170, 140, 57, 102, 33, 89, 142, 24, 16, 145, 128, 61, 82, 129, 38, 37, 70, 195, 55, 151, 177, 4, 85, 94, 90, 93, 194, 181, 75, 69, 101, 143, 149, 172, 22, 168, 29, 40, 58, 2, 72, 188, 130, 179, 141, 68, 107, 100, 3, 191, 13, 118, 83, 10, 51, 169, 187, 62, 43, 152, 65, 178, 15, 117, 81, 6, 198, 189, 148, 92, 162, 11, 146, 39, 190, 26, 197, 64, 30, 46, 119, 54, 41, 134, 185, 126, 111, 154, 182, 7, 21, 133, 74, 53]
[19, 159, 78, 176, 12, 14, 122, 144, 84, 131, 0, 52, 114, 116, 110, 120, 173, 158, 23, 171, 45, 48, 17, 109, 28, 183, 36, 60, 135, 31, 25, 77, 8, 137, 123, 50, 193, 121, 115, 47, 165, 86, 125, 95, 164, 103, 96, 80, 44, 32, 155, 99, 73, 56, 35, 196, 174, 9, 91, 18, 98, 105, 59, 192, 127, 166, 88, 153, 20, 139, 163, 112, 175, 132, 136, 42, 104, 138, 71, 49, 184, 167, 124, 180, 1, 34, 67, 76, 157, 79, 160, 150, 186, 5, 108, 106, 156, 66, 161, 63]
38105

[168, 67, 29, 127, 192, 59, 100, 3, 162, 92, 11, 39, 0, 52, 114, 116, 173, 158, 23, 120, 45, 171, 28, 109, 17, 48, 189, 9, 174, 91, 118, 65, 43, 115, 187, 62, 178, 36, 137, 198, 6, 81, 77, 8, 123, 117, 15, 50, 193, 121, 169, 165, 95, 164, 103, 96, 80, 196, 44, 32, 73, 107, 68, 2, 72, 58, 153, 20, 139, 163, 101, 75, 181, 194, 112, 175, 132, 136, 42, 104, 4, 151, 55, 177, 195, 70, 82, 61, 128, 145, 102, 142, 7, 111, 119, 46, 30, 156, 186, 150]
[159, 161, 63, 19, 54, 41, 134, 185, 126, 106, 108, 5, 53, 124, 180, 1, 34, 167, 184, 74, 154, 182, 21, 133, 16, 24, 89, 33, 57, 140, 170, 199, 97, 113, 87, 147, 27, 37, 38, 129, 71, 138, 85, 49, 94, 93, 90, 69, 143, 149, 172, 22, 88, 40, 166, 157, 76, 160, 79, 64, 66, 176, 78, 144, 84, 131, 110, 31, 25, 135, 60, 183, 152, 47, 83, 10, 51, 86, 125, 99, 155, 179, 130, 188, 141, 56, 35, 13, 191, 98, 18, 148, 105, 146, 26, 190, 197, 122, 14, 12]
38823

[58, 188, 68, 141, 130, 179, 155, 32, 99, 73, 56, 35, 107, 191, 13, 98, 9, 174, 196, 44, 80, 96, 165, 83, 47, 193, 50, 15, 117, 178, 189, 92, 162, 192, 127, 157, 76, 166, 40, 88, 153, 20, 139, 163, 101, 143, 22, 172, 149, 94, 93, 90, 69, 75, 181, 194, 112, 175, 132, 4, 195, 70, 129, 71, 82, 61, 21, 7, 182, 154, 111, 126, 185, 134, 41, 54, 19, 63, 161, 159, 78, 176, 66, 119, 46, 156, 106, 108, 5, 53, 184, 167, 1, 180, 124, 150, 79, 160, 67, 29]
[137, 36, 123, 8, 77, 81, 6, 198, 25, 60, 135, 31, 23, 158, 116, 114, 0, 84, 144, 190, 26, 197, 122, 14, 12, 64, 30, 186, 74, 133, 128, 145, 16, 24, 142, 89, 33, 102, 113, 97, 57, 140, 170, 199, 87, 147, 27, 38, 37, 55, 151, 177, 104, 42, 136, 85, 138, 49, 34, 168, 72, 2, 59, 100, 3, 105, 148, 18, 91, 118, 103, 164, 95, 125, 86, 51, 10, 169, 121, 115, 187, 62, 43, 152, 65, 17, 48, 11, 146, 39, 131, 52, 110, 173, 120, 45, 171, 109, 28, 183]
37749

